# ms	key	alt	az
1790128800000	124.349241,-24.462795	-71.73300160393725	3.4693586099877507
1790128800000	282.857295,-30.554239	13.822231768104192	199.8855245758482
1790128800000	177.694722,-71.000400	-52.018651525484444	204.50682159283474
1790128800000	231.571139,2.151009	13.151415411052628	260.44478209875126
1790128800000	289.607828,1.811664	46.68162284177744	203.49983041459177
1790128800000	20.283791,18.412444	23.4773237998362	85.94952732644174
1790128800000	246.716964,-61.277819	-24.343886201158313	206.6796956665537
1790128800000	118.755295,-33.336582	-79.2034820323254	31.94417835674642
1790128800000	286.896132,47.561736	75.980587037621	296.55136212462696
1790128800000	122.426105,27.114128	-20.123993771316435	2.843975600117801
1790128800000	68.515140,14.773124	-12.311038007662317	56.01957523728947
1790128800000	319.587517,2.778287	48.171880341148984	158.61134748309178
1790128800000	203.360890,-9.558753	-15.440958111419185	271.0083926970956
1790128800000	53.865655,-28.777633	-31.895292842648573	101.2131335641102
1790128800000	39.356507,65.003369	36.46267900940619	31.455949731756505
1790128800000	182.812734,34.653244	3.3388912874291847	315.98864880653366
1790128800000	277.769193,60.606355	65.48357355424815	326.31734743571246
1790128800000	20.746653,-27.032110	-8.071743860472418	119.42292697102107
1790128800000	270.529757,-40.732135	0.7600747625540301	205.64851257117277
1790128800000	162.167759,1.211703	-35.1534708522762	313.0735858632912
1790128800000	161.259222,-58.185556	-63.006528636591156	222.451841041845
1790128800000	67.695319,12.817317	-13.314882025058752	57.924815184168835
1790128800000	90.499526,-31.203496	-59.95395718165688	79.0340693594004
1790128800000	231.705529,-43.215641	-18.408860448407513	227.39179785566125
1790128800000	89.552631,-59.980202	-62.186279015638284	140.71499258785894
1790128800000	194.930451,3.929504	-12.258339672662926	287.04840568257896
1790128800000	90.196336,42.068376	0.5561393526119796	25.308413684403718
1790128800000	202.889836,2.123425	-7.842655184426463	280.0888324233837
1790128800000	204.739746,-34.833908	-30.06769111901037	248.4978733990065
1790128800000	5.321926,17.387071	33.79751549744414	97.21229516446425
1790128800000	296.447309,-61.709568	-14.672696706939515	184.30498496905273
1790128800000	242.412953,45.503551	45.731117788536686	296.18387772573374
1790128800000	152.643761,58.805958	13.951487302507264	345.7924631701625
1790128800000	155.182035,6.750563	-33.70818381380378	323.72600941723135
1790128800000	285.927598,2.029795	45.69232041971031	208.6278011760529
1790128800000	257.532311,-58.347120	-18.636791791178318	204.16596767363853
1790128800000	5.024430,63.057842	50.70902595847212	37.86077109612074
1790128800000	103.226284,-4.213257	-46.683244824141305	33.4326223010554
1790128800000	129.599558,-61.111928	-71.43248723702183	185.91018716743145
1790128800000	323.993305,-4.546111	39.897456538386294	155.63079011493062
1790128800000	272.307256,65.294853	60.790188299109694	331.7940349099737
1790128800000	170.847124,-18.151840	-44.66293967356996	288.2562937157145
1790128800000	14.808720,-17.492761	2.5764988429915485	116.6401429095564
1790128800000	41.981413,16.830652	6.786735148251056	73.16021083823512
1790128800000	247.567845,-18.187306	9.089769601549603	234.54285368003684
1790128800000	36.629191,51.733228	31.619611724584164	46.48556702614587
1790128800000	263.080569,32.891760	55.39784821781216	267.7542112361989
1790128800000	245.799009,-69.080696	-30.097738770652164	200.7323041399751
1790128800000	210.197580,-71.081532	-41.60311025047932	205.40873498596625
1790128800000	299.504803,64.051805	68.3645798637889	352.5965236570853
1790128800000	198.571204,46.411199	20.04840542503207	315.26588007860005
1790128800000	222.364238,-8.294940	-0.6979793099821744	259.1696228748691
1790128800000	221.515290,9.697214	10.887973775247538	273.04008709341895
1790128800000	167.075724,1.326143	-32.328662487825675	308.2452588913593
1790128800000	81.692966,41.023163	2.6172828686161655	31.419280034388862
1790128800000	24.742138,58.934647	40.71819636720985	41.797414844795355
1790128800000	199.701695,-1.087379	-12.365386655510088	279.9647517427154
1790128800000	335.709731,-23.970035	17.78240463808544	151.05893191334854
1790128800000	33.979564,-50.291666	-30.560189302531974	131.9640581516486
1790128800000	145.792257,39.115512	-6.159976129939153	344.20888630982586
1790128800000	24.696587,-33.012116	-14.649809419935568	121.50542602132458
1790128800000	259.528168,16.210105	42.75742552816415	250.20875557948239
1790128800000	347.699339,-34.433380	3.800131034215127	146.18191916554207
1790128800000	150.789238,10.722525	-31.818830416864664	330.35421050060836
1790128800000	137.541476,57.695868	10.892019833179878	353.36989849240126
1790128800000	44.654226,-55.815083	-38.754272551505224	134.47738079034423
1790128800000	9.966879,40.440126	42.989379307624034	69.56579043795693
1790128800000	155.233720,-19.238333	-55.74761432800999	303.7938867914304
1790128800000	3.811474,78.636023	47.82984827271444	14.282264960744612
1790128800000	83.214355,-54.606658	-60.1387840961572	128.1915926236494
1790128800000	110.341211,-27.847135	-70.6785827126577	44.5281529310671
1790128800000	37.954965,-18.228061	-13.934650894295848	101.93307838451278
1790128800000	177.699722,-24.345026	-43.698437523292384	275.9170075079205
1790128800000	219.518075,52.844479	34.80812143285058	312.62250986167464
1790128800000	221.389629,-45.762362	-25.731523556646128	230.2324332183108
1790128800000	292.690725,23.721005	68.22212231137215	213.29055649657732
1790128800000	354.251614,-33.315963	1.904080430770651	140.9564003239405
1790128800000	171.987998,62.371124	21.45422278449981	338.6886120738968
1790128800000	172.715528,46.265797	8.295241677523217	329.04493664250595
1790128800000	200.115729,46.347929	20.80895774008526	314.46668314797773
1790128800000	50.617554,-42.988099	-36.9919659786617	117.63868800689283
1790128800000	144.880038,43.892820	-1.702945096587128	346.06395621355045
1790128800000	354.012573,-22.518268	11.004571810001186	135.09775059036292
1790128800000	304.943025,-17.429145	29.867166919451257	180.55815687124345
1790128800000	24.188960,-8.377245	2.581645538726217	103.72511217723661
1790128800000	255.838790,18.707201	41.84846188763817	255.91332630506372
1790128800000	124.775606,-27.444478	-74.72914647678519	2.6137598376666915
1790128800000	280.294076,-5.422673	36.678421907487525	211.88103843957765
1790128800000	216.805800,15.786749	11.50096477416153	280.78933137552656
1790128800000	223.558571,21.887753	20.3182197843699	281.32754350383345
1790128800000	138.941868,-19.689379	-64.38939159424724	329.66010426472053
1790128800000	216.994918,-35.782617	-22.458726335443036	241.1848350650838
1790128800000	160.406936,-14.850830	-49.207172657984735	302.2147800990015
1790128800000	52.505333,43.170029	17.94581898053969	47.01570940636731
1790128800000	166.973666,-10.707285	-41.90365138422072	299.0714367846605
1790128800000	139.776091,-39.959866	-79.02244330612096	279.50590136454707
1790128800000	153.984987,-31.841797	-65.09874111622445	286.27013388637374
1790128800000	293.242692,-32.884566	13.57052812521473	190.48937902411672
1790128800000	97.429129,-53.816196	-68.41080869777844	130.59216986833906
1790128800000	12.938442,-37.657456	-10.961967441601203	131.7505666274028
1790128800000	51.217822,-31.396121	-31.478424365389504	105.27239378326738
1790128800000	334.786165,-37.001356	5.984110111627069	156.78250876494803
1790128800000	126.612579,41.130267	-6.164105984021268	359.06828127239373
1790128800000	79.796556,26.876468	-8.650319451446009	40.14125560228757
1790128800000	190.450518,0.413618	-17.903588852900537	287.80080988789894
1790128800000	27.250469,58.310682	39.280544354001584	42.01516222100145
1790128800000	197.153962,-27.490680	-31.286670734157386	259.80210287697173
1790128800000	24.033115,51.904984	38.65460187367923	50.55013948338319
1790128800000	10.004426,25.612763	35.412225052277535	86.07156241199635
1790128800000	79.763839,-49.616402	-58.028928166571134	118.46094108471164
1790128800000	59.125883,-20.529076	-30.833302255630453	90.11634655484062
1790128800000	146.372688,-34.749621	-72.01429906669142	289.1449292820661
1790128800000	290.232991,33.160466	74.61712737558807	236.58606123778702
1790128800000	156.542028,43.800114	0.8280283659108201	338.04909933663794
1790128800000	29.121714,6.312615	9.03159917713913	89.55960637714838
1790128800000	242.411197,-11.304614	11.076172471410722	242.93490694418097
1790128800000	7.514137,78.568133	47.16288321311749	14.738487367560083
1790128800000	329.698254,-24.713963	19.018664713720796	156.73639539817884
1790128800000	313.260288,-47.885652	-0.8383219815525899	174.7062135654063
1790128800000	38.685402,-1.662721	-3.3949752435321914	88.96508605926607
1790128800000	331.307384,31.190256	66.58664067696645	110.79250230423781
1790128800000	104.568146,-54.498760	-71.88662237117651	137.74119719321226
1790128800000	253.072768,-53.919300	-16.54540313208621	209.01734849893887
1790128800000	228.602176,-24.455520	-7.483449593561194	243.28792778602246
1790128800000	149.977334,85.007386	38.122142611080534	357.21849300920394
1790128800000	20.018916,-9.178052	4.973701745963065	107.1829849704136
1790128800000	83.816858,-37.725344	-58.037880257378454	95.2221289845561
1790128800000	119.798074,-22.643727	-69.37046991814087	15.190505341740561
1790128800000	262.735841,36.551746	56.783013657945766	273.8510041527504
1790128800000	309.057648,23.466164	70.55320167690334	170.26995945386693
1790128800000	318.374573,-58.454888	-11.711861991101896	173.05061899996053
1790128800000	352.478059,-3.841240	27.115538618360723	124.93143032470886
1790128800000	280.672720,8.168670	49.1166742357251	219.43344023041163
1790128800000	22.840138,-0.935415	8.697670401983652	99.25383289491162
1790128800000	340.446718,-8.256032	29.966371573487525	139.0885239249028
1790128800000	241.113077,27.393982	36.37536383298704	275.4513518093703
1790128800000	172.811887,58.742982	18.705272864201007	336.13067340775183
1790128800000	279.484255,-38.571599	5.340842520633114	200.05693221354295
1790128800000	35.729973,21.812839	14.503628962902123	73.36393629892655
1790128800000	199.174112,25.208186	5.786207758890273	299.1103174353349
1790128800000	33.231718,62.858772	38.12243664189136	35.24257314577528
1790128800000	296.246193,71.801208	60.54191437655353	353.9111536781562
1790128800000	195.468122,31.418329	7.912588679576174	305.84229157060395
1790128800000	62.465501,35.707266	7.246409149603329	46.73870179569394
1790128800000	181.469253,68.270037	28.51012725163483	339.4242081578766
1790128800000	240.136175,-12.796550	8.476145233054904	243.58907160557033
1790128800000	283.718433,-24.431786	19.901166167051684	200.9888170812951
1790128800000	54.370457,13.394926	-4.1828536316849325	67.28138005849257
1790128800000	29.188211,32.900722	25.93019142634457	67.92402944136722
1790128800000	273.147657,45.813128	66.71278690852674	288.7436569052652
1790128800000	162.771478,21.204308	-17.49717818624221	323.6341245794699
1790128800000	313.153315,-52.375779	-5.300397115480577	175.21285149268715
1790128800000	303.938881,39.353422	86.42613881399166	200.90832158352816
1790128800000	244.355382,15.766658	31.6355667769846	262.12132945165604
1790128800000	283.766432,1.913500	44.78557003365273	211.41691849717938
1790128800000	266.060749,-16.178577	20.81484975283378	220.68569403241156
1790128800000	127.567924,-83.489070	-49.20726280849743	180.1770224218178
1790128800000	216.592654,44.388328	28.913598430485163	305.12394357686276
1790128800000	211.093944,20.972032	10.883555091563467	288.40834118459077
1790128800000	228.301093,25.634328	26.044633259478346	281.6211062109121
1790128800000	153.229771,-5.932554	-45.86541033634566	318.3506593792142
1790128800000	256.526123,12.096645	37.7963082871098	249.05233095508595
1790128800000	168.992375,31.750408	-5.5806423383764825	323.89355691478397
1790128800000	58.322585,-10.104679	-23.4815310130966	81.75293352744484
1790128800000	181.110692,-14.000020	-34.600015894147575	283.5258702269996
1790128800000	62.841105,48.877658	16.835929652541886	37.490819048017556
1790128800000	230.019274,-50.498186	-24.008193280279666	222.24382740336273
1790128800000	204.299666,40.943014	19.611061036692234	307.99153082102225
1790128800000	340.587559,-46.951258	-4.852303940843922	156.7052469391581
1790128800000	284.659957,57.828763	69.96799873458818	326.08868699023174
1790128800000	358.581733,-6.971101	20.908975891998168	121.79615930924666
1790128800000	334.487707,24.755127	60.26245228581878	117.65376960364517
1790128800000	260.725393,7.716509	37.38283626553849	241.46597461553642
1790128800000	61.246634,-26.732462	-36.09621430642014	94.69332378214597
1790128800000	315.688773,-54.177319	-7.261957604191901	173.90304279326142
1790128800000	188.221508,-43.012834	-45.213378411328726	247.00928593435196
1790128800000	93.968743,54.772082	11.1296825422877	17.793293813564162
1790128800000	85.560048,16.679297	-20.140697072576263	40.86072049491543
1790128800000	325.085113,-21.073668	23.742885203165688	159.9564780668885
1790128800000	37.598418,30.547106	18.820482661228354	65.24493280140604
1790128800000	171.617589,-65.572354	-55.94613083150027	211.93538911455641
1790128800000	340.249047,-31.283123	9.469483101888008	150.32373426301774
1790128800000	241.033557,26.859618	36.01295968290435	274.9569132967299
1790128800000	354.135142,-0.488656	28.739198819744196	121.1188856125982
1790128800000	237.318620,-1.569385	14.671560667623291	253.56791201110923
1790128800000	225.504324,-42.926146	-21.673032555955487	230.74860075183426
1790128800000	127.854333,20.530127	-26.73504787793628	357.47142496003676
1790128800000	190.487146,7.463710	-12.777133142621395	292.8216813962008
1790128800000	57.253823,28.179945	4.658815309809542	55.11886887585723
1790128800000	154.635177,-11.263565	-49.69658593655988	312.4529064358534
1790128800000	7.045732,25.965020	37.787659710470045	87.63661968401613
1790128800000	324.210121,-0.328909	43.834295667330636	153.57834308880854
1790128800000	9.930670,-9.340213	11.774363468983902	114.53990565260636
1790128800000	184.854436,7.502826	-16.495130798346285	297.12978087511306
1790128800000	309.183018,-2.320779	44.86242430361221	174.78114848480584
1790128800000	130.875018,-24.663440	-71.4465097627187	344.61200672062125
1790128800000	6.595330,38.668659	44.58373359418737	73.32226514023284
1790128800000	283.088996,32.882938	69.7732799049006	248.26272273932295
1790128800000	100.651869,-32.329728	-67.7771093068592	70.28717383973617
1790128800000	233.986925,31.065206	33.265001858864544	283.3911977321054
1790128800000	284.052281,0.503885	43.589285326557146	210.303276815579
1790128800000	281.820771,21.918651	61.28954350877186	230.97536110405554
1790128800000	349.330601,30.835509	53.473949463381075	94.0823154329002
1790128800000	109.917548,-16.290965	-60.38647600744012	31.506888584152648
1790128800000	271.096538,16.385261	50.56473743774506	238.6556663013722
1790128800000	57.702874,13.124913	-6.621352125589682	65.11585222768952
1790128800000	2.998560,3.783997	26.09450015206714	110.44331897751806
1790128800000	59.952871,21.226449	-2.117613540224544	58.024963011677755
1790128800000	308.087939,-8.765725	38.4834952273753	176.6935436391375
1790128800000	162.362161,20.876815	-17.96453827080238	323.829891081657
1790128800000	353.486689,-70.267669	-28.16126073116531	163.3311463107965
1790128800000	181.389005,-36.154412	-47.19912789521477	259.1741950625651
1790128800000	53.020425,-20.942255	-26.6077614537547	94.52229920143765
1790128800000	58.643744,24.968215	1.4601064248896825	56.396791800440155
1790128800000	276.216062,13.099290	51.023096782573276	229.2778926538101
1790128800000	287.925125,74.071261	57.59671952101278	350.89020662579355
1790128800000	120.664407,29.373158	-17.783262421484828	4.351372634984102
1790128800000	302.018996,-63.685384	-16.424017140514025	181.48957654296305
1790128800000	213.873399,-37.994924	-25.780402087019006	240.8539959507293
1790128800000	310.451376,27.772368	74.56206106135915	163.50868089575454
1790128800000	34.277528,-15.489707	-9.483975732334711	102.20870392086124
1790128800000	63.399674,37.692146	8.246075182371536	44.85027650993169
1790128800000	197.875548,2.982615	-10.844420296957008	284.24577163804304
1790128800000	142.364738,1.018184	-43.74966628095256	336.30471251288145
1790128800000	265.079867,-23.999913	13.563795261416454	217.46639124204614
1790128800000	327.198421,52.376180	72.60649572381412	48.57592807146915
1790128800000	279.783165,-7.045080	34.98661988668893	211.6748267323054
1790128800000	357.009586,-36.428563	-1.9418614787152488	140.84022436541431
1790128800000	60.431350,59.101182	25.05152322177826	30.79563357732775
1790128800000	347.394903,35.088922	56.94697593441826	88.9163922406434
1790128800000	321.148775,-3.569057	41.63789111920252	158.85917224541606
1790128800000	306.319277,16.118190	63.41042080699595	178.29122801290612
1790128800000	355.433223,-38.932258	-3.2919033261197663	143.29265894768423
1790128800000	49.719643,16.161949	0.9497261770690285	68.51931549264532
1790128800000	313.290364,-66.905157	-19.76358314195547	176.6380089226874
1790128800000	356.974001,-63.474489	-23.69725034183637	157.43826973158434
1790128800000	9.928394,-23.425803	1.2900981561666691	124.02188250745996
1790128800000	301.018789,2.559835	49.65118408002122	186.9145722094654
1790128800000	188.602573,44.692109	13.874231540467665	319.1078191880001
1790128800000	88.587494,33.911850	-6.237211722166313	30.005163592024587
1790128800000	243.663934,72.917014	48.57407313223035	336.77062961160163
1790128800000	262.407522,-29.714641	7.422373111660819	216.66751050153198
1790128800000	145.094903,73.380517	26.852435387893202	353.69388820162806
1790128800000	208.851691,19.693029	8.466128419478135	288.87573585497455
1790128800000	197.753726,-54.070089	-42.94492869507459	229.5694405082844
1790128800000	124.162494,77.215699	29.91972550760562	0.2024352104111813
1790128800000	77.841847,-62.872252	-55.97971100873689	142.7255112072536
1790128800000	26.593332,56.569029	39.00206736441019	44.278301316494094
1790128800000	24.887758,-82.586050	-40.909931507111935	170.17747827273524
1790128800000	181.279856,45.427082	11.087032738742476	323.63198917989723
1790128800000	228.841381,8.856107	15.707988300712563	267.4335028647861
1790128800000	195.481494,26.547320	4.414468461453964	302.4323362467362
1790128800000	14.775584,36.857077	38.011791995411905	71.49581487918948
1790128800000	216.804195,-5.445527	-2.8075259510607653	265.0151044514794
1790128800000	319.182489,-81.931929	-34.83369071862368	177.5341045227765
1790128800000	134.416955,-6.554202	-53.023678768648864	345.17021756406075
1790128800000	221.625291,21.626672	18.76313183939271	282.31951478461133
1790128800000	26.502085,8.752045	12.59389358093479	89.49267751570511
1790128800000	90.152553,31.342885	-9.123871319883996	29.945934504793627
1790128800000	114.375535,-28.301087	-72.98114459894082	35.677648961927275
1790128800000	303.818323,11.550282	58.81111035454671	183.20740528216686
1790128800000	116.328763,-51.664011	-79.06214245613795	148.05590084600124
1790128800000	149.693425,24.104648	-19.59776462650601	336.53555233880286
1790128800000	224.249182,27.214513	24.106095664779396	285.4306197928911
1790128800000	359.879997,41.678009	50.479963080323984	72.1843016495834
1790128800000	160.004286,-21.063985	-54.05428832473589	295.90963013936494
1790128800000	348.359061,37.662565	57.29992602263588	84.00609955116215
1790128800000	209.684548,-64.409019	-40.11730691765201	214.0177142587304
1790128800000	97.748587,6.961157	-34.24941313794039	33.96166149842122
1790128800000	191.682848,69.173618	31.865616731237658	337.3355042527354
1790128800000	359.701180,36.152621	48.419071494167625	80.07871616567229
1790128800000	335.314904,-71.286165	-25.94653329294815	169.64832618704872
1790128800000	34.336762,23.981352	16.884027207514393	72.50539465378557
1790128800000	22.049335,-36.177651	-15.148738738885195	125.44820913698607
1790128800000	105.078659,41.732569	-3.566324964221653	15.030911555290572
1790128800000	278.363361,-50.899679	-6.556659562178	196.72579556928213
1790128800000	78.006446,-85.245021	-45.80056995560856	174.79867847325067
1790128800000	344.172884,-10.027121	26.59657708819544	136.4701297855728
1790128800000	115.642038,23.843029	-22.825365377221402	9.716543546405944
1790128800000	298.676980,-55.680392	-8.55602743061268	183.77611503073535
1790128800000	348.614209,4.228572	35.86614530996751	122.74763716160277
1790128800000	127.231183,-27.416563	-74.65855435377709	354.35447276147147
1790128800000	336.470946,-12.037085	28.391296187898632	145.05470304206233
1790128800000	5.666431,38.519835	45.17532574577966	73.9522312504406
1790128800000	346.336184,46.339933	61.05203637697544	68.39705497449012
1790128800000	347.867550,-48.359915	-8.364166231508209	152.98204631812268
1790128800000	196.091689,-37.175301	-37.252714149603165	250.49405378149152
1790128800000	79.794657,17.537212	-16.507661278887337	45.31831626408655
1790128800000	294.377216,13.495598	59.228500664684	201.54511588768628
1790128800000	66.001014,-31.502900	-42.179740472064	96.92140706891962
1790128800000	323.302754,9.826739	53.66601766417252	149.45798302023894
1790128800000	23.252758,-18.987885	-4.132170293521975	111.99710831998766
1790128800000	323.649305,45.825345	76.73310435399553	70.0277747634168
1790128800000	294.600468,-28.468042	18.114363017528703	189.99995695227426
1790128800000	4.509212,19.497179	35.73840197268478	95.83496084632884
1790128800000	148.979915,-24.024789	-63.15501060630965	306.4533495603514
1790128800000	77.599413,-7.482428	-35.160565091611765	64.16041653882769
1790128800000	231.852699,30.598415	31.482803497566316	284.1400878434051
1790128800000	164.201020,74.116223	29.67546076450264	348.50150898363006
1790128800000	132.308779,35.343158	-11.7158973330077	354.2505019703643
1790128800000	164.264519,6.669812	-29.417895946934788	314.4059708466865
1790128800000	52.277291,-46.265035	-39.48019346053545	120.74262434114348
1790128800000	104.244087,-8.885569	-51.35065989899364	35.010284450712845
1790128800000	34.648751,-12.062775	-7.457823675436289	99.39059364306416
1790128800000	196.859673,83.502025	40.32265550059143	351.7549618140182
1790128800000	189.561476,-11.718210	-26.97589549241748	279.0191368352731
1790128800000	53.394551,13.934818	-3.1338207385792787	67.58240299845806
1790128800000	299.272570,-42.345047	4.7640520315493	184.52391810364418
1790128800000	274.292969,-70.549481	-25.491536582171168	190.88702525147585
1790128800000	107.943906,-20.746458	-63.522562892660474	39.3423415760177
1790128800000	323.921730,-45.518822	0.28459032490461145	167.11100075382853
1790128800000	141.680312,-24.388192	-67.39382183570105	318.8186371274836
1790128800000	163.809343,39.144436	-1.1309914661918612	331.1628080344998
1790128800000	175.966752,-29.902045	-48.1118813084226	270.57623438883707
1790128800000	131.233221,-42.097348	-85.79724406842651	276.1803530091788
1790128800000	179.308794,-35.534348	-48.42772420999894	261.12636818402336
1790128800000	114.757774,-76.160470	-56.215467575297914	175.19431220664853
1790128800000	55.308634,-81.613681	-44.99645572960189	168.63963232023002
1790128800000	68.544978,-61.122642	-51.89265625505093	138.78651036671874
1790128800000	258.011543,-17.857467	15.296861656731968	226.60120778162138
1790128800000	12.057790,68.983878	47.589152141287656	29.010945602904144
1790128800000	205.115386,3.111304	-5.55061140474949	279.2676614069776
1790128800000	87.067787,-43.136729	-62.030990343967424	104.07554642253137
1790128800000	193.507340,-70.252226	-47.02696980033772	207.17636742610307
1790128800000	235.175821,44.579267	40.64659229022019	297.6451686519813
1790128800000	158.170314,33.016418	-8.61510140266021	332.67052395213364
1790128800000	314.438658,63.092313	68.96846723180224	11.007862253630094
1790128800000	243.372633,-15.715835	8.392147079274096	239.25829889321926
1790128800000	124.925660,0.742446	-46.552671357566325	0.8158196725497078
1790128800000	265.586594,-58.037592	-16.10487883454857	200.58388046986693
1790128800000	68.208085,-64.076539	-51.542040784905296	143.52815008680443
1790128800000	293.182196,-12.993267	33.151974848434406	194.3289070625883
1790128800000	78.832468,3.918496	-27.12043387264456	54.58812914621757
1790128800000	304.339414,37.908210	85.11229373469052	191.58867846560463
1790128800000	246.311234,-32.078231	-2.414907738843462	226.64941720345405
1790128800000	109.113918,4.609333	-40.38473332319234	21.634463661188647
1790128800000	71.781990,-20.786176	-40.262123113244655	81.2821441929346
1790128800000	80.291369,-84.418940	-46.48707359906935	174.07238520474903
1790128800000	21.238476,40.127836	35.20136961947293	64.85916043067522
1790128800000	109.630046,12.949071	-32.453144789204636	18.362905528747604
1790128800000	30.931290,72.927219	41.74708951189715	22.926562285228442
1790128800000	191.903410,-13.471083	-26.4367045113991	275.85181368492647
1790128800000	354.837819,6.869302	33.88324415107172	114.90133995281292
1790128800000	301.319505,-34.122642	13.07687961712425	183.47233512053492
1790128800000	162.626175,27.731591	-11.756645138199524	326.84945333509836
1790128800000	95.849196,48.181772	4.587853543003363	19.22160074737576
1790128800000	124.271574,-56.795107	-75.88011509581	176.852642454087
1790128800000	240.210980,30.116554	37.23025792721038	278.8275297094908
1790128800000	215.596591,-35.642660	-23.279792789849306	242.04935726243025
1790128800000	27.395521,12.102453	14.16576206728487	86.31995660926742
1790128800000	172.709984,45.184665	7.38566157127736	328.4550136232767
1790128800000	239.019645,-48.004288	-17.973332780305483	220.0351343920463
1790128800000	344.189864,19.875868	50.42335187378966	112.80669343784547
1790128800000	228.055292,70.145852	43.76406269901996	332.49983444219185
1790128800000	270.044480,21.634994	53.68773960437877	245.7253393238268
1790128800000	167.784122,42.350960	3.1193237354591803	330.033175050276
1790128800000	147.567409,-16.465289	-57.759526770641045	317.5781117488142
1790128800000	185.347097,-54.238873	-50.05736934878727	231.67615244179547
1790128800000	239.741130,55.208517	46.75545621945134	310.37116806505435
1790128800000	313.183224,-50.920863	-3.8541591903941708	175.05258392923565
1790128800000	185.659834,32.037448	2.7985314323539465	312.490120005946
1790128800000	38.864769,3.337180	-0.13215759830722248	85.16999418039376
1790128800000	54.809398,-54.806167	-43.91295868602147	130.76684628656926
1790128800000	133.043714,-71.045479	-61.41332899096355	184.88102665278154
1790128800000	219.976501,-77.526299	-40.54511193363451	196.29932995568697
1790128800000	238.871260,-30.933828	-5.7136997665638765	232.20001577290486
1790128800000	342.378412,-32.089915	7.95632277564082	149.02645786118921
1790128800000	112.425025,22.184764	-23.98632716146016	13.191375999598336
1790128800000	81.615269,86.450710	40.100592527768775	3.057535161097576
1790128800000	44.219406,4.744876	-3.0764090962436206	80.49419008357711
1790128800000	334.366972,20.039108	56.88628782817686	123.98337521253995
1790128800000	339.030383,14.590166	49.85137485652923	124.0543641681212
1790128800000	226.797991,-41.104851	-19.77411779091375	231.60048953724436
1790128800000	273.388495,-46.967630	-4.094333253351582	201.22376571338702
1790128800000	139.942086,-11.942563	-56.81686897262431	333.5528650536478
1790128800000	37.742432,-24.308353	-17.710375781443435	106.89216948081486
1790128800000	59.630867,-88.981692	-43.10830030712	178.56154002590222
1790128800000	224.898667,2.496159	8.52100436741786	265.3426675986268
1790128800000	162.573227,-31.229240	-58.611850013706615	278.9238586469355
1790128800000	29.874290,45.890163	32.544906656890376	55.078336902242825
1790128800000	239.632326,1.417076	18.419606628671065	254.06077667928707
1790128800000	152.772757,60.765158	15.811790161518996	346.4319655405892
1790128800000	280.285842,27.349791	64.37497890691263	241.25591687272367
1790128800000	87.468516,11.661330	-25.40846183499599	41.86234587961053
1790128800000	328.735731,26.669581	65.2708977914199	122.76724397187246
1790128800000	311.312396,-29.045666	18.061296658450924	174.58391973673588
1790128800000	13.241728,66.719877	47.17567854432077	32.363945159743025
1790128800000	172.392519,20.252503	-13.726486945469276	315.09288512297655
1790128800000	46.072168,-51.299907	-37.790817006995745	128.7562847645827
1790128800000	226.070418,-81.086037	-40.48753600145185	191.39257085061422
1790128800000	32.295404,85.920025	42.80170996964525	5.391017680562413
1790128800000	321.901960,35.428103	75.43866833234141	114.36337816098626
1790128800000	287.667240,-24.821544	20.482515746419676	197.19187953963956
1790128800000	91.642091,-9.266133	-45.30110199293065	51.443050994095074
1790128800000	111.774673,-16.710087	-61.45890287104541	28.45676359294714
1790128800000	244.815019,-77.376469	-35.68881107100745	193.41821889081962
1790128800000	160.836599,11.495291	-26.940366754185025	320.4742059924997
1790128800000	84.027435,-22.355186	-50.03308212895187	72.65860768639163
1790128800000	212.562312,-64.558061	-38.98593897850926	213.3330142026631
1790128800000	350.969842,-40.966295	-3.139543555412043	147.27583957354352
1790128800000	167.868894,-47.904996	-60.20224291449451	244.9759430125514
1790128800000	270.032501,20.343278	52.77551553599991	244.19725316959568
1790128800000	198.589959,46.447442	20.082125447597253	315.28561489433025
1790128800000	185.021677,-3.346216	-24.381091232329222	289.1668244438358
1790128800000	83.321758,-29.700920	-53.932789386350976	82.83814024169465
1790128800000	52.830215,-25.497541	-29.236805302517016	98.7380138375139
1790128800000	204.452520,36.324633	16.693271443249117	304.2214017440742
1790128800000	178.166205,60.883156	22.030673764519783	335.20170813190225
1790128800000	58.618210,-60.762094	-47.0652428516834	138.53803465357134
1790128800000	74.259129,-18.736127	-40.7374566567007	77.24750766251861
1790128800000	178.177058,19.338643	-11.351242737403892	309.98943861851103
1790128800000	59.118205,-2.564036	-18.862869203473494	75.30191711583291
1790128800000	223.247670,21.971059	20.14696789009632	281.5903147888396
1790128800000	276.330851,-18.915058	22.744773978551667	209.93536611489287
1790128800000	352.587472,-33.882902	2.1840444256881555	142.42848045172525
1790128800000	182.405135,-41.499428	-48.65179401869093	251.4035163714957
1790128800000	161.089169,9.603774	-28.479950870689358	319.2016151302172
1790128800000	160.052613,70.061077	25.522122245899375	347.4912839474781
1790128800000	81.266138,-29.848284	-52.51019476861019	84.65388359953408
1790128800000	352.288866,-29.102147	6.351830989401908	140.0655704482807
1790128800000	156.806136,31.698690	-10.279969773864611	333.21871565442416
1790128800000	330.190778,-67.441816	-21.71103251266294	169.94136811064732
1790128800000	312.345595,8.658823	55.44676299001822	168.02100860830365
1790128800000	238.072101,-53.187630	-22.001052523786687	216.50406853319146
1790128800000	293.388177,-39.907515	6.655462667167239	189.23729707548705
1790128800000	31.394935,-18.709780	-9.584414819697741	106.5044614671603
1790128800000	142.769641,4.012223	-40.7669176456588	336.95445904994347
1790128800000	252.484115,18.376306	39.22709473876753	258.323669636726
1790128800000	249.756734,-55.680198	-19.114711401594036	209.42487512991852
1790128800000	79.178842,44.703456	6.717347804122768	31.063770829343298
1790128800000	203.242626,-28.418562	-27.456074197129414	255.34032136299595
1790128800000	109.680272,-19.502692	-63.199402748913215	34.82506772084753
1790128800000	140.926983,-39.294189	-77.96052384352403	281.10191178053014
1790128800000	301.171533,41.061974	86.31888750653681	244.89821947076916
1790128800000	204.771624,-69.522598	-43.126742089920384	207.92163326290847
1790128800000	142.381349,-35.368357	-75.08330016634268	293.6826986704591
1790128800000	171.122270,-13.669452	-41.3439945801292	292.39424024531456
1790128800000	287.935140,51.482343	75.1717924821284	312.2401018035523
1790128800000	55.474217,61.825032	28.675390292638657	30.241086536905414
1790128800000	137.808225,-19.824032	-64.91896551494517	331.8466840360609
1790128800000	193.277390,6.554568	-11.530789628813979	290.1263325828003
1790128800000	356.733409,4.144411	30.594915806479197	115.39096109824385
1790128800000	47.290537,-59.266031	-41.225262427084346	138.1237463783113
1790128800000	73.060368,25.783502	-6.171080830639764	45.800371145126746
1790128800000	33.202686,-27.657883	-16.712737869101908	112.31886122033973
1790128800000	126.851255,27.177446	-20.1123954503675	358.64997403012273
1790128800000	238.256023,10.083401	23.418764829874913	261.783909639239
1790128800000	343.205843,31.909237	58.5060008162728	97.27277248366511
1790128800000	177.346857,17.280077	-13.475205599850412	309.38571014410877
1790128800000	297.675236,-58.462137	-11.377244373481558	184.05399477290393
1790128800000	223.914456,35.520056	28.71838053747683	293.15416955432863
1790128800000	137.313084,10.477871	-35.75180713571301	345.59561483130756
1790128800000	284.574353,16.460141	58.21404442321975	220.6199497872949
1790128800000	136.649402,17.732173	-28.715918497317272	347.82140180947556
1790128800000	302.347501,24.862804	71.96236271146171	189.4049019573315
1790128800000	134.399786,79.132519	31.94322439488598	357.8876137911046
1790128800000	150.054173,52.422350	7.44063612147112	345.08584266544494
1790128800000	243.690262,-10.697085	12.365591504841793	242.39167860243083
1790128800000	136.051699,31.998817	-14.687153972042376	350.6841839047304
1790128800000	223.444232,62.114589	40.2657791499572	322.44804366078074
1790128800000	352.057350,44.985367	56.8764663272566	69.59032987806381
1790128800000	24.414271,-28.534844	-11.461590642032466	118.26848326731198
1790128800000	125.367538,71.678694	24.37945742781747	359.9156787816788
1790128800000	134.084726,-20.802184	-66.97392795822181	339.18743449131887
1790128800000	299.483765,-51.446149	-4.296573975809608	183.65366612620346
1790128800000	178.549868,14.668228	-14.870304848986692	306.81482505060785
1790128800000	11.059028,-8.909393	11.333825885310462	113.40666909237802
1790128800000	335.108486,-37.460715	5.463006648664302	156.70919646804327
1790128800000	28.325275,-23.647144	-10.764441754714651	112.1768922763971
1790128800000	267.373640,44.994921	62.59314938956153	287.91719330754995
1790128800000	249.426916,78.101908	48.41274437037242	344.8821911516169
1790128800000	280.968061,33.526457	68.66370250533147	252.56916583167958
1790128800000	152.417574,-13.752744	-52.96657678965414	313.14995498490657
1790128800000	314.513405,31.825168	77.0327701863479	143.91289763034604
1790128800000	314.751464,-19.659654	27.071408977690954	170.15204733648307
1790128800000	75.106383,73.579880	31.221643677862325	14.61137956259256
1790128800000	337.047153,-15.807670	24.74081843274679	146.28185768942154
1790128800000	4.106390,61.553181	51.18386458927344	40.22600056836353
1790128800000	127.026343,31.960199	-15.32767690213182	358.5806368252538
1790128800000	147.247929,-34.283930	-71.15585383097863	289.15331435369785
1790128800000	70.215385,41.017989	7.474879246565576	38.61060932777917
1790128800000	228.000412,-56.914901	-28.820043079758793	217.31816339830243
1790128800000	47.660967,55.129571	27.94383233020185	39.099350866588736
1790128800000	42.906940,-29.336576	-24.440295813459752	108.06991075796077
1790128800000	287.142256,4.304930	48.2486487261746	208.13691782205774
1790128800000	356.159550,-75.665201	-32.783290563165146	166.68950865706267
1790128800000	289.437825,-54.068613	-7.753708250470789	189.32403138352743
1790128800000	355.959364,8.547490	34.363090963125245	112.53993980002303
1790128800000	254.345081,-48.262632	-11.52857223390186	211.8347411273371
1790128800000	182.288757,74.510920	33.07624675567204	344.38893943848666
1790128800000	209.786373,-50.907322	-34.97954148224844	229.7995944590424
1790128800000	314.380506,-7.988476	38.682059892749294	168.6694381755608
1790128800000	113.135433,-52.491166	-77.1328957459251	143.66893207052726
1790128800000	61.693157,64.121654	27.974751820153262	26.18449793568209
1790128800000	267.377965,1.292016	36.33480434918731	229.9962087987459
1790128800000	292.808233,-21.902782	24.32792740458046	192.8644393832759
1790128800000	185.178644,-3.402011	-24.31229913979351	289.0006020390041
1790128800000	299.864221,-10.235811	36.80401616028827	186.89090993617606
1790128800000	166.420633,66.169954	23.306862024027314	343.1226329184715
1790128800000	158.668945,2.818157	-35.57540610306153	317.76414609999995
1790128800000	SUN	-25.41890963224446	296.04478962955545
1790128800000	MOON	28.146906682427574	164.99482177911318
1797832000000	29.713029,-42.639275	-11.049299659850787	220.76636415274777
1797832000000	46.978468,-63.241510	-21.379794086402175	199.42514347051974
1797832000000	129.932940,-64.802414	-22.052361107891283	163.01571689477146
1797832000000	298.786151,18.335444	-23.340759257887136	330.23335601098745
1797832000000	15.967972,26.730342	29.147164821634426	280.8992148571856
1797832000000	258.863203,-48.304800	-80.52399759698544	129.5975846362843
1797832000000	168.840261,1.758102	9.290250105037728	96.46530792886813
1797832000000	337.027741,41.632383	13.778607318112627	315.04208495154353
1797832000000	85.575845,56.088921	76.41296552766231	349.9122730306101
1797832000000	181.542659,-1.443273	-2.1927292946689794	90.14185883377513
1797832000000	244.823887,-3.957924	-45.23947092625591	37.09224434742066
1797832000000	201.220654,-43.476787	-41.38348759349717	115.9280968137798
1797832000000	253.069843,24.047398	-21.38929522878169	16.69230097032846
1797832000000	69.911204,5.818378	49.02677913105359	211.4298534096406
1797832000000	224.946391,21.775651	-13.318930972636862	42.59216236034689
1797832000000	0.404807,-39.054455	-25.016212591476403	239.17530846597276
1797832000000	59.750570,-27.376957	14.549100044259335	207.6335989988031
1797832000000	115.991707,37.504130	69.45198821804863	96.2772780493413
1797832000000	263.929273,-42.603905	-85.61575100917695	89.8248606086899
1797832000000	340.314388,-7.464186	-19.393323159002428	278.14698451657
1797832000000	354.244298,4.615567	-0.9916531142341384	277.4251320118683
1797832000000	44.867930,-20.579109	14.291340565352245	223.31408661586806
1797832000000	52.102457,1.796317	36.939833450945564	230.22325994207893
1797832000000	233.376881,28.745520	-10.979389513397281	32.30566488087072
1797832000000	268.433730,-21.278637	-68.45627502345933	3.9035018903533683
1797832000000	108.251874,42.483468	76.51527563047478	85.23707723411087
1797832000000	345.713108,-27.421328	-28.188934652965447	257.7364653034904
1797832000000	221.011912,6.610319	-23.655200532771257	54.98553993620919
1797832000000	23.434394,-66.178581	-30.1998862363461	205.57137285528722
1797832000000	16.252678,32.702043	32.74942916487656	286.4626756870722
1797832000000	297.786125,-40.688886	-69.17463471770745	266.45892147939617
1797832000000	4.214951,47.349634	32.4869716071892	306.9857521275428
1797832000000	341.439950,-1.868675	-14.73142166873806	281.5912795630211
1797832000000	81.980667,31.734163	77.29350058461854	212.3527253531621
1797832000000	258.302523,-25.768353	-70.51594908788665	33.04835556449319
1797832000000	183.154405,17.027136	9.146549709596972	75.42391101334721
1797832000000	40.748688,-24.858194	8.630289246486798	224.1615198518789
1797832000000	65.706715,47.803698	72.34681601347584	295.06155571485044
1797832000000	40.522230,33.038800	50.44115338353456	272.84085687341167
1797832000000	35.991126,-64.312194	-25.13289352998373	202.96388485809916
1797832000000	146.613709,55.937129	52.024130204073	49.75648203193566
1797832000000	335.830769,67.092783	30.614355302064624	335.8119439789473
1797832000000	301.034350,40.186859	-2.3786662960038676	336.9109574809586
1797832000000	216.358915,12.377354	-16.287448348448375	55.12313956669061
1797832000000	93.187788,-64.285392	-17.104836890593695	178.708396992934
1797832000000	31.084897,35.183303	44.59291479325797	281.15707198643406
1797832000000	16.015246,-11.689042	3.552781679135858	250.688607132377
1797832000000	73.299643,48.016829	77.26534582231469	300.15510005723263
1797832000000	154.096544,33.735918	40.00192469575741	78.01369357977421
1797832000000	173.410930,-20.006693	-8.892699297116122	109.29395072590978
1797832000000	353.286530,-24.490265	-21.001786382577556	255.7440005957286
1797832000000	350.855454,15.083543	3.755118670839413	287.3384839802568
1797832000000	99.329912,42.920022	83.08245009108434	85.89890400721379
1797832000000	189.107875,19.298057	6.5197087850723685	69.87170840187059
1797832000000	275.587599,72.064402	24.922754853098915	358.2728616613073
1797832000000	316.963277,64.776739	23.673387734856437	340.28487706320345
1797832000000	280.114752,-21.362883	-66.9325134154837	335.2502649017688
1797832000000	351.984752,18.540699	6.909230819753561	289.12737624167016
1797832000000	188.743454,45.467806	23.892739309317495	49.484295305522664
1797832000000	125.724372,-58.308070	-15.392395590751425	161.60197483770435
1797832000000	63.043697,-16.652599	25.63597737485335	208.88399882167982
1797832000000	83.309999,1.060381	47.85807635775554	190.03705564685754
1797832000000	79.423462,-27.048062	19.50162450182557	190.0882011821543
1797832000000	60.900320,-19.669203	22.075382196111764	209.70863671904738
1797832000000	212.071678,13.474424	-12.815933344161698	57.78020684959699
1797832000000	30.056673,-14.273008	10.948241505124647	238.7899023971986
1797832000000	64.253120,-10.714512	31.587466111980905	210.1432817842158
1797832000000	182.825772,8.094828	3.350632076853028	82.27177594611845
1797832000000	9.916031,-7.715757	2.0287434916882763	257.7393055691971
1797832000000	38.318226,46.512594	53.77865394736119	294.3691337270428
1797832000000	95.393347,-5.740645	41.21469411542942	172.91765061161902
1797832000000	71.242827,-68.774359	-22.424110037035547	187.39872019690006
1797832000000	176.842461,-52.543731	-31.030686008588322	135.07379140445994
1797832000000	285.270798,-50.134646	-77.14692310237984	230.04334689495306
1797832000000	74.487640,24.398046	67.65732692778035	219.72092025293898
1797832000000	343.307346,-42.518090	-37.83988662991886	243.64806361124158
1797832000000	110.053876,41.364575	75.00220815223801	88.7859986088103
1797832000000	106.467623,27.543179	69.67980922167118	133.4471507937359
1797832000000	76.638379,-32.043559	14.187447475997185	191.7663860331121
1797832000000	116.099890,-50.924746	-6.44862888426849	163.93459628485402
1797832000000	301.209898,-9.265194	-46.729424741604824	311.74761859678915
1797832000000	315.306323,-43.455865	-57.26257628992736	253.14794344253437
1797832000000	55.989839,28.059067	58.98683449103267	253.00664050766818
1797832000000	3.430693,27.468113	20.703423594617817	288.9937285766182
1797832000000	236.094099,42.457579	0.49300776768059396	24.434512926027764
1797832000000	227.684304,5.220952	-28.655072082856176	49.87989770444767
1797832000000	139.330674,44.626695	54.7664703237595	69.79580437935243
1797832000000	49.567636,-25.501781	12.27132587644257	216.91034346898232
1797832000000	44.392507,23.346056	47.856982665088296	257.60813015326767
1797832000000	77.560823,-3.457110	42.429353311828066	196.98927884757313
1797832000000	6.762622,-8.044708	-0.4650660306742294	259.6491151926796
1797832000000	186.338549,-15.219705	-14.942617659576745	97.28225161932403
1797832000000	202.868552,-0.736478	-17.16928337189924	74.68007297395081
1797832000000	223.879325,28.614912	-7.013923373362335	39.72551081251248
1797832000000	57.141160,-23.993069	16.7187830770339	211.27136772360222
1797832000000	300.834616,18.074137	-22.806271133745497	328.17981911648894
1797832000000	194.242689,-15.541684	-20.932589786138976	92.31583590055067
1797832000000	203.875104,-33.988561	-38.83540102691364	103.66418672812131
1797832000000	210.191053,42.667622	10.84347497615781	40.4746280245821
1797832000000	75.132029,-24.109608	21.73277622607882	194.70074801987846
1797832000000	94.593721,25.850645	72.63077465954383	165.89408956715636
1797832000000	66.661753,-12.461890	30.791295569116272	206.83960554725388
1797832000000	23.002380,29.796787	35.982324904387404	279.6857438706538
1797832000000	167.206935,37.074016	32.55215221627134	67.64210203854134
1797832000000	196.234220,-63.538391	-44.43823476139243	143.41605040220634
1797832000000	160.003390,-46.473059	-18.698609190251947	137.07015271977843
1797832000000	130.476500,9.717896	41.604942186189845	121.1578621363696
1797832000000	345.297711,10.415769	-3.384904107051612	287.7539663044836
1797832000000	55.110460,14.652940	49.0249893573651	237.51615902643107
1797832000000	69.327786,3.511512	46.67162637016434	210.92885320165783
1797832000000	77.079738,43.774497	80.63124573047686	280.6198266773274
1797832000000	320.713424,40.444590	5.0395781559733	323.88843311180847
1797832000000	104.442845,1.688977	46.889989074721505	158.64264626005138
1797832000000	132.227669,-1.138325	31.929395241365384	127.70020643836648
1797832000000	261.490360,7.413771	-39.21859235079215	10.981481083342828
1797832000000	274.673056,62.792711	15.650058431095394	357.93582693023643
1797832000000	120.094842,59.285573	65.22255480788543	38.02004757488817
1797832000000	184.122859,-37.362176	-27.08250392989339	117.29819290706564
1797832000000	165.470398,72.560263	44.65477286503243	24.28632216422193
1797832000000	242.070395,70.611143	25.169095561264555	10.061384179433958
1797832000000	188.322738,37.072623	18.8825280112957	56.730671267551145
1797832000000	261.014418,-80.549041	-52.103987213287546	177.84053513880144
1797832000000	205.648831,13.779323	-8.508204005086773	62.38837191366662
1797832000000	124.357177,-22.680161	17.237661399358853	147.06225047216162
1797832000000	232.086021,80.672464	35.19247242832922	7.187268827734329
1797832000000	137.529902,-65.610240	-24.486129011206284	160.61470806555178
1797832000000	53.758749,-55.071914	-12.56603471711979	200.44042233126595
1797832000000	140.434748,14.391610	38.35736773025406	107.69884883602657
1797832000000	282.810169,-33.010276	-75.90545055317033	309.8583855237438
1797832000000	86.231548,32.815585	79.62001497974953	197.52260396911709
1797832000000	343.509679,42.991085	18.168092608432605	312.59311536811947
1797832000000	319.502760,3.869122	-25.37865744579541	302.9468462777977
1797832000000	94.169285,36.064778	82.51112375024228	152.6406803305132
1797832000000	29.428725,-24.591448	2.6540325145258046	232.57399833688964
1797832000000	5.175921,1.728195	5.051854635806415	267.879439659406
1797832000000	345.257406,-59.615272	-42.82486210534584	222.06110248545872
1797832000000	76.835300,14.654829	59.71229235910949	205.88300321012434
1797832000000	19.923973,60.377232	45.624105740241944	318.59865617432536
1797832000000	287.756461,55.718125	9.662618085881833	350.108987461163
1797832000000	335.432387,-52.713231	-46.42887160877709	233.34003866280614
1797832000000	131.658462,6.153676	38.09895931761878	122.8974190336744
1797832000000	233.700596,6.005873	-31.19540646610354	43.55706917200621
1797832000000	28.788333,26.848962	38.55062475128985	273.03146722439067
1797832000000	273.807846,-25.421261	-72.33858285780816	348.47022457805986
1797832000000	296.541264,22.967572	-19.806509902373566	334.1670435538854
1797832000000	23.024233,-27.655881	-3.4349238543654983	234.8904043757468
1797832000000	213.688198,9.435877	-16.938079221543337	59.17899454518101
1797832000000	330.501715,10.393276	-13.396123751923401	298.44330664462655
1797832000000	244.497150,41.625314	-2.542113658273622	18.920064968595398
1797832000000	273.967641,-18.974914	-65.93904489517928	350.71253324701684
1797832000000	221.781847,1.141903	-28.449734200856703	58.03663706704583
1797832000000	348.616128,4.804577	-4.938064539671279	281.42177775060054
1797832000000	241.174111,-9.519260	-48.33900476198661	45.67330455219491
1797832000000	79.928730,48.308395	81.11584279978977	312.04295207232985
1797832000000	159.422029,8.720823	20.89500186529783	97.80249727455703
1797832000000	248.357399,-11.133552	-53.22317618942	37.18361844431399
1797832000000	338.209387,-64.886937	-46.89816706966441	215.45657505714053
1797832000000	223.950210,2.416850	-28.766564006229014	55.19525210982874
1797832000000	243.486339,-72.506191	-57.72117102715705	165.70843793200254
1797832000000	17.475929,20.669989	26.5659827166772	274.5022962398174
1797832000000	228.202860,-61.271350	-59.214928023848906	141.55296988493973
1797832000000	136.721884,-2.716797	27.98993597575874	124.61339323967456
1797832000000	76.625673,17.833575	62.62370318888178	208.56495656766083
1797832000000	281.148651,12.308319	-33.945484362423755	346.9117077878618
1797832000000	244.346593,61.832525	16.635066499698734	12.470018839063528
1797832000000	176.872888,-83.585505	-42.12242484977125	171.55356918357143
1797832000000	6.283468,2.095417	6.113415316481201	267.3941901887256
1797832000000	338.321477,-4.031531	-18.47424247490979	282.2237434694066
1797832000000	58.774078,-46.657349	-3.5999839057234855	201.0224192732693
1797832000000	103.514598,15.294284	60.12847492397399	153.06312576111793
1797832000000	19.261570,72.290083	46.14865931139922	335.73346968674764
1797832000000	341.423187,28.922985	7.183970031293277	303.40433184576955
1797832000000	108.250980,-0.199092	43.95956379640512	154.2542244684346
1797832000000	263.324955,11.218962	-35.659572045982685	8.138930943235266
1797832000000	286.124752,-40.007951	-77.53019778707284	277.58935328034795
1797832000000	150.701787,11.773597	29.27334598630196	101.74874533114343
1797832000000	232.223547,2.801175	-33.163215072058165	47.01556780377979
1797832000000	260.066767,68.842827	21.870257659292804	4.009335917851331
1797832000000	281.065289,-3.555349	-49.525846042510786	342.867451507469
1797832000000	343.341494,9.192392	-5.614404512618528	288.24708835929755
1797832000000	66.973958,-30.925551	13.341476888668696	200.28251995710525
1797832000000	50.711960,30.945705	56.84699380111986	262.40265909740526
1797832000000	357.585715,49.439011	29.793252699666375	311.72757215875515
1797832000000	343.955080,11.065953	-3.8624019701519634	289.1477128775873
1797832000000	18.031764,78.324503	45.354802694384254	344.3220545566169
1797832000000	103.677001,4.696936	49.99259789995533	158.52390438978694
1797832000000	157.907665,-33.768130	-8.580827555732885	128.98230841726564
1797832000000	85.434341,-13.492252	33.57142657018627	185.4071922156529
1797832000000	41.688779,27.860820	48.58030961415814	265.23479479835567
1797832000000	28.734069,34.886422	42.76000679865597	282.0675647265191
1797832000000	98.109279,-6.770997	39.8800191293668	169.54430725679856
1797832000000	338.040184,-59.540207	-46.3853779470675	223.2125025742664
1797832000000	353.266831,-5.401619	-8.523817052202107	270.7215035159602
1797832000000	189.503911,-51.371777	-37.38546956016537	129.4329485589227
1797832000000	326.717333,-6.937688	-28.728889798905957	288.8475672071297
1797832000000	108.677405,0.454003	44.43792220961058	153.39488985204162
1797832000000	254.638603,-67.906244	-63.599832725733556	167.34703541445379
1797832000000	191.000120,34.876331	15.807806582092233	56.99326375304622
1797832000000	95.076687,-26.396921	20.650369158860975	175.2407726198884
1797832000000	341.449305,-89.574618	-42.921090460102725	180.7556584634309
1797832000000	178.814915,6.082920	4.915182908250553	86.45893876385696
1797832000000	146.269016,55.983375	52.21995090380934	49.70441871589276
1797832000000	131.576337,-5.234430	28.933996694781317	131.02794538616865
1797832000000	245.076676,-52.394773	-70.84443085459117	128.90320469078523
1797832000000	226.794230,18.855086	-16.714028233248264	42.66533542905131
1797832000000	298.675058,38.976555	-4.17189609165789	338.16003735554
1797832000000	294.970026,17.832949	-25.133103114923003	333.73597325350636
1797832000000	266.521643,-2.255019	-49.355574636794174	5.37668950234854
1797832000000	217.377236,48.838024	12.55879225755063	32.55343060038035
1797832000000	274.719211,-11.791019	-58.72066275851739	351.07295209567087
1797832000000	63.200632,-13.142481	28.950567081862683	210.19537207129133
1797832000000	53.059781,-32.557417	7.442876705239902	210.83804452152435
1797832000000	340.259451,-26.126973	-31.365315379532518	262.2425855071517
1797832000000	135.697055,-0.521389	30.35583780992696	124.0164123352472
1797832000000	154.800647,-45.903021	-15.740891384276791	139.30240584516486
1797832000000	279.307433,-22.001715	-67.78052477804506	336.55381339163387
1797832000000	54.183284,-71.547269	-27.112599271420677	192.1829713529719
1797832000000	324.256323,28.096916	-3.282239267983137	314.3026431907658
1797832000000	52.351276,-42.792685	-1.974350934984063	206.78053334956667
1797832000000	243.095661,-22.225286	-59.694244167047415	55.9941461778634
1797832000000	20.610323,-38.002346	-12.33556922871635	229.18085514396773
1797832000000	286.149621,27.174368	-18.453113915091667	344.98149332641947
1797832000000	9.418924,-5.676873	3.077885063018945	259.5577483982172
1797832000000	306.722320,-0.966024	-36.78119869852602	311.7560562867162
1797832000000	104.903516,-28.974257	16.920777963600965	166.50267258613587
1797832000000	37.065139,-57.182303	-19.30159738023461	207.43418567335766
1797832000000	353.171471,-18.629919	-17.359461020054642	260.60741215675046
1797832000000	4.506526,20.850282	17.275631185309965	282.9162986043707
1797832000000	312.705847,-56.161141	-59.76808004592147	228.9390484487186
1797832000000	274.128669,38.635510	-8.48582249098793	356.85854530225595
1797832000000	324.759959,-22.196661	-40.36323896241661	276.58487420992196
1797832000000	142.707194,-5.046550	22.461141685257513	121.02648486134626
1797832000000	255.419408,12.172055	-33.462418206387575	17.230715988150678
1797832000000	159.455981,14.719110	24.860315915317916	92.91574603256356
1797832000000	32.155855,56.345230	51.49436262948638	311.3814746205653
1797832000000	108.988313,-3.128043	40.94865962369374	154.5759269207888
1797832000000	251.329667,-36.381093	-74.37032522616289	72.23019968558691
1797832000000	266.676951,-29.101289	-76.07137041816378	11.945396500656216
1797832000000	226.745548,33.954288	-3.712344185380884	34.8455731139432
1797832000000	164.725416,53.977276	41.47562412707814	49.458073515818
1797832000000	356.834271,-31.447140	-22.815929380978933	247.75622071606654
1797832000000	91.427401,6.645354	53.83204019479885	177.6173329749547
1797832000000	296.118610,31.003361	-12.378840884627694	337.3854075083917
1797832000000	208.402063,-14.264818	-30.456365941259527	81.30071463284935
1797832000000	186.067459,63.058266	34.73515467424348	33.443699352792635
1797832000000	350.170024,-9.359358	-13.457787870840464	269.8403975885544
1797832000000	84.008405,-5.625748	41.292505409297966	188.00602583510772
1797832000000	97.537855,14.437142	60.89578645658532	164.8404611160381
1797832000000	152.751244,-73.470678	-33.7777137932709	162.47062318997655
1797832000000	282.449191,48.814065	2.2647775298453316	351.96594195073465
1797832000000	138.613584,-30.219760	4.384308083711015	139.5646318048291
1797832000000	2.950111,21.919995	16.85337749947562	284.7480156701015
1797832000000	237.837233,-8.768120	-45.91239902485779	49.13070522108819
1797832000000	226.215242,-53.102392	-59.53148452338502	125.35280644518002
1797832000000	187.929596,-45.103212	-33.61655737849172	123.14349899557413
1797832000000	56.583532,4.783709	41.90059467429624	227.52863312646355
1797832000000	175.288963,-26.136836	-14.263460778165491	112.7891476472841
1797832000000	119.012513,-1.905673	38.18174965519993	141.97684015172115
1797832000000	313.492900,-19.840170	-46.92276552708094	288.4317839574604
1797832000000	31.629571,-0.507775	22.334933574985577	247.04225009373386
1797832000000	200.716802,67.892201	32.0829264596135	24.734269753429658
1797832000000	89.834058,-35.174302	12.037832931259254	180.25179040045657
1797832000000	32.561266,-21.044085	7.227483217311083	232.57134853218736
1797832000000	290.506989,37.526521	-7.525593156837276	343.84439064946184
1797832000000	116.109213,4.332432	45.0564390196797	141.62313893690055
1797832000000	113.554409,-30.643239	13.419449332891263	159.41022614766564
1797832000000	17.414870,39.774964	37.1874345484905	293.285124076319
1797832000000	83.332370,-67.090117	-19.991900417345562	182.91636087589268
1797832000000	338.343117,-67.239538	-46.94223620614596	212.01155931133144
1797832000000	323.603943,-4.428017	-29.043497509370347	293.3870365037044
1797832000000	359.941685,-20.000925	-13.398590072913871	255.21640255670513
1797832000000	67.389768,25.778981	64.95192633527553	234.68831892341973
1797832000000	83.274911,84.619373	48.12912508537449	359.27717833893644
1797832000000	95.604917,13.242966	60.04522076762207	169.01191208577495
1797832000000	200.334663,56.926423	25.42529205414011	34.688833794887955
1797832000000	305.028969,-50.119700	-64.96811536526391	240.9170227331631
1797832000000	124.987875,40.390745	63.83067609143212	83.40114109554605
1797832000000	69.084321,-36.245960	8.721569737877244	197.05188262525417
1797832000000	199.275758,5.713030	-10.064450454541598	72.62385359518834
1797832000000	315.289645,-49.004298	-58.29168091440577	242.9119077376605
1797832000000	342.959981,-15.067857	-22.516804498096672	270.2191800831803
1797832000000	173.999469,20.279132	17.823773723882752	78.75623528638579
1797832000000	215.926224,-17.052350	-37.730445910102674	78.02634047559178
1797832000000	102.257093,33.888881	76.86253532216114	128.74284190374192
1797832000000	319.597462,-1.480515	-29.471245146984085	299.06232724802726
1797832000000	238.366439,15.891981	-24.560541790031717	33.770649934399216
1797832000000	201.343405,57.012282	25.064682013631934	34.22020683183496
1797832000000	151.301086,22.544464	35.787635916699024	91.53618516433102
1797832000000	67.755561,-10.268900	33.21640253759682	206.51051569920537
1797832000000	56.166113,1.231266	38.66981699194444	225.51577238769698
1797832000000	40.698937,55.802523	56.24324149243928	310.24528184152757
1797832000000	274.809593,63.472235	16.332148052775906	357.91740635425936
1797832000000	309.932244,45.573963	5.2692553655026515	333.31678101832244
1797832000000	272.097608,-48.877604	-83.7198344552097	193.59207613720662
1797832000000	328.232292,-49.186337	-49.983621223986056	240.1122753650842
1797832000000	49.509883,15.144455	45.81428679666284	244.00192721797987
1797832000000	258.028765,-15.699013	-61.07046315146849	24.35133365832405
1797832000000	229.244412,-47.816671	-61.313748480860745	114.5269320449546
1797832000000	147.619007,-62.813559	-25.16427247450767	154.9387257616936
1797832000000	147.414611,-56.314391	-20.2840815501762	150.28163109422024
1797832000000	124.843043,-30.503147	9.989056270984399	150.1247112865708
1797832000000	128.053297,-22.128120	16.17913656989366	143.62137508867437
1797832000000	272.500128,-45.112958	-87.01106423512935	218.24474656847076
1797832000000	12.359726,-51.865117	-25.877632592860888	222.28290948307063
1797832000000	136.782654,64.794922	55.912579123474295	33.897220090256326
1797832000000	259.135057,11.265604	-35.05667202701856	13.124202898339945
1797832000000	33.187998,33.423083	45.269231397396666	277.7967150825432
1797832000000	356.849997,-17.239644	-13.797835858611354	259.3378471971906
1797832000000	257.263488,-26.097370	-70.37827059543325	35.97992182930852
1797832000000	28.610299,-18.563139	6.779484520890963	237.05104868815397
1797832000000	91.444127,-44.345242	2.8558424004044562	179.09223623296498
1797832000000	156.440063,-56.943129	-24.206389136694327	146.92953730448608
1797832000000	267.349750,50.216496	3.030831325337435	1.8323710411236789
1797832000000	329.885303,-26.474337	-39.14854881132624	268.49880498356924
1797832000000	98.121105,17.093930	63.36723679003563	162.43158679898215
1797832000000	251.496742,28.389368	-16.83746688775754	17.064411298262144
1797832000000	63.919799,-24.776523	18.322108678657074	204.96564937910466
1797832000000	115.127658,-26.522791	16.895413065009784	156.70748723858378
1797832000000	296.203912,-64.948564	-63.371433618314846	204.96215812137393
1797832000000	46.126596,-6.847496	26.438116427983115	230.28695126355774
1797832000000	45.902855,-13.962426	20.396327970428644	226.18203556140884
1797832000000	273.331084,-15.223047	-62.27758578028216	353.05380439049713
1797832000000	214.205402,-74.866385	-49.79472459002487	160.69043634277784
1797832000000	156.013502,11.743039	25.409610918826672	97.82895000870593
1797832000000	265.810973,-5.297991	-52.33618405045937	6.861977337440976
1797832000000	293.392733,23.358204	-20.39665178146691	337.21333150694284
1797832000000	166.222557,-10.570126	2.6285523181496893	107.22528664839405
1797832000000	260.771342,50.976807	4.100065865982082	5.946417127211987
1797832000000	243.013275,-21.133801	-58.81342148686576	54.724307743420184
1797832000000	197.929146,-15.842751	-23.832324677290032	90.07870013508057
1797832000000	219.116214,57.414020	18.809082200098644	26.355791818003354
1797832000000	154.092407,31.041234	38.60319881585422	80.99053206661262
1797832000000	114.244546,-4.571285	37.7563362703749	148.87757807913204
1797832000000	298.161574,26.437745	-16.03982654142531	334.01848030015765
1797832000000	55.991183,66.039747	60.240771776900544	333.0546078157191
1797832000000	200.935126,19.801739	-1.0215515201947551	61.637186997404115
1797832000000	26.333865,-14.352395	8.523718035006636	241.5012544798824
1797832000000	36.377959,-59.393567	-21.25167779630107	206.25794566774425
1797832000000	126.581620,12.378626	46.0882582416499	122.90755772296632
1797832000000	347.906613,67.328303	34.61516688182544	332.93690057443746
1797832000000	16.374289,65.628064	44.80373066571341	326.3080837717648
1797832000000	129.964314,7.935457	40.53972368289255	123.16905136025468
1797832000000	107.417567,-1.072789	43.39019369790065	155.7263673145968
1797832000000	334.891188,1.345159	-17.104115222929	288.7646170593763
1797832000000	41.626839,18.784229	42.94179608647186	255.01499233674178
1797832000000	356.555267,15.038515	7.75976036330206	283.542633703981
1797832000000	216.174955,-53.157059	-53.5174616126088	125.821408070916
1797832000000	233.351694,-68.637356	-57.929992781383426	156.09641317512728
1797832000000	206.327503,-24.468431	-35.36204666177358	92.22131286330483
1797832000000	39.622131,46.780085	54.71083794247104	294.47488904201646
1797832000000	181.888974,-1.050050	-2.179833478835765	89.6177074327536
1797832000000	5.235400,-42.212608	-23.939333780134884	233.9933848886226
1797832000000	41.939708,-67.574607	-26.129974126543196	198.5969866852712
1797832000000	138.092101,-80.504210	-36.10612062531826	171.4486064955545
1797832000000	269.645825,23.431036	-23.780731490771657	0.4499503901121784
1797832000000	3.418366,12.362497	10.926119828360477	277.006490417029
1797832000000	276.756206,-21.303488	-67.76122290724474	343.0904888366597
1797832000000	101.305823,59.365623	71.99618888393012	19.248610104093018
1797832000000	283.798849,-14.065061	-58.87971150748888	333.3880897751112
1797832000000	91.880870,-35.055578	12.13533265885463	178.53816891652377
1797832000000	324.621543,-20.205320	-39.21916658656802	278.7128670460793
1797832000000	235.639699,7.793648	-30.589813445454865	40.57797670334844
1797832000000	176.294421,3.707299	5.1553498476619914	89.92072414930885
1797832000000	126.543717,-37.769428	2.8288063532268395	152.0098675380725
1797832000000	164.951498,20.348563	24.430440272694963	84.46806526881846
1797832000000	255.122928,17.084511	-28.604199884782098	16.317032364572356
1797832000000	63.147129,30.460754	65.40575426602896	248.95223237156802
1797832000000	282.443735,-10.308919	-55.723426303478774	337.8900433300904
1797832000000	309.968107,-17.322158	-47.588997781190216	294.5183320894205
1797832000000	228.917016,20.534640	-16.296160116910695	39.97769315233438
1797832000000	57.898341,35.699929	64.40134161490214	264.9445847432339
1797832000000	241.293437,45.753816	2.1214022967087227	19.728596022696877
1797832000000	358.528248,50.499115	30.867129094808934	312.40123720112206
1797832000000	10.061283,-13.341019	-1.7564267657846189	253.57483189173865
1797832000000	45.849416,20.201977	46.85817646318057	252.77440805191168
1797832000000	47.853888,-52.045112	-11.559126470345857	205.0619379601112
1797832000000	354.342049,-27.256201	-21.97307309083666	252.77949146952562
1797832000000	170.945046,-65.576612	-34.84208610746041	150.359082058475
1797832000000	55.786654,-7.076944	31.288339220170904	220.8306317222134
1797832000000	254.528727,28.363180	-17.457758665163677	14.349051117983322
1797832000000	171.394020,-22.853736	-9.433542369920522	112.70453327584335
1797832000000	27.501546,-12.932953	10.338683320323774	241.59339663902892
1797832000000	97.657267,-63.874074	-16.839302173010815	176.63996130442877
1797832000000	5.759553,-68.322915	-37.12300315922228	207.64527110239328
1797832000000	283.909140,10.288767	-35.39718463848225	343.203616717331
1797832000000	294.665563,12.146167	-30.563026855053412	331.79478876399696
1797832000000	231.372857,-8.603992	-42.01744268370079	56.17996803337246
1797832000000	25.433915,17.271341	30.25516637433331	266.1010667609622
1797832000000	261.916683,-68.662987	-63.78795308784664	173.64285772890298
1797832000000	331.117881,-26.796900	-38.429189970867824	267.35095244350055
1797832000000	26.726869,19.084429	32.35703801399854	266.8210070308344
1797832000000	335.256149,-16.994984	-29.412021523203347	273.9086794476327
1797832000000	63.467202,10.720181	50.54215722355146	223.67687705128242
1797832000000	105.621820,56.534155	72.9793550674748	30.919515683023917
1797832000000	309.752353,37.802535	-1.6462766747133177	329.76482015346085
1797832000000	14.288125,-29.073182	-9.82257601701064	239.42531063830086
1797832000000	318.416610,-20.007410	-43.55958949762822	283.9054356387561
1797832000000	27.420051,19.455978	33.0991600316704	266.673163056216
1797832000000	178.555717,21.587232	15.415522046963872	74.84843515000523
1797832000000	285.983058,37.859740	-8.036428726798531	347.43588868288884
1797832000000	144.841630,56.327752	53.03318542061778	49.21241414963447
1797832000000	92.310877,-25.028217	22.147233871775814	177.83684811135822
1797832000000	290.890167,-60.512922	-68.20777740070605	208.5737164764978
1797832000000	146.589512,3.627032	26.429091504066303	111.5385325206484
1797832000000	208.263085,28.459036	0.9800088569671047	50.88860877827591
1797832000000	339.351840,5.540351	-10.992853805275159	288.49409678583413
1797832000000	125.548518,42.718731	64.01523206649831	78.03471606206534
1797832000000	243.692527,13.168328	-29.10561946195706	29.676225241951215
1797832000000	148.822003,72.097063	49.713072367369506	24.234276043131786
1797832000000	336.894178,50.372474	19.89711339459612	321.56784984481044
1797832000000	1.795233,18.699676	13.938987502910567	282.9365160281254
1797832000000	43.909709,21.171537	46.127096620329546	255.56803732609387
1797832000000	144.751452,-0.433445	24.66045355541525	116.07294954070647
1797832000000	288.099808,-29.563991	-70.30793650991504	306.43708466581256
1797832000000	110.358658,30.652470	69.68457915135043	120.15409591225341
1797832000000	178.268000,-35.983561	-22.476347777023808	119.11752639985286
1797832000000	98.145940,28.436970	74.17708931077702	152.61962417740256
1797832000000	133.126157,18.369013	46.177068365312806	110.34349895218907
1797832000000	287.612051,-54.820430	-73.32853040262718	217.88819065277767
1797832000000	294.065024,-37.177322	-70.72242830718628	278.96830960254147
1797832000000	339.208250,-32.507564	-35.70688979983434	256.52261190808315
1797832000000	163.678878,62.357134	44.17156312633505	38.603389679267025
1797832000000	110.454046,-40.586513	4.581150411893003	164.68312691654558
1797832000000	302.549214,-34.179910	-63.220928133073635	277.9635228214198
1797832000000	328.517802,45.449724	12.477511920732235	322.364566076644
1797832000000	30.479804,-48.193766	-14.915392145217714	216.6356148239147
1797832000000	356.352116,10.302208	4.4115912549956695	280.16727770471516
1797832000000	300.650807,-42.229604	-67.4438096929471	261.05142982071163
1797832000000	31.177547,0.932794	23.086941097775682	248.46152571785933
1797832000000	106.010816,-57.332534	-11.028188855869075	171.42190243495008
1797832000000	200.469537,-14.500654	-24.823574088179477	87.21052486290625
1797832000000	107.904876,69.788655	61.470496018498814	13.131171357718927
1797832000000	333.357781,48.736583	17.121514310843562	322.07639421547765
1797832000000	137.628681,61.546394	56.343804015842224	39.71647656253549
1797832000000	305.176056,44.997158	3.24989192176277	336.05380186713273
1797832000000	209.676584,78.796457	36.548868237971355	12.321303556282487
1797832000000	149.176695,-45.410714	-12.745604940001883	141.97644420653899
1797832000000	149.130903,-74.039947	-33.360023128185084	163.77138870416184
1797832000000	52.101658,-26.323456	12.626889488614522	214.45608324442708
1797832000000	252.526403,-58.215085	-71.1473520217992	151.09496819341064
1797832000000	336.376642,18.502429	-3.5599193471498465	299.60073090969195
1797832000000	164.491600,-31.052981	-10.570874378945454	123.04387886267767
1797832000000	140.941909,-40.475657	-5.164513227656278	143.76312350088165
1797832000000	185.897166,-27.618824	-22.516698031198366	107.66876448564642
1797832000000	289.271322,12.096466	-32.314540461381284	337.6267207429378
1797832000000	96.924867,1.317584	48.05416464131547	169.6504944585879
1797832000000	22.312740,-71.749842	-33.87995378786309	200.6122077907752
1797832000000	261.142844,-38.291427	-81.98108187747656	59.03808680707323
1797832000000	344.185557,-41.581870	-36.82873190517238	244.3127674014271
1797832000000	293.172425,9.145316	-33.88870743807012	332.16454689890895
1797832000000	270.850000,29.700406	-17.5063761885416	359.33070050243975
1797832000000	114.608562,-5.290978	36.95259513343061	148.80331032167288
1797832000000	317.181610,-44.531131	-56.22469771063115	250.63473022863127
1797832000000	212.284849,1.108412	-22.3308382071806	66.0813248760798
1797832000000	139.455174,-58.936664	-19.650034107090264	155.55789315016546
1797832000000	208.665525,25.877425	-1.2245818778699842	52.27889475056867
1797832000000	43.490382,21.198806	45.84673674478706	255.96221989761716
1797832000000	325.439552,68.294701	28.527858669713183	339.8937834384876
1797832000000	243.095450,-65.412878	-62.90535853385105	155.88546153905122
1797832000000	261.812814,25.172477	-21.632926618087875	8.067751557577253
1797832000000	223.177250,-8.363421	-36.629088314627154	64.0252027530293
1797832000000	213.797791,-26.349306	-41.940139139878376	89.13807768679578
1797832000000	151.441568,0.125293	20.55365216484476	110.31801474698136
1797832000000	150.126912,-59.230054	-23.408400379088395	151.26201422156385
1797832000000	202.570399,57.178623	24.67511301238858	33.596518430118635
1797832000000	145.615263,21.848883	39.52468660452328	96.3037216164796
1797832000000	266.032144,-83.249093	-49.52149372360527	179.50641179584613
1797832000000	140.435666,-39.025182	-3.751166022598842	143.25383638727112
1797832000000	51.941688,-16.932234	20.841344287098984	219.2168758806513
1797832000000	49.169018,71.030605	55.40579665281385	338.2721905491337
1797832000000	253.466848,44.303247	-1.6800707518021472	11.883647602773749
1797832000000	115.216606,32.329799	67.48628082779364	109.47180117519747
1797832000000	291.606221,-1.755985	-44.610777370343364	328.90601094225883
1797832000000	138.226880,42.918299	55.06737605505181	73.03389773981297
1797832000000	137.603751,41.528890	55.08678681576253	75.59117051563737
1797832000000	58.947019,-1.560197	37.63989681505381	220.67863715676413
1797832000000	25.012633,-2.611537	16.277550752147	250.63477208891118
1797832000000	170.343354,-58.556100	-31.06676704854299	143.29303052048164
1797832000000	305.028495,-19.043576	-52.08619158951845	297.905515479144
1797832000000	59.940600,40.948394	67.7386152958549	275.7205632092781
1797832000000	315.697531,-19.687623	-45.27628938254975	286.59763063829973
1797832000000	33.928099,50.839056	51.823143097311636	302.35550437619054
1797832000000	39.160916,-39.897706	-4.549764171355061	216.7751109644397
1797832000000	128.472671,29.512540	56.498319775652675	100.70509559243493
1797832000000	162.920506,-5.220612	8.713831078487747	105.70842067044487
1797832000000	16.084950,-4.465898	8.694225572405557	255.79338168557865
1797832000000	344.825992,-19.178026	-23.784746262081768	265.5455066551567
1797832000000	277.713808,-48.687851	-81.96940759505114	220.23739909231324
1797832000000	342.440272,28.737107	7.679266212611427	302.6342208791715
1797832000000	16.390865,24.600195	28.183214543915437	278.69109367557235
1797832000000	84.068781,45.278165	85.1315115436696	302.9577686977899
1797832000000	337.101524,5.681536	-12.451474940851218	290.2357197324909
1797832000000	330.602980,21.765073	-4.676677135699324	305.8434534486279
1797832000000	2.596199,-4.143642	-0.8325980445432648	265.3274930328762
1797832000000	355.750995,47.697934	27.823535137369085	310.82530307234686
1797832000000	356.148359,54.465220	31.66417255604921	317.25224636397286
1797832000000	355.957665,-6.787790	-7.485088769177997	267.8650040926269
1797832000000	276.665343,-24.522368	-70.90060941397002	341.056690518549
1797832000000	273.202345,-19.350001	-66.39613122263899	352.38081548935156
1797832000000	16.103568,30.722922	31.546073162641367	284.6007504425115
1797832000000	SUN	-70.62851482199531	2.9605711385808036
1797832000000	MOON	47.38767304279694	255.69885222067774
1813536000000	359.501001,43.245797	-3.771635812791406	2.1889890065421014
1813536000000	300.413266,-27.211232	-38.03547983129345	93.72214401904722
1813536000000	42.144561,0.252481	-34.1115678373767	309.60225236656265
1813536000000	181.410959,-14.154158	32.896622474898464	181.26365035103015
1813536000000	306.063273,56.343035	20.04835238724498	29.441607200647525
1813536000000	15.980189,10.013930	-35.635935980164646	343.6004536105272
1813536000000	193.427777,-29.524916	16.843802315534347	170.07822491226761
1813536000000	200.476892,-50.414197	-4.660547004161573	168.61818183966284
1813536000000	296.032875,59.376940	25.939259752676335	31.281958773169322
1813536000000	194.012787,-45.121929	1.343519218152248	171.90173090853807
1813536000000	197.819803,0.906638	45.789958697115516	157.74773102917038
1813536000000	249.528420,58.638858	46.926924527533316	44.54187838024245
1813536000000	181.304164,-36.362486	10.689606732945041	180.9813756226206
1813536000000	242.744438,-72.649608	-32.8093004256273	162.05202466852506
1813536000000	22.560576,47.039076	1.7114792534647365	346.4743212329232
1813536000000	206.437945,39.821395	71.84384311343402	91.72871776436051
1813536000000	87.689844,25.097101	13.485522666718394	291.87000905720765
1813536000000	165.124767,62.086134	68.28319396044915	337.77366429380027
1813536000000	27.418954,17.532386	-25.33584156493683	333.61219733117923
1813536000000	248.510886,-7.338589	12.024764554697468	112.11443662317083
1813536000000	331.280473,-22.984491	-57.38140064600995	62.31097090825563
1813536000000	154.289365,-27.590274	14.842476695137698	205.68725241415484
1813536000000	103.533738,-36.235729	-16.846734459527923	235.80443036174643
1813536000000	298.710824,-49.685400	-46.7637653258597	122.0523144338257
1813536000000	310.289033,42.337837	7.3154750868297755	36.08065376012496
1813536000000	13.569644,-17.658078	-63.03310841343787	336.22682573494353
1813536000000	2.547745,37.651096	-9.408649175986247	359.9628592137142
1813536000000	15.480131,-14.808065	-59.74773243371817	334.4859729383078
1813536000000	24.836088,-22.165849	-62.15059613368402	311.14212256058715
1813536000000	158.021187,80.189441	51.70090454473444	353.4455526010121
1813536000000	5.024357,68.442397	21.398534917950546	358.99966194339356
1813536000000	91.074481,14.913373	9.064989216711062	281.9677592930624
1813536000000	143.239313,-1.708135	33.10331307188873	229.04680164641695
1813536000000	241.542199,25.618758	39.36406800054205	89.95880339852602
1813536000000	354.984795,-20.995124	-67.16851592910139	18.366572192529873
1813536000000	295.111644,-50.034499	-44.65287698484424	123.51896228265804
1813536000000	93.531570,-9.857511	-5.9587975283394155	262.05823229676525
1813536000000	19.816899,-27.707791	-69.31499278206734	311.79060374798155
1813536000000	109.960879,-60.216125	-28.83043264865705	212.73679118952327
1813536000000	251.270598,21.320543	29.655195201477696	87.60069595808335
1813536000000	52.227289,-33.853023	-50.58812339703219	266.19790624940254
1813536000000	84.818765,67.606701	36.33612190280916	332.04284193112017
1813536000000	326.777953,17.285141	-21.40641131081088	36.787939789754375
1813536000000	241.475926,-17.918684	8.600957407005744	124.4483713587253
1813536000000	76.869342,-20.346467	-24.9582469138844	264.7823554355683
1813536000000	285.671495,6.794297	-4.8690803732211005	76.01737735012614
1813536000000	49.466865,0.554832	-29.543463290913884	302.85283203085214
1813536000000	90.650931,-30.519490	-21.496944253228516	247.71486846039
1813536000000	12.998342,34.673950	-11.796787106785368	351.19612388955056
1813536000000	358.263003,-22.074445	-68.8360544578855	10.957443005331356
1813536000000	212.623968,41.785135	67.84067861359904	82.62006719428837
1813536000000	294.018736,25.238012	2.7351074913259286	57.39893759483027
1813536000000	280.083734,38.738720	20.552871680336597	55.656955554365936
1813536000000	42.893201,33.041861	-5.510611259866952	326.9249111011077
1813536000000	42.295779,52.918120	11.78629358750842	336.7789408942116
1813536000000	234.620122,-36.082399	-2.168215139524225	140.3304274493687
1813536000000	178.768803,20.748244	67.58730402084288	189.20830941908196
1813536000000	230.604847,18.701602	42.968301869448894	105.54944317437628
1813536000000	18.667167,-25.414515	-68.04482321851953	317.7602646444475
1813536000000	175.499136,72.766854	59.98692546029635	355.8423642107206
1813536000000	160.127513,60.471448	67.87468080191606	330.0979848759083
1813536000000	178.773349,-34.449553	12.534714570350108	183.14923388219586
1813536000000	35.486894,-20.001052	-54.10703017067274	299.26002221354213
1813536000000	150.596542,0.247518	38.63256275565117	222.58369822921202
1813536000000	325.960437,-43.578124	-63.588647520580146	104.06914714891946
1813536000000	73.816204,-10.069205	-20.497671341955037	275.3212925655188
1813536000000	77.728785,19.140030	2.686634495072545	293.86300567450724
1813536000000	155.956811,2.505013	43.15498734477033	217.74437965143102
1813536000000	12.336634,45.120153	-1.505498611059989	353.073641602547
1813536000000	27.634646,-10.889254	-51.22207524268624	318.25944767116846
1813536000000	238.028353,-69.191207	-29.311073171146546	160.3680731233353
1813536000000	81.790371,58.544757	30.666928235067775	323.40027633052637
1813536000000	299.130928,-36.901907	-42.169360603756935	105.28418539969982
1813536000000	157.088583,-47.986112	-3.647791690948693	196.72481324815908
1813536000000	272.927793,18.710674	12.328789927520146	75.79916499296439
1813536000000	176.877244,70.770219	62.02729872772998	356.03570019049823
1813536000000	22.518532,25.866757	-18.769740835246697	341.0176545621466
1813536000000	122.620234,-35.150907	-5.276550929327811	225.25314358981132
1813536000000	254.963128,38.616173	36.70120978485193	68.29596946059917
1813536000000	209.690715,-42.396233	1.2387179648440418	160.2727362680639
1813536000000	165.134785,20.399037	63.16134734432121	218.3128279352337
1813536000000	107.540970,11.036264	18.463964128984674	267.9828739903553
1813536000000	321.937890,-22.111537	-50.494767811320884	71.30354383137882
1813536000000	328.128902,45.526988	3.604415987400115	23.345476920435317
1813536000000	263.472470,39.913377	31.69095969898933	62.89154705206573
1813536000000	118.225785,18.313510	31.0359021728698	266.60753519348464
1813536000000	329.605850,3.080610	-35.24707119430877	41.61784099932146
1813536000000	201.072287,-29.635331	15.447702553656493	163.31118554193813
1813536000000	313.980612,25.895031	-7.9657029892329305	42.88613029640709
1813536000000	352.534054,0.578364	-45.567427014501405	14.32165787237841
1813536000000	214.870095,-3.909317	34.78626486152588	139.43910503964958
1813536000000	217.203104,17.696453	51.3094461051211	119.83723605671264
1813536000000	176.341569,-58.112982	-11.184120546789453	183.3091471931973
1813536000000	82.993689,-46.870525	-35.44681628533535	235.84650185672558
1813536000000	62.018390,80.016449	37.33791793470178	349.16070582037673
1813536000000	242.969559,-17.324591	8.148444135276215	122.95781003640116
1813536000000	199.288005,-4.825198	39.875936133340765	157.98261679406653
1813536000000	309.127018,29.746854	-2.3538207910436673	44.21657436120523
1813536000000	204.785780,11.344801	52.96040513420412	141.90003426603755
1813536000000	61.759073,8.042102	-15.983644077950368	297.72231572038254
1813536000000	289.253637,18.905556	1.2173720032121715	64.97105095138596
1813536000000	16.662045,-44.091779	-79.68837464491226	258.73467015585834
1813536000000	117.446900,29.894623	37.37866970308371	278.3764234805893
1813536000000	275.608762,-48.435726	-32.40719588369959	128.29720615178996
1813536000000	2.896913,-12.910435	-59.96835846980948	359.2437710219183
1813536000000	240.716970,-33.799653	-3.349595921830207	134.9596061181237
1813536000000	343.555101,-39.798154	-75.46306339019343	83.94818531296528
1813536000000	293.529048,-4.092016	-18.087844372006636	78.37169781893476
1813536000000	174.634320,-39.044183	7.705096319186947	186.15800020906886
1813536000000	322.383343,-50.875971	-61.84513581169933	120.45842438147713
1813536000000	303.368925,67.359736	28.96073638823011	22.180936006283787
1813536000000	134.251646,47.302273	56.21784083912114	294.4785718468912
1813536000000	329.376089,4.525052	-33.87239413913204	41.01160106940716
1813536000000	89.209726,-3.829837	-5.025465540365283	269.43094160622707
1813536000000	291.443707,44.339589	17.83431160319771	45.28040357563384
1813536000000	157.661106,-45.792250	-1.4411647775256549	197.03632464956922
1813536000000	310.921200,7.903967	-20.903586530708754	56.176596485456
1813536000000	253.971490,24.125982	29.400684413637716	83.2987251421577
1813536000000	146.985903,32.003394	60.02742154670211	260.5223286961515
1813536000000	191.734786,81.127431	51.67779228499882	2.274572844438694
1813536000000	133.884124,26.033335	47.200774010035325	262.95091922332165
1813536000000	73.495247,31.063240	8.462206565258215	305.02999912735584
1813536000000	157.060591,53.672163	70.12143412995789	311.5072858698438
1813536000000	316.767120,-53.623073	-58.3722248664387	125.88556130801709
1813536000000	241.417128,-8.028611	16.215163581971083	117.97984743459182
1813536000000	136.198944,-38.242828	-1.4072711524518744	214.6097995515156
1813536000000	25.726812,45.397001	0.7218605616637384	343.92136274308893
1813536000000	28.022070,18.288942	-24.428140364588184	333.30473401826134
1813536000000	346.052154,48.947676	3.0181104518984045	10.730759509495101
1813536000000	135.621652,-47.493264	-9.449653575458509	209.99519615063377
1813536000000	4.469733,-62.459914	-70.4465407519489	182.69302921777944
1813536000000	146.395416,-65.177289	-21.717797424480967	195.4384125453339
1813536000000	193.572848,27.465505	72.11701787188602	146.32964023939104
1813536000000	37.108199,76.807760	31.717136720514358	351.2286019383945
1813536000000	20.457468,-7.130331	-50.86215196574391	331.0218194347791
1813536000000	225.802590,-33.459595	3.9545261175655013	145.00193147261518
1813536000000	235.085054,-12.220697	16.89650157762461	125.78355265419486
1813536000000	283.805835,-43.555485	-34.98028970517853	119.83591157234002
1813536000000	315.612841,24.351941	-10.06642969638574	42.49167463264786
1813536000000	115.846978,4.155084	19.788775261598623	256.7148173943525
1813536000000	217.404352,-23.889327	15.851709290498569	147.05548685610165
1813536000000	46.006702,-10.601555	-40.34201670224785	297.4178553551359
1813536000000	143.030272,-65.959514	-23.076939219033456	196.34396167147474
1813536000000	206.332700,44.540580	72.77851674011806	76.45660497552717
1813536000000	333.144520,24.464799	-17.372044716348896	27.877679524521113
1813536000000	186.196557,-17.158749	29.80557218876968	175.93417559682734
1813536000000	107.016297,-61.721826	-30.869441157632842	212.29036858079758
1813536000000	171.833481,-16.193166	30.0570660466768	191.85631377970265
1813536000000	132.759054,-39.522935	-3.9394659308440865	216.1592231734602
1813536000000	224.204488,25.707659	52.00473920053685	103.21218271088833
1813536000000	8.319911,-8.566366	-55.25102149446809	349.8820001454658
1813536000000	224.226043,-57.074562	-15.948642652647457	157.89478399705558
1813536000000	287.618955,1.462788	-9.980850360222801	78.5017877100156
1813536000000	200.058323,56.770749	72.24062139050537	32.78114413674939
1813536000000	74.151491,-35.006475	-35.42935432069315	252.55223818047125
1813536000000	14.806916,68.312523	21.63461537371323	355.13464146298327
1813536000000	41.356220,-17.301073	-48.32955800189382	295.7439617714997
1813536000000	28.438172,-55.862201	-68.96074834624737	223.0994807239856
1813536000000	4.503964,-2.911585	-49.93205970386466	356.9013263334691
1813536000000	197.780390,-13.601812	31.750072349921687	162.47450563284622
1813536000000	275.933666,-64.154811	-39.20767016975412	145.8234022356088
1813536000000	251.614438,80.699979	45.60085836220377	12.451606531531183
1813536000000	259.502968,-7.030177	4.599761255316	104.03000466354848
1813536000000	66.919132,22.061096	-2.133509254741869	303.22602701789344
1813536000000	107.888182,-20.217931	-3.0551873222404486	244.9608641638714
1813536000000	165.009202,-40.108330	5.457113276295735	193.35160178481283
1813536000000	149.918289,61.271594	63.35881830003513	324.71846906623
1813536000000	63.569293,63.013013	26.505437924861493	333.6470322193122
1813536000000	94.483986,-10.341019	-5.596674453797314	261.06229036488116
1813536000000	222.123534,47.387196	62.02994668016705	66.96704200945436
1813536000000	291.319406,22.721194	2.6050029170067894	60.923929591662045
1813536000000	134.242372,31.907722	50.68810387141286	270.1724505938296
1813536000000	195.084400,-34.886781	11.33051984576319	169.4993205595041
1813536000000	28.448968,-25.143416	-62.3013714482383	301.5866921977407
1813536000000	280.621764,-35.677243	-28.76261716290905	113.44409833440193
1813536000000	252.120511,26.960380	32.42708982169416	81.79533876006252
1813536000000	342.969300,-4.725198	-48.043985022723234	29.90312258900815
1813536000000	299.521268,51.702572	19.184460229446145	35.76673916495679
1813536000000	307.740817,-13.056023	-34.419444747257124	74.70884449443321
1813536000000	304.635130,49.049229	15.034451756131824	35.07274939523228
1813536000000	106.446137,-37.529835	-15.974311302768378	233.17967037392714
1813536000000	221.132230,-3.375695	32.064237241399795	132.66587468045213
1813536000000	329.410082,43.121596	1.0343281506055702	23.487494956725754
1813536000000	345.363094,-14.482268	-57.95683123450708	32.5472230311625
1813536000000	139.207150,37.998646	57.05512824268687	276.32884090648986
1813536000000	28.982702,-50.965812	-70.36923634617692	236.66170329161423
1813536000000	146.472217,-25.499071	13.946293597124512	213.1645542189882
1813536000000	312.112876,-21.361907	-43.056160733502374	79.12479490863575
1813536000000	97.861140,-5.204378	0.35238175212035994	262.5417997119449
1813536000000	255.588156,-32.267269	-10.572509685691182	124.61299179934889
1813536000000	135.434439,-27.683873	7.17844941802923	220.80295750262633
1813536000000	51.605903,-18.634383	-42.21620499786676	284.75934617621533
1813536000000	170.942203,-39.739748	6.659554279992975	188.92398372158937
1813536000000	196.433837,76.479040	55.943460922708525	5.754530508418384
1813536000000	41.061032,23.316263	-14.841634408831352	323.68960398189427
1813536000000	250.307562,-50.249900	-20.294384637741494	140.85179563671477
1813536000000	206.957871,32.092725	67.90170507809646	111.25921753395937
1813536000000	184.229357,-30.703032	16.33986971293804	178.4529669925006
1813536000000	0.516160,-14.982353	-61.98963325140806	4.101642405174346
1813536000000	44.171754,-51.850177	-60.87735671132349	237.5179274867935
1813536000000	95.817436,-66.728441	-37.52758982173329	209.81542595855308
1813536000000	272.803441,-64.555977	-38.079184758365344	146.91155613441822
1813536000000	328.247779,-23.694663	-55.869734297164044	66.75526457352368
1813536000000	46.434462,-24.549737	-49.70096751670598	282.6886976769483
1813536000000	20.320122,38.917577	-6.5657873368358075	346.13313770864636
1813536000000	100.356098,-28.986077	-14.048739948554722	243.27784458561894
1813536000000	279.777665,-15.855179	-15.971548832582444	96.98905371135578
1813536000000	151.575934,-15.513479	25.013278536121323	213.12742924713484
1813536000000	119.821242,68.362397	49.206604656132804	329.8914492796266
1813536000000	174.525900,40.993700	83.75298638907643	254.5454699686495
1813536000000	292.237666,0.636460	-13.855962980918587	75.79883455601703
1813536000000	270.143195,-60.064769	-35.116590966831914	142.43395399553629
1813536000000	33.298323,20.663541	-20.368793734438558	329.27117315685655
1813536000000	13.701289,43.223169	-3.2546515632175277	351.8491338961114
1813536000000	302.605312,-71.524782	-49.67976316758211	154.91928872605888
1813536000000	276.371852,39.789331	23.460533725521138	56.68411068809212
1813536000000	343.664329,-25.147536	-66.43826468573268	47.01306668647419
1813536000000	218.166762,55.961114	63.82874862169032	47.699841909932275
1813536000000	256.318755,30.208317	31.279301544733464	76.17126959676
1813536000000	105.721617,61.266142	42.668971359730435	320.45708578326366
1813536000000	77.311529,-46.516906	-38.784152860089065	238.4083989161304
1813536000000	152.378860,-51.336330	-7.83866872666158	198.44790373331557
1813536000000	191.614091,-45.862629	0.8293963856242961	173.6659646507403
1813536000000	153.310162,76.455569	54.28647284521005	348.70136896573854
1813536000000	59.823410,25.523386	-3.6275053713308454	310.438225917076
1813536000000	337.717077,-8.053143	-48.89026930198302	39.1565644651493
1813536000000	139.577594,15.446507	44.269585534973714	246.47096233468108
1813536000000	175.342321,-15.523877	31.16567698674093	188.07108222935437
1813536000000	151.025482,10.003440	47.14789074817616	229.13135270730731
1813536000000	25.503944,0.471924	-41.93472369414044	328.32098872855374
1813536000000	217.992573,-3.579693	33.53485517142267	135.96741740818243
1813536000000	343.479370,-70.226314	-61.06717537924697	166.80719391460968
1813536000000	9.041168,-60.374512	-72.12256799732288	190.53815382875814
1813536000000	26.321708,25.654794	-17.987050296326284	337.4968036045543
1813536000000	118.018281,-4.407649	15.184533922651205	248.8078599259643
1813536000000	167.102826,28.655919	71.0824285064424	225.9836062554425
1813536000000	55.355807,-23.019130	-42.326691872368876	277.1733892722175
1813536000000	327.740878,-33.900810	-61.530672325091274	83.22671435933671
1813536000000	168.661392,-26.696541	19.204976890780124	193.08143909962234
1813536000000	262.294921,18.373802	19.75432405550287	82.9064249992058
1813536000000	91.494775,-5.032291	-4.170417584036716	266.9930774769107
1813536000000	230.603926,32.340145	51.038038798921235	89.33790919872087
1813536000000	160.856569,36.931773	72.40145802350449	257.3356519455541
1813536000000	184.546250,60.060381	72.83518103920939	3.4289456651052888
1813536000000	60.957704,-7.341987	-27.841478138502307	287.09250834801117
1813536000000	43.968664,-47.688182	-60.822086070865915	246.07187392017704
1813536000000	217.973179,16.024181	49.567183947185086	120.70324182354278
1813536000000	234.298698,-5.544027	22.63952016389079	122.06996797734382
1813536000000	311.285086,59.648324	20.868100949164905	24.927067240980023
1813536000000	16.763093,14.997470	-30.60288671308692	343.954627563956
1813536000000	315.890166,-60.719925	-57.15033440068176	139.04341574239908
1813536000000	73.167093,44.377956	17.644459897758754	314.9442581424046
1813536000000	230.770178,-24.682947	9.11354304899236	136.6263961518149
1813536000000	332.544917,42.181195	-0.7169998137175074	21.71763346997551
1813536000000	314.281057,-15.263201	-40.52436560037586	71.18321420953106
1813536000000	156.047934,-26.523219	16.389133429459278	204.55026345792066
1813536000000	73.697589,-0.777314	-14.201550870046333	282.48677038559595
1813536000000	138.487173,5.451797	36.065523861220036	238.84747754079763
1813536000000	262.215192,-73.804669	-38.148269212251876	159.56711336868648
1813536000000	202.041516,-14.274647	30.045046127268176	158.01353887633798
1813536000000	224.768746,9.347028	40.18753047637728	119.70153120949203
1813536000000	202.056394,2.565534	46.02921377400947	151.21873043073788
1813536000000	293.947185,-22.200033	-30.336696479166537	93.05338177998556
1813536000000	200.259470,-4.326896	40.07929687717472	156.5864060869842
1813536000000	124.951288,34.468369	45.175939840564595	279.2195287432768
1813536000000	58.501383,-28.442690	-43.1982672655701	268.9211685651592
1813536000000	130.366870,-42.654471	-7.539208083628684	215.84740815982514
1813536000000	272.048063,27.160692	18.437392370606318	69.68212270971372
1813536000000	16.330113,-77.978991	-54.52338698863924	184.90648113188252
1813536000000	225.176265,-42.687691	-3.7943026238629263	150.0411564034207
1813536000000	229.165131,-5.531817	25.753731369643987	126.51210183563967
1813536000000	77.262896,-20.250997	-24.611295563868133	264.6082567507433
1813536000000	143.188528,39.474976	60.48372083981684	276.8246338578724
1813536000000	225.255123,-8.168341	25.810727358445785	131.7232628796973
1813536000000	13.360710,-72.064872	-60.40468871983061	186.72881463236615
1813536000000	36.196121,-74.208270	-55.21549508859198	195.33078387992305
1813536000000	283.175643,-41.146132	-33.38302527912211	117.5837603501335
1813536000000	303.602185,-61.590529	-51.17275305145502	139.46044133137218
1813536000000	12.476007,66.829174	20.034081857950806	355.83516999982373
1813536000000	349.781924,-45.638830	-80.50713835869256	110.87455951585139
1813536000000	258.170119,79.082322	44.68866694936808	14.94767422414725
1813536000000	326.278594,40.969310	0.046121060028681715	26.497794985072233
1813536000000	116.716983,-18.835554	3.676205994940502	239.87665484410627
1813536000000	256.865718,-33.888244	-12.469845029491722	125.03808641507169
1813536000000	185.687627,74.573161	58.33446950631892	1.5979293173174938
1813536000000	77.901612,27.283216	8.518943668766923	299.57799822900677
1813536000000	0.019297,-37.326685	-84.07213676260898	19.568590101873212
1813536000000	51.281396,9.060082	-21.667461744199954	306.9435374429904
1813536000000	19.658286,35.322983	-10.18773228230844	345.84564608529774
1813536000000	4.540045,67.662097	20.61299660241617	359.16751823180357
1813536000000	256.076716,41.568616	37.37208127554481	64.53910257169537
1813536000000	264.415890,5.775803	9.854911754087846	91.25815084273825
1813536000000	19.703422,-45.801755	-77.41036198477347	250.94212302176481
1813536000000	347.678976,-10.538387	-55.11697726377119	26.10246877431348
1813536000000	218.208082,-77.491891	-32.432285013261854	171.37969887359122
1813536000000	225.122472,5.849722	37.25905722469002	122.19380232181635
1813536000000	359.034935,-50.487039	-82.08760209731182	163.7031844366859
1813536000000	242.069760,-15.068340	10.432529300192424	122.15979116814378
1813536000000	256.226118,60.068031	43.853476006359145	41.60928507166318
1813536000000	226.469049,52.957371	59.45411153926981	55.348524578365584
1813536000000	279.574316,7.651296	0.08696723074630157	79.59354652575496
1813536000000	255.373137,61.440713	44.54653008158651	39.85726690528804
1813536000000	239.875223,-75.886934	-34.36061633908688	165.58747703915242
1813536000000	98.954926,-18.270240	-7.7921809386264345	252.23876476384066
1813536000000	165.862767,36.450742	75.67346371136685	248.65080484991313
1813536000000	233.480747,-68.121818	-27.41136929469572	160.9600511262613
1813536000000	12.695220,21.654728	-24.727290768595456	349.56934778992115
1813536000000	142.473065,-41.234063	-1.57857616092942	208.93607175012698
1813536000000	228.507817,4.443674	34.04480049268093	120.05678170248854
1813536000000	55.236757,-18.379811	-39.46247641873394	282.0059335492068
1813536000000	171.157735,12.112626	57.639845231962255	201.07127620938377
1813536000000	340.124684,16.644912	-26.96113145247535	24.159359783930427
1813536000000	210.868656,8.762669	47.773501881090056	135.68895528680247
1813536000000	299.533408,29.844985	2.8976955199012795	50.676652852799066
1813536000000	108.143466,-33.063981	-11.90977774687154	235.56126340990454
1813536000000	270.078184,-62.408897	-36.11118174803165	145.04543603779774
1813536000000	140.003004,-69.226744	-26.458770510556523	195.5177197758369
1813536000000	317.898636,-12.000443	-40.64480771377839	64.86875352769255
1813536000000	40.076492,-53.387827	-63.24091806022497	233.84530498954587
1813536000000	290.998439,5.776674	-9.343749596128747	72.9852752102862
1813536000000	134.919108,-34.375544	1.3081269695746722	217.55032684983212
1813536000000	352.028096,8.792125	-37.39123367151279	13.073412889718384
1813536000000	219.209902,39.294906	62.33734374589757	84.93562241042127
1813536000000	80.071783,-20.509016	-22.730659209019105	262.57634955689116
1813536000000	156.846840,-0.802750	40.55829148876284	214.74411621036347
1813536000000	44.681148,11.579511	-23.254093190187426	314.282602286744
1813536000000	259.178247,38.765632	33.931535436355766	66.11216243983341
1813536000000	337.550029,11.570293	-30.900617179799386	28.79733152080155
1813536000000	200.837270,-15.628501	29.06023153184081	159.72510145073204
1813536000000	73.273074,38.173625	13.378654081284832	310.26663180245566
1813536000000	261.932238,34.688125	29.88326776054782	68.77474364647077
1813536000000	256.037575,-58.211680	-28.013341102220018	145.08708436106627
1813536000000	3.231804,86.241088	39.181615520667826	359.92948566306006
1813536000000	124.986432,49.576027	50.66627524871339	300.32576653311867
1813536000000	321.772207,52.591434	11.780903142026405	23.88201579293684
1813536000000	90.695334,24.190763	14.94934961236052	289.3136100405434
1813536000000	69.340338,-59.261851	-47.11918620938157	223.66103336971048
1813536000000	211.150226,-73.559987	-28.134609638876835	171.14258875541418
1813536000000	324.022848,-2.041174	-36.64771718410764	50.817359923969434
1813536000000	198.957440,-22.452522	22.875021958361796	163.49427393366273
1813536000000	332.594714,-38.629278	-67.06626036024046	89.36576866433307
1813536000000	315.455263,-69.658504	-54.30304139716505	154.13411472097653
1813536000000	19.619431,35.848317	-9.682048070562272	345.99366662775924
1813536000000	153.708513,-45.453100	-2.0347561051118066	199.75838952785216
1813536000000	215.636557,9.212024	45.58215281837428	129.57507038449484
1813536000000	336.985901,16.483556	-26.11373140333442	27.391167945142797
1813536000000	319.329274,10.062146	-23.988642082136955	47.51124389847621
1813536000000	21.717449,-30.461054	-70.2644349728583	302.88835645944323
1813536000000	255.542661,72.624581	45.558131565987956	24.065107937539153
1813536000000	301.096825,-51.606599	-48.716172875517984	124.2417814393778
1813536000000	190.740924,-38.771749	7.948036673906941	173.52214330504592
1813536000000	291.107465,-30.172011	-32.96912461769372	102.38955914886787
1813536000000	29.223110,20.463362	-21.99456623193894	332.9795031735332
1813536000000	101.860588,42.241349	33.092005768535316	299.307655105031
1813536000000	313.805468,-24.411683	-46.17390951482164	81.11816870378954
1813536000000	71.988924,66.207279	31.318131771902962	333.74208964861714
1813536000000	137.588920,-17.254321	17.03391690035171	224.84721924236624
1813536000000	68.158864,-78.985671	-46.58248068035904	194.65938305864972
1813536000000	318.468424,-31.223960	-53.42926702414044	86.21347987001951
1813536000000	174.897464,37.426156	81.99006398948825	229.0449127061139
1813536000000	213.194367,-58.999126	-15.04956939586531	164.19853377398886
1813536000000	122.211090,42.830344	46.81117673889172	291.4302676248251
1813536000000	124.908255,-11.338485	14.513778474359365	238.77093363043593
1813536000000	58.465587,-76.309400	-49.36631147916311	197.51593405993503
1813536000000	30.853044,-15.198412	-53.16694108858493	310.1597338437267
1813536000000	337.813850,-10.521953	-51.10574846931108	40.858309669364985
1813536000000	359.083171,-70.341986	-62.543376260896935	177.48801880242547
1813536000000	65.360802,24.026369	-1.59150199393792	305.5988943974295
1813536000000	340.007762,-13.519933	-54.76879382661714	40.16697298007978
1813536000000	249.665755,-45.221843	-16.46035967083593	137.39317545413712
1813536000000	346.626962,-18.416260	-62.03794466197218	33.62526463065649
1813536000000	328.976646,-7.276153	-43.753964209801325	49.34058594219027
1813536000000	198.609564,-81.124580	-34.37162126793611	177.01958333272455
1813536000000	97.797875,-7.471528	-1.2454387746212632	260.9320739022264
1813536000000	281.392182,-71.081864	-42.92724652707495	154.04694616455004
1813536000000	106.894233,44.161623	37.23153827769415	299.20759923790956
1813536000000	195.979164,-69.078920	-22.46399458765662	174.82790507580614
1813536000000	73.313043,-17.610051	-25.821909014543717	269.4852412825378
1813536000000	108.648534,43.189205	37.92082734083185	297.3877232260621
1813536000000	295.208865,-52.668906	-45.476660624995716	127.06319662077902
1813536000000	174.925304,35.398476	80.44387730067831	220.41144172990266
1813536000000	307.035240,40.552226	7.335120110117542	39.12786413881099
1813536000000	127.203053,29.365687	44.20028718118128	271.6767325717194
1813536000000	332.266087,-58.853620	-65.52300857026039	141.02558601289422
1813536000000	292.588946,-38.827148	-38.52654657463949	110.71258242865304
1813536000000	238.706538,1.844863	25.40664647434384	113.15105364494013
1813536000000	309.868551,25.684346	-6.0293111170260385	46.07263020667767
1813536000000	39.953989,-35.479133	-60.31029549059005	271.7913813870898
1813536000000	346.148747,33.764683	-11.847658656641128	13.837103062602978
1813536000000	351.368838,-45.896673	-81.51755371421375	114.21194802762761
1813536000000	112.770243,46.090556	41.80258128880618	299.20421993316086
1813536000000	315.900630,-41.444347	-55.87915835761904	103.78661103612757
1813536000000	8.891873,4.570438	-42.13932867122687	351.40153831232374
1813536000000	211.463089,42.215420	68.7760430164842	81.98852793735011
1813536000000	101.960866,-19.016511	-6.221455266277857	249.7296222747358
1813536000000	279.687428,-45.709186	-33.46790530909576	123.83572606616815
1813536000000	233.694649,-50.349869	-13.396899051633016	149.25520875782945
1813536000000	309.127999,42.723644	8.130892645680145	36.549607966296435
1813536000000	127.871959,-35.505859	-2.9111821827850566	221.6541866071591
1813536000000	115.601957,5.768304	20.73787929944051	258.12952348296744
1813536000000	290.428352,-62.963202	-45.16550677915803	142.150473063878
1813536000000	117.656138,12.911220	27.089712635752946	262.3383471589375
1813536000000	100.630437,40.621718	31.465162734159478	298.23193548200516
1813536000000	261.643343,-33.446916	-15.086542803192836	121.92231921183532
1813536000000	297.277650,7.058781	-12.744795380550137	67.49653457367265
1813536000000	59.398516,-18.965460	-36.843613112997225	278.1836435456488
1813536000000	342.452197,-21.760111	-63.0239607204513	44.603690932991015
1813536000000	212.901459,-32.862269	9.252649497600903	154.49066788080518
1813536000000	25.825292,12.087721	-30.98008728155524	333.1602819147515
1813536000000	193.113103,-29.070730	17.33255033465606	170.2944539912295
1813536000000	128.561455,-37.024785	-3.8003701066300106	220.30074437373082
1813536000000	184.126476,7.612744	54.644022269780066	177.22688190522877
1813536000000	281.717549,-36.679788	-30.055407800048332	113.83519292573669
1813536000000	64.027197,14.605328	-9.560921605233881	300.39080073892796
1813536000000	297.748282,-53.252379	-47.1035415009254	127.32677717096954
1813536000000	354.027656,12.220083	-34.29464772668749	10.044058156900292
1813536000000	322.637119,-12.911344	-44.4125526441989	61.01797758542892
1813536000000	186.568190,22.892838	69.67234803731859	169.18304618467369
1813536000000	161.896189,19.627362	60.949799002414366	223.07182458859484
1813536000000	232.692316,6.212868	32.66883990420105	114.89338111152631
1813536000000	100.867478,-55.792350	-30.23787904364638	220.06796819296585
1813536000000	65.756688,-17.031653	-30.97472772987424	275.2651479535733
1813536000000	346.199296,-37.229676	-76.30443597791498	70.84153190750669
1813536000000	294.452887,-68.815719	-47.2261309460197	150.41355730761927
1813536000000	190.587161,-75.549732	-28.608079788759138	177.70237791866214
1813536000000	38.530060,78.176750	33.0560436443344	351.7254284042009
1813536000000	78.554360,41.808316	18.814599183510072	310.1543817411542
1813536000000	120.046350,23.957181	35.86412501110838	270.6606547030617
1813536000000	292.633141,30.034276	7.063411284631106	54.98639260333101
1813536000000	117.080623,47.340234	45.009341889168276	299.3307961332025
1813536000000	156.741258,2.818341	43.784150877247434	216.9693526732633
1813536000000	305.759040,-48.572402	-50.926572844621	118.59578999594214
1813536000000	231.179417,-58.577469	-19.224042146233867	155.4973511326648
1813536000000	263.555769,-39.380502	-20.12773618604134	125.58193710846854
1813536000000	350.792197,17.856755	-28.25358900371972	12.671102745883786
1813536000000	7.029846,15.245667	-31.666338919987602	354.8692631700412
1813536000000	353.813551,43.340364	-3.3677056300661543	6.317178885318128
1813536000000	282.307810,-56.039989	-39.39032841837967	134.57018181329408
1813536000000	299.745708,17.026399	-6.940166317802209	58.912064919514705
1813536000000	265.650044,16.583897	16.15785016734425	82.15619263562138
1813536000000	107.275868,-19.111994	-2.6820152381189275	246.1524410314546
1813536000000	325.602173,-44.729632	-63.542985164017175	106.7176786986023
1813536000000	335.431706,-51.686624	-69.81926829460072	125.09042408373153
1813536000000	39.890108,-6.692664	-41.08475706029237	306.86998946386916
1813536000000	116.861460,49.942729	45.69652576280927	302.9090442565034
1813536000000	44.425525,71.581230	28.30778686785286	346.1199093076533
1813536000000	127.289630,-5.750390	20.31552014643581	240.61950046935897
1813536000000	242.202824,70.227676	50.001106668405406	27.01297212922111
1813536000000	138.832763,-49.093657	-9.68217543589554	207.29887562854174
1813536000000	145.025355,22.140933	52.63550982890591	248.25090244646015
1813536000000	2.515360,38.912593	-8.147158121449548	359.98887774431194
1813536000000	283.057488,-4.529488	-10.797538450661817	86.11100055598365
1813536000000	186.588427,21.915454	68.70271529647181	169.5328748225504
1813536000000	333.837127,29.609015	-12.81584374548936	25.32210595055767
1813536000000	273.150468,46.763054	29.38822899407023	51.81639787389372
1813536000000	153.475157,-12.764155	28.275498742442792	212.50664131626945
1813536000000	133.291412,-28.795217	5.213704542719077	221.77769301843443
1813536000000	273.708507,13.946436	8.590546843508239	78.89830840421087
1813536000000	25.764370,8.271257	-34.583871964503004	331.6638047698507
1813536000000	356.321948,17.033107	-29.75680151657147	6.812365969033465
1813536000000	26.786629,-31.651166	-67.75317367124283	292.4265072810723
1813536000000	263.697976,59.284880	40.0140108342683	41.21547913865891
1813536000000	69.451648,-36.023731	-39.24071416249155	253.89520754180467
1813536000000	267.097706,-47.007358	-26.81855879553044	130.46612122754453
1813536000000	103.510610,5.281538	11.639957818396532	266.36014874861394
1813536000000	259.605440,-63.902317	-32.672772302543585	149.36715408678936
1813536000000	206.158282,-31.151898	12.796958272345064	159.38226643768598
1813536000000	316.672416,-35.004711	-53.951907833298044	93.03059743971295
1813536000000	257.426920,-10.341980	3.73542960521051	107.83898267512808
1813536000000	87.563195,43.615949	25.099689702409258	307.1939130267531
1813536000000	169.731561,-69.667256	-22.999303546842512	184.78082926524553
1813536000000	228.721686,18.938091	44.45014304830076	106.95856082565956
1813536000000	155.052109,-20.252069	21.938313984688147	207.7923223932695
1813536000000	61.840258,-80.128215	-47.32208635904454	192.55410735858413
1813536000000	242.771368,38.124213	44.93264199202224	74.75037319889549
1813536000000	268.782813,-61.441674	-35.14011781276609	144.30307719086335
1813536000000	190.488890,19.234002	65.35838892905925	161.67803268402758
1813536000000	16.196472,36.814358	-9.278390034898013	348.92738235181923
1813536000000	353.727630,5.075018	-41.32855226386667	11.679765211407243
1813536000000	94.583262,-59.240034	-34.88115536912607	218.5290792457622
1813536000000	240.635387,-21.228145	6.529709525450296	127.17213507313727
1813536000000	335.424523,29.717796	-13.198665568431243	23.95746461975517
1813536000000	189.561645,23.240720	69.45396316203735	161.25197203268272
1813536000000	315.077700,-63.063088	-56.26816771341185	143.06005703541496
1813536000000	130.477577,23.320429	43.09678690037149	262.51226832969064
1813536000000	154.945176,14.537931	53.05100075757835	228.17327372136583
1813536000000	106.008727,-53.537821	-26.51016677685752	220.2147432916663
1813536000000	83.855001,-20.964949	-20.283050323220703	259.7866500749035
1813536000000	276.809080,32.810392	18.847527908052935	62.31462780845004
1813536000000	207.105762,1.026056	42.66835462009547	145.52646633572078
1813536000000	125.559542,54.972721	51.90399387326488	308.74849416079053
1813536000000	21.374304,-10.096237	-53.269039248090536	327.83881629511427
1813536000000	36.341324,-2.755191	-39.80528303558622	313.61975658040626
1813536000000	353.747079,73.674284	26.76870356618183	2.740571765236666
1813536000000	33.985815,55.050650	11.57829995872737	342.21465273083754
1813536000000	7.134090,57.151405	10.166761997742826	357.44594125879235
1813536000000	91.911104,37.220063	23.94965386883676	299.38132729561175
1813536000000	39.969170,41.926316	1.307561109705879	333.0808313829841
1813536000000	310.915818,35.571299	1.5128757268354216	39.60727934819329
1813536000000	115.635507,-67.496296	-31.287600713202036	204.31448133473316
1813536000000	SUN	13.261434202322397	289.7950942124128
1813536000000	MOON	-31.12021622377074	95.18726867741492
