1610367	21.8700	-160.2350	T	Nonopapa, Niihau Island, HI
1611347	21.9033	-159.5920	T	Port Allen, Hanapepe Bay, HI
1611400	21.9544	-159.3561	T	NAWILIWILI, HI
1611401	21.9567	-159.6730	T	Waimea Bay, HI
1611443	21.9950	-159.3350	T	Hanamaulu Bay, HI
1611683	22.2150	-159.5020	T	Hanalei Bay, HI
1612301	21.2750	-157.6970	T	Hanauma Bay, HI
1612340	21.3033	-157.8645	T	HONOLULU, HI
1612366	21.3300	-157.9670	T	Pearl Harbor Entrance, Bishop Point, HI
1612376	21.3350	-157.6930	T	Waimanalo, HI
1612401	21.3675	-157.9639	T	Ford Island, Pearl Harbor, HI
1612404	21.3683	-157.9400	T	Pearl Harbor, Ford Island Ferry, HI
1612480	21.4331	-157.7900	T	MOKU O LOE, HI
1612482	21.4450	-158.1920	T	Waianae, HI
1612668	21.5983	-158.1080	T	Haleiwa, Waialua Bay, HI
1613077	21.0483	-156.8770	T	Kamalo Harbor, HI
1613155	21.0717	-156.8000	T	Pukoo Harbor, HI
1613198	21.0850	-157.0320	T	Kaunakakai, HI
1613226	21.0933	-157.1970	T	Kolo, HI
1614465	20.7900	-156.9950	T	Kaumalapau, Lanai Island, HI
1615202	20.6567	-156.4450	T	Makena, HI
1615395	20.7617	-155.9870	T	Hana, HI
1615680	20.8949	-156.4690	T	KAHULUI, HI
1616696	20.5950	-156.6070	T	Kuheia Bay, HI
1617277	20.1867	-155.9030	T	Mahukona, HI
1617433	20.0366	-155.8294	T	Kawaihae, HI
1617760	19.7303	-155.0556	T	HILO, HI
1617846	19.6433	-156.0000	T	Kailua Kona, HI
1618021	19.4767	-155.9220	T	Napoopoo, Kealakekua Bay, HI
1618578	19.0883	-155.5530	T	Honuapo, HI
1619000	16.7383	-169.5300	T	JOHNSTON ATOLL
1619222	23.7833	-166.2080	T	East Island, French Frigate Shoals, HI
1619645	25.7667	-171.7500	T	Laysan Island, HI
1619910	28.2117	-177.3600	T	SAND ISLAND, MIDWAY ISLANDS
1630000	13.4434	144.6564	T	APRA HARBOR, GUAM
1631428	13.4283	144.7989	T	Pago Bay, Guam
1633227	15.2267	145.7370	T	Tanapag Harbor, Saipan Island, GU
1732417	-17.5350	-149.5720	T	Papeete Harbor, Fare Ute Point
1770000	-14.2800	-170.6900	T	PAGO PAGO Harbor, Tutuila Island
1778000	-13.8083	-171.7670	T	APIA (Observatory), Upolu Island, AS
1814060	1.9850	-157.4770	T	Christmas Island
1820000	8.7317	167.7361	T	KWAJALEIN ATOLL (Kwajalein I.)
1840000	7.4467	151.8470	T	CHUUK, Moen Island, FM
1841275	7.3300	134.4630	T	MALAKAL HARBOR
1841281	7.3500	134.4830	T	Koror
1841367	7.3333	134.4667	T	Malakal Harbor, Palau Island, FM
1890000	19.2906	166.6175	T	WAKE ISLAND (U.S.)
1910000	-18.1333	178.4250	T	SUVA HARBOR, Viti Levu Island
2431000	-7.2900	72.3933	T	Diego Garcia
2695535	32.3702	-64.6957	T	Ferry Reach (Biological Station)
2695540	32.3734	-64.7033	T	St. Georges Island
6835001	-2.2017	106.8667	T	Djakarta, Java
8218361	54.7167	-130.2167	T	Kumeon Bay, B.C.
8218362	54.7167	-130.6167	T	Haystack Island, B.C.
8218447	54.7667	-130.5500	T	Wales Island (Cannery), Pearse Canal
8218617	55.0000	-129.9000	T	Mill Bay, Nass River, B.C.
8311030	44.7028	-75.4944	W	Ogdensburg, NY
8311062	44.3311	-75.9345	W	Alexandria Bay, NY
8410140	44.9046	-66.9829	T	EASTPORT, ME
8410714	44.8700	-67.1083	T	Coffins Point, ME
8410715	44.9233	-67.1300	T	Garnet Point, Pennamquan River, ME
8410834	45.1284	-67.1447	T	Pettegrove Point, Dochet Island, ME
8410864	44.8233	-67.1517	T	Gravelly Point, Whiting Bay, ME
8410875	44.8750	-67.1583	T	Birch Islands, ME
8411060	44.6567	-67.2100	T	Cutler, Little River, ME
8411250	44.6417	-67.2967	T	Cutler, Naval Radio Station, ME
8411411	44.6033	-67.3683	T	Stone Island, Machias Bay, ME
8411467	44.6983	-67.3933	T	Machiasport, Machias River, ME
8411696	44.6150	-67.4967	T	Shoppee Point, Englishman Bay, ME
8411801	44.4933	-67.5433	T	Steele Harbor Island, ME
8412568	44.3717	-67.8700	T	Green Island, Petit Manan Bar, ME
8412581	44.5400	-67.8750	T	Millbridge, Narraguagus River, Maine, ME
8412932	44.4000	-68.0217	T	Prospect Harbor, ME
8413079	44.3883	-68.0867	T	Winter Harbor, Frenchman Bay, ME
8413320	44.3922	-68.2043	T	BAR HARBOR, ME
8413564	44.2750	-68.3133	T	Southwest Harbor, ME
8413651	44.2417	-68.3533	T	Bass Harbor, ME
8413801	44.5350	-68.4217	T	Ellsworth, Union River, ME
8413825	44.1700	-68.4350	T	Mackerel Cove, Swans Island, ME
8413857	44.1450	-68.4500	T	Burnt Coat Harbor, Swans Island, ME
8414112	44.4083	-68.5633	T	Blue Hill Harbor, ME
8414168	44.2633	-68.5867	T	Center Harbor, ME
8414249	44.1923	-68.6209	T	Oceanville, Deer Isle, ME
8414288	44.0733	-68.6367	T	Isle Au Haut, ME
8414348	44.1533	-68.6617	T	Stonington, Deer Isle, ME
8414424	44.2917	-68.6933	T	Little Deer Isle, ME
8414581	44.5367	-68.7583	T	Gross Point, Eastern Channel, ME
8414612	44.7850	-68.7667	T	Bangor, ME
8414672	44.3867	-68.7967	T	Castine, ME
8414684	44.5717	-68.8017	T	Bucksport, ME
8414692	44.5050	-68.8050	T	Sandy Point, ME
8414721	44.4717	-68.8133	T	Fort Point, Penobscot River, ME
8414776	44.0433	-68.8400	T	Vinalhaven, Vinalhaven Island, ME
8414781	44.6367	-68.8417	T	Winterport, ME
8414856	44.1267	-68.8733	T	North Haven, ME
8414876	43.8617	-68.8817	T	Matinicus Harbor, Wheaton Island, ME
8414888	44.1567	-68.8867	T	Pulpit Harbor, North Haven Island, ME
8415191	44.4267	-69.0050	T	Belfast, ME
8415490	44.1050	-69.1017	T	Rockland, ME
8415709	44.0717	-69.1817	T	Thomaston, ME
8415809	43.9650	-69.2167	T	Tenants Harbor, ME
8415867	43.9867	-69.2367	T	Otis Cove, ME
8415933	43.9250	-69.2600	T	Port Clyde, ME
8416028	43.8717	-69.2950	T	Burnt Island, Georges Islands, ME
8416092	43.7650	-69.3217	T	Monhegan Island, ME
8416141	43.9700	-69.3417	T	Friendship Harbor, ME
8416224	44.0933	-69.3767	T	Waldoboro, ME
8416232	44.0150	-69.3800	T	Jones Neck, ME
8416381	43.9667	-69.4417	T	Muscongus Harbor, Muscongus Sound, ME
8416501	43.8750	-69.4917	T	New Harbor, Muscongus Bay, ME
8416581	43.8767	-69.5250	T	Pemaquid Harbor, Johns Bay, ME
8416608	44.0333	-69.5367	T	Newcastle, ME
8416721	43.8650	-69.5833	T	East Boothbay, ME
8416731	43.9333	-69.5800	T	Walpole, ME
8416796	43.7583	-69.6150	T	Damariscove Harbor, Damariscove Island, ME
8416804	44.0500	-69.6183	T	Sheepscot (below rapids), ME
8416828	43.8500	-69.6283	T	Boothbay Harbor, ME
8416908	43.8467	-69.6617	T	Southport, Townsend Gut, ME
8416921	44.0000	-69.6667	T	Wiscasset, ME
8416928	43.9250	-69.6700	T	Cross River entrance, ME
8416961	43.9583	-69.6833	T	Back River, ME
8416968	43.8600	-69.6867	T	Isle of Springs, ME
8417067	43.8533	-69.7333	T	Robinhood, Sasanoa River, ME
8417127	43.8867	-69.7633	T	Mill Point, Sasanoa River, ME
8417134	44.2333	-69.7667	T	Gardiner, ME
8417177	43.7550	-69.7850	T	Fort Popham, Hunniwell Point, ME
8417208	44.0883	-69.7983	T	Richmond, ME
8417221	43.8183	-69.8100	T	Phippsburg, ME
8417227	43.9250	-69.8150	T	Bath, ME
8417271	43.9817	-69.8350	T	Sturgeon Island, Merrymeeting Bay, ME
8417367	43.8900	-69.8833	T	Howard Point, New Meadows River, ME
8417377	43.9500	-69.8883	T	Androscoggin River entrance, ME
8417387	43.7883	-69.8933	T	Cundy Harbor, New Meadows River, ME
8417391	44.0083	-69.8950	T	Bowdoinham, Cathance River, ME
8417527	43.9217	-69.9633	T	Brunswick, Androscoggin River, ME
8417553	43.8250	-69.9767	T	Wilson Cove, Middle Bay, ME
8417647	43.7383	-70.0233	T	South Harpswell, Potts Harbor, ME
8417801	43.8200	-70.1033	T	South Freeport, ME
8417821	43.6950	-70.1100	T	Cliff Island, Luckse Sound, ME
8417874	43.7517	-70.1400	T	Doyle Point, ME
8417881	43.7217	-70.1417	T	Great Chebeague Island, ME
8417911	43.6767	-70.1550	T	Vaill Island, ME
8417941	43.6900	-70.1700	T	Long Island, ME
8417948	43.7617	-70.1733	T	Prince Point, ME
8417988	43.6700	-70.2000	T	Great Diamond Island, ME
8417997	43.6450	-70.1983	T	Cushing Island, ME
8418001	43.6550	-70.2000	T	Peak Island, ME
8418009	43.6900	-70.1900	T	Cow Island, ME
8418015	43.7317	-70.2050	T	Falmouth Foreside, ME
8418031	43.6233	-70.2067	T	Portland Head Light, ME
8418137	43.6867	-70.2467	T	Presumpscot River Bridge, ME
8418150	43.6581	-70.2442	T	PORTLAND, ME
8418175	43.6767	-70.2550	T	Back Cove, ME
8418268	43.6417	-70.2850	T	Fore River, ME
8418445	43.5450	-70.3333	T	Pine Point, Scarborough River, ME
8418557	43.5167	-70.3667	T	Old Orchard Beach, ME
8418606	43.4617	-70.3817	T	Camp Ellis, Saco River Entrance, ME
8418772	43.3667	-70.4317	T	Cape Porpoise, ME
8418828	43.4917	-70.4467	T	Biddeford, Saco River, ME
8418911	43.3583	-70.4767	T	Kennebunkport, ME
8419317	43.3200	-70.5633	T	Wells, Webhannet River, ME
8419399	43.1667	-70.5933	T	Cape Neddick, ME
8419518	43.1317	-70.6417	T	York Harbor, ME
8419528	43.1300	-70.6383	T	Fort Point, York Harbor, ME
8419590	43.0850	-70.6617	T	Seapoint, Cutts Island, ME
8419688	43.0667	-70.6967	T	Gerrish Island, ME
8419807	43.0817	-70.7033	T	Kittery Point, ME
8419870	43.0797	-70.7411	T	Seavey Island, ME
8419997	43.1917	-70.8250	T	Salmon Falls River, ME
8420411	43.1983	-70.8683	T	Dover, Cocheco River, NH
8421897	43.1217	-70.8333	T	Dover Point, NH
8422687	43.0533	-70.9133	T	Squamscott River RR. Bridge, NH
8423635	43.0900	-70.7633	T	Atlantic Heights, NH
8423745	43.0783	-70.7517	T	Portsmouth, NH
8423898	43.0717	-70.7117	T	Fort Point, NH
8424601	43.0567	-70.7133	T	Jaffrey Point, NH
8427031	42.9783	-70.6150	T	Gosport Harbor, Isles of Shoals, NH
8429489	42.8950	-70.8167	T	Hampton Harbor, NH
8440273	42.8383	-70.9083	T	Salisbury Point, MA
8440369	42.8250	-70.9883	T	Merrimacport, MA
8440452	42.8167	-70.8200	T	Plum Island, Merrimack River Entrance, MA
8440466	42.8150	-70.8733	T	Newburyport, MA
8440889	42.7639	-71.0340	T	Riverside, MA
8441241	42.7101	-70.7886	T	Plum Island Sound (south end), MA
8441551	42.6583	-70.6150	T	Rockport, MA
8441571	42.6550	-70.6767	T	Annisquam, Lobster Cove, MA
8441771	42.6317	-70.7767	T	Essex, MA
8441841	42.6100	-70.6600	T	Gloucester Harbor, MA
8442417	42.5400	-70.8867	T	Beverly, Beverly Harbor, MA
8442645	42.5233	-70.8767	T	Salem, Salem Harbor, MA
8443187	42.4583	-70.9433	T	Lynn, Lynn Harbor, MA
8443662	42.3950	-71.0767	T	Amelia Earhart Dam, Mystic River, MA
8443725	42.3867	-71.0233	T	Chelsea St. Bridge, Chelsea River, MA
8443838	42.3717	-71.0550	T	Charlestown, Charles River entrance, MA
8443970	42.3539	-71.0503	T	BOSTON, MA
8444012	42.3483	-70.9600	T	Deer Island (south end), MA
8444162	42.3283	-70.8917	T	Boston Light, MA
8444312	42.3083	-70.9917	T	Moon Head, MA
8444351	42.3033	-70.9200	T	Hull, MA
8444488	42.2850	-71.0400	T	Neponset, Neponset River, MA
8444525	42.2800	-70.9533	T	Nut Island, Quincy Bay, MA
8444601	42.2700	-70.8600	T	Nantasket Beach, Weir River, MA
8444662	42.2617	-70.8933	T	Crow Point, Hingham Harbor entrance, MA
8444762	42.2483	-70.7850	T	Cohasset Harbor (White Head), MA
8444775	42.2467	-70.8850	T	Hingham, MA
8444788	42.2483	-70.9667	T	Weymouth Fore River Bridge, MA
8445138	42.2017	-70.7267	T	Scituate, Scituate Harbor, MA
8445425	42.1600	-70.7333	T	Damons Point, North River, MA
8446009	42.0833	-70.6467	T	Brant Rock, Green Harbor River, MA
8446121	42.0496	-70.1822	T	Provincetown, MA
8446166	42.0383	-70.6700	T	Duxbury, Duxbury Harbor, MA
8446493	41.9600	-70.6617	T	Plymouth, MA
8446613	41.9300	-70.0417	T	Wellfleet, MA
8447173	41.7750	-70.5350	T	Cape Cod Canal, Sagamore, MA
8447180	41.7717	-70.5067	T	Sandwich Marina, Cape Cod Canal, east entrance, MA
8447191	41.7700	-70.5617	T	Cape Cod Canal, Bournedale, MA
8447241	41.7517	-70.1550	T	Sesuit Harbor, East Dennis, MA
8447259	41.7450	-70.5933	T	Cape Cod Canal, Bourne Bridge, MA
8447270	41.7417	-70.6167	T	Cape Cod Canal, RR. bridge, MA
8447277	41.7417	-70.6583	T	Onset Beach, Onset Bay, MA
8447281	41.7400	-71.1317	T	Steep Brook, Taunton River, MA
8447291	41.7367	-69.9817	T	Pleasant Bay, MA
8447295	41.7350	-70.6233	T	Gray Gables, MA
8447335	41.7217	-70.2850	T	Barnstable Harbor, Beach Point, MA
8447355	41.7150	-70.6167	T	Monument Beach, MA
8447368	41.7117	-70.7150	T	Great Hill, MA
8447385	41.7050	-70.7617	T	Marion, Sippican Harbor, MA
8447386	41.7043	-71.1641	T	Fall River, Massachusetts, MA
8447416	41.6950	-70.7200	T	Piney Point, MA
8447435	41.6885	-69.9511	T	Chatham Harbor, Aunt Lydias Cove, MA
8447436	41.6883	-67.7600	T	Georges Shoal, Texas Tower, MA
8447495	41.6683	-70.0567	T	Saquatucket Harbor, MA
8447504	41.6650	-70.1833	T	South Yarmouth, Bass River, MA
8447505	41.6667	-69.9667	T	Chatham, Stage Harbor, MA
8447506	41.6650	-70.0650	T	Wychmere Harbor, MA
8447525	41.6583	-70.1150	T	Dennisport, MA
8447531	41.6567	-70.8133	T	Mattapoisett, Mattapoisett Harbor, MA
8447605	41.6317	-70.3000	T	Hyannis Port, MA
8447636	41.6212	-70.9137	T	New Bedford Harbor, Marine Terminal, MA
8447675	41.6083	-70.4367	T	Cotuit Highlands, MA
8447685	41.6050	-70.6517	T	Chappaquoit Point, West Falmouth Harbor, MA
8447712	41.5933	-70.9000	T	Clarks Point, MA
8447742	41.5867	-70.4633	T	Poponesset Island, Poponesset Bay, MA
8447791	41.5700	-71.0733	T	Hix Bridge, East Branch, MA
8447842	41.5383	-70.9283	T	Round Hill Point, MA
8447865	41.5450	-70.5933	T	Falmouth Heights, MA
8447930	41.5236	-70.6711	T	OCEANOGRAPHIC INSTITUTION, MA
8447939	41.5200	-70.6650	T	Little Harbor, MA
8447941	41.5200	-70.7083	T	Uncatena Island (south side), MA
8447975	41.5083	-71.0933	T	Westport Harbor, MA
8448157	41.4583	-70.6000	T	VINEYARD HAVEN, VINEYARD HVN HBR, MA
8448208	41.4583	-70.5550	T	Oak Bluffs, MA
8448248	41.4500	-70.9217	T	Penikese Island, MA
8448251	41.4483	-70.8567	T	Quicks Hole, North side, MA
8448325	41.4350	-70.6967	T	Cedar Tree Neck, MA
8448376	41.4250	-70.9167	T	Cuttyhunk, MA
8448558	41.3883	-70.5117	T	Edgartown, MA
8448566	41.3867	-70.0467	T	Great Point, MA
8448683	41.3633	-70.4500	T	Wasque Point, Chappaquiddick Island, MA
8448725	41.3544	-70.7678	T	Menemsha Harbor, MA
8448733	41.3533	-70.8300	T	Gay Head, MA
8448817	41.3367	-70.3050	T	Muskeget Island, north side, MA
8448875	41.3262	-70.5903	T	Martha's Vineyard GPS Buoy, MA
8448942	41.3117	-70.7683	T	Squibnocket Point, MA
8449062	41.2917	-70.2083	T	Eel Point, MA
8449130	41.2850	-70.0967	T	NANTUCKET, MA
8449287	41.2617	-70.8183	T	Nomans Land, MA
8450768	41.4650	-71.1933	T	Sakonnet, RI
8450898	41.6517	-71.2100	T	North End, Bay Oil pier, RI
8450948	41.6383	-71.2117	T	Anthony Point, RI
8450954	41.6183	-71.2033	T	Nannaquaket Neck, RI
8451301	41.5583	-71.2367	T	The Glen, RI
8451351	41.4867	-71.2383	T	Sachuest, Flint Point, RI
8451552	41.6367	-71.2550	T	Bristol Ferry, RI
8451929	41.6683	-71.2800	T	Bristol, Bristol Harbor, RI
8452154	41.6967	-71.2933	T	Bristol Highlands, RI
8452555	41.5800	-71.3217	T	Prudence Island, (south end), RI
8452660	41.5043	-71.3261	T	NEWPORT, RI
8452944	41.7167	-71.3433	T	Conimicut Light, RI
8453033	41.7517	-71.3517	T	Bay Spring, Bullock Cove, RI
8453201	41.4633	-71.3617	T	Castle Hill, RI
8453433	41.8400	-71.3733	T	Rumford, Seekonk River, RI
8453465	41.5733	-71.3717	T	Conanicut Point, RI
8453611	41.8683	-71.3800	T	Pawtucket, Seekonk River, RI
8453742	41.4967	-71.3867	T	West Jamestown, Dutch Island Harbor, RI
8453767	41.7617	-71.3883	T	Pawtuxet, Pawtuxet Cove, RI
8453999	41.4517	-71.4017	T	Beavertail Point, RI
8454000	41.8072	-71.4007	T	Providence, State Pier no.1, RI
8454049	41.5868	-71.4110	T	Quonset Point, RI
8454341	41.4600	-71.4283	T	Watson Pier, Boston Neck, RI
8454538	41.5717	-71.4450	T	Wickford, RI
8454578	41.6650	-71.4450	T	East Greenwich, RI
8454658	41.4217	-71.4550	T	Narragansett Pier, RI
8455083	41.3633	-71.4900	T	Point Judith, Harbor of Refuge, RI
8455137	41.7078	-71.2417	T	KICKAMUIT RIVER, RI
8455189	41.3817	-71.8317	T	Westerly, Pawcatuck River, RI
8458022	41.3283	-71.7617	T	Weekapaug Point, Block Island Sound, RI
8458694	41.3050	-71.8600	T	Watch Hill Point, RI
8459338	41.1733	-71.5567	T	Block Island (Old Harbor), RI
8459681	41.1633	-71.6100	T	Southwest Point, Block Island, RI
8460751	41.3433	-71.9750	T	WEST MYSTIC, MYSTIC RIVER, CT
8461392	41.5233	-72.0783	T	Norwich, CT
8461467	41.4300	-72.0933	T	Yale boathouse, CT
8461490	41.3717	-72.0956	T	NEW LONDON, State Pier, CT
8461925	41.3250	-72.1867	T	Niantic, Niantic River, CT
8462723	41.2633	-72.3433	T	Saybrook Jetty, CT
8462752	41.2833	-72.3500	T	Saybrook Point, CT
8462764	41.3217	-72.3500	T	Lyme, highway bridge, CT
8462925	41.3483	-72.3850	T	Essex, CT
8463155	41.4200	-72.4283	T	Hadlyme, CT
8463348	41.4517	-72.4650	T	Tylerville, CT
8463409	41.2733	-72.4750	T	Westbrook, Duck Island Roads, CT
8463582	41.4817	-72.5067	T	Haddam, CT
8463701	41.2683	-72.5317	T	Clinton Harbor, CT
8463827	41.5417	-72.5517	T	Maromas, CT
8463836	41.5033	-72.5533	T	Higganum Creek, CT
8464041	41.2700	-72.5900	T	Madison, CT
8464255	41.6633	-72.6300	T	Rocky Hill, CT
8464336	41.5600	-72.6450	T	Middletown, CT
8464418	41.7550	-72.6583	T	South Hartford, CT
8464445	41.2717	-72.6667	T	Guilford Harbor, CT
8464464	41.7700	-72.6683	T	Hartford, CT
8464687	41.2450	-72.7083	T	Sachem Head, CT
8465233	41.2617	-72.8183	T	Branford, Branford River, CT
8465692	41.2517	-72.9050	T	Lighthouse Point, New Haven Harbor, CT
8465705	41.2833	-72.9083	T	New Haven Harbor, New Haven Reach, CT
8466375	41.2050	-73.0417	T	Gulf Beach, CT
8466442	41.2183	-73.0550	T	Milford Harbor, CT
8466573	41.3017	-73.0717	T	Shelton, CT
8466664	41.2750	-73.0883	T	Long Hill, CT
8466791	41.1867	-73.1133	T	Sniffens Point, CT
8466797	41.2033	-73.1117	T	Stratford, I-95 bridge, CT
8467150	41.1758	-73.1840	T	BRIDGEPORT, CT
8467373	41.1567	-73.2133	T	Black Rock Harbor, CT
8467726	41.1333	-73.2833	T	Southport, Southport Harbor, CT
8468191	41.1200	-73.3683	T	SAUGATUCK, SAUGATUCK RIVER, CT
8468448	41.0967	-73.4150	T	South Norwalk, CT
8468609	41.0650	-73.4450	T	Rowayton, Fivemile River, CT
8468799	41.0383	-73.4800	T	Long Neck Point, CT
8469198	41.0383	-73.5467	T	Stamford, CT
8469549	41.0167	-73.5967	T	Cos Cob Harbor, CT
8510448	41.0733	-71.9350	T	Lake Montauk, NY
8510502	41.0750	-71.9367	T	Montauk Harbor entrance, NY
8510560	41.0483	-71.9594	T	Montauk, Fort Pond Bay, NY
8510719	41.2567	-72.0300	T	Silver Eel Pond, Fishers Island, N.Y., NY
8510884	41.2067	-72.1017	T	Little Gull Island, NY
8511171	41.0350	-72.1900	T	Threemile Harbor entrance, Gardiners Bay, NY
8511236	41.1717	-72.2050	T	Plum Gut Harbor, Plum Island, NY
8511629	41.0033	-72.2967	T	Sag Harbor, NY
8511671	41.1367	-72.3067	T	Orient, NY
8511779	40.9950	-72.3317	T	Noyack Bay, NY
8511907	41.1010	-72.3612	T	Greenport, NY
8512053	41.0950	-72.3983	T	Hashamomuck Beach, NY
8512114	41.0600	-72.4133	T	Southold, NY
8512328	40.9917	-72.4717	T	New Suffolk, NY
8512354	40.8367	-72.4800	T	Shinnecock Inlet (ocean), NY
8512451	40.8500	-72.5033	T	Ponquoque Point, NY
8512668	41.0150	-72.5617	T	Mattituck Inlet, NY
8512671	40.8200	-72.5617	T	Shinnecock Bay entrance, NY
8512735	40.9350	-72.5817	T	South Jamesport, NY
8512769	40.8186	-72.5866	T	Shinnecock Yacht Club, Penniman Creek, NY
8512987	40.9817	-72.6450	T	Northville, NY
8513388	40.7867	-72.7500	T	Moriches Coast Guard Station, NY
8513398	40.7644	-72.7560	T	Moriches Inlet, NY
8513825	40.7383	-72.8683	T	Smith Point Bridge, Narrow Bay, NY
8514322	40.7500	-73.0000	T	Patchogue, NY
8514421	40.9633	-73.0400	T	Mount Sinai Harbor, NY
8514422	40.9650	-73.0433	T	Cedar Beach, NY
8514560	40.9500	-73.0767	T	Port Jefferson, NY
8514594	40.9717	-73.0917	T	Port Jefferson Harbor entrance, NY
8514779	40.6493	-73.1506	T	Seaview Ferry Dock, NY
8514783	40.7233	-73.1517	T	Great River, Connetquot River, NY
8514961	40.6567	-73.2050	T	West Fire Island, NY
8515014	40.6350	-73.2200	T	Fire Island Light, NY
8515102	40.7167	-73.2400	T	Bay Shore, Watchogue Creek Entrance, NY
8515186	40.6267	-73.2600	T	Fire Island Coast Guard Station, NY
8515228	40.6333	-73.2933	T	Democrat Point, Fire Island Inlet, NY
8515336	40.6400	-73.2950	T	Oak Beach, NY
8515421	40.6850	-73.3150	T	Babylon, NY
8515586	40.9000	-73.3533	T	Northport, Northport Bay, NY
8515764	40.6200	-73.3950	T	Gilgo Heading, NY
8515786	40.9533	-73.4000	T	Eatons Neck Point, NY
8515864	40.6550	-73.4183	T	Amityville, NY
8515921	40.9100	-73.4317	T	Lloyd Harbor, Huntington Bay, NY
8516055	40.6667	-73.4683	T	Biltmore Shores, South Oyster Bay, NY
8516061	40.8733	-73.4700	T	Cold Spring Harbor, NY
8516155	40.6233	-73.5017	T	Green Island, NY
8516201	40.8667	-73.5167	T	Oyster Bay Harbor, NY
8516211	40.6633	-73.5200	T	Bellmore, Bellmore Creek, NY
8516221	40.6200	-73.5233	T	Cuba Island, NY
8516225	40.6033	-73.5250	T	Deep Creek Meadow, NY
8516299	40.9033	-73.5500	T	Bayville Bridge, NY
8516315	40.6233	-73.5550	T	Neds Creek, NY
8516385	40.5867	-73.5783	T	Jones Inlet (Point Lookout), NY
8516402	40.5939	-73.5840	T	Point Lookout (marina), Jones Inlet, NY
8516411	40.6333	-73.5867	T	Freeport, Baldwin Bay, NY
8516501	40.6333	-73.6167	T	Baldwin, Parsonage Cove, Hempstead Bay, NY
8516601	40.6000	-73.6500	T	Long Beach (Inside), NY
8516607	40.8346	-73.6524	T	Harry Tappen Marina, Hempstead Harbor, NY
8516614	40.8633	-73.6550	T	Glen Cove, Hempstead Harbor, NY
8516661	40.6300	-73.6700	T	Bay Park, Hewlett Bay, NY
8516663	40.5963	-73.6551	T	Long Beach, Bridgewater Yacht Club, New York, NY
8516745	40.6200	-73.6983	T	Woodmere, Brosewere Bay, NY
8516761	40.8317	-73.7033	T	Port Washington, Manhasset Bay, NY
8516881	40.5950	-73.7433	T	East Rockaway Inlet, Atlantic Beach, NY
8516891	40.6350	-73.7467	T	Norton Point, Head of Bay, NY
8516925	40.6167	-73.7583	T	Motts Basin, NY
8516945	40.8103	-73.7649	T	Kings Point, NY
8516990	40.7933	-73.7817	T	Willets Point, NY
8516999	40.6233	-73.7833	T	J.F.K. International Airport, NY
8517125	40.7983	-73.8133	T	Whitestone, NY
8517137	40.5883	-73.8200	T	Beach Channel (bridge), NY
8517201	40.6450	-73.8367	T	North Channel Bridge, Grassy Bay, NY
8517251	40.7610	-73.8504	T	Worlds Fair Marina, Flushing Bay, NY
8517276	40.7833	-73.8567	T	College Point, Flushing Bay, NY
8517381	40.6300	-73.8850	T	Canarsie, NY
8517394	40.5783	-73.8883	T	Barren Island, Rockaway Inlet, NY
8517401	40.7867	-73.9217	T	Hell Gate, Wards Island, NY
8517519	40.6083	-73.9217	T	Mill Basin, NY
8517531	40.5850	-73.9250	T	Plumb Beach Channel, NY
8517673	40.7400	-73.9617	T	Hunters Point, Newtown Creek, NY
8517732	40.7067	-73.9750	T	Wallabout Bay, Brooklyn Navy Yard, NY
8517741	40.5700	-73.9833	T	Coney Island, NY
8517756	40.5812	-73.9338	T	Kingsborough, Sheepshead Bay, NY
8517811	40.5900	-73.9983	T	Norton Point, Gravesend Bay, NY
8517847	40.7033	-73.9950	T	Brooklyn Bridge, NY
8517921	40.6650	-74.0133	T	Gowanus Bay, NY
8517942	40.6083	-74.0350	T	Fort Hamilton, The Narrows, NY
8518091	40.9617	-73.6717	T	Rye Beach, NY
8518490	40.8933	-73.7817	T	New Rochelle, NY
8518526	40.8050	-73.7950	T	Throgs Neck, Fort Schuyler, NY
8518621	40.8000	-73.8733	T	Hunts Point, NY
8518635	40.7983	-73.8983	T	North Brother Island, NY
8518639	40.8017	-73.9067	T	Port Morris (Stony Point), NY
8518643	40.8000	-73.9283	T	Harlem River, Randalls Island, NY
8518668	40.7767	-73.9417	T	Horns Hook, East 90th Street, NY
8518687	40.7583	-73.9583	T	Queensboro Bridge, NY
8518695	40.7467	-73.9683	T	East 41st Street, New York City, NY
8518699	40.7117	-73.9683	T	Williamsburg Bridge, NY
8518750	40.7006	-74.0142	T	NEW YORK (The Battery), NY
8518902	40.8683	-73.9333	T	Dyckman Street, Ferry Slip, NY
8518903	40.8783	-73.9250	T	Spuyten Duyvil Creek ent., N.Y., NY
8518905	40.9033	-73.9167	T	Riverdale, N.Y., NY
8518919	41.0783	-73.8700	T	Tarrytown, NY
8518924	41.2183	-73.9633	T	Haverstraw, NY
8518934	41.5000	-73.9833	T	Beacon, Flushkill, NY
8518935	41.5000	-74.0067	T	Newburgh, NY
8518939	41.5833	-73.9500	T	New Hamburg, NY
8518945	41.7000	-73.9333	T	Poughkeepsie, NY
8518949	41.2883	-73.9317	T	Peekskill, NY
8518951	41.7833	-73.9500	T	Hyde Park, NY
8518962	42.0139	-73.9392	T	TURKEY POINT, HUDSON RIVER, NY
8518964	42.0583	-73.9167	T	Tivoli, NY
8518974	42.2500	-73.8000	T	Hudson, NY
8518979	42.3526	-73.7949	T	Coxsackie, Hudson River, NY
8518989	42.5333	-73.7667	T	Castleton, NY
8518993	41.9183	-73.9833	T	Kingston, NY
8518995	42.6500	-73.7467	T	ALBANY, NY
8519050	40.6120	-74.0599	T	USCG Station NY, NY
8519112	40.6433	-74.0733	T	St. George, Staten Island, NY
8519200	40.6450	-74.1800	T	Port Ivory, Howland Hook, N.Y., NY
8519436	40.5433	-74.1400	T	Great Kills Harbor, NY
8519483	40.6391	-74.1463	T	Bayonne Bridge, Bergen Point, NY
8519726	40.5117	-74.2000	T	Princes Bay, NY
8519789	40.5567	-74.2233	T	Rossville, N.Y., NY
8530095	40.9450	-73.9183	T	Alpine, N.J., NJ
8530186	40.9350	-74.0300	T	New Millford, NJ
8530278	40.8800	-74.0400	T	Hackensack, NJ
8530398	40.8500	-74.0300	T	Ridgefield Park, NJ
8530403	40.8467	-74.1200	T	East Rutherford, NJ
8530505	40.8133	-73.9783	T	Edgewater, N.J., NJ
8530528	40.8067	-74.0600	T	Carlstadt, Garretts Reach, NJ
8530531	40.8050	-74.0533	T	North Secaucus, Garretts Reach, NJ
8530586	40.7933	-74.0917	T	Fish Creek, Berrys Creek, NJ
8530591	40.7867	-74.1467	T	Belleville, NJ
8530645	40.7650	-74.0183	T	Weehawken, Union City, N.J., NJ
8530696	40.7517	-74.0967	T	Amtrak RR. swing bridge, NJ
8530743	40.7317	-74.1167	T	Point No Point, NJ
8530772	40.7283	-74.1033	T	Kearny Point, NJ
8530882	40.6733	-74.1400	T	Port Elizabeth, NJ
8530884	40.6900	-74.1333	T	Port Newark Terminal, NJ
8530985	40.6550	-74.0850	T	Constable Hook, NJ
8531077	40.5983	-74.2317	T	Rahway River, RR. Bridge, NJ
8531095	40.5867	-74.2100	T	Carteret, NJ
8531142	40.5550	-74.2450	T	Port Reading, Arthur Kill, NJ
8531156	40.5450	-74.2650	T	Woodbridge Creek, 0.8 n.mi. above entrance, NJ
8531223	40.4533	-74.2733	T	Cheesequake Creek, Garden State Parkway, NJ
8531232	40.4917	-74.2817	T	South Amboy, NJ
8531262	40.5083	-74.3117	T	Keasbey, NJ
8531369	40.4167	-74.3633	T	Old Bridge, South River, NJ
8531390	40.4783	-74.3567	T	Sayreville, NJ
8531463	40.4883	-74.4350	T	New Brunswick, NJ
8531526	40.4333	-74.2183	T	Matawan Creek, Route 35 bridge, NJ
8531545	40.4400	-74.1983	T	Keyport, NJ
8531592	40.4483	-74.1433	T	Waackaack Creek, NJ
8531662	40.4183	-74.0350	T	Atlantic Highlands, NJ
8531680	40.4669	-74.0094	T	Sandy Hook, Fort Hancock, NJ
8531712	40.3967	-73.9817	T	Highlands, Route 36 bridge, NJ
8531753	40.3767	-74.0150	T	Oceanic Bridge, Navesink River, NJ
8531804	40.3650	-73.9750	T	Sea Bright, NJ
8531833	40.3550	-74.0650	T	Red Bank, Navesink River, NJ
8531925	40.3267	-74.0167	T	Gooseneck Point, bridge, NJ
8531942	40.3250	-73.9967	T	Long Branch Reach, NJ
8531991	40.3033	-73.9767	T	Long Branch (fishing pier), NJ
8532322	40.1917	-74.0383	T	Shark River Hills, NJ
8532337	40.1850	-74.0083	T	Belmar, Atlantic Ocean, NJ
8532339	40.1867	-74.0267	T	Shark River Island, fixed RR. bridge, NJ
8532371	40.1783	-74.0467	T	New Bedford, NJ
8532585	40.1050	-74.0550	T	Brielle, Route 35 bridge, NJ
8532591	40.1017	-74.0350	T	Manasquan Inlet, USCG Station, NJ
8532611	40.0967	-74.0867	T	Riviera Beach, NJ
8532703	40.0650	-74.1350	T	Forge Pond, NJ
8532715	40.0617	-74.0617	T	Beaverdam Creek entrance, NJ
8532716	40.0617	-74.0733	T	Beaverdam Creek, inside, NJ
8532721	40.0583	-74.1167	T	Tall Pines Camp, NJ
8532786	40.0367	-74.0533	T	Mantoloking, NJ
8532835	40.0133	-74.1133	T	Kettle Creek, Green Island, NJ
8532885	39.9883	-74.0683	T	Ocean Beach, NJ
8532921	39.9967	-74.1483	T	Silver Bay, Silver Bay Marina, NJ
8533005	39.9633	-74.1150	T	Goose Creek entrance, NJ
8533051	39.9500	-74.1983	T	Toms River (town), Toms River, NJ
8533055	39.9483	-74.1150	T	Coates Point, NJ
8533071	39.9433	-74.0350	T	Seaside Heights, ocean, NJ
8533135	39.9217	-74.0833	T	Seaside Park, NJ
8533141	39.9183	-74.1100	T	Barnegat Pier, NJ
8533185	39.9050	-74.1333	T	Sloop Creek, NJ
8533295	39.8700	-74.1550	T	Cedar Creek, NJ
8533345	39.8517	-74.0883	T	Island Beach, NJ
8533365	39.8450	-74.1517	T	Stouts Creek, NJ
8533391	39.8250	-74.1733	T	Forked River, NJ
8533465	39.8083	-74.1883	T	Oyster Creek, NJ
8533535	39.7883	-74.0983	T	Island Beach, Sedge Islands, NJ
8533541	39.7917	-74.1817	T	Waretown, NJ
8533615	39.7617	-74.1117	T	Barnegat Inlet, USCG Station, NJ
8533631	39.7567	-74.1283	T	High Bar, NJ
8533665	39.7450	-74.2017	T	Double Creek, NJ
8533738	39.7250	-74.1367	T	Loveladies Harbor, NJ
8533780	39.7067	-74.1917	T	Flat Creek, NJ
8533862	39.6750	-74.1600	T	North Beach, NJ
8533905	39.6650	-74.2317	T	Mill Creek, 1 n.mi. above entrance, NJ
8533909	39.6667	-74.2150	T	Manahawkin Creek, NJ
8533935	39.6533	-74.1850	T	Manahawkin Drawbridge, NJ
8533941	39.6533	-74.2567	T	Cedar Run, NJ
8533982	39.6567	-74.2700	T	Dinner Point Creek, upper end, NJ
8533987	39.6317	-74.2967	T	West Creek, Westecunk Creek, NJ
8534002	39.6250	-74.6417	T	Sweetwater, Mullica River Marina, NJ
8534043	39.6183	-74.4967	T	Wading River (town), Wading River, NJ
8534044	39.6133	-74.2633	T	Westecunk Creek entrance, NJ
8534048	39.6133	-74.2100	T	Beach Haven Crest, NJ
8534049	39.6167	-74.3100	T	Parker Run, upper end, NJ
8534080	39.6017	-74.3417	T	Tuckerton, Tuckerton Creek, NJ
8534104	39.5917	-74.4417	T	New Gretna, Bass River, NJ
8534117	39.6117	-74.5900	T	Green Bank, NJ
8534139	39.5767	-74.3317	T	Tuckerton Creek entrance, NJ
8534208	39.5483	-74.2567	T	Beach Haven Coast Guard Station, NJ
8534212	39.5483	-74.4617	T	Chestnut Neck Boat Yard, NJ
8534244	39.5400	-74.3867	T	Graveling Point, NJ
8534256	39.5350	-74.4633	T	Nacote Creek, U.S. Highway 9 bridge, NJ
8534287	39.5217	-74.3200	T	Little Sheepshead Creek, NJ
8534296	39.5167	-74.3367	T	Seven Island, Newmans Thorofare, NJ
8534319	39.5083	-74.3250	T	Tuckerton, Shooting Thorofare, Little Egg Inlet, NJ
8534393	39.4783	-74.3833	T	Main Marsh Thorofare, NJ
8534468	39.4483	-74.7283	T	Mays Landing, Great Egg Harbor River, NJ
8534496	39.4350	-74.3633	T	Brigantine Channel @ Hoffman Thorofare, NJ
8534540	39.4233	-74.5000	T	Absecon, Absecon Creek, U.S. Hwy. 30 bridge, NJ
8534638	39.3850	-74.4250	T	Absecon Channel, State Route 87 bridge, NJ
8534657	39.3817	-74.5183	T	Pleasantville, Lakes Bay, Great Egg Harbor Inlet, NJ
8534691	39.3683	-74.7167	T	River Bend Marina, Great Egg Harbor River, NJ
8534720	39.3567	-74.4181	T	Atlantic City (Ocean), NJ
8534739	39.3517	-74.5400	T	Dock Thorofare, Risley Channel, NJ
8534770	39.3350	-74.4767	T	Ventnor City, ocean pier, NJ
8534778	39.3350	-74.5967	T	Steelmanville, Patcong Ck., 2.5 nm above ent., NJ
8534836	39.3083	-74.5333	T	Longport (inside), Great Egg Harbor Inlet, NJ
8534883	39.2950	-74.7483	T	Tuckahoe, Tuckahoe River, NJ
8534975	39.2883	-74.6283	T	Beesleys Point, NJ
8535001	39.2467	-74.7183	T	Cedar Swamp Creek, Tuckahoe River, NJ
8535055	39.2325	-75.0328	T	Bivalve, Maurice River, NJ
8535101	39.2150	-74.6483	T	Middle Thorofare, Ocean Drive bridge, NJ
8535163	39.2000	-74.6567	T	Strathmere, Strathmere Bay, NJ
8535221	39.1767	-74.7100	T	Ludlam Bay, west side, NJ
8535309	39.1467	-74.7500	T	Townsend Sound, NJ
8535357	39.1200	-74.7550	T	Stites Sound, NJ
8535375	39.1217	-74.7167	T	Ocean Drive bridge, NJ
8535419	39.1100	-74.7383	T	Ingram Thorofare, NJ
8535451	39.1017	-74.7550	T	Long Reach, Ingram Thorofare, NJ
8535581	39.0567	-74.7650	T	Stone Harbor, Great Channel, NJ
8535661	39.0283	-74.8017	T	Nummy Island, Grassy Sound Channel, NJ
8535695	39.0183	-74.8417	T	Old Turtle Thorofare, RR. bridge, NJ
8535726	39.0050	-74.8267	T	West Wildwood, Grassy Sound, NJ
8535805	38.9800	-74.8633	T	Swain Channel, Taylor Sound, NJ
8535835	38.9750	-74.8233	T	Wildwood Crest, ocean pier, NJ
8535838	38.9783	-74.8367	T	Wildwood Crest, Sunset Lake, NJ
8535901	38.9483	-74.8917	T	Cape May Harbor, NJ
8535902	38.9467	-74.9133	T	Cape Island Creek, Cape May, NJ
8535962	38.9300	-74.9350	T	Cape May, Atlantic Ocean, NJ
8536021	38.9467	-74.9717	T	Cape May Point, Sunset Beach, NJ
8536110	38.9683	-74.9600	T	Cape May, ferry terminal, NJ
8536271	39.0183	-74.9533	T	North Highlands Beach, NJ
8536449	39.0833	-74.8867	T	Dias Creek, Route 47 bridge, NJ
8536551	39.1183	-74.8683	T	Bidwell Creek, Route 47 bridge, NJ
8536581	39.1283	-74.8917	T	Bidwell Creek entrance, NJ
8536687	39.1617	-74.8317	T	Sluice Creek, Route 47 bridge, Dennis Creek, NJ
8536736	39.1783	-74.8517	T	Dennis Creek, 2.5 n.mi. above entrance, NJ
8536752	39.1833	-74.8217	T	Dennis Creek, Route 47 bridge, NJ
8536764	39.1883	-74.9150	T	West Creek, 0.7 n.mi. above entrance, NJ
8536780	39.2000	-75.0200	T	East Point, Maurice River Cove, NJ
8536801	39.2000	-74.9700	T	Riggins Ditch, 0.5 n.mi. above entrance, NJ
8536823	39.2083	-74.9017	T	East Creek, Route 47 bridge, NJ
8536848	39.2167	-75.1583	T	Fishing Creek entrance, NJ
8536849	39.2167	-75.1033	T	Dividing Creek entrance, NJ
8536851	39.2167	-74.9250	T	West Creek, Route 47 bridge, NJ
8536855	39.2183	-74.9800	T	Riggins Ditch, Heislerville, NJ
8536931	39.2383	-75.1750	T	Fortescue Creek, NJ
8536935	39.2500	-75.1283	T	Weir Creek bridge, Dividing Creek, NJ
8537026	39.2750	-75.1417	T	Hollywood Beach, The Glades, NJ
8537052	39.2850	-75.2383	T	Money Island, Nantuxent Creek entrance, NJ
8537059	39.2850	-74.9917	T	Mauricetown, NJ
8537079	39.2917	-75.1983	T	Newport Landing, Nantuxent Creek, NJ
8537101	39.2983	-75.2467	T	Cedar Creek entrance, Nantuxent Cove, NJ
8537116	39.3050	-75.2783	T	Back Creek entrance, Nantuxent Cove, NJ
8537121	39.3054	-75.3767	T	Ship John Shoal, NJ
8537147	39.3133	-74.9850	T	Port Elizabeth, Manumuskin River, NJ
8537242	39.3433	-75.0083	T	Menantico Creek entrance, NJ
8537353	39.3783	-75.2350	T	Tindalls Wharf, Cohansey River, NJ
8537359	39.3917	-75.0417	T	Millville, NJ
8537374	39.3833	-75.3500	T	Greenwich Pier, Cohansey River, NJ
8537416	39.4067	-75.4050	T	Stathems Neck, Stow Creek, N.J., NJ
8537488	39.4217	-75.4283	T	Pine Island, Malapartis Creek, N.J., NJ
8537489	39.4217	-75.3817	T	Raccoon Ditch, Newport Meadows, Stow Creek, N.J., NJ
8537535	39.4317	-75.4467	T	1 n.mi. above entrance, N.J., NJ
8537562	39.4617	-75.4033	T	Canton, Stow Creek, N.J., NJ
8537614	39.4600	-75.5317	T	Artificial Island, Salem Nuclear Plant, N.J., NJ
8537667	39.4583	-75.4950	T	Hope Creek, 0.6 n.mi. above entrance, N.J., NJ
8537731	39.4967	-75.5167	T	0.8 n.mi. above entrance, NJ
8537753	39.5050	-75.4833	T	2.5 n.mi. above entrance, NJ
8537774	39.5117	-75.4933	T	Abbots Meadow, NJ
8537779	39.5133	-75.4467	T	Coopers Creek bridge, NJ
8537889	39.5483	-75.4150	T	Quinton, NJ
8537961	39.5700	-75.4983	T	Sinnickson Landing, NJ
8537979	39.5767	-75.4767	T	Salem, NJ
8538231	39.6833	-75.5100	T	Salem Canal entrance, N.J., NJ
8538274	39.7150	-75.3600	T	Auburn, Oldmans Creek, N.J., NJ
8538369	39.7617	-75.4033	T	Pedricktown, Oldmans Creek, N.J., NJ
8538438	39.7950	-75.1767	T	Mantua, Mantua Creek, N.J., NJ
8538449	39.8067	-75.3550	T	Bridgeport, Raccoon Creek, N.J., NJ
8538512	39.8350	-75.2383	T	Paulsboro, Mantua Creek, N.J., NJ
8538548	39.8600	-75.1867	T	Woodbury Creek, N.J., NJ
8538552	39.8500	-75.2500	T	Billingsport, N.J., NJ
8538601	39.8733	-75.1233	T	Westville, Rt. 47 bridge, Big Timber Creek, N.J., NJ
8538752	39.9467	-75.1050	T	Pavonia, Cooper River, RR. bridge, N.J., NJ
8538824	39.9783	-74.8233	T	Hainesport, South Branch, NJ
8538848	39.9983	-74.8183	T	North Branch, NJ
8538853	39.9933	-75.0283	T	Palmyra, Pennsauken Creek, Route 73 bridge, N.J., NJ
8538875	40.0133	-75.0083	T	Pompeston Creek, N.J., NJ
8538886	40.0119	-75.0430	T	Tacony-Palmyra Bridge, NJ
8538921	40.0283	-74.9317	T	Bridgeboro, NJ
8539058	40.0733	-74.8483	T	Assiscunk Creek, Route 130 bridge, N.J., NJ
8539094	40.0817	-74.8697	T	Burlington, N.J., NJ
8539487	40.1367	-74.7367	T	Fieldsboro, N.J., NJ
8539993	40.1883	-74.7550	T	Trenton, N.J., NJ
8540433	39.8118	-75.4095	T	Marcus Hook, Pa., PA
8542425	39.8767	-75.3050	T	Wanamaker Bridge, PA
8542699	39.8800	-75.2900	T	Norwood City, PA
8542885	39.8783	-75.2767	T	Tinicum National Wildlife Refuge, PA
8543024	39.8867	-75.2650	T	Tinicum National Wildlife Refuge, PA
8543925	39.8983	-75.2117	T	Penrose Avenue Bridge, PA
8545120	39.9550	-75.1800	T	Market Street Bridge, PA
8545240	39.9331	-75.1420	T	PHILADELPHIA, US Coast Guard Station, Pa., PA
8545530	39.9533	-75.1383	T	Philadelphia, Municipal Pier 11, Pa., PA
8546252	39.9797	-75.0793	T	Bridesburg, Philadelphia, Pa., PA
8547333	40.0683	-74.9383	T	Cornwells Heights, Pa., PA
8548989	40.1373	-74.7518	T	Newbold, Pa., PA
8549424	40.1283	-74.8233	T	Edgely, Pa., PA
8550438	39.7500	-75.4933	T	Edgemoor, Del., DE
8550658	39.7250	-75.5600	T	Millside, RR. bridge, DE
8550714	39.7183	-75.5200	T	Wilmington Marine Terminal, DE
8551201	39.6567	-75.5617	T	New Castle, Delaware, DE
8551702	39.5833	-75.5733	T	Pea Patch Island, Bulkhead Shoal Channel, Del., DE
8551762	39.5822	-75.5890	T	Delaware City, DE
8551851	39.5700	-75.5900	T	Delaware City Branch Channel bridge, DE
8551910	39.5583	-75.5719	T	REEDY POINT, DE
8551973	39.5550	-75.6483	T	St. Georges, Delaware, DE
8552125	39.5333	-75.7333	T	Summit Bridge, Delaware, DE
8553069	39.4050	-75.5983	T	Taylors Bridge, Blackbird Creek, Del., DE
8553501	39.3333	-75.4667	T	Woodland Beach, Del., DE
8554038	39.2450	-75.5183	T	Leipsic, Leipsic River, DE
8554399	39.1850	-75.4000	T	Mahon River entrance, DE
8555388	39.0583	-75.3967	T	Murderkill River entrance, DE
8555889	38.9867	-75.1133	T	Brandywine Shoal Light, DE
8556198	38.9450	-75.3133	T	Mispillion River entrance, DE
8557380	38.7828	-75.1193	T	LEWES (BREAKWATER HARBOR), DE
8557863	38.7200	-75.0833	T	Rehoboth Beach, DE
8558690	38.6100	-75.0700	T	Indian River Inlet (Coast Guard Station), DE
8558814	38.5915	-75.2116	T	Rosedale Beach, Indian River, DE
8559957	38.4550	-75.0583	T	Little Assawoman Bay, DE
8570255	38.3417	-75.0850	T	Keydash, Isle of Wight Bay, MD
8570280	38.3267	-75.0833	T	OCEAN CITY (FISHING PIER), MD
8570282	38.3317	-75.0900	T	Ocean City (Isle of Wight Bay), MD
8570283	38.3283	-75.0917	T	Ocean City Inlet, MD
8570536	38.2150	-75.1917	T	South Point, Sinepuxent Neck, MD
8570649	38.1483	-75.2850	T	Public Landing, MD
8570691	38.1389	-75.1835	T	Buntings Bridge, MD
8571072	37.9617	-75.8217	T	Ape Hole Creek, Pocomoke Sound, MD
8571091	37.9767	-75.8633	T	Crisfield, Little Annemessex River, MD
8571097	37.9800	-75.6383	T	Shelltown, MD
8571117	37.9950	-76.0317	T	Ewell, Smith Island, MD
8571181	38.0483	-75.8033	T	Colburn Creek, Big Annemessex River, MD
8571201	38.0567	-75.8033	T	Long Point, Big Annemessex River, MD
8571214	38.0683	-76.0967	T	Holland Island Bar Light, MD
8571269	38.1083	-75.8383	T	Teague Creek, Manokin River, MD
8571351	38.1717	-75.9450	T	Chance, MD
8571359	38.1783	-75.3967	T	Snowhill, city park, MD
8571396	38.2017	-75.9867	T	Sharkfin Shoal Light, MD
8571402	38.2267	-76.0767	T	Hooper Strait Light, MD
8571416	38.2167	-75.8833	T	Great Shoals Light, Monie Bay, MD
8571421	38.2200	-76.0383	T	Bishops Head, Hooper Strait, MD
8571476	38.2617	-75.9200	T	Roaring Point, MD
8571485	38.2683	-75.7883	T	Whitehaven, MD
8571519	38.2967	-76.2050	T	Middle Hooper Island, MD
8571559	38.3000	-76.0050	T	McCready's Creek, Fishing Bay, MD
8571579	38.3417	-76.2650	T	Barren Island, MD
8571616	38.3650	-75.6067	T	Salisbury, Wicomico River, MD
8571702	38.4283	-76.2367	T	Smithville Road Bridge, Beaverdam Creek, MD
8571752	38.4667	-76.2950	T	Taylors Island, Slaughter Creek, MD
8571773	38.4833	-75.8183	T	Vienna, MD
8571807	38.5067	-76.1733	T	Woolford, Church Creek, MD
8571858	38.5450	-75.7233	T	Sharptown, MD
8571881	38.5617	-76.2083	T	Cherry Island, Beckwiths Creek, MD
8571892	38.5725	-76.0617	T	Cambridge, MD
8571901	38.7100	-76.3350	T	Avalon, Dogwood Harbor, MD
8571944	38.7567	-75.9983	T	Dover Bridge, MD
8571979	38.7650	-76.3283	T	Tilghman Island, Ferry Cove, Eastern Bay, MD
8572108	38.6933	-76.1733	T	Oxford, MD
8572204	38.7317	-76.2350	T	Deep Neck Point, Broad Creek, MD
8572271	38.7583	-76.3750	T	Poplar Island, MD
8572296	38.7683	-76.0950	T	Easton Point, MD
8572313	38.7750	-76.2333	T	St. Michaels, San Domingo Creek, MD
8572342	38.7867	-76.2217	T	St. Michaels, Miles River, MD
8572467	38.8367	-76.3733	T	Kent Point Marina, MD
8572468	38.8367	-76.2800	T	Claiborne, Eastern Bay, MD
8572669	38.9167	-75.9450	T	Hillsboro, Tuckahoe Creek, MD
8572770	38.9567	-76.3550	T	Matapeake, Kent Island, MD
8572792	38.9667	-76.2433	T	Kent Island Narrows, MD
8572867	38.9967	-76.1583	T	Queenstown, MD
8572955	39.0317	-76.3017	T	Love Point, MD
8573006	39.0533	-76.0750	T	Centreville Landing, Corsica River, MD
8573125	39.1067	-76.1417	T	Cliffs Point, MD
8573137	39.1100	-76.1383	T	Cliffs Wharf, MD
8573211	39.1450	-76.2600	T	Deep Landing, Swan Creek, MD
8573343	39.2067	-76.0633	T	Chestertown, MD
8573349	39.2450	-75.9250	T	Crumpton, MD
8573364	39.2134	-76.2446	T	Tolchester Beach, MD
8573442	39.2967	-76.1717	T	Worton Creek entrance, MD
8573704	39.3717	-76.0633	T	Sassafras River, Betterton, MD
8573777	37.9217	-75.7283	T	Saxis, Starling Creek, Pocomoke Sound
8573903	39.5033	-75.9167	T	Town Point Wharf, MD
8573927	39.5267	-75.8100	T	Chesapeake City, Maryland, MD
8573968	39.5733	-75.9700	T	Charlestown, Northeast River, MD
8573969	39.5750	-75.8433	T	Old Frenchtown Wharf, MD
8574008	39.6033	-76.1133	T	Port Deposit, MD
8574070	39.5367	-76.0900	T	Havre de Grace, MD
8574459	39.3883	-76.2550	T	Pond Point, Bush River, MD
8574680	39.2667	-76.5783	T	Baltimore, Fort McHenry, MD
8574683	39.2617	-76.5850	T	Fort McHenry Marsh, MD
8574821	39.2083	-76.5333	T	Hawkins Point, MD
8574857	39.1967	-76.4450	T	North Point, MD
8574931	39.1633	-76.5267	T	Stony Creek, MD
8575109	39.1000	-76.4450	T	Cornfield Creek, Magothy River, MD
8575229	39.0617	-76.4333	T	Mountain Point, Magothy River, MD
8575331	39.0267	-76.5333	T	Brewer Point, MD
8575512	38.9839	-76.4800	T	Annapolis (US Naval Academy), MD
8575550	38.9583	-76.5550	T	Gingerville Creek, South River, MD
8575579	38.9500	-76.5500	T	Edgewater, South River, MD
8575737	38.9000	-76.4333	T	Thomas Point Shoal Light, MD
8575787	38.8867	-76.5400	T	Rhode River (County Wharf), MD
8575923	38.8417	-76.5400	T	Galesville, West River, MD
8576256	38.7250	-76.5417	T	Rose Haven, MD
8576363	38.7000	-76.5333	T	Chesapeake Beach, MD
8577004	38.4650	-76.4733	T	Long Beach, MD
8577123	38.4150	-76.5450	T	Broomes Island, MD
8577188	38.3917	-76.3983	T	Cove Point, MD
8577330	38.3167	-76.4517	T	Solomons Island, MD
8577940	38.0600	-76.3617	T	Cornfield Harbor, Md., MD
8578002	38.0400	-76.3233	T	Point Lookout, MD
8578240	38.1333	-76.5333	T	Piney Point, Md., MD
8578465	38.2233	-76.7483	T	Colton Point, Md., MD
8578551	38.3267	-76.8333	T	Mills Point (south of), Wicomico Riv., Md., MD
8578693	38.3417	-76.9767	T	Lower Cedar Point, Md., MD
8578769	38.4533	-77.0533	T	Goose Creek, Port Tobacco River, Md., MD
8578853	38.3867	-77.1450	T	Riverside, Md., MD
8578931	38.4133	-77.2667	T	Clifton Beach, Smith Point, Md.
8578984	38.4600	-77.2700	T	Liverpool Point, Md., MD
8579135	38.5133	-76.6700	T	Benedict, MD
8579381	38.6017	-77.1850	T	Indian Head, Md., MD
8579542	38.6550	-76.6833	T	Lower Marlboro, MD
8579629	38.6867	-77.1017	T	Marshall Hall, Md., MD
8579997	38.9333	-76.9383	T	Bladensburg, Md., MD
8590111	38.8267	-77.0267	T	Bellevue, D.C., DC
8593005	38.8717	-76.9950	T	Washington Naval Yard, DC
8593545	38.8950	-76.9683	T	Kingman Lake, DC
8593909	38.9100	-76.9550	T	Kenilworth Aquatic Garden, DC
8594900	38.8733	-77.0217	T	WASHINGTON, Washington Channel, D.C., DC
8630055	38.0067	-75.3817	T	Franklin City, VA
8630111	37.9817	-75.3017	T	Jesters Island, VA
8630194	37.9517	-75.3550	T	Chincoteague Island, Blake Cove, VA
8630225	37.9417	-75.3467	T	Chincoteague Island, Oyster Bay, VA
8630229	37.9383	-75.3733	T	Chincoteague Island, Lewis Creek, VA
8630249	37.9317	-75.3833	T	Chincoteague Island, USCG Station, VA
8630308	37.9067	-75.4050	T	Chincoteague Channel (south end), VA
8630315	37.9024	-75.4079	T	Southern Chincoteague Island, VA
8630371	37.8817	-75.4917	T	Wishart Point, Bogues Bay, VA
8630413	37.8650	-75.3683	T	Assateague Beach, Toms Cove, VA
8630440	37.8417	-75.4783	T	Wallops Island, VA
8630637	37.7767	-75.5617	T	Gargathy Neck, VA
8630839	37.6967	-75.6350	T	Folly Creek, Metompkin Inlet, VA
8630901	37.6717	-75.5950	T	Metompkin Inlet, VA
8631044	37.6078	-75.6858	T	Wachapreague, Wachapreague Channel, VA
8631234	37.4967	-75.6833	T	Revel Creek, Revel Island, VA
8631287	37.4667	-75.8000	T	Upshur Neck, south end, VA
8631411	37.3933	-75.7133	T	Great Machipongo Inlet (inside), VA
8631542	37.3017	-75.7783	T	Sand Shoal Inlet (Coast Guard Station), VA
8631591	37.2883	-75.9250	T	Oyster Harbor, VA
8631874	37.1233	-75.9117	T	Smith Island (Coast Guard Station), VA
8632085	37.0967	-75.9833	T	Fishermans Island, VA
8632200	37.1652	-75.9884	T	Kiptopeke Beach, VA
8632314	37.2333	-76.0500	T	Old Plantation Light, VA
8632366	37.2633	-76.0200	T	Cape Charles Harbor, VA
8632837	37.5383	-76.0150	T	Rappahannock Light, VA
8632869	37.5567	-75.9167	T	Gaskins Point, Occohannock Creek, VA
8633091	37.6667	-75.8333	T	Harborton, Pungoteague Creek, VA
8633214	37.7117	-75.7567	T	Onancock, Onancock Creek, VA
8633362	37.7633	-75.7733	T	Chesconessex Creek, Schooner Bay, VA
8633451	37.7983	-75.8967	T	Watts Island, VA
8633532	37.8283	-75.9933	T	Tangier Island, VA
8633596	37.8500	-75.7000	T	Guard Shore, VA
8633604	37.8550	-75.6750	T	Muddy Creek Entrance, VA
8633777	37.9217	-75.7283	T	Saxis, Starling Creek, VA
8634214	38.8050	-77.0383	T	Alexandria, Va., VA
8634689	38.5200	-77.2867	T	Quantico, Va., VA
8634858	38.4183	-77.3533	T	Aquia Creek, Va., VA
8634892	38.3983	-77.0533	T	Mathias Point, Va., VA
8635027	38.3198	-77.0366	T	Dahlgren, Upper Machodoc Creek, Va., VA
8635150	38.2517	-76.9600	T	Colonial Beach, Va., VA
8635154	38.2550	-77.4100	T	Massaponax, VA
8635171	38.2433	-77.2267	T	Hopyard Landing, VA
8635257	38.2133	-77.2433	T	Park Turn, VA
8635299	38.1733	-77.1900	T	Port Royal, VA
8635409	38.0983	-76.7350	T	Mount Holly, Nomini Creek, Va., VA
8635485	38.1417	-76.6133	T	Ragged Point, Coles Neck, Va., VA
8635554	38.0900	-77.0333	T	Saunders Wharf, VA
8635671	38.0317	-76.5767	T	Kinsale, Yeocomico River, Va., VA
8635750	37.9961	-76.4644	T	Lewisetta, Va., VA
8635762	37.9967	-76.4667	T	Travis Point, Coan River, Va., VA
8635881	37.9300	-76.8567	T	Tappahannock, VA
8635959	37.8867	-76.2667	T	Sunnybank, Little Wicomico River, VA
8635985	37.8733	-76.7833	T	Wares Wharf, VA
8636046	37.8467	-76.3683	T	Glebe Point, Great Wicomico River, VA
8636128	37.8133	-76.2750	T	Fleeton Point, VA
8636142	37.8050	-76.2683	T	Great Wicomico River Light, VA
8636261	37.7550	-76.6733	T	Bayport, VA
8636458	37.6683	-76.4867	T	Millenbeck, Corrotoman River, VA
8636499	37.6500	-76.9000	T	Wakema (Fraziers Ferry), Mattaponi River, VA
8636522	37.6500	-76.5750	T	Urbanna, VA
8636558	37.6250	-77.1217	T	Northbury, VA
8636580	37.6155	-76.2898	T	Windmill Point, VA
8636623	37.5967	-76.2367	T	Windmill Point Light, VA
8636653	37.5833	-76.9900	T	Lester Manor, VA
8636654	37.5833	-76.4183	T	Mill Creek (Grey Point), VA
8636735	37.5483	-76.3317	T	Jackson Creek, Deltaville, VA
8636769	37.5350	-76.7933	T	West Point, VA
8636831	37.5067	-76.4167	T	Dixie, VA
8636941	37.4596	-77.4208	T	Richmond Deepwater Terminal, James River, VA
8636969	37.4467	-76.7083	T	Roane Point, VA
8637072	37.4117	-76.4383	T	Belleville, VA
8637144	37.3900	-76.1900	T	Wolf Trap Light, VA
8637199	37.3733	-76.3467	T	Mobjack, East River, VA
8637444	37.3000	-76.4000	T	Browns Bay, VA
8637472	37.2917	-76.5867	T	Cheatham Annex, VA
8637624	37.2467	-76.5000	T	Gloucester Point, VA
8637663	37.2350	-76.3850	T	Tue Marshes Light, VA
8637686	37.2300	-76.4367	T	Yorktown, Goodwin Neck, VA
8637689	37.2265	-76.4788	T	Yorktown, USCG Training Center, VA
8637712	37.2201	-76.7914	T	Jamestown, VA
8638017	37.1382	-76.6227	T	Fort Eustis (MARAD), VA
8638051	37.1083	-76.3183	T	Messick Point, Back River, VA
8638288	37.0033	-76.3150	T	Old Point Comfort, VA
8638339	36.8232	-76.3991	T	Western Branch, VA
8638379	36.9733	-76.4333	T	Newport News, VA
8638401	37.0133	-76.4583	T	Huntington Park, VA
8638406	36.8833	-76.5083	T	Town Point, VA
8638407	37.0817	-76.5250	T	Menchville, VA
8638409	36.8383	-76.5500	T	Hollidays Point (Kings Highway bridge), VA
8638418	36.9833	-76.6300	T	Smithfield, Pagan River, VA
8638421	37.0567	-76.6683	T	Burwell Bay, VA
8638424	37.2200	-76.6633	T	Kingsmill, VA
8638433	37.1850	-76.7833	T	Scotland, VA
8638441	37.3450	-76.8750	T	Wright Island Landing, VA
8638442	37.2633	-76.8767	T	Ferry Point (bridge), VA
8638445	37.4033	-76.9117	T	Lanexa, Chicahomny River, VA
8638449	37.2317	-76.9483	T	Claremont, VA
8638450	37.2400	-76.9433	T	Tettington, James River, VA
8638455	37.3067	-77.0067	T	Sturgeon Point, VA
8638464	37.3150	-77.0983	T	Willcox Wharf, Charles City, VA
8638476	37.3133	-77.2233	T	Jordan Point, VA
8638478	37.3733	-77.2433	T	Haxall, VA
8638481	37.3133	-77.2700	T	City Point, Hopewell, VA
8638486	37.3783	-77.3233	T	Meadowville, VA
8638489	37.2667	-77.3717	T	Puddledock, Appomattox River, VA
8638491	37.3833	-77.3783	T	Chester, VA
8638495	37.5250	-77.4200	T	Richmond (river locks), VA
8638514	36.9167	-76.4350	T	Pig Point, VA
8638596	36.8917	-76.3383	T	Craney Island Light, VA
8638610	36.9428	-76.3286	T	HAMPTON ROADS (Sewells Point), VA
8638654	36.8517	-76.2983	T	Norfolk, VA
8638660	36.8217	-76.2933	T	Portsmouth, Naval Shipyard, VA
8638671	36.8842	-76.2759	T	Lafayette River, VA
8638776	36.9117	-76.1750	T	Little Creek, NAB, VA
8638854	36.8617	-76.1150	T	Buchanan Creek entrance, VA
8638863	36.9667	-76.1133	T	CHESAPEAKE BAY BRIDGE TUNNEL, VA
8638867	36.8933	-76.1050	T	Bayville, VA
8638888	36.9067	-76.0900	T	Lynnhaven Inlet, Virginia Pilots Dock, VA
8638901	37.0329	-76.0833	T	CBBT, CHESAPEAKE CHANNEL, VA
8638916	36.9033	-76.0700	T	Long Creek, VA
8638922	36.8750	-76.0617	T	Brown Cove, VA
8638923	36.9017	-76.0617	T	Broad Bay Canal, VA
8638999	36.9300	-76.0067	T	Cape Henry, VA
8639168	36.8433	-75.9717	T	Virginia Beach, VA
8639207	36.8317	-75.9733	T	Rudee Inlet, interior channel, VA
8639208	36.8317	-75.9683	T	Rudee Inlet entrance, VA
8639214	36.8250	-75.9750	T	Rudee Heights, Lake Wesley, VA
8639219	36.8250	-75.9817	T	Lake Rudee, south end, VA
8639348	36.7782	-76.3019	T	Money Point, VA
8639414	36.7550	-76.2933	T	Deep Creek Entrance, VA
8639428	36.6917	-75.9200	T	Sandbridge, VA
8651370	36.1833	-75.7467	T	DUCK PIER, NC
8651605	36.1017	-75.7100	T	Kitty Hawk (ocean), NC
8652226	35.9100	-75.5917	T	Jennettes Pier, Nags Head (ocean), NC
8652247	35.9033	-75.7700	T	Manns Harbor, Croatan Sound, NC
8652437	35.8450	-75.6550	T	Oyster Creek, Croatan Sound, NC
8652547	35.8117	-75.7000	T	Roanoke Marshes Light, Croatan Sound, NC
8652587	35.7957	-75.5482	T	OREGON INLET MARINA, NC
8652591	35.7983	-75.5833	T	Roanoke Sound Channel, NC
8652648	35.7767	-75.5850	T	Old House Channel, NC
8652657	35.7733	-75.5583	T	Oregon Inlet Channel, NC
8652659	35.7733	-75.5383	T	Oregon Inlet Bridge, NC
8652678	35.7683	-75.5267	T	Oregon Inlet (USCG Station), NC
8652737	35.7483	-75.5533	T	Davis Slough, NC
8653215	35.5950	-75.4717	T	Rodanthe, Pamlico Sound, NC
8653244	35.5852	-76.4856	T	Pungo River, Route 45, NC
8653471	35.5094	-75.9889	T	Engelhard, NC
8653951	35.3501	-75.5120	T	Peter's Ditch, NC
8654400	35.2233	-75.6350	T	CAPE HATTERAS FISHING PIER, NC
8654467	35.2086	-75.7042	T	Hatteras (ocean), NC
8654769	35.1155	-75.9869	T	Ocracoke, Pamlico Sound, NC
8655133	35.0246	-76.6918	T	Oriental, Neuse River, NC
8655151	35.0189	-76.3143	T	Cedar Island, NC
8655875	34.8750	-76.3433	T	Sea Level, NC
8656084	34.8250	-76.6900	T	Core Creek Bridge, NC
8656201	34.7968	-76.4555	T	Davis, Core Sound, NC
8656225	34.7917	-76.6083	T	North River Bridge, NC
8656306	34.7683	-76.6717	T	Newport River (Yacht Club), NC
8656451	34.7283	-76.6683	T	Gallant Channel, NC
8656467	34.7250	-76.8033	T	SpoonersCreek, NC
8656483	34.7173	-76.6707	T	Beaufort, Duke Marine Lab, NC
8656496	34.7183	-76.6950	T	Morehead City, NC
8656499	34.7183	-76.7367	T	Atlantic Beach Bridge, NC
8656502	34.7200	-76.7108	T	Morehead City Harbor, NC
8656503	34.7150	-76.5783	T	Harkers Island Bridge, NC
8656518	34.7117	-76.6450	T	Beaufort, Taylor Creek, NC
8656539	34.7083	-76.6200	T	Lenoxville Point, NC
8656554	34.7033	-76.6200	T	Channel Marker Lt. 59, NC
8656566	34.7000	-76.7683	T	Coral Bay, Atlantic Beach, NC
8656569	34.6983	-76.6650	T	Beaufort Inlet Channel Range, NC
8656571	34.6983	-76.6817	T	Fort Macon, USCG Station, NC
8656590	34.6933	-76.7117	T	Atlantic Beach, NC
8656613	34.6866	-77.1181	T	Swansboro, East Corbett Ave. Bridge, NC
8656841	34.6133	-76.5383	T	Cape Lookout Bight, NC
8656937	34.6083	-76.5283	T	Cape Lookout (ocean), NC
8657002	34.5763	-77.3954	T	Sneads Ferry, New River, NC
8657167	34.5333	-77.3417	T	New River Inlet, NC
8657419	34.4517	-77.4950	T	Ocean City Beach (fishing pier), NC
8657813	34.3394	-77.7060	T	Hampstead, NC
8658120	34.2267	-77.9533	T	Wilmington, NC
8658145	34.2179	-77.8123	T	Shinn Point, ICWW, NC
8658163	34.2133	-77.7867	T	Wrightsville Beach, NC
8658501	34.0567	-77.9400	T	Orton Point, NC
8658559	34.0317	-77.8933	T	Wilmington Beach, NC
8658579	34.0233	-77.9467	T	Sunny Point Army Base, Wharf no.3, NC
8658622	34.0033	-77.9550	T	Reaves Point, NC
8658654	33.9900	-77.9567	T	Sunny Point Army Base, Wharf no.1, NC
8658715	33.9617	-77.9400	T	Federal Point, NC
8658741	33.9500	-77.9517	T	Zekes Island, NC
8658901	33.8800	-78.0017	T	Bald Head, NC
8659084	33.9150	-78.0183	T	Southport, NC
8659086	33.8967	-78.0167	T	Fort Caswell, NC
8659182	33.9017	-78.0817	T	Oak Island, Yaupon Beach, NC
8659414	33.9331	-78.2189	T	Varnamtown, Lockwoods Folly River, NC
8659665	33.9150	-78.3733	T	Bowen Point, Shallotte Inlet, NC
8659897	33.8650	-78.5067	T	Sunset Beach Pier, NC
8659899	33.8817	-78.5100	T	Sunset Beach Bridge
8660098	33.8700	-78.5733	T	Little River Neck, north end, SC
8660121	33.8700	-78.6083	T	Little River (town), SC
8660147	33.8600	-78.5800	T	Dunn Sound, north end, SC
8660148	33.8583	-78.5700	T	Dunn Sound, Little River Inlet, SC
8660166	33.8550	-78.6483	T	Nixon Crossroads, SC
8660195	33.8517	-78.5883	T	Dunn Sound, west end, SC
8660265	33.8350	-78.6333	T	Cherry Grove (inside), SC
8660266	33.8367	-78.6067	T	Hog Inlet Pier, SC
8660275	33.8350	-79.0417	T	Conway, RR. bridge, SC
8660315	33.8300	-78.9533	T	Grahamville, SC
8660401	33.8200	-78.7183	T	Myrtle Beach Airport, SC
8660475	33.8000	-79.0550	T	Pitch Landing, SC
8660642	33.7667	-78.8150	T	North Myrtle Beach, ICWW, SC
8660754	33.7349	-78.8827	T	Carolina Forest, ICWW, SC
8660831	33.7450	-79.0650	T	Keysfield, SC
8660854	33.7133	-78.9217	T	Myrtle Beach, Combination Bridge, SC
8660983	33.6867	-79.0050	T	Socastee Bridge, SC
8661067	33.6667	-79.0633	T	Enterprise Landing, SC
8661070	33.6550	-78.9183	T	Springmaid Pier, Myrtle beach, SC
8661093	33.6600	-79.1550	T	Yauhannah Bridge, SC
8661119	33.6017	-79.1183	T	Little Bull Creek entrance, Bull Creek, SC
8661139	33.6467	-79.0950	T	Bucksport, SC
8661299	33.6083	-79.1517	T	Lower Topsaw Landing, SC
8661347	33.5967	-79.0983	T	Bull Creek entrance, SC
8661367	33.6033	-79.4267	T	Rhems, Black Mingo Creek, Black River, SC
8661419	33.5783	-79.0033	T	Garden City Bridge, Main Creek, SC
8661437	33.5750	-78.9967	T	Garden City Pier (ocean), SC
8661493	33.5600	-79.0850	T	Wachesaw Landing, Waccamaw River, SC
8661529	33.5517	-79.0367	T	Captain Alex's Marina, Parsonage Creek, SC
8661558	33.5517	-79.1767	T	Holly Grove Plantation, SC
8661559	33.5450	-79.0450	T	Smith's Dock, SC
8661582	33.5417	-79.0283	T	Divine's Dock, SC
8661593	33.5350	-79.3883	T	Winea Plantation, Black River, SC
8661608	33.5317	-79.0533	T	Allston Creek, SC
8661609	33.5300	-79.0433	T	Oaks Creek, 0.5 mi. above entrance, SC
8661684	33.5117	-79.0683	T	Oaks Creek, upper end, SC
8661686	33.5117	-79.3417	T	Black River (south of Dunbar), SC
8661703	33.5067	-79.1450	T	Thoroughfare Creek entrance, SC
8661734	33.4950	-79.4617	T	Mt. Pleasant Plantation, Black River, SC
8661741	33.4833	-79.1783	T	Arundel Plantation, SC
8661866	33.4683	-79.1883	T	South of Sam Worth Game Management Area, SC
8661867	33.4717	-79.1017	T	Litchfield Beach bridge, SC
8661873	33.4650	-79.1867	T	Carr Creek, 1 mile above entrance, SC
8661913	33.4550	-79.2050	T	Weymouth Plantation, SC
8661947	33.4483	-79.1117	T	Midway Inlet North, Pawleys Island, SC
8661989	33.4350	-79.1267	T	Bennet's Dock, Pawleys Island Creek, SC
8661991	33.4350	-79.1817	T	Hagley Landing, SC
8662006	33.4317	-79.1167	T	Pawleys Island Pier (ocean), SC
8662071	33.4117	-79.1350	T	Ward's Dock, Pawleys Inlet, SC
8662216	33.3700	-79.4333	T	Cumberland, SC
8662237	33.3633	-79.3550	T	Jacobs Wharf, SC
8662245	33.3517	-79.1867	T	Oyster Landing (N. Inlet Estuary), SC
8662299	33.3333	-79.1933	T	Clambank Creek, Goat Island, North Inlet, SC
8662405	33.3050	-79.6783	T	Jamestown Bridge, Santee River, SC
8662549	33.2517	-79.2683	T	South Island Ferry, Intracoastal Waterway, SC
8662670	33.2450	-79.5217	T	Pleasant Hill Landing, Santee River, SC
8662746	33.2350	-79.2033	T	South Island Plantation (C.G. Station), SC
8662747	33.2233	-79.1850	T	Georgetown Lighthouse, SC
8662793	33.2100	-79.3850	T	North Santee Bridge, SC
8662796	33.1950	-79.2750	T	Minim Creek ent., ICWW, North Santee Bay, SC
8662799	33.1850	-79.4067	T	U.S. Highway 17 bridge, South Santee River, SC
8662926	33.3617	-79.2800	T	Georgetown, Sampit River Ent., SC
8662931	33.3667	-79.2550	T	Waccamaw River Entrance, SC
8662953	33.4150	-79.2500	T	Windsor Plantation, Black River, SC
8663101	33.0250	-79.3483	T	Cape Romain, SC
8663219	33.1542	-79.3544	T	South Santee River, ICWW, 4 Mi Canal Creek, SC
8663261	33.1400	-79.2450	T	Cedar Island, North Santee Bay, SC
8663381	33.1200	-79.2700	T	Cedar Island Point, South Santee River, SC
8663461	33.1083	-79.3933	T	Casino Creek, ICWW, SC
8663535	33.0950	-79.8083	T	Quinby Creek bridge, East Branch, SC
8663539	33.0950	-79.9533	T	Pimlico, West Branch, SC
8663618	33.0783	-79.4600	T	McClellanville, Jeremy Creek, SC
8663631	33.0783	-79.9250	T	Old Rice Mill, West Branch, SC
8663665	33.0767	-79.8550	T	Richmond Plantation, East Branch, SC
8663731	33.0717	-79.8833	T	Bonneau Ferry, East Branch, SC
8663757	33.0583	-79.9367	T	Dupont, Dean Hall, SC
8663781	33.0550	-79.8800	T	Blessing Plantation, East Branch, SC
8663858	33.0400	-79.5600	T	Buck Hall, Awendaw Creek, SC
8663899	33.0333	-79.5350	T	Harbor River entrance, SC
8664022	33.0083	-79.9233	T	General Dynamics Pier, SC
8664099	33.0000	-79.4967	T	Five Fathom Creek entrance, SC
8664131	32.9950	-79.9367	T	Back River Reservoir, West Branch, SC
8664442	32.9367	-79.6550	T	Moores Landing, ICWW, Sewee Bay, SC
8664515	32.9483	-79.9317	T	Snow Point, 0.4 mi. North of, SC
8664531	32.9583	-80.2033	T	Bacon Bridge, SC
8664532	32.9317	-80.1567	T	Greggs Landing, Mateeba Gardens, SC
8664541	32.9250	-79.9867	T	Yeamans Hall, Goose Creek, SC
8664545	32.9267	-79.8300	T	Cainhoy, SC
8664582	32.9200	-79.7333	T	Woodville, SC
8664589	32.9183	-80.0117	T	Hanahan, Turkey Creek, Goose Creek, SC
8664611	32.9150	-79.7467	T	Big Paradise Island, SC
8664621	32.9133	-79.6167	T	Wharf Creek entrance, SC
8664662	32.9100	-79.9517	T	Goose Creek entrance, SC
8664688	32.9067	-79.9350	T	Clouter Creek, north entrance, SC
8664699	32.9003	-80.1175	T	North Charleston, Ashley river, SC
8664701	32.9000	-79.9000	T	Nowell Creek, SC
8664782	32.8850	-79.8450	T	Parker Island, Horlbeck Creek, SC
8664801	32.8817	-79.6583	T	Price Creek, North Capers Island, SC
8664841	32.8767	-80.0833	T	Magnolia Gardens, SC
8664878	32.8700	-79.6867	T	Old Capers Landing, Santee Pass, Capers Island, SC
8664941	32.8567	-79.7067	T	Capers Creek, South Capers Island, SC
8664945	32.8600	-79.9383	T	Clouter Creek, south entrance, SC
8664992	32.8500	-79.7033	T	North Dewees Island, Capers Inlet, SC
8665002	32.8483	-80.0517	T	Drayton, Bee's Ferry, SC
8665099	32.8367	-80.0217	T	I-526 bridge, SC
8665101	32.8350	-79.9867	T	Cosgrove Bridge, SC
8665111	32.8333	-79.7267	T	South Dewees Island, Dewees Inlet, SC
8665145	32.8300	-79.9667	T	Duck Island, SC
8665167	32.8267	-79.7867	T	Hamlin Sound, SC
8665192	32.8217	-79.9000	T	Hobcaw Point, SC
8665257	32.8133	-80.4067	T	Canaday Landing, south of, Edisto River, SC
8665387	32.7867	-79.7917	T	Hamlin Creek, Isle of Palms, SC
8665424	32.6750	-79.9517	T	Folly Creek, Hwy. 171 bridge, SC
8665426	32.7933	-79.8817	T	Shem Creek, SC
8665475	32.7867	-80.1050	T	Limehouse Bridge, SC
8665494	32.7833	-79.7850	T	Isle of Palms Pier, SC
8665495	32.7833	-79.9567	T	South Ashley Bridge, SC
8665530	32.7808	-79.9236	T	CHARLESTON (Customhouse Wharf), SC
8665552	32.7767	-79.8117	T	Breach Inlet, Isle of Palms, SC
8665567	32.7733	-79.8417	T	Ben Sawyer Bridge, ICWW, SC
8665589	32.7700	-80.0633	T	Sandblasters, Pennys Creek, SC
8665599	32.7683	-80.0700	T	Pennys Creek, west entrance, SC
8665613	32.7667	-79.9733	T	Wappoo Creek, highway bridge, SC
8665637	32.7633	-79.8567	T	The Cove, Fort Moultrie, SC
8665641	32.7633	-80.0017	T	Elliott Cut entrance, SC
8665726	32.7517	-79.8983	T	Fort Johnson, SC
8665728	32.7533	-79.8767	T	Fort Sumter, SC
8665737	32.7533	-80.4500	T	Jacksonboro Camp, SC
8665763	32.7467	-80.1650	T	Hollywood, Wadmalaw River, SC
8665775	32.7450	-79.9483	T	James Island Creek, 1 mi. above ent., SC
8665814	32.7433	-80.5567	T	Ashepoo, SC
8666017	32.7150	-80.4367	T	Penny Creek, south of, Edisto River, SC
8666029	32.7150	-80.0917	T	Church Creek bridge, SC
8666101	32.7067	-80.1567	T	Johns Island, Church Creek, SC
8666131	32.7033	-80.2783	T	Lower Toogoodoo Creek, 2 mi. above entrance, SC
8666166	32.7133	-80.6950	T	Cuckolds Creek, SC
8666167	32.7000	-80.4267	T	Hope Creek, Edisto River, SC
8666217	32.6950	-80.2233	T	Yonges Island, SC
8666282	32.6833	-80.0967	T	Oak Branch, Bohicket Creek, SC
8666283	32.6767	-80.0067	T	Abbapoola Creek entrance, SC
8666359	32.6833	-80.7383	T	Bluff Plantation, SC
8666367	32.6817	-80.4167	T	Willtown Bluff, Edisto River, SC
8666433	32.6683	-80.2933	T	Toogoodoo Creek, 2 mi. above entrance, SC
8666467	32.6700	-79.9167	T	Folly River, north, Folly Island, SC
8666552	32.6650	-80.3167	T	Park Island, Tom Point Creek, SC
8666616	32.6567	-80.3917	T	Dawho River, SC
8666652	32.6617	-79.9450	T	Folly River Bridge, Folly Island, SC
8666659	32.6517	-80.6833	T	U.S. 17 Bridge, SC
8666699	32.6467	-80.2567	T	Bluff Point, SC
8666749	32.6317	-80.4717	T	Airy Hall Plantation, SC
8666767	32.6400	-80.0150	T	Snake Island, SC
8666775	32.6367	-80.2017	T	Leadenwah Creek, 3 mi. above entrance, SC
8666799	32.6367	-80.3417	T	Dawho Bridge, Dawho River, SC
8666918	32.6250	-80.1667	T	Ho-Non-Wah Boy Scout Camp, Bohicket Creek, SC
8667017	32.6133	-80.4817	T	Brickyard Ferry, swing bridge, SC
8667062	32.6033	-80.1317	T	Kiawah River Bridge, SC
8667067	32.6033	-80.3883	T	Pine Landing, SC
8667074	32.6017	-80.5417	T	Wiggins, Chehaw River, SC
8667075	32.6033	-80.2867	T	Steamboat Landing, Steamboat Creek, SC
8667076	32.6017	-80.9033	T	Tulifiny River, I-95 bridge, SC
8667089	32.5983	-80.1950	T	Rockville, Bohicket Creek, SC
8667101	32.5983	-80.3450	T	Windsor Plantation, Russel Creek, SC
8667146	32.5617	-80.9100	T	North Dawson Landing, Coosawhatchie River, SC
8667172	32.5833	-80.7833	T	Sheldon, Huspa Creek, Whale Branch, SC
8667178	32.5850	-80.2283	T	Point of Pines, SC
8667199	32.5783	-80.6700	T	Briars Creek ent., Wimbee Creek, Bull River, SC
8667201	32.5783	-80.4933	T	Bluff Islands, SC
8667209	32.5783	-80.4483	T	Musselboro Island, Mosquito Creek, SC
8667259	32.5683	-80.5533	T	Fields Point, SC
8667272	32.5650	-80.5167	T	Bowles Island, New Chehaw River, SC
8667281	32.5617	-80.2383	T	Ocella Creek, 2 mi. above entrance, SC
8667295	32.5587	-80.4544	T	White House Woods, Mosquito Creek, SC
8667309	32.5600	-80.4183	T	Fenwick Island, SC
8667351	32.5517	-80.4817	T	Hutchinson Island, SC
8667411	32.5733	-80.7450	T	Lobeco, Whale Branch, SC
8667425	32.5400	-80.3400	T	Peters Point, St. Pierre Creek, SC
8667482	32.5250	-80.4517	T	Ashepoo-Coosaw Cutoff, ICWW, SC
8667491	32.5250	-80.6750	T	Whale Branch entrance, SC
8667493	32.5267	-80.5733	T	Summerhouse Point, Bull River, SC
8667508	32.5217	-80.8383	T	RR. Bridge, Hall Island, SC
8667524	32.5233	-80.4067	T	Seabrook, SC
8667591	32.5050	-80.8633	T	Pilot Island, West Branch Boyds Creek, SC
8667612	32.5019	-80.6849	T	Air Station Beaufort, McCalleys creek, SC
8667624	32.4933	-80.6850	T	Brickyard Point, Brickyard Creek, SC
8667630	32.5017	-80.2967	T	Edisto Beach, Edisto Island, SC
8667633	32.5025	-80.7841	T	Corning Landing, Whale Branch, SC
8667676	32.4933	-80.3400	T	Edisto Marina, Big Bay Creek entrance, SC
8667679	32.4933	-80.3267	T	Carters Dock, Big Bay Creek, SC
8667733	32.4833	-80.6000	T	Sams Point, Lucy Point Creek, SC
8667783	32.4767	-80.4200	T	Otter Island, SC
8667864	32.4650	-80.6917	T	Marine Corps Air Station, Brickyard Creek, SC
8667901	32.4517	-80.6100	T	Lucy Point Creek entrance, SC
8667909	32.4500	-80.7317	T	Albergottie Creek, Rt. 21 bridge, SC
8667927	32.4450	-80.5033	T	Village Creek Entrance, SC
8667972	32.4467	-80.5333	T	Edding Point, Edding Creek, SC
8667982	32.4400	-80.5533	T	Jenkins Creek, 1 mi. above entrance, SC
8667999	32.4300	-80.6750	T	Beaufort, SC
8668077	32.4167	-80.5200	T	Village Creek Cemetery, SC
8668091	32.4200	-80.5767	T	Jenkins Creek, Polawana Island, SC
8668092	32.4133	-80.7000	T	Battery Creek, 4 mi. above entrance, SC
8668109	32.4100	-80.8850	T	Broughton Point, Hazzard Creek, SC
8668146	32.4033	-80.4533	T	Harbor River Bridge, SC
8668155	32.4017	-80.6533	T	Distant Island Creek, upper end, Cowen Creek, SC
8668173	32.3983	-80.6167	T	Cowen Creek, Rt. 21 bridge, SC
8668223	32.3867	-80.7767	T	Hwy. 170 bridge, SC
8668227	32.3917	-80.4383	T	Johnson Creek Bridge, Hunting Island, SC
8668255	32.3717	-80.6050	T	Capers Creek, Cowen Creek, St. Helena Island, SC
8668282	32.3783	-80.6333	T	Distant Island, Cowen Creek, SC
8668301	32.3733	-80.8367	T	Chechessee Bluff, Chechessee River, SC
8668445	32.3500	-80.6683	T	Parris Island, Marine Corps Recruit Depot, SC
8668482	32.3467	-80.8900	T	Baileys Landing, Okatee River, Colleton River, SC
8668498	32.3400	-80.4650	T	Fripps Inlet, Hunting Island Bridge, SC
8668511	32.3417	-80.8567	T	Callawassie Island Bridge, Colleton River, SC
8668529	32.3350	-80.5417	T	Club Bridge Creek ent., Trenchards Inlet, SC
8668601	32.3250	-80.6017	T	Station Creek, County Landing, SC
8668619	32.3217	-80.7917	T	Colleton River Entrance, SC
8668636	32.3167	-80.8417	T	Callawassie Creek, Colleton River, SC
8668655	32.3133	-80.8600	T	Callawassie Island, south, Colleton River, SC
8668686	32.3067	-80.6450	T	Fort Fremont, SC
8668701	32.3033	-81.1217	T	Purrysburg Landing, S.C., SC
8668836	32.2800	-80.6383	T	Station Creek, west end, SC
8668837	32.2733	-80.5850	T	Capers Island, Trenchards Inlet, SC
8668918	32.2667	-80.7367	T	Skull Creek, north entrance, Hilton Head Island, SC
8668944	32.2600	-80.7667	T	Pinckney Island, Mackay Creek, Chechessee River, SC
8669072	32.2367	-81.0117	T	Rt. 170 bridge, SC
8669103	32.2300	-80.8617	T	Bluffton, SC
8669133	32.2233	-80.7717	T	Skull Creek, south entrance, Hilton Head Island, SC
8669167	32.2200	-80.6683	T	Port Royal Plantation, Hilton Head Island, SC
8669246	32.2141	-80.8465	T	Brighton Beach. May River, SC
8669262	32.2000	-80.8150	T	Bull Island North, SC
8669277	32.1950	-81.0000	T	Cook Landing Cemetery, SC
8669323	32.1850	-80.8600	T	Savage I., Savage Creek, Bull Creek, SC
8669338	32.1850	-80.7533	T	Broad Creek, Hilton Head Island, SC
8669346	32.1767	-80.9667	T	Good Hope Landing, south of, SC
8669369	32.1750	-80.8917	T	Moreland Cemetery, SC
8669414	32.1650	-80.8567	T	Bull Creek, Bull Island South, Cooper River, SC
8669415	32.1650	-81.1300	T	Little Back River, Hwy. 17, Back River, S.C., SC
8669464	32.1533	-80.7950	T	Calibogue Cay, Broad Creek, Hilton Head Island, SC
8669493	32.1467	-80.8367	T	Haig Point, Daufuskie Island, Cooper River, SC
8669531	32.1383	-80.9317	T	Doughboy Island, SC
8669575	32.1283	-81.0117	T	Turnbridge Landing, Salt Water Creek, SC
8669601	32.1217	-80.8983	T	Pine Island, Ramshorn Creek, Cooper River, SC
8669625	32.1133	-80.8300	T	Braddock Point, Hilton Head Island, SC
8669691	32.1033	-80.8950	T	Daufuskie Landing, Daufuskie Island, SC
8669722	32.0983	-80.8983	T	Hargray Pier, Daufuskie Island, SC
8669801	32.0817	-80.8783	T	Bloody Point, Daufuskie Island, SC
8669815	32.0867	-80.9333	T	Fields Cut, Wright River, SC
8670073	32.2317	-81.1450	T	S.C.L. RR. bridge, GA
8670424	32.1433	-81.1417	T	Port Wentworth, GA
8670678	32.0817	-81.0367	T	Fort Jackson, GA
8670681	32.0817	-81.0917	T	SAVANNAH, GA
8670870	32.0347	-80.9030	T	Fort Pulaski, Savannah River Entrance, GA
8670892	32.0283	-80.8550	T	Tybee Light, GA
8671086	31.9900	-81.0233	T	Skidaway Institute, Skidaway River, GA
8671314	31.9633	-80.9433	T	Halfmoon Reef, Halfmoon River, GA
8671315	31.9633	-81.0117	T	Priest Landing, Wilmington River, GA
8671489	31.9430	-81.2898	T	Richmond Hill, Ogeechee River, GA
8671642	31.9267	-81.0983	T	Vernon View, Burnside River, GA
8671946	31.8897	-81.0617	T	Little Wassaw Island, Green Island Sound, GA
8672219	31.8533	-81.1467	T	Florida Passage, Ogeechee River, GA
8672455	31.8217	-81.0500	T	Bradley Point, Bradley River, GA
8672462	31.8217	-81.2983	T	Belfast, Belfast River, GA
8672667	31.7933	-81.1817	T	Bear River, (Range 'A' Light), GA
8672696	31.7883	-81.2033	T	Kilkenny Club, Kilkenny Creek, GA
8672875	31.7667	-81.2783	T	Sunbury, Medway River, GA
8673171	31.7230	-81.1417	T	Bear River Entrance, GA
8673381	31.6950	-81.2717	T	Halfmoon, Timmons River, GA
8673437	31.6900	-81.1550	T	Walburg Creek entrance, GA
8673499	31.6817	-81.1917	T	North Newport River (Daymark 119), GA
8673812	31.6433	-81.2567	T	Thomas Landing, S. Newport River, GA
8673875	31.6500	-81.3050	T	Eagle Neck, South Newport River, GA
8673962	31.6233	-81.2633	T	Harris Neck, Barbour Island River, GA
8674251	31.5783	-81.2400	T	Barbour Island, Barbour Island River, GA
8674301	31.5750	-81.1900	T	South Newport River (Daymark 135), GA
8674512	31.5483	-81.3717	T	Pine Harbor, Sapelo River, GA
8674623	31.5317	-81.2700	T	Dog Hammock, Sapelo River, GA
8674638	31.5317	-81.3600	T	Bellville Point, Sapelo River, GA
8674801	31.5100	-81.2783	T	Eagle Creek, Mud River, GA
8674875	31.4983	-81.3250	T	Creighton Narrows Entrance, Crescent River, GA
8674962	31.4883	-81.2100	T	Blackbeard Creek, Blackbeard Island, GA
8674975	31.4867	-81.3200	T	Daymark #156, Head of Mud River, GA
8675245	31.4467	-81.3433	T	Hudson Creek entrance, GA
8675365	31.4317	-81.3067	T	Old Tea Kettle Creek (Daymark 173), GA
8675622	31.3900	-81.2883	T	Old Tower, Sapelo Island, GA
8675761	31.3739	-81.3339	T	Rockdedundy River (Daymark 185), GA
8675779	31.3683	-81.4350	T	Darien, Darien River, GA
8675843	31.3567	-81.3767	T	Threemile Cut entrance, Darien River, GA
8676012	31.3317	-81.4600	T	Champney Island, South Altamaha River, GA
8676329	31.2850	-81.3850	T	Mackay River (ICWW), Buttermilk Sound, GA
8676722	31.2250	-81.5717	T	Dillard Creek, GA
8676743	31.2217	-81.3933	T	Frederica River, GA
8676766	31.2100	-81.4250	T	Mackay River (Daymark 239), GA
8676787	31.2150	-81.5833	T	Buffalo River entrance, GA
8676808	31.2133	-81.5500	T	Crispen Island, GA
8677045	31.1683	-81.4133	T	Frederica River Bridge, GA
8677344	31.1317	-81.3967	T	St. Simons Light, GA
8677406	31.1446	-81.4968	T	Howe Street Pier, Brunswick, GA
8677566	31.0983	-81.5733	T	8 miles above mouth, GA
8677576	31.0950	-81.5050	T	Jointer Island, Jointer Creek, GA
8677832	31.0567	-81.4233	T	Jekyll Island Marina, Jekyll Creek, GA
8677833	31.0583	-81.4933	T	2.5 miles above mouth, GA
8678111	31.0167	-81.5283	T	Dover Bluff, Dover Creek, GA
8678124	31.0148	-81.4560	T	Raccoon Key Spit, GA
8678322	30.9850	-81.5917	T	Bailey Cut, 0.8 mile west of, GA
8678412	30.9717	-81.5200	T	Todd Creek entrance, GA
8678466	30.9633	-81.6550	T	Ceylon, GA
8678642	30.9367	-81.5067	T	Floyd Creek, 2.8 miles above entrance, GA
8678688	30.9300	-81.4467	T	Cumberland Wharf, Cumberland River, GA
8679083	30.8700	-81.5850	T	Harrietts Bluff, Crooked River, GA
8679242	30.8433	-81.4867	T	Crooked River, Cumberland Dividings, GA
8679511	30.7967	-81.5150	T	Kings Bay, Navy Base, GA
8679598	30.7781	-81.4914	T	Kings Bay, MSF Pier, GA
8679758	30.7633	-81.4717	T	Seacamp Dock, Cumberland Island, GA
8679945	30.7267	-81.4767	T	Beach Creek ent., Cumberland Island, GA
8679964	30.7200	-81.5483	T	St. Marys, GA
8679997	30.7200	-81.4450	T	St. Marys Entrance, North Jetty, GA
8720001	30.7867	-81.8400	T	Kings Ferry, FL
8720004	30.7217	-81.6217	T	Crandall, FL
8720006	30.7317	-81.7267	T	Little St. Marys River, FL
8720007	30.7033	-81.5767	T	Roses Bluff, Bells River, FL
8720011	30.7083	-81.4650	T	CUT 1N FRONT RANGE, ST MARYS RIVER ENTR, FL
8720023	30.6833	-81.5333	T	Chester, Bells River, FL
8720030	30.6714	-81.4658	T	Fernandina Beach, Amelia River, FL
8720051	30.6433	-81.5233	T	Lofton, Lanceford Creek, FL
8720058	30.6317	-81.4767	T	Kingsley Creek, RR. bridge, FL
8720059	30.6300	-81.5767	T	Vaughns Landing, FL
8720084	30.5883	-81.6633	T	Boggy Creek, 2 mi. above entrance, FL
8720086	30.5867	-81.4633	T	Amelia City, South Amelia River, FL
8720093	30.5767	-81.6083	T	Halfmoon Island, highway bridge, FL
8720097	30.5767	-81.5717	T	Cuno, Lofton Creek, FL
8720098	30.5683	-81.5150	T	Nassauville, FL
8720119	30.5367	-81.5817	T	Mink Creek entrance, FL
8720135	30.5183	-81.4533	T	Nassau River Entrance, FL
8720137	30.5133	-81.4567	T	Sawpit Creek entrance, bridge, FL
8720143	30.5033	-81.4717	T	Sawpit Creek, 1 mi. above entrance, FL
8720145	30.5017	-81.5417	T	Edwards Creek, 1 mi. above entrance, FL
8720148	30.5017	-81.4950	T	Tiger Point, Pumpkin Hill Creek, FL
8720168	30.4650	-81.4317	T	Simpson Creek, A1A highway bridge, FL
8720186	30.4400	-81.4383	T	Fort George Island, Fort George River, FL
8720189	30.4367	-81.6417	T	Cedar Heights, Broward River, FL
8720194	30.4300	-81.4050	T	Little Talbot Island, ocean, FL
8720196	30.4167	-81.4533	T	Sisters Creek, FL
8720198	30.4067	-81.5100	T	Clapboard Creek, Pelotes Island, FL
8720203	30.4133	-81.5450	T	Blount Island Bridge, FL
8720211	30.4000	-81.4133	T	Mayport Naval Station, Water Treatment Dock, FL
8720213	30.4200	-81.7283	T	Sherwood Forest, FL
8720214	30.3967	-81.3950	T	Mayport Naval Station, Degausing Structure, FL
8720215	30.4000	-81.6267	T	Jacksonville, Navy Fuel Depot, FL
8720216	30.3983	-81.6983	T	Lake Forest, Ribault River, FL
8720217	30.3917	-81.6617	T	Moncrief Creek entrance, FL
8720218	30.3982	-81.4279	T	MAYPORT (BAR PILOT DOCK), FL
8720219	30.3867	-81.5583	T	Dame Point, FL
8720220	30.3933	-81.4317	T	Mayport (Ferry Depot), FL
8720221	30.3900	-81.5067	T	Fulton, FL
8720225	30.3833	-81.6367	T	Phoenix Park, FL
8720226	30.3200	-81.6583	T	Jacksonville, Main Street Bridge, FL
8720232	30.3767	-81.4483	T	Pablo Creek entrance, FL
8720242	30.3600	-81.6200	T	Jacksonville, Long Branch, FL
8720259	30.3350	-81.3950	T	Atlantic Beach, FL
8720267	30.3233	-81.4383	T	Pablo Creek, ICWW bridge, FL
8720274	30.3100	-81.6100	T	Little Pottsburg Creek, FL
8720291	30.2833	-81.3867	T	Jacksonville Beach, FL
8720296	30.2783	-81.7050	T	Ortega River entrance, FL
8720305	30.2533	-81.4300	T	Oak Landing, ICWW, FL
8720333	30.2283	-81.6633	T	Piney Point, FL
8720357	30.1924	-81.6889	T	I-295 bridge (west end), FL
8720374	30.1683	-81.6950	T	Orange Park Landing, Orange Park, FL
8720398	30.1333	-81.3867	T	Palm Valley, ICWW, FL
8720406	30.1200	-81.7583	T	Peoria Point, Doctors Lake, FL
8720409	30.1350	-81.6300	T	Julington Creek, FL
8720434	30.0800	-81.7617	T	Black Creek, S.C.L. RR. bridge, FL
8720494	29.9944	-81.3295	T	Tolomato River (ICWW), FL
8720496	29.9900	-81.6633	T	Green Cove Springs, FL
8720503	29.9817	-81.6342	T	Red Bay Point, St Johns River, FL
8720554	29.9167	-81.3000	T	Vilano Beach, Tolomato River, FL
8720576	29.8917	-81.3100	T	St. Augustine, city dock, FL
8720582	29.8667	-81.3067	T	State Road 312, Matanzas River, FL
8720587	29.8567	-81.2633	T	St. Augustine Beach, FL
8720596	29.8583	-81.5533	T	Tocoi, FL
8720625	29.8017	-81.5483	T	Racy Point, St Johns River, FL
8720651	29.7683	-81.2583	T	Crescent Beach, Matanzas River, FL
8720653	29.7633	-81.5617	T	Palmetto Bluff, FL
8720686	29.7150	-81.2383	T	Fort Matanzas, Matanzas River, ICWW, FL
8720692	29.7045	-81.2279	T	Matanzas Inlet, State Road A1A Bridge, FL
8720757	29.6150	-81.2050	T	Bings Landing, Matanzas River, FL
8720767	29.5950	-81.6817	T	Buffalo Bluff, FL
8720774	29.6433	-81.6317	T	Palatka, FL
8720782	29.5717	-81.6067	T	Sutherlands Still, Dunns Creek, FL
8720793	29.5583	-81.5733	T	Piney Bluff Landing, FL
8720832	29.4767	-81.6750	T	Welaka, FL
8720833	29.4783	-81.1367	T	Smith Creek, Flagler Beach, FL
8720954	29.2850	-81.0533	T	Ormond Beach, Halifax River, FL
8721120	29.1467	-80.9633	T	Daytona Beach Shores, Sunglow Pier, FL
8721138	29.0817	-80.9367	T	Ponce Inlet, Halifax River, FL
8721147	29.0633	-80.9158	T	Ponce de Leon Inlet, FL
8721164	29.0233	-80.9183	T	New Smyrna Beach, FL
8721222	28.9400	-80.8700	T	Packwood Place, Mosquito Lagoon, FL
8721223	28.9267	-80.8250	T	Turtle Mound, Mosquito Lagoon, FL
8721604	28.4158	-80.5931	T	Port Canaveral (Trident Pier), FL
8721649	28.3683	-80.6000	T	Cocoa Beach, FL
8721727	28.2450	-80.6000	T	Patrick Air Force Base, FL
8721804	28.1383	-80.5783	T	Canova Beach, FL
8721843	28.0833	-80.5917	T	Melbourne Causeway, FL
8721994	27.8733	-80.4967	T	Micco, FL
8722004	27.8600	-80.4483	T	Sebastian Inlet bridge, FL
8722029	27.8117	-80.4633	T	Sebastian, FL
8722059	27.7550	-80.4250	T	Wabasso, FL
8722105	27.6700	-80.3600	T	Vero Beach (ocean), FL
8722125	27.6317	-80.3717	T	Vero Beach, FL
8722146	27.5933	-80.3567	T	Oslo, FL
8722207	27.4800	-80.3333	T	St. Lucie, FL
8722208	27.4717	-80.3250	T	North Beach Causeway, FL
8722212	27.4700	-80.2883	T	Fort Pierce Inlet, south jetty, FL
8722213	27.4683	-80.3000	T	Fort Pierce Inlet, Binney Dock, FL
8722219	27.4567	-80.3233	T	Fort Pierce, South Beach Causeway, FL
8722274	27.3550	-80.2733	T	Ankona, FL
8722312	27.2867	-80.2267	T	Eden, Nettles Island, FL
8722329	27.2517	-80.2183	T	Jensen Beach Causeway Park, FL
8722334	27.2433	-80.3133	T	North Fork, FL
8722357	27.2000	-80.2583	T	Stuart, FL
8722366	27.1833	-80.1583	T	Seminole Shores, FL
8722371	27.1750	-80.1883	T	Sewall Point, FL
8722375	27.1583	-80.1567	T	South Point, St. Lucie Inlet, FL
8722376	27.1650	-80.2550	T	South Fork, FL
8722381	27.1550	-80.1717	T	Great Pocket, FL
8722383	27.1517	-80.1950	T	Port Salerno, Manatee Pocket, FL
8722404	27.1133	-80.1450	T	Peck Lake, ICWW, FL
8722414	27.0933	-80.1367	T	Gomez, South Jupiter Narrows, FL
8722429	27.0650	-80.1233	T	Hobe Sound bridge, FL
8722445	27.0367	-80.1067	T	Hobe Sound, Jupiter Island, FL
8722471	26.9883	-80.0933	T	Conch Bar, Jupiter Sound, FL
8722472	26.9867	-80.1417	T	Boy Scout Dock, FL
8722478	26.9750	-80.1133	T	North Fork, 2 miles above entrance, FL
8722481	26.9700	-80.1267	T	3 miles above A1A highway bridge, FL
8722486	26.9600	-80.1050	T	Tequesta, North Fork, FL
8722491	26.9517	-80.0800	T	Jupiter Sound, south end, FL
8722492	26.9467	-80.0900	T	A1A highway bridge, FL
8722494	26.9433	-80.1200	T	Southwest Fork, 0.5 mile above entrance, FL
8722495	26.9433	-80.0733	T	Jupiter Inlet, south jetty, FL
8722496	26.9350	-80.1433	T	Southwest Fork (spillway), FL
8722499	26.9350	-80.0850	T	Jupiter, Lake Worth Creek, ICWW, FL
8722512	26.9117	-80.0800	T	Lake Worth Creek, Day Beacon 19, ICWW, FL
8722528	26.8817	-80.0700	T	Donald Ross Bridge, ICWW, FL
8722548	26.8433	-80.0667	T	PGA Boulevard Bridge, ICWW, FL
8722557	26.8267	-80.0550	T	North Palm Beach, FL
8722588	26.7700	-80.0517	T	Port of Palm Beach, FL
8722607	26.7333	-80.0417	T	Palm Beach, FL
8722621	26.7050	-80.0450	T	Palm Beach, Highway 704 bridge, FL
8722654	26.6450	-80.0450	T	West Palm Beach Canal, FL
8722669	26.6133	-80.0467	T	Lake Worth ICW, FL
8722670	26.6128	-80.0342	T	Lake Worth Pier (ocean), FL
8722706	26.5483	-80.0533	T	Boynton Beach, Lake Worth, FL
8722718	26.5267	-80.0533	T	Ocean Ridge, ICWW, FL
8722746	26.4733	-80.0617	T	Delray Beach, ICWW, FL
8722761	26.4467	-80.0650	T	South Delray Beach, ICWW, FL
8722784	26.4033	-80.0700	T	Yamato, ICWW, FL
8722802	26.3700	-80.0700	T	Lake Wyman, ICWW, FL
8722816	26.3433	-80.0767	T	Boca Raton, Lake Boca Raton, FL
8722832	26.3133	-80.0817	T	Deerfield Beach, Hillsboro River, FL
8722854	26.2733	-80.0800	T	Hillsboro Beach, ICWW, FL
8722859	26.2600	-80.0850	T	Hillsboro Inlet Marina, FL
8722861	26.2583	-80.0817	T	Hillsboro Inlet, Coast Guard Light Station, FL
8722862	26.2567	-80.0800	T	Hillsboro Inlet (ocean), FL
8722899	26.1883	-80.0933	T	Lauderdale-by-the-Sea, Anglin Fishing Pier, FL
8722937	26.1183	-80.1450	T	Fort Lauderdale, Andrews Ave. Bridge, FL
8722939	26.1133	-80.1083	T	Bahia Mar Yacht Club, FL
8722946	26.1000	-80.1083	T	Mayan Lake, FL
8722951	26.0917	-80.1233	T	Port Everglades, Turning Basin, FL
8722956	26.0817	-80.1167	T	South Port Everglades, ICWW, FL
8722957	26.0800	-80.1117	T	Whiskey Creek, north end, FL
8722968	26.0600	-80.1300	T	Port Laudania, Dania cut-off Canal, FL
8722971	26.0550	-80.1133	T	Whiskey Creek, south entrance, ICWW, FL
8722977	26.0433	-80.1267	T	Hollywood Beach, West Lake, north end, FL
8722979	26.0400	-80.1150	T	Hollywood Beach, FL
8722982	26.0333	-80.1233	T	Hollywood Beach, West Lake, south end, FL
8723026	25.9667	-80.1250	T	Golden Beach, ICWW, FL
8723044	25.9417	-80.1250	T	Dumfoundling Bay, FL
8723050	25.9300	-80.1200	T	North Miami Beach, Newport Fishing Pier, FL
8723073	25.9033	-80.1250	T	Bakers Haulover Inlet (inside), FL
8723080	25.9033	-80.1200	T	Haulover Pier, N. Miami Beach, FL
8723087	25.9283	-80.1300	T	Sunny Isles, Biscayne Creek, FL
8723089	25.8800	-80.1633	T	Biscayne Creek, ICWW, FL
8723094	25.8750	-80.1433	T	Indian Creek Golf Club, ICWW, FL
8723155	25.7700	-80.1683	T	Dodge Island, Fishermans Channel, FL
8723156	25.7933	-80.1633	T	San Marino Island, FL
8723165	25.7783	-80.1850	T	Miami Miamarina, Biscayne Bay, FL
8723170	25.7683	-80.1317	T	Miami Harbor Entrance, FL
8723178	25.7633	-80.1300	T	GOVERNMENT CUT, MIAMI HARBOR ENTRANCE, FL
8723205	25.7267	-80.2367	T	Dinner Key Marina, FL
8723214	25.7314	-80.1618	T	Virginia Key, Biscayne Bay, FL
8723232	25.6983	-80.1700	T	Key Biscayne Yacht Club, Biscayne Bay, FL
8723251	25.6517	-80.1600	T	Coral Shoal, Biscayne Channel, FL
8723289	25.6150	-80.3050	T	Cutler, Biscayne Bay, FL
8723303	25.5900	-80.1617	T	Soldier Key, FL
8723350	25.5333	-80.1717	T	Ragged Keys, Biscayne Bay, FL
8723355	25.5233	-80.1750	T	Boca Chita Key, Biscayne Bay, FL
8723372	25.5067	-80.1883	T	Sands Key, northwest point, Biscayne Bay, FL
8723391	25.4800	-80.1883	T	Coon Point, Elliott Key, Biscayne Bay, FL
8723393	25.4767	-80.1800	T	Sea Grape Point, Elliott Key, FL
8723409	25.4533	-80.1967	T	Elliott Key Harbor, Elliott Key, Biscayne Bay, FL
8723423	25.4367	-80.3300	T	Turkey Point, Biscayne Bay, FL
8723439	25.4150	-80.2100	T	Billys Point, south of, Elliott Key, Biscayne Bay, FL
8723453	25.3967	-80.2333	T	Adams Key, south end, Biscayne Bay, FL
8723457	25.3917	-80.2300	T	Christmas Point, Elliott Key, FL
8723465	25.3733	-80.2900	T	East Arsenicker, Card Sound, FL
8723467	25.3783	-80.2567	T	Totten Key, west side, Biscayne Bay, FL
8723491	25.3450	-80.3317	T	Card Sound, western side, FL
8723506	25.3250	-80.2933	T	Pumpkin Key, south end, Card Sound, FL
8723518	25.3100	-80.2983	T	Wednesday Point, Key Largo, Card Sound, FL
8723519	25.3083	-80.2767	T	Ocean Reef Harbor, Key Largo, FL
8723532	25.2900	-80.3400	T	Cormorant Point, Key Largo, Card Sound, FL
8723534	25.2883	-80.3700	T	Little Card Sound bridge, FL
8723571	25.2400	-80.4000	T	Main Key, Barnes Sound, FL
8723575	25.2350	-80.4300	T	Manatee Creek, Manatee Bay, Barnes Sound, FL
8723583	25.2217	-80.2117	T	Carysfort Reef, FL
8723622	25.1717	-80.3667	T	Garden Cove, Key Largo, FL
8723644	25.1417	-80.9233	T	Flamingo, Florida Bay, FL
8723651	25.1400	-80.3950	T	Largo Sound, Key Largo, FL
8723667	25.1133	-80.4167	T	Key Largo, South Sound, Key Largo
8723689	25.0817	-80.4467	T	Rock Harbor, Key Largo, FL
8723691	25.0817	-80.4500	T	Point Charles, Key Largo, FL
8723746	25.0050	-80.6183	T	Crane Keys, north side, Florida Bay, FL
8723747	25.0050	-80.5167	T	Tavernier Harbor, Hawk Channel, FL
8723748	25.0033	-80.5300	T	Tavernier Creek, Hwy. 1 bridge, Hawk Channel, FL
8723752	24.9967	-80.6100	T	East Key, southern end, Florida Bay, FL
8723769	24.9733	-80.5500	T	Plantation Key, Hawk Channel, FL
8723776	24.9650	-80.5683	T	Yacht Harbor, Cowpens Anchorage, Plantation Key, FL
8723786	24.9533	-80.5867	T	Snake Creek, USCG Station, Plantation Key, FL
8723787	24.9517	-80.5883	T	Snake Creek, Hwy. 1 bridge, Windley Key, FL
8723795	24.9400	-80.6083	T	Whale Harbor, Windley Key, Hawk Channel, FL
8723797	24.9383	-80.6100	T	Whale Harbor Channel, Hwy. 1 bridge, Windley Key, FL
8723807	24.9233	-80.6717	T	Shell Key, northwest side, Lignumvitae Basin, FL
8723808	24.9250	-80.6317	T	Islamorada, Upper Matecumbe Key, Florida Bay, FL
8723812	24.9133	-80.6600	T	Shell Key Channel, Florida Bay, FL
8723813	24.9150	-80.6400	T	Little Basin, Upper Matecumbe Key, Florida Bay, FL
8723814	24.9150	-80.6317	T	Upper Matecumbe Key, Hawk Channel, FL
8723824	24.9033	-80.6950	T	Lignumvitae Key, NE side, Florida Bay, FL
8723825	24.9000	-80.7050	T	Lignumvitae Key, west side, Florida Bay, FL
8723828	24.8967	-80.6583	T	Upper Matecumbe Key, west end, Hawk Channel, FL
8723843	24.8767	-80.6767	T	Indian Key, Hawk Channel, FL
8723851	24.8683	-80.7033	T	Indian Key Anchorage, Lower Matecumbe Key, FL
8723852	24.8650	-80.7167	T	Matecumbe Bight, Lower Matecumbe Key, Fla. Bay, FL
8723861	24.8500	-80.6183	T	Alligator Reef, Hawk Channel, FL
8723862	24.8517	-80.7400	T	Matecumbe Harbor, Lower Matecumbe Key, Fla. Bay, FL
8723868	24.8450	-80.7483	T	Channel Two, east, Lower Matecumbe Key, Fla. Bay, FL
8723869	24.8417	-80.7533	T	Channel Two, west side, Hawk Channel, FL
8723872	24.8400	-80.7800	T	Channel Five, west side, Hawk Channel, FL
8723873	24.8383	-80.7983	T	Jewfish Hole, Long Key, Florida Bay, FL
8723874	24.8367	-80.7667	T	Channel Five, east side, Hawk Channel, FL
8723879	24.8283	-80.8083	T	Long Key Bight, Long Key, FL
8723887	24.8234	-80.8127	T	Long Key Lake, Long Key, FL
8723899	24.8033	-80.8500	T	Long Key, western end, FL
8723906	24.7917	-80.8833	T	Conch Key, eastern end, FL
8723912	24.7833	-80.9067	T	Toms Harbor Cut, FL
8723918	24.7767	-80.9233	T	Toms Harbor Channel, Hwy. 1 bridge, FL
8723921	24.7717	-80.9400	T	Grassy Key, north side, Florida Bay, FL
8723927	24.7650	-80.9133	T	Duck Key, Hawk Channel, FL
8723933	24.7550	-80.9583	T	Grassy Key, south side, Hawk Channel, FL
8723949	24.7333	-81.0167	T	Fat Deer Key, Florida Bay, FL
8723950	24.7300	-81.0300	T	Vaca Key-Fat Deer Key bridge, FL
8723962	24.7183	-81.0167	T	Key Colony Beach, FL
8723970	24.7110	-81.1065	T	VACA KEY, USCG STATION, FLORIDA BAY, FL
8723971	24.7033	-81.1050	T	Boot Key Harbor bridge, Boot Key, FL
8723999	24.6267	-81.1117	T	Sombrero Key, Hawk Channel, FL
8724008	24.7067	-81.1250	T	Knight Key Channel, Knight Key, Florida Bay, FL
8724032	24.7033	-81.1550	T	Pigeon Key, south side, Hawk Channel, FL
8724033	24.7050	-81.1567	T	Pigeon Key, north side, Florida Bay, FL
8724062	24.6833	-81.1917	T	Molasses Key Channel, Molasses Keys, FL
8724082	24.6833	-81.2167	T	Money Key, FL
8724093	24.6817	-81.2283	T	Little Duck Key, east end, Hawk Channel, FL
8724094	24.7750	-81.2267	T	East Bahia Honda Key, south end, Florida Bay, FL
8724098	24.7450	-81.2367	T	Cocoanut Key, Florida Bay, FL
8724099	24.6800	-81.2350	T	Missouri Key-Little Duck Key Channel, FL
8724107	24.6733	-81.2433	T	Missouri Key-Ohio Key Channel, west side, FL
8724112	24.6700	-81.2517	T	Ohio Key-Bahia Honda Key Channel, west side, FL
8724129	24.7800	-81.2717	T	West Bahia Honda Key, FL
8724138	24.6550	-81.2817	T	Bahia Honda Key, Bahia Honda Channel, FL
8724139	24.7667	-81.2833	T	Horseshoe Keys, south end, FL
8724153	24.7433	-81.3000	T	Johnson Keys, south end, FL
8724154	24.7133	-81.3033	T	Little Pine Key, south end, FL
8724168	24.6983	-81.3183	T	No Name Key, east side, Bahia Honda Channel, FL
8724172	24.7667	-81.3233	T	Johnson Keys, north end, FL
8724177	24.7500	-81.3283	T	Little Pine Key, north end, FL
8724178	24.6483	-81.3300	T	Big Pine Key, Spanish Harbor, FL
8724189	24.7400	-81.3417	T	Water Key, west end, Big Spanish Channel, FL
8724192	24.6517	-81.3500	T	Big Pine Key, Coupon Bight, FL
8724193	24.6967	-81.3483	T	Big Pine Key, Bogie Channel Bridge, FL
8724196	24.7183	-81.3517	T	Porpoise Key, Big Spanish Channel, FL
8724199	24.7567	-81.3583	T	Crawl Key, Big Spanish Channel, FL
8724201	24.6900	-81.3567	T	Big Pine Key, Doctors Arm, Bogie Channel, FL
8724205	24.7333	-81.3617	T	Mayo Key, Big Spanish Channel, FL
8724209	24.7733	-81.3683	T	Little Spanish Key, Spanish Banks, FL
8724211	24.6700	-81.3683	T	Big Pine Key, Pine Channel Bridge, north side, FL
8724213	24.6683	-81.3717	T	Big Pine Key, Pine Channel Bridge, south side, FL
8724215	24.6517	-81.3750	T	Big Pine Key, Newfound Harbor Channel, FL
8724223	24.6650	-81.3867	T	Little Torch Key, Pine Channel Bridge, south side, FL
8724224	24.6650	-81.3867	T	Little Torch Key, Pine Channel Bridge, south side, FL
8724226	24.7283	-81.3867	T	Big Pine Key, northeast shore, FL
8724227	24.6900	-81.3833	T	Big Pine Key, west side, Pine Channel, FL
8724229	24.7583	-81.3900	T	Annette Key, north end, Big Spanish Channel, FL
8724231	24.7450	-81.3950	T	Big Pine Key, north end, FL
8724232	24.6650	-81.3950	T	Little Torch Key, Torch Channel, FL
8724237	24.6617	-81.4017	T	Middle Torch Key, Torch Ramrod Channel, FL
8724238	24.6233	-81.4033	T	Munson Island, Newfound Harbor Channel, FL
8724239	24.6500	-81.4033	T	Ramrod Key, Newfound Harbor, FL
8724243	24.7250	-81.4067	T	Howe Key, south end, Harbor Channel, FL
8724246	24.7883	-81.4117	T	Big Spanish Key, FL
8724255	24.6600	-81.4233	T	Ramrod Key, Niles Channel Bridge, FL
8724257	24.7583	-81.4283	T	Howe Key, northwest end, FL
8724264	24.7050	-81.4333	T	Big Torch Key, Niles Channel, FL
8724266	24.6517	-81.4350	T	Summerland Key, Niles Channel South, FL
8724267	24.6600	-81.4367	T	Summerland Key, Niles Channel Bridge, FL
8724273	24.7467	-81.4500	T	Water Keys, south end, Harbor Channel, FL
8724274	24.7367	-81.4433	T	Big Torch Key, Harbor Channel, FL
8724276	24.6500	-81.4467	T	Summerland Key, southwest side, Kemp Channel, FL
8724292	24.6617	-81.4683	T	Kemp Channel Viaduct, FL
8724293	24.6067	-81.4700	T	Key Lois, southeast end, FL
8724302	24.7150	-81.4783	T	Knockemdown Key, north end, FL
8724306	24.6417	-81.4850	T	Gopher Key, Cudjoe Bay, FL
8724307	24.7900	-81.4833	T	Content Keys, Content Passage, FL
8724311	24.7417	-81.4833	T	Raccoon Key, east side, FL
8724313	24.6600	-81.4917	T	Cudjoe Key, Cudjoe Bay, FL
8724326	24.6533	-81.5150	T	Sugarloaf Key, Pirates Cove, FL
8724327	24.6283	-81.5100	T	Sugarloaf Key, east side, Tarpon Creek, FL
8724328	24.7000	-81.5050	T	Cudjoe Key, north end, Kemp Channel, FL
8724332	24.6617	-81.5150	T	Cudjoe Key, Pirates Cove, FL
8724334	24.6300	-81.5167	T	Tarpon Creek, FL
8724347	24.6717	-81.5333	T	Sugarloaf Key, northeast side, Bow Channel, FL
8724353	24.6550	-81.5400	T	Park Channel Bridge, FL
8724367	24.6533	-81.5533	T	North Harris Channel, FL
8724368	24.6933	-81.5550	T	Sugarloaf Key, north end, Bow Channel, FL
8724369	24.7583	-81.5617	T	Sawyer Key, inside, Cudjoe Channel, FL
8724370	24.7583	-81.5617	T	Sawyer Key, outside, Cudjoe Channel, FL
8724373	24.7167	-81.5617	T	Pumpkin Key, Bow Channel, FL
8724378	24.6483	-81.5700	T	Perky, FL
8724397	24.7100	-81.5933	T	Johnston Key, southwest end, Turkey Basin, FL
8724405	24.6233	-81.6033	T	Saddlebunch Keys, Channel No. 3, FL
8724409	24.6583	-81.6083	T	Snipe Keys, southeast end, Inner Narrows, FL
8724417	24.6150	-81.6167	T	Saddlebunch Keys, Channel No. 4, FL
8724422	24.6000	-81.6217	T	Saddlebunch Keys, Similar Sound, FL
8724423	24.6117	-81.6233	T	Saddlebunch Keys, Channel No. 5, FL
8724427	24.6667	-81.6300	T	Snipe Keys, Middle Narrows, FL
8724436	24.5883	-81.6383	T	Bird Key, Similar Sound, FL
8724438	24.6033	-81.6450	T	Shark Key, southeast end, Similar Sound, FL
8724441	24.6167	-81.6450	T	O'Hara Key, north end, Waltz Key Basin, FL
8724448	24.6467	-81.6533	T	Waltz Key, Waltz Key Basin, FL
8724459	24.5917	-81.6700	T	Rockland Key, Rockland Channel Bridge, FL
8724463	24.6917	-81.6733	T	Snipe Keys, Snipe Point, FL
8724474	24.6233	-81.6850	T	Duck Key Point, Duck Key, Waltz Key Basin, FL
8724485	24.6033	-81.6983	T	Boca Chica Key, Long Point, FL
8724489	24.6017	-81.6550	T	Big Coppitt Key, northeast side, Waltz Key Basin, FL
8724493	24.5750	-81.7083	T	Boca Chica Marina, FL
8724499	24.5633	-81.7133	T	Boca Chica Key, Southwest end, FL
8724503	24.5767	-81.7217	T	Boca Chica Channel Bridge, FL
8724507	24.6033	-81.7250	T	Channel Key, west side, FL
8724517	24.5800	-81.7383	T	Key Haven - Stock Island Channel, FL
8724527	24.5700	-81.7500	T	Cow Key Channel, FL
8724529	24.5650	-81.7517	T	Riveria Canal, Key West, FL
8724542	24.5850	-81.7750	T	Sigsbee Park, Garrison Bight Channel, FL
8724557	24.5450	-81.7833	T	Key West, south side, White Street Pier, FL
8724571	24.5917	-81.7950	T	Fleming Key, north end, FL
8724580	24.5557	-81.8079	T	KEY WEST, FL
8724635	24.4533	-81.8783	T	Sand Key Lighthouse, Sand Key Channel, FL
8724671	24.7183	-81.9215	T	Smith Shoal Light, FL
8724697	24.6267	-82.8717	T	Garden Key, Dry Tortugas, FL
8724698	24.6317	-82.9200	T	Loggerhead Key, Dry Tortugas, FL
8724769	25.3450	-81.1267	T	Shark River entrance, FL
8724842	25.5533	-81.2133	T	Lostmans River entrance, FL
8724863	25.6117	-81.1333	T	Onion Key, Lostmans River, FL
8724891	25.6900	-81.2850	T	Chatham River entrance, FL
8724919	25.8133	-81.3633	T	Chokoloskee, FL
8724932	25.8000	-81.4667	T	Indian Key
8724947	25.8533	-81.6750	T	Cape Romano, FL
8724948	25.8583	-81.3867	T	Everglades City, Barron River
8724963	25.8950	-81.5583	T	Pumpkin Bay, FL
8724964	25.8967	-81.6367	T	Coon Key, FL
8724967	25.9083	-81.7283	T	Marco Island, Caxambas Pass, FL
8724991	25.9717	-81.7283	T	Marco, Big Marco River, FL
8724996	25.9850	-81.7017	T	McIlvaine Bay, FL
8725019	26.0250	-81.7683	T	Keewaydin island (inside), FL
8725110	26.1317	-81.8075	T	Naples (outer coast), FL
8725114	26.1367	-81.7883	T	Naples, Naples Bay, north end, FL
8725228	26.2817	-81.8017	T	Cocohatchee River, U.S. 41 bridge, FL
8725235	26.2900	-81.8183	T	Wiggins Pass, Cocohatchee River, FL
8725283	26.3533	-81.8550	T	Little Hickory Island, FL
8725319	26.4000	-81.8433	T	Coconut Point, FL
8725325	26.4050	-81.8850	T	Carlos Point, Estero Bay, FL
8725346	26.4300	-81.8567	T	Estero River, FL
8725351	26.4383	-81.9183	T	Estero Island, Estero Bay, FL
8725362	26.4433	-82.0817	T	Tarpon Bay, Sanibel Island, FL
8725366	26.4567	-81.9533	T	Matanzas Pass (fixed bridge) Estero Island, FL
8725377	26.4700	-81.8767	T	Hendry Creek, Estero Bay, FL
8725383	26.4783	-82.1833	T	Captiva Island (outside), FL
8725391	26.4883	-82.0133	T	Punta Rassa, San Carlos Bay, FL
8725393	26.4917	-82.0817	T	St. James City, Pine Island, FL
8725411	26.5133	-82.1067	T	Galt Island, Pine Island Sound, FL
8725417	26.5217	-82.1883	T	Captiva Island, Pine Island Sound, FL
8725418	26.5217	-81.9650	T	Iona Shores, FL
8725439	26.5483	-82.0800	T	Tropical Homesites Landing, Pine Island, FL
8725441	26.5500	-82.1967	T	Redfish Pass, Captiva Island (north end), FL
8725451	26.5633	-81.9333	T	Cape Coral Bridge, FL
8725488	26.6050	-82.2183	T	North Captiva Island, FL
8725506	26.6317	-82.0683	T	Matlacha Pass (bascule bridge), FL
8725520	26.6478	-81.8711	T	Fort Myers, FL
8725528	26.6600	-82.1550	T	Pineland, Pine Island, FL
8725541	26.7067	-82.1633	T	Bokeelia, Charlotte Harbor, FL
8725577	26.7200	-82.2583	T	Port Boca Grande, Charlotte Harbor, FL
8725649	26.7967	-82.1833	T	Turtle Bay, FL
8725667	26.8333	-82.2650	T	Placida, Gasparilla Sound, FL
8725685	26.8550	-82.3033	T	Don Pedro Island State Park, Cutoff (south), FL
8725744	26.9283	-82.0650	T	Punta Gorda, Charlotte Harbor, FL
8725745	26.9300	-82.1367	T	Locust Point, Hog Island, FL
8725747	26.9333	-82.3533	T	Englewood, Lemon Bay, FL
8725769	26.9617	-82.2100	T	El Jobean, Myakka River, FL
8725791	26.9883	-81.9933	T	Shell Point, Peace River, Charlotte Harbor, FL
8725809	27.0117	-82.4100	T	Manasota, Lemon Bay, FL
8725837	27.0450	-82.2933	T	Myakka River, US 41 bridge, FL
8725858	27.0717	-82.4533	T	Venice Municipal Airport, FL
8725889	27.1117	-82.4633	T	Venice Inlet (inside), FL
8726034	27.2839	-82.5650	T	Siesta Key, Big Sarasota Pass, FL
8726045	27.2917	-82.5417	T	Hayden Roberts Bay, FL
8726083	27.3317	-82.5450	T	Sarasota, Sarasota Bay, FL
8726089	27.3400	-82.5900	T	Longboats Key, Sarasota Bay, FL
8726159	27.4083	-82.5800	T	Whitfield Estates, Sarasota Bay, FL
8726217	27.4667	-82.6867	T	Cortez, Sarasota Bay, FL
8726232	27.4867	-82.6867	T	Perico Island, FL
8726233	27.4850	-82.6450	T	Palma Sola Bay (South), FL
8726243	27.4967	-82.7133	T	Anna Maria Key, Bradenton Beach, FL
8726247	27.5000	-82.5733	T	Bradenton, Manatee River, FL
8726249	27.5033	-82.6483	T	Palma Sola Bay (North), FL
8726254	27.4983	-82.6683	T	Perico Bayou, FL
8726265	27.5149	-82.5338	T	Ellenton, Manatee River, FL
8726273	27.5233	-82.6500	T	Desoto Point, FL
8726278	27.5267	-82.4817	T	Redfish Point, Manatee River, FL
8726282	27.5333	-82.7300	T	Anna Maria Key, city pier, FL
8726347	27.6017	-82.7600	T	Egmont Key, Egmont Channel, FL
8726364	27.6150	-82.7267	T	Mullet Key Channel (Skyway), FL
8726384	27.6387	-82.5621	T	Port Manatee, FL
8726425	27.6783	-82.5033	T	Cockroach Bay, FL
8726428	27.6883	-82.7183	T	Tierra Verde, FL
8726436	27.7050	-82.4483	T	Little Manatee River, US 41 Bridge, FL
8726454	27.7017	-82.6400	T	Point Pinellas, FL
8726468	27.7183	-82.4800	T	Shell Point, FL
8726486	27.7367	-82.7067	T	Gulfport, FL
8726492	27.7417	-82.4667	T	Mangrove Point (inside), FL
8726494	27.7517	-82.7533	T	Long Key, 0.5mi N. of Corey Causeway, FL
8726520	27.7606	-82.6269	T	St. Petersburg, FL
8726533	27.7850	-82.7817	T	Johns Pass, FL
8726537	27.7867	-82.4267	T	APOLLO BEACH, HILLSBOROUGH BAY, FL
8726539	27.7833	-82.4067	T	NEWMAN BRANCH, FL
8726572	27.8200	-82.3867	T	The Kitchen, FL
8726573	27.8217	-82.4850	T	Gadsden Point, FL
8726574	27.8083	-82.7950	T	Madeira Beach Causeway, FL
8726601	27.8733	-82.8517	T	Indian Rocks Beach (Coastal), FL
8726604	27.8550	-82.4800	T	Long Shoal, MacDill AFB, FL
8726607	27.8578	-82.5528	T	Old Port Tampa, FL
8726614	27.8700	-82.3283	T	Alafia River North, FL
8726625	27.8767	-82.8500	T	Indian Rocks Beach (inside), FL
8726639	27.8900	-82.4800	T	Ballast Point, FL
8726641	27.8933	-82.5383	T	Gandy Bridge, Old Tampa Bay, FL
8726651	27.8983	-82.4267	T	Pendola Point, Hillsborough Bay, FL
8726657	27.9083	-82.4517	T	Davis Island, Hillsborough Bay, FL
8726667	27.9133	-82.4250	T	McKay Bay Entrance, FL
8726668	27.9183	-82.4450	T	Tampa, Hooker Point, Hillsborough Bay, FL
8726674	27.9231	-82.4214	T	East Bay, Tampa Bay, FL
8726685	27.9383	-82.4317	T	Twenty-Second Street Causeway, FL
8726689	27.9417	-82.7200	T	Bay Aristocrat Village, Old Tampa Bay, FL
8726693	27.9467	-82.4617	T	Hillsborough River Entrance, Tampa, FL
8726696	27.9467	-82.4017	T	Palm River Entrance, FL
8726706	27.9550	-82.8067	T	Clearwater, FL
8726711	27.9600	-82.4683	T	West Tampa, Hillsborough River, FL
8726724	27.9783	-82.8317	T	Clearwater Beach, FL
8726738	27.9883	-82.6850	T	Safety Harbor, Old Tampa Bay, FL
8726761	28.0133	-82.7933	T	Dunedin, St. Joseph Sound, FL
8726769	28.0217	-82.6550	T	Mobbly Bayou, FL
8726809	28.0617	-82.8133	T	Honeymoon Island, FL
8726819	28.0700	-82.7817	T	Ozona, FL
8726853	28.1033	-82.7783	T	Indian Bluff Island, FL
8726892	28.1467	-82.7583	T	Spring Bayou, Tarpon Springs, FL
8726899	28.1500	-82.7717	T	Kreamer Bayou, FL
8726904	28.1533	-82.8017	T	Howard Park Causeway, FL
8726905	28.1600	-82.7683	T	Tarpon Springs, Anclote River, FL
8726906	28.1567	-82.7467	T	River Village, Anclote River, FL
8726908	28.1583	-82.7567	T	North Fork, Anclote River, FL
8726917	28.1650	-82.8433	T	Anclote Key, southern end, FL
8726924	28.1717	-82.7850	T	Anclote, Anclote River, FL
8726942	28.2100	-82.8400	T	North Anclote Key, FL
8726978	28.2050	-82.7833	T	Bailey's Bluff, Gulfside, FL
8726988	28.2300	-82.7533	T	Fillman's Creek, New Port Richey, FL
8726995	28.2433	-82.7633	T	Gulf Harbors, FL
8726996	28.2467	-82.7350	T	Cross Bayou, New Port Richey, FL
8727001	28.2483	-82.7233	T	New Port Richey, Pithlachascotee River, FL
8727012	28.2683	-82.7267	T	Hwy. 19 bridge, Pithlachascotee River, FL
8727061	28.3617	-82.7100	T	Hudson, Hudson Creek, FL
8727086	28.4133	-82.6767	T	Fillmans Bayou, FL
8727097	28.4333	-82.6683	T	Aripeka, Hammock Creek, FL
8727122	28.4867	-82.6617	T	Hernando Beach, Rocky Creek, Little Pine I. Bay, FL
8727151	28.5333	-82.6500	T	Bayport, FL
8727235	28.6917	-82.6383	T	Johns Island, Chassahowitzka Bay, FL
8727246	28.7150	-82.5767	T	Chassahowitzka, Chassahowitzka River, FL
8727274	28.7617	-82.6383	T	Mason Creek, Homosassa Bay, FL
8727277	28.7717	-82.6950	T	Tuckers Island, Homosassa River, FL
8727293	28.8000	-82.6033	T	Halls River bridge, Homosassa River, FL
8727306	28.8250	-82.6583	T	Ozello, St. Martins River, FL
8727328	28.8633	-82.6667	T	Ozello north, Crystal Bay, FL
8727333	28.8700	-82.7233	T	Mangrove Pt., Crystal Bay, FL
8727336	28.8817	-82.6350	T	Dixie Bay, Salt River, Crystal Bay, FL
8727343	28.8983	-82.5983	T	Kings Bay, FL
8727348	28.9050	-82.6383	T	Twin Rivers Marina, FL
8727359	28.9233	-82.6917	T	Shell Island, north end, FL
8727386	28.9600	-82.7250	T	Florida Power, FL
8727395	29.0017	-82.7583	T	Withlacoochee River entrance, FL
8727520	29.1350	-83.0317	T	Cedar Key, FL
8727535	29.2064	-83.0697	T	Shell Mound, FL
8727577	29.3283	-83.1517	T	Suwannee, Salt Creek, FL
8727648	29.4367	-83.2933	T	HORSESHOE POINT, FL
8727695	29.6717	-83.3900	T	Steinhatchee River ent., Deadman Bay, FL
8727792	29.7967	-83.5838	T	Hagens Cove, FL
8727843	29.9200	-83.6717	T	Spring Warrior Creek, FL
8727956	30.0533	-83.9100	T	Econfina River, FL
8727976	30.0619	-83.9527	T	Snipe Island, Econfina River State Park, FL
8727989	30.1267	-83.9750	T	Mandalay, Aucilla River, FL
8728104	30.1244	-84.1490	T	Port Leon, FL
8728130	30.0783	-84.1783	T	ST. MARKS RIVER ENTRANCE, FL
8728142	30.1533	-84.2033	T	St. Marks, St. Marks River, FL
8728152	30.1589	-84.2186	T	St. Marks, Wakulla River, FL
8728229	30.0583	-84.2906	T	Shell Point, Walker Creek, FL
8728237	29.9483	-84.3417	T	Bald Point, Ochlockonee Bay, FL
8728262	29.9802	-84.3959	T	Wakulla Airport, Ochlockonee Bay, FL
8728269	30.0283	-84.3867	T	Panacea, Dickerson Bay, FL
8728288	29.9033	-84.4133	T	Alligator Point, St. James Island, FL
8728360	29.9150	-84.5117	T	Turkey Point, St. James Island, FL
8728408	29.8100	-84.5850	T	Dog Island, East End, FL
8728412	29.8783	-84.5950	T	Lanark, St. George Sound, FL
8728464	29.8500	-84.6650	T	Carrabelle, Carrabelle River, FL
8728465	29.7850	-84.6667	T	Dog Island, west end, FL
8728486	29.7667	-84.7000	T	St. George Island, Northeast End, FL
8728488	29.8017	-84.7367	T	South Carrabelle Beach, FL
8728548	29.6867	-84.7867	T	St. George Island, East End, FL
8728552	29.6917	-84.7917	T	St. George Island, Rattlesnake Cove, FL
8728593	29.8189	-84.8503	T	East Bayou, Hwy 65 bridge, East Bay, FL
8728619	29.7233	-84.8867	T	Cat Point, Apalachicola Bay, FL
8728626	29.6533	-84.8967	T	St. George Island, 12th St. W (Bayside), FL
8728669	29.6133	-84.9583	T	St. George Island, Sikes Cut, FL
8728690	29.7244	-84.9806	T	APALACHICOLA, FL
8728694	29.7850	-84.8983	T	WHITE BEACH, EAST BAY, FL
8728711	29.7633	-85.0333	T	Apalachicola River (A&N RR bridge), FL
8728728	29.6036	-85.0428	T	Little St. George Island, Horseshoe Cove, FL
8728757	29.7700	-85.0850	T	Huckleberry Landing, Jackson River, FL
8728766	29.6333	-85.0967	T	West Pass, FL
8728786	29.7067	-85.1533	T	Eleven Mile, St. Vincent Sound, FL
8728819	29.8214	-85.1733	T	Lake Wimico, FL
8728852	29.6851	-85.2213	T	Indian Pass, St. Vincent Sound, FL
8728853	29.8807	-85.2214	T	White City, ICWW, FL
8728886	29.8668	-85.2706	T	White City, Gulf County Canal, FL
8728912	29.8150	-85.3133	T	Port Saint Joe, St. Joseph Bay, FL
8728957	29.9967	-85.3700	T	Overstreet, FL
8728958	29.8733	-85.3900	T	St. Joseph Point, St. Joseph Bay, FL
8728973	30.0383	-85.3933	T	Wetappo Creek, East Bay, FL
8728978	29.7644	-85.4025	T	Cape San Blas, Western Cape, FL
8729015	30.0300	-85.4650	T	Allanton, East Bay, FL
8729017	30.0167	-85.4700	T	Farmdale, East Bay, FL
8729026	30.0612	-85.4886	T	Goose Point, East Bay, FL
8729045	30.1217	-85.5283	T	Laird Bayou, East Bay, FL
8729082	30.2696	-85.6079	T	Deer Point Lake, Hwy 2321 bridge, North Bay, FL
8729084	30.1267	-85.6117	T	Parker, FL
8729102	30.2550	-85.6483	T	Lynn Haven, North Bay, FL
8729108	30.1497	-85.6644	T	Panama City, FL
8729132	30.1517	-85.6667	T	Courtney Point, FL
8729136	30.1250	-85.7300	T	Channel entrance, FL
8729142	30.1830	-85.7328	T	Sulphur Point, Port of Panama City, FL
8729152	30.1700	-85.7550	T	Alligator Bayou, FL
8729197	30.2933	-85.8583	T	West Bay Creek, West Bay, FL
8729210	30.2138	-85.8786	T	Panama City Beach, FL
8729376	30.4000	-86.2283	T	Santa Rosa, Hogtown Bayou, FL
8729425	30.3894	-86.3288	T	Driftwood Point, Choctawhatchee Bay, FL
8729479	30.5067	-86.4467	T	Rocky Bayou, Choctawhatchee Bay, FL
8729501	30.5033	-86.4933	T	Valparaiso, FL
8729511	30.3950	-86.5133	T	East Pass (Destin), FL
8729538	30.4350	-86.5867	T	Shalimar, Garnier Bayou, FL
8729547	30.3914	-86.5932	T	Okaloosa Island, FL
8729572	30.4065	-86.6505	T	Mary Esther, Santa Rosa Sound, FL
8729613	30.4083	-86.7317	T	Harris, The Narrows, FL
8729678	30.3767	-86.8650	T	Navarre Beach, FL
8729702	30.4500	-86.9183	T	Holley, East Bay, FL
8729717	30.4431	-86.9514	T	Navarre, North Side, East Bay, FL
8729736	30.3867	-86.9917	T	Woodlawn Beach, Santa Rosa Sound, FL
8729742	30.5717	-87.0050	T	Bay Point, Blackwater River, FL
8729747	30.5817	-87.0150	T	Shield Point, Blackwater River, FL
8729753	30.6367	-87.0283	T	Hawkins Rec. Park, Blackwater River, FL
8729791	30.4550	-87.1000	T	Hernandez Point, Escambia Bay, FL
8729806	30.3367	-87.1400	T	Fishing Bend, Santa Rosa Sound, FL
8729807	30.3275	-87.1419	T	Pensacola Beach Pier, FL
8729816	30.5150	-87.1617	T	Lora Point, Escambia Bay, FL
8729824	30.5817	-87.1800	T	Floridatown, Escambia Bay, FL
8729840	30.4044	-87.2112	T	PENSACOLA, FL
8729868	30.3450	-87.2733	T	Warrington, 2 miles south of, FL
8729887	30.3267	-87.3117	T	Fort McRee Breakwater, FL
8729905	30.4183	-87.3567	T	Millview, Perdido Bay, FL
8729909	30.3267	-87.3567	T	Big Lagoon, FL
8729941	30.3869	-87.4288	T	Blue Angels Park, FL
8729962	30.3933	-87.4250	T	Nix Point, Perdido Bay, FL
8730561	30.3102	-87.5193	T	Arnica Bay, Mill Point, AL
8730667	30.2786	-87.5550	T	Alabama Point, AL
8730849	30.3550	-87.6000	T	Wolf Bay, AL
8731269	30.2483	-87.6683	T	Gulf State Park Pier, AL
8731439	30.2799	-87.6843	T	Gulf Shores, ICWW, AL
8731952	30.3033	-87.7350	T	Bon Secour, Bon Secour River, AL
8732828	30.4169	-87.8254	T	Weeks Bay, AL
8733502	30.5428	-87.9010	T	Fly Creek, Mobile Bay, AL
8733821	30.4866	-87.9345	T	Point Clear, Mobile Bay, AL
8733839	30.6672	-87.9364	T	Meaher State Park, Mobile Bay, AL
8734635	30.2333	-88.0200	T	Mobile Point (Fort Morgan), AL
8735180	30.2500	-88.0750	T	DAUPHIN ISLAND, AL
8735181	30.2513	-88.0795	T	Dauphin Island Hydro, AL
8735391	30.5652	-88.0880	T	Dog River Bridge, AL
8735523	30.4437	-88.1139	T	East Fowl River, Hwy 193 Bridge, AL
8736897	30.6495	-88.0581	T	Coast Guard Sector Mobile, AL
8737048	30.7046	-88.0396	T	MOBILE, Mobile River (State Dock), AL
8737138	30.7819	-88.0736	T	William Brooks Park, Chichasaw Creek, AL
8737182	30.8183	-87.9150	T	Lower Hall Landing, Tensaw River, AL
8737373	30.9783	-87.8733	T	Lower Bryant Landing, AL
8738043	30.3766	-88.1586	T	West Fowl River, Hwy 188 bridge, AL
8739051	30.3717	-88.2750	T	Bayou La Batre, Mississippi Sound, AL
8739803	30.4057	-88.2477	T	Bayou LaBatre Bridge, AL
8740166	30.4132	-88.4029	T	Grand Bay NERR, Mississippi Sound, MS
8740405	30.2033	-88.4417	T	Petit Bois Island, Mississippi Sound, MS
8740448	30.3867	-88.4400	T	Point of Pines, Bayou Cumbest, MS
8740993	30.3222	-88.5080	T	Pascagoula, South Side, MS
8741041	30.3478	-88.5058	T	Dock E, Port of Pascagoula, MS
8741196	30.3400	-88.5333	T	Pascagoula, Mississippi Sound, MS
8741533	30.3678	-88.5631	T	Pascagoula NOAA Lab, MS
8742205	30.3617	-88.6633	T	Graveline Bayou Entrance, MS
8742221	30.2383	-88.6667	T	Horn Island, Mississippi Sound, MS
8743081	30.3867	-88.7733	T	Hollingsworth Point, Davis Bayou, MS
8743281	30.3917	-88.7983	T	Ocean Springs, MS
8743735	30.3900	-88.8567	T	Biloxi (Cadet Point), Biloxi Bay, MS
8744117	30.4117	-88.9033	T	Biloxi, MS
8744756	30.2133	-88.9717	T	Ship Island, Mississippi Sound, MS
8745101	30.4067	-89.0267	T	Handsboro Bridge, Bernard Bayou, MS
8745375	30.4267	-89.0533	T	Turkey Creek, Bernard Bayou, MS
8745557	30.3600	-89.0817	T	Gulfport Harbor, Mississippi Sound, MS
8745799	30.2317	-89.1167	T	Cat Island, MS
8746819	30.3100	-89.2450	T	Pass Christian Yacht Club, Mississippi Sound, MS
8747437	30.3263	-89.3258	T	St. Louis Bay entrance, MS
8747766	30.2817	-89.3667	T	Waveland, MS
8748038	30.3583	-89.2733	T	Wolf River, Henderson Avenue bridge
8749704	30.2400	-89.6150	T	Pearlington, Pearl River, MS
8760172	30.0483	-88.8717	T	Chandeleur Light, LA
8760412	29.2050	-89.0367	T	North Pass, Pass a Loutre, LA
8760416	29.1167	-89.0450	T	Southeast Pass, LA
8760417	29.2007	-89.0445	T	Devon Energy Facility, LA
8760424	29.2283	-89.0500	T	Lonesome Bayou (Thomasin), LA
8760551	28.9900	-89.1400	T	SOUTH PASS, LA
8760579	29.0150	-89.1600	T	Port Eads, South Pass, LA
8760595	29.4933	-89.1733	T	Breton Islands, LA
8760668	30.1267	-89.2217	T	Grand Pass, LA
8760721	29.1793	-89.2588	T	Pilottown, LA
8760736	29.0583	-89.2717	T	Joseph Bayou, LA
8760742	29.8233	-89.2700	T	Comfort Island, LA
8760841	29.3667	-89.3450	T	Jack Bay, LA
8760889	29.3866	-89.3801	T	Grand Bay, LA
8760922	28.9322	-89.4075	T	Pilots Station East, SW Pass, LA
8760943	28.9250	-89.4183	T	SW Pass, LA
8760959	28.9317	-89.4283	T	Southwest Pass, LA
8761108	29.5983	-89.6183	T	Bay Gardene, LA
8761115	29.3506	-89.5399	T	Bay Pomme D'or, LA
8761212	29.2500	-89.6083	T	Empire Jetty, LA
8761289	29.2867	-89.6633	T	Bastian Island, LA
8761305	29.8681	-89.6732	T	Shell Beach, Lake Borgne, LA
8761402	30.1667	-89.7367	T	The Rigolets, U.S. Highway 90, LA
8761431	29.5667	-89.7634	T	Rat Bayou, LA
8761432	29.5127	-89.7645	T	Bayou Chene, LA
8761473	30.2717	-89.7933	T	Bayou BonFouca, Route 433, LA
8761487	30.0650	-89.8000	T	Chef Menteur, Chef Menteur Pass, LA
8761529	29.9450	-89.8350	T	MARTELLO CASTLE, LAKE BORGNE, LA
8761557	29.3100	-89.8533	T	Quatre Bayous Pass, LA
8761677	29.3100	-89.9383	T	Independence Island, LA
8761678	30.0067	-89.9367	T	Michoud Substation, ICWW, LA
8761687	29.2750	-89.9450	T	Barataria Pass, LA
8761724	29.2633	-89.9567	T	EAST POINT, GRAND ISLE, LA
8761732	29.4267	-89.9767	T	Manilla, LA
8761742	29.3183	-89.9800	T	Mendicant Island, Barataria Bay, LA
8761819	29.4017	-90.0383	T	TEXACO DOCK, HACKBERRY BAY, LA
8761826	29.2100	-90.0400	T	Caminada Pass (bridge), LA
8761899	29.6667	-90.1117	T	Lafitte, Barataria Waterway, LA
8761927	30.0272	-90.1133	T	New Canal USCG station, Lake Pontchartrain, LA
8761993	30.3783	-90.1600	T	Tchefuncta River, Lake Pontchartrain, LA
8762075	29.1142	-90.1993	T	Port Fourchon, LA
8762084	29.2483	-90.2117	T	Leeville, Bayou LaFourche, LA
8762184	29.3733	-90.2650	T	Golden Meadow, Plaisance Canal, LA
8762223	29.0767	-90.2850	T	East Timbalier Island, Timbalier Bay, LA
8762329	29.4704	-90.3422	T	Bayou Faleau, LA
8762372	30.0503	-90.3680	T	East Bank 1, Norco, B. LaBranche, LA
8762481	29.1283	-90.4233	T	Pelican Islands, Timbalier Bay, LA
8762483	30.0679	-90.3900	T	I-10 BONNET CARRE FLOODWAY, LA
8762525	29.4167	-90.4467	T	Pointe Au Chien, Cut Off Canal, LA
8762675	29.0867	-90.5267	T	Timbalier Island, Timbalier Bay, LA
8762850	29.0783	-90.5867	T	Wine Island, Terrebonne Bay, LA
8762888	29.0717	-90.6400	T	E. ISLE DERNIERES, LAKE PELTO, LA
8762928	29.2450	-90.6617	T	Cocodrie, Terrebonne Bay, LA
8763206	29.0633	-90.8067	T	Caillou Boca, LA
8763506	29.0633	-90.9617	T	Raccoon Point, Caillou Bay, LA
8763535	29.1748	-90.9764	T	Texas Gas Platform, Caillou Bay, LA
8763719	28.9150	-91.0717	T	Ship Shoal Light, LA
8763843	29.3418	-91.1355	T	Fourleague Bay, LA
8764025	29.7433	-91.2300	T	Stouts Pass at Six Mile Lake, LA
8764044	29.6675	-91.2376	T	Tesoro Marine Terminal, LA
8764165	29.4733	-91.3050	T	Shell Island, LA
8764227	29.4496	-91.3381	T	LAWMA, Amerada Pass, LA
8764256	29.3333	-91.3533	T	Point Au Fer, LA
8764311	29.3717	-91.3850	T	Eugene Island, LA
8764314	29.3675	-91.3839	T	Eugene Island, North of, Atchafalaya Bay, LA
8764634	29.5183	-91.5550	T	Point Chevreuil, LA
8764706	29.4200	-91.5933	T	Rabbit Island, 5 miles south of, LA
8764931	29.7350	-91.7133	T	Cote Blanche Island, West Cote Blanche Bay, LA
8765026	29.4850	-91.7633	T	South Point, Marsh Island, LA
8765148	29.8372	-91.8375	T	Weeks Bay, LA
8765251	29.7134	-91.8800	T	Cypremort Point, LA
8765551	29.5800	-92.0350	T	Southwest Pass, Vermilion Bay, LA
8765568	29.5233	-92.0433	T	Lighthouse Point, LA
8765746	29.6744	-92.1352	T	Bayou Fearman, Vermillion Bay, LA
8765785	29.7830	-92.1556	T	Intracoastal City, LA
8765969	29.6554	-92.2507	T	Freshwater Bayou, LA
8765994	29.7581	-92.2638	T	Schooner Bayou, Vermillion Bay, LA
8766072	29.5517	-92.3052	T	Freshwater Canal Locks, LA
8766941	29.6375	-92.7672	T	Joseph Harbor, LA
8767095	29.8629	-92.8489	T	Catfish Point, Mermentau River, LA
8767403	29.7750	-93.0083	T	Mermentau River, Grand Chenier, LA
8767816	30.2236	-93.2217	T	Lake Charles, LA
8767911	29.9939	-93.2705	T	East Calcasieu Lake, LA
8767961	30.1903	-93.3007	T	Calcasieu Ship Channel, Bulk Terminal, LA
8768094	29.7682	-93.3429	T	Calcasieu Pass, LA
8768772	30.0587	-93.5226	T	Gum Cove, ICWW, LA
8769858	29.8127	-93.8621	T	East Sabine Lake, LA
8770475	29.8667	-93.9300	T	Port Arthur, TX
8770520	29.9800	-93.8817	T	Rainbow Bridge, TX
8770542	29.7619	-95.3443	T	Buffalo Bayou, Houston Ship Channel, TX
8770557	29.7400	-94.8317	T	Point Barrow, Trinity Bay, TX
8770559	29.7133	-94.6900	T	Round Point, Trinity Bay, TX
8770570	29.7284	-93.8701	T	Sabine Pass, TX
8770613	29.6817	-94.9850	T	Morgans Point, Barbours Cut, TX
8770625	29.6800	-94.8683	T	Umbrella Point, Trinity Bay, TX
8770653	29.8467	-95.0883	T	Cypress, San Jacinto River, TX
8770733	29.7650	-95.0783	T	Lynchburg Landing, San Jacinto River, TX
8770743	29.7567	-95.0900	T	Battleship Texas State Park, TX
8770752	29.6240	-93.7500	T	COX WC-53 Platform, TX
8770777	29.7263	-95.2658	T	Manchester, Houston Ship Channel, TX
8770808	29.5947	-94.3903	T	High Island, ICWW, TX
8770822	29.6893	-93.8418	T	Texas Point, Sabine Pass, TX
8770931	29.5350	-94.7817	T	Smith Point, TX
8770933	29.5633	-95.0667	T	Clear Lake, TX
8770971	29.5150	-94.5133	T	Rollover Pass, TX
8771013	29.4813	-94.9173	T	Eagle Point, TX
8771050	29.4790	-93.6400	T	Renaissance SA-13 Platform, TX
8771074	29.3470	-93.6350	T	Fieldwood WC-289 Platform, TX
8771165	29.4311	-94.7104	T	Sievers Cove, Goat Island, TX
8771262	29.3906	-94.8849	T	Texas City, Galveston Bay, TX
8771328	29.3650	-94.7800	T	Port Bolivar, TX
8771341	29.3575	-94.7247	T	Galveston Bay Entrance, North Jetty, TX
8771367	29.4690	-93.7200	T	Sabine Offshore Light (USCG S-1 Platform), TX
8771416	29.3267	-94.6933	T	Galveston Bay Entrance, South Jetty, TX
8771450	29.3100	-94.7933	T	GALVESTON, Galveston Channel, TX
8771486	29.3026	-94.8971	T	GALVESTON RAILROAD BRIDGE, TX
8771510	29.2853	-94.7894	T	Galveston Pleasure Pier, TX
8771722	29.1986	-94.9883	T	Jamaica Beach, West Bay, TX
8771801	29.1667	-95.1250	T	Alligator Point, West Bay, TX
8771972	29.0950	-95.1133	T	San Luis Pass, TX
8772132	29.0417	-95.1750	T	Christmas Bay, TX
8772391	28.9611	-95.3674	T	Old Brazos River, Freeport, TX
8772440	28.9483	-95.3083	T	Freeport Harbor, TX
8772447	28.9433	-95.3025	T	USCG Freeport, TX
8772471	28.9357	-95.2942	T	Freeport Harbor, TX
8772479	28.9303	-95.3059	T	Freeport Entrance Jetty, TX
8772985	28.7716	-95.6168	T	Sargent, ICWW, TX
8773037	28.4069	-96.7124	T	Seadrift, TX
8773146	28.7100	-95.9139	T	East Matagorda, TX
8773259	28.6406	-96.6098	T	Port Lavaca, TX
8773701	28.4517	-96.3883	T	PORT O'CONNOR, MATAGORDA BAY, TX
8773767	28.4269	-96.3301	T	Matagorda Bay Entrance Channel, TX
8773808	28.4030	-96.4808	T	Barroom Bay, TX
8773896	28.3645	-96.5803	T	Shoalwater Flats, Espiritu Santo Bay, TX
8774230	28.2283	-96.7950	T	Aransas Wildlife Refuge, TX
8774513	28.1183	-97.0217	T	Copano Bay, TX
8774652	28.0683	-97.1956	T	Bayside, Copano Bay, TX
8774770	28.0217	-97.0467	T	Rockport, TX
8775083	27.9081	-97.1353	T	Conn Brown Harbor, Aransas Pass, TX
8775131	27.8828	-97.3431	T	Portland, Nueces Bay, TX
8775132	27.8804	-97.2735	T	La Qunita Channel North, TX
8775188	27.8583	-97.4750	T	White Point, TX
8775222	27.8461	-97.5207	T	Viola Turning Basin, TX
8775237	27.8397	-97.0725	T	Port Aransas, TX
8775241	27.8366	-97.0391	T	Aransas, Aransas Pass, TX
8775244	27.8328	-97.4859	T	Nueces Bay, TX
8775270	27.8267	-97.0500	T	Port Aransas (H. Caldwell Pier), TX
8775283	27.8186	-97.2089	T	Enbridge, Ingleside, TX
8775296	27.8149	-97.3892	T	Texas State Aquarium, USS Lexington, TX
8775421	27.7050	-97.2800	T	Corpus Christi Naval Air Station, TX
8775792	27.6333	-97.2367	T	Packery Channel, TX
8775870	27.5800	-97.2167	T	Corpus Christi, Bob Hall Pier, TX
8778485	26.5642	-97.2765	T	Padre Island, Port Mansfield Channel Ent., TX
8779280	26.2624	-97.2853	T	Realitos Pennisula, Laguna Madre, TX
8779724	26.0783	-97.1700	T	Queen Isabella Causeway (east end), TX
8779739	26.0717	-97.1917	T	Queen Isabella Causeway (west end), TX
8779748	26.0731	-97.1675	T	South Padre Island C.G. Station, TX
8779749	26.0675	-97.1548	T	South Padre Island, Brazos Santiago Pass, TX
8779750	26.0683	-97.1567	T	PADRE ISLAND (south end), TX
8779768	26.0517	-97.1817	T	South Bay entrance, TX
8779770	26.0612	-97.2155	T	Port Isabel, TX
8779911	26.0018	-97.2986	T	San Martin Lake Channel, TX
9014070	42.6211	-82.5267	W	Algonac, MI
9014080	42.8122	-82.4856	W	St. Clair State Police, MI
9014087	42.9453	-82.4433	W	Dry Dock, MI
9014090	42.9738	-82.4204	W	Mouth of the Black River, MI
9014098	43.0069	-82.4225	W	Fort Gratiot, MI
9034052	42.4732	-82.8792	W	St Clair Shores, MI
9044020	42.0909	-83.1860	W	Gibraltar, MI
9044030	42.2023	-83.1475	W	Wyandotte, MI
9044036	42.2989	-83.0926	W	Fort Wayne, MI
9044049	42.3578	-82.9300	W	Windmill Point, MI
9052000	44.1303	-76.3322	W	Cape Vincent, NY
9052030	43.4642	-76.5118	W	Oswego, NY
9052058	43.2690	-77.6257	W	Rochester, NY
9052076	43.3384	-78.7273	W	Olcott, NY
9063007	43.0999	-79.0599	W	Ashland Ave, NY
9063009	43.0811	-79.0614	W	American Falls, NY
9063012	43.0769	-79.0140	W	Niagara Intake, NY
9063020	42.8774	-78.8905	W	Buffalo, NY
9063028	42.6913	-79.0473	W	Sturgeon Point, NY
9063038	42.1539	-80.0758	W	Erie, Lake Erie, PA
9063053	41.7597	-81.2811	W	Fairport, OH
9063063	41.5409	-81.6355	W	Cleveland, OH
9063079	41.5436	-82.7314	W	Marblehead, OH
9063085	41.6936	-83.4723	W	Toledo, OH
9063090	41.9600	-83.2567	W	Fermi Power Plant, MI
9075002	43.1417	-82.4933	W	Lakeport, MI
9075014	43.8464	-82.6431	W	Harbor Beach, MI
9075035	43.6404	-83.8468	W	Essexville, MI
9075065	45.0630	-83.4286	W	Alpena, MI
9075080	45.7772	-84.7211	W	Mackinaw City, MI
9075099	45.9925	-83.8982	W	De Tour Village, MI
9076024	46.2648	-84.1912	W	Rock Cut, MI
9076027	46.2847	-84.2098	W	West Neebish Island, MI
9076033	46.4858	-84.3017	W	Little Rapids, MI
9076060	46.5008	-84.3404	W	U.S. Slip, MI
9076070	46.5011	-84.3726	W	S.W. Pier, St. Marys River, MI
9087023	43.9474	-86.4415	W	Ludington, MI
9087031	42.7733	-86.2128	W	Holland, MI
9087044	41.7297	-87.5383	W	Calumet Harbor, IL
9087057	43.0020	-87.8876	W	Milwaukee, WI
9087068	44.4639	-87.5010	W	Kewaunee, Lake Michigan, WI
9087072	44.7947	-87.3139	W	Sturgeon Bay Canal, WI
9087077	44.5390	-88.0011	W	Green Bay East, WI
9087088	45.0959	-87.5899	W	Menominee, MI
9087096	45.9699	-85.8715	W	Port Inland, MI
9099004	46.4844	-84.6308	W	Point Iroquois, MI
9099018	46.5456	-87.3786	W	Marquette C.G., MI
9099044	46.8744	-89.3242	W	Ontonagon, MI
9099064	46.7758	-92.0920	W	Duluth, MN
9099090	47.7486	-90.3413	W	Grand Marais, Lake Superior, MN
9410032	33.0050	-118.5570	T	Wilson Cove, San Clemente Island, CA
9410068	33.2667	-119.4970	T	San Nicolas Island, CA
9410079	33.3450	-118.3250	T	Avalon, Santa Catalina Island, CA
9410092	33.4317	-118.5030	T	Catalina Harbor, Santa Catalina Island, CA
9410120	32.5783	-117.1350	T	Imperial Beach, CA
9410135	32.6291	-117.1078	T	South San Diego Bay, CA
9410152	32.6650	-117.1180	T	National City, San Diego Bay, CA
9410166	32.7033	-117.2350	T	San Diego, Quarantine Station, CA
9410170	32.7156	-117.1767	T	SAN DIEGO (Broadway), CA
9410196	32.7937	-117.2238	T	Mission Bay, Campland, CA
9410230	32.8669	-117.2571	T	La Jolla (Scripps Institution Wharf), CA
9410580	33.6033	-117.8830	T	Newport Bay Entrance, Corona del Mar, CA
9410583	33.6000	-117.9000	T	Balboa Pier, Newport Beach, CA
9410599	33.6300	-117.9580	T	Santa Ana River entrance (inside), CA
9410650	33.7067	-118.2730	T	Cabrillo Beach, CA
9410660	33.7200	-118.2720	T	LOS ANGELES (Outer Harbor), CA
9410678	33.7478	-118.2158	T	Long Beach Fire Boat Pier, CA
9410680	33.7517	-118.2270	T	Long Beach, Terminal Island, CA
9410686	33.7717	-118.2100	T	Long Beach, Inner Harbor, CA
9410738	33.8467	-118.3980	T	King Harbor, Santa Monica Bay, CA
9410777	33.9083	-118.4330	T	El Segundo, Santa Monica Bay, CA
9410840	34.0083	-118.5000	T	Santa Monica, Municipal Pier, CA
9410962	34.0083	-120.0470	T	Bechers Bay, Santa Rosa Island, CA
9410971	34.0200	-119.6830	T	Prisoners Harbor, Santa Cruz Island, CA
9410988	34.0567	-120.3550	T	Cuyler Harbor, San Miguel Island, CA
9411065	34.1483	-119.2030	T	Port Hueneme, CA
9411189	34.2667	-119.2830	T	Ventura, CA
9411270	34.3483	-119.4430	T	Rincon Island, Mussel Shoals, CA
9411340	34.4046	-119.6925	T	Santa Barbara, CA
9411399	34.4694	-120.2283	T	Gaviota State Park, Pacific Ocean, CA
9411406	34.4692	-120.6819	T	Oil Platform Harvest, CA
9412110	35.1689	-120.7542	T	PORT SAN LUIS, CA
9412553	35.6417	-121.1880	T	San Simeon, CA
9412802	35.9495	-121.4819	T	Mansfield Cone, CA
9413375	36.5200	-121.9400	T	Carmel Cove, Carmel Bay, CA
9413450	36.6089	-121.8914	T	MONTEREY, MONTEREY BAY, CA
9413616	36.8017	-121.7900	T	Moss Landing, Ocean Pier, CA
9413617	36.8017	-121.7870	T	General Fish Company Pier, CA
9413623	36.8100	-121.7850	T	Elkhorn Slough, Highway 1 Bridge, CA
9413624	36.8133	-121.7580	T	Pacific Mariculture Dock, CA
9413626	36.8133	-121.7870	T	Elkhorn Yacht Club, CA
9413631	36.8183	-121.7470	T	Elkhorn, Elkhorn Slough, CA
9413643	36.8333	-121.7450	T	Tidal Creek, Elkhorn Slough, CA
9413651	36.8413	-121.7453	T	Kirby Park, Elkhorn Slough, CA
9413663	36.8567	-121.7550	T	Elkhorn Slough railroad bridge, CA
9413745	36.9583	-122.0170	T	Santa Cruz, Monterey Bay, CA
9413878	37.1083	-122.3380	T	Ano Nuevo Island, CA
9414131	37.5025	-122.4822	T	Pillar Point Harbor, Half Moon Bay, CA
9414262	37.7000	-123.0000	T	Southeast Farallon Island, CA
9414275	37.7750	-122.5130	T	Ocean Beach, outer coast, CA
9414290	37.8063	-122.4659	T	SAN FRANCISCO (Golden Gate), CA
9414305	37.8100	-122.4130	T	San Francisco, North Point, Pier 41, CA
9414317	37.7900	-122.3870	T	Rincon Point, Pier 22 1/2, CA
9414334	37.7583	-122.3830	T	Potrero Point, CA
9414358	37.7300	-122.3570	T	Hunters Point, CA
9414367	37.9367	-121.3333	T	Borden Highway Bridge, San Joaquin River
9414391	37.6667	-122.3900	T	South San Francisco, CA
9414392	37.6650	-122.3770	T	Oyster Point Marina, CA
9414402	37.6500	-122.3770	T	Point San Bruno, CA
9414413	37.6367	-122.3830	T	Seaplane Harbor, CA
9414449	37.5917	-122.3130	T	Coyote Point Marina, CA
9414458	37.5800	-122.2530	T	San Mateo Bridge (west end), CA
9414483	37.5517	-122.2430	T	Bay Slough, west end, CA
9414486	37.5450	-122.2220	T	Bay Slough, east end, CA
9414501	37.5333	-122.1930	T	Redwood Creek Marker 8, CA
9414505	37.5083	-122.2100	T	Corkscrew Slough, CA
9414506	37.5133	-122.0800	T	Newark Slough, CA
9414507	37.5050	-122.1920	T	West Point Slough, CA
9414509	37.5067	-122.1150	T	Dumbarton Highway Bridge, CA
9414511	37.5017	-122.2230	T	Smith Slough, CA
9414513	37.4950	-122.2130	T	Granite Rock, Redwood Creek, CA
9414519	37.4933	-122.0420	T	Mowry Slough, CA
9414523	37.5068	-122.2119	T	Redwood City, Wharf 5, CA
9414525	37.4583	-122.1050	T	Palo Alto Yacht Harbor, CA
9414539	37.4667	-122.0670	T	Calaveras Point, west of, CA
9414549	37.4350	-122.0070	T	Upper Guadalupe Slough, CA
9414551	37.4233	-121.9750	T	Gold Street Bridge, Alviso Slough, CA
9414561	37.4467	-121.9630	T	Coyote Creek, Tributary no.1, CA
9414575	37.4650	-122.0230	T	Coyote Creek, Alviso Slough, CA
9414609	37.5517	-122.1620	T	South Bay Wreck, CA
9414621	37.5633	-122.1280	T	Coyote Hills Slough entrance, CA
9414632	37.5950	-122.1450	T	Alameda Creek, CA
9414637	37.6083	-122.1820	T	San Mateo Bridge (east end), CA
9414688	37.6950	-122.1920	T	San Leandro Marina, CA
9414711	37.7317	-122.2080	T	Oakland Airport, CA
9414724	37.7483	-122.2350	T	San Leandro Channel, San Leandro Bay, CA
9414746	37.7717	-122.2350	T	Oakland Harbor, Park Street Bridge, CA
9414750	37.7720	-122.3003	T	Alameda, CA
9414763	37.7950	-122.2830	T	Oakland Harbor, Grove Street, CA
9414764	37.7950	-122.2820	T	Oakland Inner Harbor, CA
9414765	37.7950	-122.3300	T	Oakland Pier, CA
9414767	37.7933	-122.3150	T	Alameda Naval Air Station, CA
9414777	37.8050	-122.3380	T	Oakland Middle Harbor, CA
9414779	37.8100	-122.3270	T	Oakland, Matson Wharf, CA
9414782	37.8100	-122.3600	T	Yerba Buena Island, CA
9414785	37.8200	-121.4470	T	Grant Line Canal (drawbridge), CA
9414792	37.8267	-122.4170	T	Alcatraz Island, CA
9414806	37.8467	-122.4770	T	Sausalito, CA
9414811	38.1833	-121.9230	T	Bradmoor Island, Nurse Slough, CA
9414816	37.8650	-122.3070	T	Berkeley, CA
9414817	37.8600	-122.4430	T	Angel Island (west side), CA
9414818	37.8633	-122.4200	T	Angel Island, East Garrison, CA
9414819	37.8650	-122.4930	T	Sausalito, Corps of Engineers Dock, CA
9414835	37.8917	-121.4880	T	Borden Highway Bridge, Middle River, CA
9414836	37.8833	-121.5770	T	Borden Highway Bridge, Old River, CA
9414837	37.8917	-122.4430	T	Point Chauncey, CA
9414843	37.8983	-122.3200	T	Point Isabel, CA
9414849	37.9100	-122.3580	T	Richmond Inner Harbor, CA
9414863	37.9283	-122.4000	T	Chevron Oil Company Pier, Richmond, CA
9414866	37.9350	-121.4350	T	Holt, Whiskey Slough, CA
9414868	37.9383	-121.5600	T	Orwood, Old River, CA
9414873	37.9450	-122.4750	T	Point San Quentin, CA
9414874	37.9433	-122.5130	T	Corte Madera Creek, CA
9414881	37.9583	-122.4250	T	Point Orient, CA
9414883	37.9583	-121.2900	T	Stockton, CA
9414906	37.8183	-122.5280	T	Point Bonita, Bonita Cove, CA
9414958	37.9080	-122.6785	T	Bolinas Lagoon, CA
9415009	37.9933	-122.4470	T	Point San Pedro, CA
9415020	37.9942	-122.9736	T	Point Reyes, CA
9415021	37.9950	-121.4200	T	Blackslough Landing, CA
9415052	38.0150	-122.5030	T	Gallinas, Gallinas Creek, CA
9415053	38.0117	-121.6380	T	Dutch Slough, CA
9415056	38.0150	-122.3630	T	Pinole Point, CA
9415064	38.0200	-121.8150	T	Antioch, CA
9415074	38.0233	-122.2920	T	Hercules, Refugio Landing, CA
9415095	38.0333	-121.5830	T	Irish Landing, Sand Mound Slough, CA
9415096	38.0367	-121.8800	T	Pittsburg, New York Slough, CA
9415102	38.0346	-122.1252	T	Martinez-Amorco Pier, CA
9415105	38.0500	-121.4970	T	Wards Island, Little Connection Slough, CA
9415111	38.0433	-122.1300	T	Benicia, CA
9415112	38.0433	-121.9180	T	Mallard Island Ferry Wharf, CA
9415117	38.0450	-121.4200	T	Bishop Cut, Disappointment Slough, CA
9415142	38.0583	-122.2430	T	Selby, CA
9415143	38.0583	-122.2230	T	Crockett, CA
9415144	38.0560	-122.0395	T	PORT CHICAGO, SUISUN BAY, CA
9415145	38.0550	-121.6570	T	False River, CA
9415149	38.0617	-121.5550	T	Prisoners Point, CA
9415165	38.1117	-122.2730	T	Vallejo, Mare Island Strait, CA
9415176	38.0733	-121.8480	T	Collinsville, CA
9415193	38.0867	-121.6850	T	Threemile Slough entrance, CA
9415205	38.0767	-121.8850	T	Montezuma Slough, CA
9415218	38.0700	-122.2500	T	Mare Island, CA
9415227	38.1000	-122.0330	T	Point Buckler, CA
9415228	38.1133	-122.8680	T	Inverness, Tomales Bay, CA
9415229	38.0976	-121.5684	T	Korths Harbor, San Joaquin River, CA
9415236	38.1067	-121.7000	T	Threemile Slough, CA
9415252	38.1153	-122.5057	T	Petaluma River entrance, CA
9415257	38.1100	-121.4980	T	Terminous, South Fork, CA
9415265	38.1283	-122.0730	T	Suisun Slough entrance, CA
9415266	38.1267	-122.1000	T	Pierce Harbor, Goodyear Slough, CA
9415287	38.1250	-121.5780	T	Georgiana Slough entrance, CA
9415307	38.1367	-121.9070	T	Meins Landing, Montezuma Slough, CA
9415316	38.1450	-121.6920	T	Rio Vista, CA
9415320	38.1467	-122.8830	T	Reynolds, Tomales Bay, CA
9415338	38.1567	-122.4070	T	Sonoma Creek, CA
9415339	38.1617	-122.8930	T	Marshall, Tomales Bay, CA
9415344	38.1617	-122.5500	T	Hog Island, San Antonio Creek, CA
9415379	38.1800	-122.0450	T	Joice Island, Suisun Slough, CA
9415396	38.1900	-122.9170	T	Blakes Landing, Tomales Bay, CA
9415402	38.1867	-121.9800	T	Montezuma Slough Bridge, CA
9415414	38.1833	-121.6550	T	Steamboat Slough, Snug Harbor Marina, CA
9415415	38.1917	-122.3120	T	Edgerley Island, Napa River, CA
9415446	38.2100	-122.3070	T	Brazos Drawbridge, Napa River, CA
9415447	38.2100	-122.4270	T	Wingo, Sonoma Creek, CA
9415469	38.2283	-122.9770	T	Tomales Bay entrance, CA
9415478	38.2267	-121.4900	T	New Hope Bridge, CA
9415498	38.2367	-122.0300	T	Suisun City, Suisun Slough, CA
9415565	38.2767	-121.4950	T	Snodgrass Slough, CA
9415584	38.2283	-122.6130	T	Upper drawbridge, Petaluma River, CA
9415623	38.2983	-122.2800	T	Napa, Napa River, CA
9415625	38.3083	-123.0550	T	Bodega Harbor entrance, CA
9415846	38.4167	-121.5230	T	Clarksburg, CA
9416024	38.5133	-123.2450	T	Fort Ross, CA
9416131	38.5622	-121.5463	T	Port of West Sacramento, CA
9416174	38.5800	-121.5070	T	Sacramento, CA
9416409	38.7043	-123.4494	T	Green Cove, CA
9416841	38.9146	-123.7111	T	ARENA COVE, CA
9417426	39.4258	-123.8051	T	NOYO HARBOR, CA
9417624	39.6333	-123.7830	T	Westport, CA
9418024	40.0250	-124.0580	T	Shelter Cove, CA
9418637	40.6372	-124.2822	T	Cockrobin Island Bridge, Eel River, CA
9418686	40.6867	-124.2220	T	Hookton Slough, CA
9418723	40.7233	-124.2220	T	Fields Landing, CA
9418757	40.7567	-124.1930	T	Elk River Railroad Bridge, CA
9418767	40.7669	-124.2173	T	HUMBOLDT BAY (North Spit), CA
9418778	40.7783	-124.1970	T	Bucksport, CA
9418801	40.8067	-124.1670	T	Eureka, CA
9418802	40.8067	-124.1420	T	Eureka Slough Bridge, CA
9418817	40.8267	-124.1800	T	Samoa, CA
9418851	40.8500	-124.1170	T	Arcata Wharf, CA
9418865	40.8650	-124.1480	T	Mad River Slough, Arcata Bay, CA
9419059	41.0567	-124.1470	T	Trinidad Harbor, CA
9419750	41.7456	-124.1844	T	CRESCENT CITY, CA
9419945	41.9453	-124.2009	T	Pyramid Point, Smith River, CA
9430104	42.0433	-124.2850	T	Brookings, Chetco Cove, OR
9431011	42.4216	-124.4187	T	Gold Beach, Rogue River, OR
9431647	42.7390	-124.4983	T	Port Orford, OR
9432373	43.1200	-124.4130	T	Bandon, Coquille River, OR
9432436	43.1579	-124.1818	T	Rink Creek Entrance, Coquille River, OR
9432780	43.3450	-124.3220	T	CHARLESTON, OR
9432845	43.3800	-124.2150	T	Coos Bay, OR
9432864	43.3917	-124.2800	T	Empire, OR
9432879	43.3767	-124.2970	T	Sitka Dock, Coos Bay, OR
9433445	43.6750	-124.1920	T	Umpqua River Entrance, Half Moon Bay, OR
9433501	43.7083	-124.0980	T	Reedsport, OR
9434032	43.9667	-124.1030	T	Florence, Siuslaw River, OR
9434068	43.9850	-124.0450	T	Cushman, Siuslaw River, OR
9434098	44.0021	-124.1230	T	Florence USCG Pier, Siuslaw River, OR
9434132	44.0167	-124.1300	T	Siuslaw River Entrance, OR
9434938	44.4133	-123.9900	T	Drift Creek, Alsea River, OR
9434939	44.4344	-124.0581	T	Waldport, Alsea Bay, OR
9435308	44.5933	-124.0080	T	Weiser Point, Yaquina River, OR
9435362	44.6167	-123.9370	T	TOLEDO, OR
9435380	44.6254	-124.0449	T	Southbeach, OR
9435385	44.6267	-124.0550	T	YAQUINA USCG STA, NEWPORT, OR
9435827	44.8100	-124.0580	T	Depoe Bay, OR
9435992	44.8800	-123.9636	T	Chinook Bend, Siletz River, OR
9436031	44.8967	-124.0000	T	Kernville, Siletz River, OR
9436101	44.9267	-124.0130	T	Taft, Siletz Bay, OR
9436381	45.0479	-124.0073	T	Cascade Head, Salmon River, OR
9437262	45.4300	-123.9450	T	Netarts, Netarts Bay, OR
9437331	45.4600	-123.8450	T	Tillamook, Hoquarten Slough, OR
9437381	45.4817	-123.9020	T	Dick Point, OR
9437540	45.5545	-123.9189	T	Garibaldi, OR
9437581	45.5683	-123.9430	T	Barview, OR
9437585	45.5700	-123.9650	T	North Jetty, Tillamook Bay, OR
9437815	45.6700	-123.9250	T	Brighton, OR
9437908	45.7100	-123.8900	T	Nehalem, OR
9437954	45.7338	-123.8764	T	North Fork, Nehalem River, OR
9438125	45.8117	-122.8270	T	Multnomah Channel, OR
9438772	46.1243	-123.8043	T	Cathcart Landing, Youngs River, OR
9439011	46.2017	-123.9450	T	Hammond, Oregon, OR
9439023	46.1867	-123.8600	T	Astoria (Port Docks), Oreg., OR
9439026	46.1717	-123.8420	T	Astoria (Youngs Bay), Oreg., OR
9439040	46.2073	-123.7683	T	ASTORIA (Tongue Point), Oreg., OR
9439054	46.1750	-123.6780	T	Settlers Point, Oreg., OR
9439069	46.1867	-123.5880	T	Knappa, Knappa Slough, OR
9439099	46.1600	-123.4050	T	Wauna, OR
9439189	45.6967	-122.8680	T	Rocky Point, OR
9439201	45.8650	-122.7970	T	Saint Helens, OR
9439221	45.5100	-122.6730	T	Portland Morrison Street Bridge, OR
9440047	45.5783	-122.3820	T	Washougal, WA
9440079	45.6203	-122.0203	T	Beacon Rock State Park, WA
9440083	45.6312	-122.6958	T	Vancouver, WA
9440171	45.7417	-122.7550	T	Knapp Landing, Willow Bar, WA
9440357	45.9867	-122.8367	T	Temco Kalama Terminal, WA
9440422	46.1061	-122.9542	T	Longview, WA
9440482	46.1517	-123.2900	T	Cape Horn, WA
9440483	46.1522	-123.0392	T	Barlow Point, WA
9440563	46.2583	-123.8480	T	Hungry Harbor, Wash., WA
9440569	46.2703	-123.4565	T	Skamokawa, WA
9440572	46.2683	-124.0370	T	Fort Canby, Jetty 'A', Wash., WA
9440573	46.2717	-123.9480	T	Chinook, Baker Bay, Wash., WA
9440574	46.2733	-124.0720	T	Columbia River entrance (N. Jetty), WA
9440581	46.2810	-124.0463	T	Cape Disappointment, WA
9440597	46.3033	-124.0400	T	Ilwaco, Baker Bay, Wash., WA
9440650	46.3722	-123.9503	T	Greenhead Slough, WA
9440662	46.3883	-123.8400	T	Naselle River, 4 miles above swing bridge, WA
9440691	46.4300	-123.9030	T	Naselle River, swing bridge, WA
9440723	46.4683	-123.9450	T	Paradise Point, Long Island, WA
9440747	46.5017	-124.0230	T	Nahcotta, WA
9440813	46.5867	-123.9100	T	Palix River, south fork, WA
9440846	46.6233	-123.9450	T	Bay Center, Palix River, WA
9440875	46.6633	-123.7980	T	South Bend, Willapa River, WA
9440886	46.6833	-123.7550	T	Raymond, Willapa River, WA
9440910	46.7075	-123.9669	T	Toke Point, WA
9441038	46.8617	-124.0600	T	Bay City, South Bay, WA
9441098	46.9067	-123.9980	T	Markham, WA
9441102	46.9043	-124.1051	T	Westport, Point Chehalis, WA
9441156	46.9500	-124.1280	T	Point Brown, WA
9441158	46.9667	-123.7780	T	Cosmopolis, Chehalis River, WA
9441187	46.9683	-123.8530	T	ABERDEEN, WA
9441627	47.3033	-124.2700	T	Point Grenville, WA
9442388	47.9067	-124.6470	T	James Island, WA
9442396	47.9128	-124.6357	T	La Push, Quillayute River, WA
9442705	48.1711	-124.7369	T	Tskawahyah Island, Cape Alava, WA
9442861	48.2967	-124.6720	T	Makah Bay, WA
9442971	48.3917	-124.7370	T	Tatoosh Island, Cape Flattery, WA
9443090	48.3707	-124.6016	T	NEAH BAY, WA
9443361	48.2633	-124.2970	T	Sekiu, Clallam Bay, WA
9443551	48.1872	-124.0625	T	Jim Creek, WA
9443644	48.1750	-123.9500	T	Twin Rivers, WA
9443826	48.1617	-123.7250	T	Crescent Bay, WA
9444090	48.1250	-123.4400	T	Port Angeles, WA
9444122	48.1400	-123.4130	T	Ediz Hook, Port Angeles, WA
9444471	48.1667	-123.1170	T	Dungeness, WA
9444555	48.0817	-123.0430	T	Sequim Bay entrance, WA
9444705	48.0583	-122.9170	T	Gardiner, Discovery Bay, WA
9444900	48.1112	-122.7597	T	PORT TOWNSEND, WA
9444971	48.0583	-122.6920	T	Mystery Bay, Marrowstone Island, WA
9444972	48.0917	-122.6900	T	Marrowstone Point, WA
9445016	47.9267	-122.6170	T	Foulweather Bluff, WA
9445017	47.9250	-122.6800	T	Port Ludlow, WA
9445059	47.8583	-122.5800	T	Port Gamble, WA
9445088	47.8150	-122.6570	T	Lofall, WA
9445133	47.7483	-122.7270	T	Bangor Wharf, WA
9445246	47.7617	-122.8500	T	Whitney Point, Dabob Bay, WA
9445269	47.7117	-122.8220	T	Zelatched Point, Dabob Bay, WA
9445272	47.8000	-122.8580	T	Quilcene, Quilcene Bay, Dabob Bay, WA
9445293	47.6650	-122.9120	T	Pleasant Harbor, WA
9445303	47.6417	-122.8280	T	Seabeck, Seabeck Bay, WA
9445326	47.6033	-122.9820	T	Triton Head, WA
9445388	47.5083	-123.0520	T	Ayock Point, WA
9445441	47.4183	-122.9000	T	Lynch Cove Dock, WA
9445478	47.3583	-123.0980	T	Union, WA
9445526	47.9183	-122.5450	T	Hansville, WA
9445639	47.7967	-122.4930	T	Kingston, Appletree Cove, WA
9445683	47.7467	-122.4770	T	Port Jefferson, WA
9445719	47.7250	-122.6380	T	Poulsbo, Liberty Bay, WA
9445753	47.7050	-122.5250	T	Port Madison, WA
9445832	47.6517	-122.6150	T	Brownsville, Port Orchard, WA
9445882	47.6200	-122.5150	T	Eagle Harbor, Bainbridge Island, WA
9445901	47.6100	-122.6600	T	Tracyton, Dyes Inlet, WA
9445913	47.5967	-122.5100	T	Port Blakely, WA
9445938	47.5733	-122.5430	T	Clam Bay, Rich Passage, WA
9445958	47.5617	-122.6230	T	Bremerton, Sinclair Inlet, Port Orchard, WA
9445993	47.5233	-122.5170	T	Harper, Yukon Harbor, WA
9446025	47.5117	-122.4630	T	Point Vashon, Vashon Island, WA
9446248	47.4000	-122.3280	T	Des Moines, East Passage, WA
9446254	47.3950	-122.4630	T	Burton, Quartermaster Hbr. (inside), Vashon I., WA
9446281	47.3833	-122.8230	T	Allyn, Case Inlet, WA
9446291	47.3783	-122.6340	T	Wauna, Carr Inlet, WA
9446366	47.3417	-122.7750	T	Vaughn, Case Inlet, WA
9446369	47.3400	-122.5880	T	Gig Harbor, WA
9446375	47.3333	-122.5070	T	Tahlequah, Neil Pt., Dalco Passage, Vashon I., WA
9446451	47.3017	-122.6820	T	Horsehead Bay, Carr Inlet, WA
9446484	47.2667	-122.4133	T	Tacoma, Commencement Bay, Sitcum Waterway, WA
9446486	47.2717	-122.5520	T	Tacoma Narrows Bridge, WA
9446489	47.2817	-122.9230	T	Walkers Landing, Pickering Passage, WA
9446491	47.2800	-122.6520	T	Arletta, Hale Passage, WA
9446500	47.2750	-122.7580	T	Home, Von Geldern Cove, Carr Inlet, WA
9446583	47.2467	-122.8620	T	McMicken Island, Case Inlet, WA
9446628	47.2150	-123.0830	T	Shelton, Oakland Bay, WA
9446638	47.2100	-122.7530	T	Longbranch, Filucy Bay, WA
9446666	47.1967	-122.9380	T	Arcadia, Totten Inlet, WA
9446671	47.1667	-122.7630	T	Devils Head, Drayton Passage, WA
9446705	47.1800	-122.6750	T	Yoman Point, Anderson Island, Balch Passage, WA
9446714	47.1733	-122.6030	T	Steilacoom, Cormorant Passage, WA
9446742	47.1567	-123.0080	T	Barron Point, Little Skookum Inlet Entrance, WA
9446752	47.1550	-122.8380	T	Henderson Inlet, WA
9446800	47.1417	-122.9030	T	Dofflemeyer Point, Boston Hbr., Budd Inlet, WA
9446804	47.1530	-122.6751	T	SANDY POINT ANDERSON ISLAND, PUGET SOUND, WA
9446807	47.0983	-122.8950	T	Budd Inlet, Olympia Shoal, WA
9446828	47.1183	-122.6650	T	Dupont Wharf, Nisqually Reach, WA
9446969	47.0600	-122.9030	T	Olympia, Budd Inlet, WA
9447029	47.5350	-122.3220	T	Duwamish Waterway, Eighth Ave. South, WA
9447110	47.5850	-122.3620	T	Lockheed Shipyard, Harbor Island, WA
9447130	47.6026	-122.3393	T	SEATTLE (Madison St.), Elliott Bay, WA
9447265	47.6883	-122.4030	T	Meadow Point, Shilshole Bay, WA
9447427	47.8133	-122.3830	T	Edmonds, WA
9447659	47.9800	-122.2230	T	Everett, WA
9447717	48.0349	-122.2272	T	Priest Point, WA
9447773	48.0650	-122.2880	T	Tulalip, WA
9447814	47.9400	-122.3570	T	Glendale, Whidbey Island, WA
9447854	48.0333	-122.6070	T	Bush Point, Whidbey Island, WA
9447855	48.0267	-122.5350	T	Holly Farms Harbor, Holmes Harbor, Whidbey I., WA
9447856	48.0350	-122.3770	T	Sandy Point, Whidbey Island, WA
9447883	48.1050	-122.5700	T	Greenbank, Whidbey Island, WA
9447905	48.1583	-122.6680	T	Admiralty Head, WA
9447929	48.2233	-122.6900	T	Coupeville, Penn Cove, Whidbey Island, WA
9447934	48.2317	-122.7650	T	Point Partridge, Whidbey Island, WA
9447951	48.2833	-122.7280	T	Sunset Beach, Whidbey Island, WA
9447952	48.2867	-122.6170	T	Crescent Harbor, N. Whidbey Island, WA
9447973	48.3428	-122.6858	T	NAS Whidbey Island, WA
9447985	48.3167	-122.8370	T	Smith Island, WA
9447993	48.3967	-122.5870	T	Ala Spit, Whidbey Island, WA
9447995	48.4017	-122.6230	T	Cornet Bay, Whidbey Island, Deception Pass, WA
9448009	48.0883	-122.3223	T	Spee-Bi-Dah, WA
9448043	48.1068	-122.3473	T	Tulare Beach, Port Susan, WA
9448094	48.1367	-122.3670	T	Kayak Point, WA
9448558	48.3917	-122.4970	T	La Conner, Swinomish Channel, WA
9448576	48.4000	-122.5480	T	Sneeoosh Point, WA
9448601	48.4133	-122.6150	T	Yokeko Point, Deception Pass, WA
9448614	48.4150	-122.6520	T	Deception Pass St. Park, Bowman Bay, Fidalgo I., WA
9448657	48.4450	-122.5550	T	Turner Bay, Similk Bay, WA
9448682	48.4583	-122.5130	T	Swinomish Channel ent., Padilla Bay, WA
9448683	48.4600	-122.6950	T	Burrows Bay (Allan Island), WA
9448772	48.5067	-122.6770	T	Ship Harbor, Fidalgo Island, WA
9448794	48.5183	-122.6200	T	Anacortes, Guemes Channel, WA
9448876	48.5650	-122.7220	T	Strawberry Bay, Cypress Island, WA
9448918	48.5867	-122.7480	T	Tide Point, Cypress Island, WA
9449161	48.7167	-122.7080	T	Village Point, Lummi Island, WA
9449184	48.7300	-122.6700	T	Gooseberry Point, WA
9449211	48.7450	-122.4950	T	Bellingham, WA
9449292	48.7900	-122.7080	T	Sandy Point, Lummi Bay, WA
9449424	48.8627	-122.7586	T	CHERRY POINT, WA
9449639	48.9750	-123.0830	T	POINT ROBERTS, PUGET SOUND, WA
9449679	48.9917	-122.7650	T	Blaine, Semiahmoo Bay, WA
9449704	48.7867	-122.9700	T	Patos Island Wharf, WA
9449712	48.7567	-122.8970	T	Echo Bay, Sucia Islands, WA
9449746	48.6868	-123.0376	T	WALDRON ISLAND, PUGET SOUND, WA
9449771	48.6467	-122.8700	T	Rosario, East Sound, Orcas Island, WA
9449798	48.6000	-122.9500	T	Orcas, Orcas Island, WA
9449828	48.5817	-123.1700	T	Hanbury Point, Mosquito Pass, San Juan I., WA
9449834	48.6100	-123.1550	T	Roche Harbor, San Juan Island, WA
9449856	48.4850	-123.0830	T	Kanaka Bay, San Juan Island, WA
9449880	48.5453	-123.0125	T	Friday Harbor, San Juan Island, WA
9449904	48.5850	-122.9280	T	Shaw Island, Ferry Terminal, Harney Channel, WA
9449911	48.5717	-122.8850	T	Upright Head, Lopez Island, WA
9449932	48.5350	-122.7970	T	Armitage Island, Thatcher Pass, WA
9449982	48.4467	-122.9000	T	Richardson, Lopez Island, WA
9449988	48.4433	-122.8050	T	TELEGRAPH BAY, PUGET SOUND, WA
9449994	48.4250	-122.8530	T	Aleck Bay, Lopez Island, WA
9450041	54.7267	-132.3020	T	Minnie Bay, AK
9450055	54.7483	-132.8550	T	Security Cove, AK
9450104	54.8200	-130.7000	T	Nakat Harbor, Alaska, AK
9450125	54.8500	-132.8300	T	American Bay, Kaigani Strait, AK
9450139	54.8717	-132.3220	T	Hunter Bay, AK
9450142	54.8767	-131.3000	T	Kelp Island Passage, Duke Island, AK
9450158	54.9000	-132.6530	T	Elbow Bay, AK
9450172	54.9200	-131.2550	T	Morse Cove, Duke Island, AK
9450176	54.9267	-132.5220	T	Kassa Inlet entrance, AK
9450192	54.9437	-130.3358	T	Hidden Inter Entrance, Pearse Inlet, AK
9450212	54.9800	-132.0070	T	Ingraham Bay, Prince of Wales Island, AK
9450226	55.0000	-132.5920	T	Mabel Island, AK
9450244	55.0267	-132.0130	T	Menefee Anch., Prince of Wales Island, AK
9450254	55.0417	-130.9800	T	Kah Shakes Cove, AK
9450258	55.0467	-132.5770	T	Keete Island, Nutkwa Inlets, AK
9450271	55.0667	-132.1200	T	Niblack Anchorage, Moira Sound, AK
9450272	55.0667	-133.2000	T	Sakie Bay, AK
9450273	55.0667	-131.5420	T	Tamgas Harbor, Annette Island, AK
9450281	55.0800	-132.4900	T	Keete Inlet, AK
9450282	55.0817	-132.6320	T	Mud Bay, AK
9450283	55.0833	-133.0170	T	View Cove, AK
9450296	55.1000	-131.2170	T	Custom House Cove, Mary Island, AK
9450305	55.1167	-130.7980	T	Boca de Quadra, AK
9450312	55.1267	-133.1670	T	Sea Otter Harbor, AK
9450314	55.1283	-131.5670	T	Metlakatla, Port Chester, AK
9450339	55.1667	-131.7970	T	Nehenta Bay, Gravina Island, AK
9450341	55.1667	-132.8700	T	South Pass, Sukkwan Strait, AK
9450351	55.1817	-132.7950	T	Saltery Point, AK
9450364	55.2017	-132.8230	T	HYDABURG, SUKKWAN STRAIT, AK
9450366	55.2050	-132.9400	T	North Pass, West End, AK
9450369	55.2100	-132.6250	T	Copper Harbor, AK
9450373	55.2133	-132.0950	T	Lancaster Cove, Cholmondeley Sound, AK
9450382	55.2283	-131.1330	T	Alva Bay, Revillagigedo Island, AK
9450387	55.2333	-133.0430	T	Natalia Point, AK
9450399	55.2517	-132.3000	T	Divide Head, Cholmondeley Sound, AK
9450406	55.2633	-133.1150	T	Block Island, Tlevak Narrows, AK
9450413	55.2750	-132.9670	T	Soda Bay, AK
9450421	55.2850	-132.6220	T	Sulzer, AK
9450460	55.3319	-131.6261	T	Ketchikan, AK
9450463	55.3517	-132.9381	T	TROCADERO BAY, AK
9450483	55.3833	-131.2350	T	Mop Point, Thorne Arm, AK
9450492	55.3983	-131.7270	T	Ward Cove, AK
9450495	55.4017	-132.3280	T	Saltery Cove, Skowl Arm, AK
9450511	55.4267	-131.8470	T	Vallenar Point, AK
9450533	55.4617	-131.5050	T	Coon Island, George Inlet, AK
9450544	55.4800	-132.6450	T	Hollis Anchorage, AK
9450551	55.4883	-133.1420	T	Craig, Klawock Inlet, AK
9450578	55.5333	-133.6370	T	Steamboat Bay, Noyes Island, AK
9450581	55.5350	-132.3970	T	Kasaan, AK
9450584	55.5417	-133.3150	T	Cruz Pass, San Fernando Island, AK
9450618	55.5929	-133.1520	T	Shinaku Inlet, AK
9450623	55.6000	-132.9500	T	Big Salt Lake, AK
9450624	55.6017	-131.6320	T	Loring, Naha Bay, AK
9450625	55.6017	-132.5120	T	Lindeman Cove, AK
9450651	55.6417	-130.6450	T	Rudyerd Bay, AK
9450679	55.6833	-133.5870	T	Anguilla Island, AK
9450695	55.7127	-130.9041	T	Hut Point, Behm Canal, AK
9450711	55.7217	-133.3500	T	Nossuk Bay, Tonowek Bay, AK
9450729	55.7600	-130.1770	T	Davis River entrance, Alaska, AK
9450753	55.7883	-132.1909	T	Magnetic Point, Union Bay, Earnest Sound, AK
9450768	55.8117	-133.6050	T	Port Alice, Heceta Island, AK
9450815	55.8800	-132.5950	T	Ratz Harbor, Prince of Wales Island, AK
9450817	55.8833	-133.2430	T	Tuxekan, 0.5 mile south of, AK
9450829	55.9033	-134.1180	T	Coronation Island, AK
9450831	55.9045	-130.0108	T	Hyder, Portland Canal, AK
9450836	55.9133	-131.7970	T	Yes Cannery, Yes Bay, AK
9450851	55.9367	-133.3250	T	El Capitan Island, AK
9450859	55.9500	-133.6620	T	Edna Bay, AK
9450862	55.9550	-133.8100	T	Pole Anchorage, Kosciusko Island, AK
9450879	55.9833	-131.1750	T	Fitzgibbon Cove, AK
9450904	56.0233	-132.9200	T	Lake Bay, AK
9450906	56.0467	-132.8620	T	Beck Island, Clarence Strait, AK
9450913	56.0369	-134.1150	T	Affleck Canal entrance, Kuiu Island, AK
9450914	56.0383	-131.0950	T	Burrough Bay, Behm Canal, AK
9450937	56.0733	-133.3130	T	El Capitan Passage, S. of Devilfish Bay, AK
9450938	56.0583	-132.9680	T	Thorne Island, Whale Passage, AK
9450943	56.0817	-133.9700	T	Point St. Albans, AK
9450970	56.1183	-132.0780	T	Thoms Point, Zimovia Strait, AK
9450973	56.1267	-132.8950	T	Blashke Island, AK
9450982	56.1400	-133.6100	T	Shakan Bay Entrance, AK
9450987	56.1483	-133.4600	T	Shakan Strait, Kosciusko Island, AK
9450988	56.1500	-134.1330	T	Kell Bay, Affleck Canal, Kuiu Island, AK
9450997	56.1633	-133.3300	T	El Capitan Passage, W. of Aneskett Pt., AK
9450998	56.1633	-133.4130	T	El Capitan Passage, Dry Pass, AK
9451001	56.1667	-134.2450	T	Table Bay, Kuiu Island, AK
9451005	56.1783	-132.6970	T	Point Harrington, AK
9451012	56.1833	-131.5720	T	Bradfield Canal, Ernest Sound, AK
9451037	56.2200	-132.2970	T	Village Rock, Zimovia Strait, AK
9451054	56.2467	-134.6470	T	Port Alexander, Baranof Island, AK
9451074	56.2767	-132.9850	T	Bushy Island, Snow Passage, AK
9451082	56.2883	-133.9620	T	Port Beauclerc, Kuiu Island, AK
9451093	56.3050	-134.2380	T	Port Malmesbury, Kuiu Island, AK
9451095	56.3083	-133.6000	T	Port Protection, Prince of Wales Island., AK
9451124	56.3533	-132.5530	T	Reef Point, Stikine Strait, AK
9451148	56.3883	-133.8830	T	Reid Bay, AK
9451151	56.3917	-134.6600	T	Port Walter, Baranof Island, AK
9451152	56.3922	-132.1690	T	Madan Bay, AK
9451163	56.4100	-133.7930	T	Sumner Island, AK
9451204	56.4700	-132.3870	T	Wrangell, Wrangell Island, AK
9451238	56.5217	-132.5420	T	Greys Island, AK
9451247	56.5350	-133.7670	T	Monte Carlo Island, AK
9451263	56.5583	-132.9630	T	Point Lockwood, Woewodski Island, AK
9451281	56.5847	-132.5422	T	Blaquiere Point, AK
9451287	56.5950	-132.9870	T	Beecher Pass, AK
9451301	56.6150	-132.5750	T	Dry Strait, AK
9451317	56.6383	-132.9270	T	Anchor Point, AK
9451321	56.6433	-133.1520	T	Castle Islands, Duncan Canal, AK
9451335	56.6633	-132.6170	T	Cosmos Point, AK
9451346	56.6767	-132.9330	T	Papke's Landing, AK
9451349	56.6824	-133.7369	T	The Summit, AK
9451376	56.7217	-135.0750	T	Dorothy Cove, Necker Bay, AK
9451421	56.7867	-135.3930	T	Golf Island, Necker Island, AK
9451422	56.7883	-132.5020	T	Leconte Bay, AK
9451434	56.8000	-132.9800	T	Turn Point, AK
9451438	56.8117	-133.7870	T	Entrance Island, AK
9451439	56.8150	-132.9570	T	Petersburg, AK
9451467	56.8567	-134.7230	T	Red Bluff Bay, AK
9451468	56.8567	-135.5200	T	Symonds Bay, Biorka Island, AK
9451497	56.9033	-134.3031	T	Saginaw Bay, Kuiu Island, AK
9451528	56.9483	-133.8947	T	Kake Harbor, Keku Strait, AK
9451561	56.9967	-132.7850	T	Thomas Bay, AK
9451600	57.0511	-135.3441	T	Sitka, AK
9451625	57.0883	-134.8250	T	Baranof, Warm Spring Bay, AK
9451634	57.1133	-134.3800	T	Herring Bay, AK
9451706	57.1883	-134.2870	T	Eliza Harbor, Admiralty Island, AK
9451717	57.2167	-134.8680	T	Kasnyku Bay, AK
9451718	57.2183	-133.5120	T	Cleveland Passage, Whitney Island, AK
9451725	57.2283	-135.5370	T	Olga Point, Olga Strait, AK
9451741	57.2500	-135.5670	T	Whitestone Narrows, Neva Strait, AK
9451781	57.3067	-134.1330	T	Cannery Cove, Pybus Bay, AK
9451785	57.2950	-133.7970	T	The Brothers, AK
9451798	57.3250	-133.1830	T	Port Houghton (Inside), AK
9451802	57.3367	-135.7230	T	Scraggy Point, AK
9451805	57.3400	-135.7070	T	Scraggy Island, AK
9451826	57.3717	-135.6180	T	Haley Anchorage, Fish Bay, AK
9451851	57.4067	-133.4200	T	Hobart Bay, AK
9451853	57.4100	-135.6270	T	Serguis Narrows, AK
9451858	57.4167	-135.8900	T	Klokachef Island, AK
9451859	57.4183	-135.5830	T	Bear Bay, AK
9451895	57.4700	-134.5650	T	Killisnoo, AK
9451906	57.4833	-133.9600	T	Gambier Bay (cannery wharf), AK
9451909	57.4867	-133.8980	T	Good Island, Gambier Bay, AK
9451936	57.5150	-135.5550	T	Povorotni Island, Pogibshi Point, AK
9451953	57.5333	-134.4170	T	Target Island, Mitchell Bay, AK
9451962	57.5433	-133.4980	T	Windham Bay, AK
9451979	57.5617	-135.4120	T	Nismeni Cove, AK
9452005	57.5217	-133.0550	T	Upper Endicott Arm, North Shore, AK
9452017	57.6876	-133.1425	T	Ford's Terror, Stephens Pass, AK
9452022	57.8783	-133.1900	T	Sawyer Island, Tracy Arm, AK
9452064	57.7183	-133.5780	T	Holkham Bay, Wood Spit, AK
9452067	57.7600	-133.6030	T	Holkham Bay, Tracy Arm Entrance, AK
9452081	58.1167	-133.6900	T	Port Snettisham, Speel River Arm, AK
9452082	58.0967	-133.7420	T	Port Snettisham, Crib Point, AK
9452089	58.0223	-133.8073	T	Sharp Point, Speel Arm, AK
9452123	58.0683	-134.0120	T	Taku Harbor, AK
9452124	58.4087	-134.0061	T	Taku Point, Taku Inlet, AK
9452128	57.6783	-134.0380	T	Rasp Ledge, Seymour Canal, AK
9452133	58.2233	-134.0600	T	Greely Point, Taku Inlet, AK
9452210	58.2988	-134.4106	T	Juneau, AK
9452249	58.1833	-134.5870	T	Young Bay, AK
9452263	58.3817	-134.6450	T	Auke Bay, AK
9452294	58.0850	-134.7770	T	Hawk Inlet Entrance, AK
9452318	58.3217	-134.8780	T	Barlow Cove, Mansfield Peninsula, AK
9452321	58.2550	-134.8950	T	Funter, Funter Bay, AK
9452328	57.9667	-134.9350	T	False Bay, Chatham Strait, AK
9452336	58.4983	-134.9650	T	Lincoln Island, AK
9452346	58.7517	-135.0280	T	Cove Point, Berner's Bay, AK
9452368	58.2150	-135.1270	T	Swanson Harbor, AK
9452386	57.7793	-135.2195	T	Tenakee Springs, Tenakee Inlet, AK
9452391	58.7133	-135.2320	T	William Henry Bay, AK
9452400	59.4508	-135.3280	T	Skagway, Taiya Inlet, AK
9452421	59.1700	-135.4000	T	Chilkat Inlet, AK
9452434	59.3017	-135.4280	T	Taiyasanka Harbor, Taiya Inlet, AK
9452435	59.2300	-135.4330	T	Haines Inlet, AK
9452437	58.4167	-135.4470	T	Excursion Inlet Entrance, AK
9452438	58.1076	-135.4442	T	Hoonah, Port Fredrick, AK
9452447	58.4967	-135.4880	T	Excursion Inlet, North End, AK
9452516	58.2867	-135.8030	T	Point Adolphus, AK
9452534	58.4567	-135.8830	T	Bartlett Cove, Glacier Bay, AK
9452567	58.2117	-136.0350	T	Mud Bay, Goose Island, AK
9452579	57.6133	-136.0870	T	Elbow Passage, Klag Bay, AK
9452583	57.6867	-136.1070	T	Kimshan Cove, Ogden Passage, AK
9452584	58.9133	-136.1080	T	Muir Inlet, AK
9452586	58.6083	-136.1170	T	Willoughby Island, AK
9452611	57.9578	-136.2268	T	Pelican Harbor, Lisianski Inlet, AK
9452629	58.2633	-136.3250	T	Inian Cove, North Inian Pass, AK
9452632	58.9467	-136.3330	T	Wachusett Inlet, Glacier Bay, AK
9452633	58.0100	-136.3420	T	Miner Island, AK
9452634	58.1947	-136.3469	T	Elfin Cove, Port Althorp, AK
9452649	57.8467	-136.4220	T	Canoe Cove, North Pass, AK
9452671	57.9283	-136.5200	T	Takanis Bay, AK
9452672	58.0183	-136.5280	T	Surge Bay, AK
9452682	58.8883	-136.5730	T	Composite Island, AK
9452704	58.2767	-136.6780	T	Graves Harbor, AK
9452747	58.3833	-136.8670	T	Dixon Harbor, AK
9452749	58.9648	-136.8776	T	Tarr Inlet, Glacier Bay, AK
9452928	58.6167	-137.6500	T	Lituya Bay, 2 miles inside entrance, AK
9453178	59.9369	-139.4001	T	Russell Fiord, AK
9453208	59.6117	-139.5800	T	Redfield Cove, Yakutat Bay, AK
9453210	59.9033	-139.6270	T	Point Latouche, Yakutat Bay, AK
9453215	59.5817	-139.7020	T	Johnstone Passage, Yakutat Bay, AK
9453220	59.5485	-139.7334	T	Yakutat, Yakutat Bay, AK
9453431	60.0783	-141.2750	T	Tyndall Glacier, Icy Bay, AK
9453443	59.9300	-141.3630	T	Moraine Bay, Icy Bay, AK
9453456	59.8850	-141.4570	T	Icy Bay, AK
9454050	60.5583	-145.7530	T	CORDOVA, AK
9454124	60.6719	-145.9922	T	Sheep Bay, AK
9454125	60.4650	-145.9880	T	Shag Rock, AK
9454153	60.7667	-146.0846	T	Gravina River, AK
9454157	60.7100	-146.0850	T	Comfort Cove, Port Gravina, AK
9454224	59.4617	-146.3100	T	Middleton Island (north end), AK
9454240	61.1250	-146.3620	T	VALDEZ, Port Valdez, AK
9454296	60.8533	-146.5350	T	Landlocked Bay, Port Fidalgo, AK
9454309	61.0400	-146.6150	T	Jack Bay, AK
9454319	60.4817	-146.6100	T	Johnstone Point, AK
9454329	60.2383	-146.6480	T	Cape Hinchinbrook, AK
9454363	60.9467	-146.7550	T	Rocky Point, AK
9454374	60.8983	-146.7820	T	Busby Island, AK
9454460	61.0233	-147.0850	T	Columbia Glacier, AK
9454507	60.8800	-147.2230	T	Jackson Cove, Glacier Island, AK
9454511	60.2418	-147.2490	T	Port Chalmers, AK
9454561	60.1267	-147.3950	T	Perch Point, AK
9454562	59.8750	-147.4030	T	Wooded Islands, AK
9454563	60.6833	-147.3880	T	Naked Island, McPherson Passage, AK
9454564	60.4250	-147.4100	T	Seal Island, AK
9454573	60.2700	-147.4380	T	Gibbon Anchorage, Green Island, AK
9454574	59.9067	-147.4500	T	Patton Bay, AK
9454616	60.0250	-147.5920	T	5 miles NE of Point Brazil, Montague Island, AK
9454642	60.4617	-147.6720	T	Louis Bay, AK
9454652	60.3667	-147.7000	T	Bay of Isles, South Arm, AK
9454662	60.2500	-147.7170	T	Snug Harbor, Knight Island, AK
9454671	60.1533	-147.7670	T	Point Helen, AK
9454672	61.2058	-147.7614	T	College Fiord, AK
9454673	60.3433	-147.7680	T	Port Audrey, AK
9454674	59.8900	-147.7950	T	Macleod Harbor, AK
9454691	60.4750	-147.7920	T	Herring Point, AK
9454713	60.0533	-147.9070	T	Latouche, Latouche Island, AK
9454721	60.6717	-147.9320	T	Perry Island (South Bay), AK
9454735	60.4483	-147.9780	T	Eshamy Bay, Knight Island Passage, AK
9454751	60.1000	-148.0380	T	Guguak, AK
9454755	60.1967	-148.0420	T	Bainbridge Point, Bainbridge Island, AK
9454757	60.4617	-148.0450	T	Eshamy Lagoon, AK
9454764	60.0517	-148.0650	T	Sawmill Bay, Evans Island, AK
9454777	60.2833	-148.1130	T	Chenega Island, southwest end, AK
9454787	60.3300	-148.1430	T	Chenega Island, Dangerous Passage, AK
9454794	60.6233	-148.1650	T	Applegate Island, AK
9454798	60.7417	-148.1720	T	Culross Bay, Wells Passage, AK
9454805	60.0767	-148.1950	T	Hogg Bay, Port Bainbridge, AK
9454814	59.9383	-148.2270	T	Point Elrington, Elrington Island, AK
9454818	60.4917	-148.2420	T	Blue Fjord, Port Nellie Juan, AK
9454825	60.6917	-148.2630	T	Long Bay Entrance, Culross Passage, AK
9454851	60.6633	-148.3570	T	Cochrane Bay, AK
9454887	60.5417	-148.4600	T	Kings Bay, Port Nellie Juan, AK
9454907	60.7650	-148.5230	T	Blackstone Bay, AK
9454949	60.7783	-148.6650	T	Whittier, Passage Canal, AK
9454951	60.4567	-148.6650	T	Kings Bay (inside), AK
9455036	60.0100	-149.0620	T	Day Harbor, AK
9455090	60.1193	-149.4281	T	Seward, Resurrection Bay, AK
9455120	59.7733	-149.5880	T	Agnes Cove, Aialik Peninsula, AK
9455128	59.8017	-149.6150	T	Bear Cove, Aialik Peninsula, AK
9455145	59.9533	-149.7150	T	Aialik Bay, North end, AK
9455146	59.8850	-149.7180	T	Aialik Sill, Aialik Bay, AK
9455151	59.6933	-149.7480	T	Camp Cove, Aialik Bay, AK
9455159	59.7133	-149.7870	T	Crater Bay, Harris Bay, AK
9455204	59.7900	-150.0320	T	Upper Northwestern Fiord, Harris Bay, AK
9455217	59.6617	-150.1080	T	Two Arm Bay, Harris Bay, AK
9455249	59.4883	-150.3120	T	Chance Cove (Lagoon), AK
9455258	59.5116	-150.3552	T	McCarty Fiord, Moonlight Bay, AK
9455304	59.5267	-150.6280	T	Beauty Bay, Nuka Bay, AK
9455308	59.4083	-150.6670	T	Nuka Passage, AK
9455347	59.2617	-150.9820	T	Takoma Cove, Port Dick, AK
9455399	59.2550	-151.4200	T	Picnic Harbor, Rocky Bay, AK
9455428	59.2133	-151.7280	T	Port Chatham, AK
9455437	59.3500	-151.8267	T	Port Graham, AK
9455478	58.9467	-152.2680	T	Ushagat Island, Barren Islands, AK
9455500	59.4405	-151.7199	T	SELDOVIA, Kachemak Bay, AK
9455506	59.4317	-151.3570	T	Tutka Bay,Kachemak Bay, AK
9455514	59.4900	-151.3650	T	Sadie Cove, Kachemak Bay, AK
9455517	59.4683	-151.5650	T	Kasitsna Bay, Kachemak Bay, AK
9455556	59.5967	-151.2200	T	Halibut Cove, Kachemak Bay, AK
9455558	59.6014	-151.4106	T	Homer, Coal Point, Kachemak Bay, AK
9455595	59.7250	-151.0230	T	Bear Cove, Kachemak Bay, AK
9455606	59.7720	-151.8670	T	Anchor Point, AK
9455653	60.0550	-151.6820	T	Ninilchik, AK
9455711	60.3367	-151.3800	T	Cape Kasilof, AK
9455732	60.5117	-151.9520	T	Kalgin Island (north end),  Cook Inlet, AK
9455735	60.5033	-151.2830	T	Chinulna Point, Cook Inlet, AK
9455741	60.5550	-152.1330	T	Drift River Terminal, AK
9455742	60.5450	-151.2180	T	Kenai City Pier, AK
9455760	60.6833	-151.3980	T	NIKISKI, AK
9455866	61.0367	-150.4130	T	Point Possession, AK
9455869	61.0433	-151.1630	T	North Foreland, AK
9455912	61.1733	-150.2130	T	Fire Island, AK
9455920	61.2375	-149.8904	T	ANCHORAGE, Knik Arm, AK
9455934	61.2683	-149.9170	T	Port MacKenzie, AK
9455963	61.3933	-149.8470	T	Goose Creek, Knik Arm, Cook Inlet, AK
9456173	60.1075	-152.5817	T	Snug Harbor, Chisik Island, AK
9456204	60.1533	-152.6350	T	Tuxedni Channel, AK
9456463	59.6400	-153.2620	T	Oil Bay, Kamishak Bay, AK
9456525	59.6517	-153.4681	T	Southwest Iniskin Bay, AK
9456717	58.3917	-153.9580	T	Nukshak Island, Shelikof Strait, AK
9456822	59.1783	-154.0870	T	Nordyke Island, Kamishak Bay, AK
9456835	58.3417	-154.1170	T	Kukak, Kukak Bay, AK
9456901	58.2900	-154.2700	T	Aguchik Island, Kukak Bay, AK
9456992	58.0633	-154.4770	T	Takli Island, Shelikof Strait, AK
9457152	58.3167	-152.0670	T	Tonki Bay, AK
9457201	58.3717	-152.2380	T	Seal Bay, AK
9457259	58.5183	-152.4150	T	Andreon Bay, Shuyak Island, AK
9457261	57.7833	-152.4280	T	Kodiak, Port of Kodiak, AK
9457262	57.9383	-152.4170	T	Spruce Island (north side), AK
9457271	58.3567	-152.4480	T	Perenosa Bay, AK
9457283	57.7450	-152.4830	T	Kodiak, St. Paul Harbor, AK
9457287	57.9217	-152.4980	T	Ouzinkie, Spruce Island, AK
9457292	57.7317	-152.5120	T	KODIAK, Womens Bay, AK
9457293	58.5867	-152.5130	T	Carry Inlet, Shuyak Island, AK
9457313	58.4902	-152.5838	T	Port William, Shuyak Island, AK
9457316	58.4533	-152.5950	T	Redfox Bay, Shuyak Strait, AK
9457321	58.5550	-152.6130	T	Big Bay, Shuyak Island, AK
9457351	57.4817	-152.7180	T	Ugak Bay (Saltery Cove), AK
9457361	57.9783	-152.7550	T	Fox Bay, Whale Island, AK
9457376	57.9283	-152.8120	T	Uzkosti Point, AK
9457391	57.8735	-152.8671	T	Port Lions, AK
9457401	57.8200	-152.9000	T	Kizhuyak Bay, AK
9457407	57.9783	-152.9250	T	Nachalni Island, AK
9457479	57.1633	-153.1520	T	Port Hobron, Sitkalidak Island, AK
9457481	58.1100	-153.1550	T	Dolphin Point, Raspberry Strait, AK
9457493	57.7440	-153.1955	T	Terror Bay, AK
9457527	57.2028	-153.3039	T	Old Harbor, AK
9457535	58.1072	-153.3401	T	West Raspberry Island, AK
9457634	56.9600	-153.6870	T	Japanese Bay, AK
9457648	57.5483	-153.7350	T	Zachar Bay, AK
9457671	57.4600	-153.8170	T	Mining Camp, AK
9457724	57.5333	-153.9900	T	Larsen Bay, AK
9457773	57.0017	-154.1480	T	Moser Bay (Trap Point), AK
9457798	57.1617	-154.2280	T	Olga Bay (A. P. A. Cannery), AK
9457804	56.8974	-154.2480	T	Alitak, Lazy Bay, AK
9458209	57.7067	-155.3930	T	Puale Bay, AK
9458293	55.8083	-155.7400	T	Chirikof Island, AK
9458365	57.5200	-156.0520	T	Kanatak Lagoon, Portage Bay, AK
9458519	56.0517	-156.6980	T	Chowiet Island, Semidi Island, AK
9458716	56.7561	-157.4930	T	Aniakchak Bay, AK
9458762	56.4917	-157.7400	T	Unavikshak Island, AK
9458779	56.3517	-157.8120	T	Nakchamik Island, AK
9458819	56.6133	-157.9830	T	Kujulik Bay (North Shore), AK
9458849	56.1467	-158.1070	T	Chankliut Island, AK
9458907	56.2317	-158.3470	T	Castle Bay, Northwest Arm, AK
9458917	56.2967	-158.4000	T	Chignik, Anchorage Bay, AK
9458964	56.1133	-158.5980	T	Hump Island, Kuiukta Bay, AK
9459016	55.8900	-158.8200	T	Mitrofania Island, AK
9459085	55.8433	-159.1050	T	Chiachi Island (east side), AK
9459145	55.7900	-159.3500	T	Kupreanof Harbor, Paul Island, AK
9459163	55.0656	-159.4187	T	Herendeen Island, Shumagin Islands, AK
9459181	55.9001	-159.4913	T	Ivanof Bay, AK
9459251	54.8352	-159.7596	T	Bird Island, AK
9459281	55.7833	-159.8800	T	Dent Point, Stepovak Bay, AK
9459311	55.1550	-159.9950	T	Sanborn Harbor, Nagai Island, AK
9459398	55.3617	-160.3600	T	Pirate Cove, Popof Island, AK
9459450	55.3317	-160.5043	T	SAND POINT, POPOF ISLAND, AK
9459464	55.5900	-160.6130	T	Albatross Anchorage, Balboa Bay, AK
9459465	55.3350	-160.6170	T	Zachary Bay, Unga Island, AK
9459522	55.4733	-160.8400	T	Beaver Bay, AK
9459643	55.3650	-161.3250	T	Seal Cape, Coal Bay, AK
9459696	55.2583	-161.5370	T	Ukolnoi Island, AK
9459758	55.1217	-161.7920	T	Dolgoi Harbor, Dolgoi Island, AK
9459881	55.0599	-162.3261	T	King Cove, AK
9459895	55.1183	-162.3780	T	Lenard Harbor, Cold Bay, AK
9459939	54.3933	-162.6370	T	Peterson Bay, AK
9459949	55.2083	-162.6980	T	Cold Bay, AK
9459968	54.4817	-162.8120	T	Sanak Harbor, AK
9460150	52.8400	173.1950	T	MASSACRE BAY, AK
9461081	51.6033	-178.6170	T	Ogliuga Island (east coast), AK
9461132	51.6717	-178.0450	T	Lash Bay, AK
9461138	51.7183	-177.9970	T	Tanaga Bay, AK
9461162	51.7783	-177.8000	T	Hot Springs Bay, AK
9461183	51.6650	-177.6370	T	Cape Chunu, AK
9461264	51.7183	-177.2000	T	Kanaga Bay, AK
9461276	51.7100	-177.1450	T	Cape Chlanak, AK
9461292	51.8700	-177.0680	T	Shoal Point, AK
9461337	51.6417	-176.8250	T	Bay of Waterfalls, AK
9461341	51.7800	-176.8070	T	Unalga Bight, AK
9461380	51.8606	-176.6376	T	Sweeper Cove, Kuluk Bay, Adak Island, AK
9461391	51.7133	-176.5300	T	Boot Bay, AK
9461406	51.7700	-176.4350	T	Adak Bight, AK
9461411	51.8250	-176.4020	T	Laska Cove, Kagalaska Island, AK
9461453	51.9733	-176.0850	T	Sand Bay, Great Sitkin Island, AK
9461467	52.0383	-175.9800	T	Bugle Point, Great Sitkin Island, AK
9461519	51.9600	-175.5880	T	Fenimore Pass, AK
9461555	52.0067	-175.3200	T	Atka Pass, east end, AK
9461582	52.0367	-175.1150	T	Bechevin Bay, AK
9461656	52.0733	-174.5680	T	Explorer Bay, AK
9461667	52.0267	-174.4800	T	Sagchudak Island, AK
9461693	52.2267	-174.2920	T	Martin Harbor, Korovin Bay, AK
9461704	52.1183	-174.2070	T	Cape Utalug (4 miles west of), AK
9461710	52.2319	-174.1725	T	Atka, Nazan Bay, AK
9461945	52.3917	-172.4050	T	Finch Cove, Seguam Island, AK
9462144	52.6817	-170.7070	T	North side, AK
9462161	52.6533	-170.5630	T	East Cove, AK
9462239	52.8617	-169.8620	T	Applegate Cove, Chuginadak Island, AK
9462317	52.9117	-169.1650	T	Adugak Island, AK
9462331	52.8417	-169.0430	T	Cape Sagak, AK
9462354	53.0167	-168.8350	T	Okee Bay, AK
9462367	52.9583	-168.7200	T	Driftwood Bay, AK
9462398	53.0450	-168.4420	T	Kigul Island, AK
9462408	53.2967	-168.3520	T	Inanudak Bay, AK
9462444	53.9300	-168.0330	T	Bogoslof Island, AK
9462450	52.9406	-168.8713	T	Nikolski, AK
9462465	53.3967	-167.8430	T	Otter Point, AK
9462501	53.3950	-167.5330	T	Chernofski Harbor, AK
9462554	53.6100	-167.0450	T	Skan Bay, AK
9462557	53.4617	-167.0200	T	Kuliliak Bay, AK
9462573	53.4750	-166.8730	T	Raven Bay, AK
9462578	53.6783	-166.8320	T	Anderson Bay, AK
9462582	53.5150	-166.7900	T	Usof Bay, AK
9462606	53.7133	-166.5720	T	Kisselen Bay, Beaver Inlet, AK
9462611	53.8917	-166.5370	T	Dutch Harbor, Amaknak Island, AK
9462620	53.8792	-166.5403	T	Unalaska, AK
9462637	53.7367	-166.2950	T	Udagak Strait, AK
9462641	53.9250	-166.2570	T	English Bay, AK
9462645	53.8289	-166.2163	T	Udamat Bay, Sedanka Island, AK
9462662	54.1307	-166.0993	T	Reef Bight, Akutan Island, AK
9462676	54.0646	-165.9371	T	Broad Bight, Akutan Island, AK
9462691	54.1283	-165.8080	T	Akutan Harbor, Akutan Island, AK
9462694	54.1333	-165.7773	T	Akutan, Akutan Island, AK
9462705	54.1103	-165.6614	T	Green Bight, Akutan Island, AK
9462711	54.1508	-165.6150	T	Surf Bay, Akutan Bay, AK
9462719	54.2333	-165.5330	T	Akun Cove, Akun Island, AK
9462721	54.1400	-165.5270	T	Trident Bay, Akun Island, AK
9462723	54.0522	-165.5142	T	Rootok Island, AK
9462782	54.1200	-164.9770	T	Tigalda Bay, Tigalda Island, AK
9462786	54.1018	-164.9416	T	SE Tigalda Island, Pacific Ocean, AK
9462787	54.6000	-164.9280	T	Cape Sarichef, AK
9462808	54.3936	-164.7457	T	Scotch Cap, AK
9462838	54.9283	-164.4670	T	Cape Mordvinof, AK
9462941	55.0643	-163.5342	T	Cape Chunak, AK
9462944	55.0100	-163.5070	T	St. Catherine Cove, AK
9462948	54.9667	-163.4400	T	Neumans Cove, Unimak Island, AK
9462955	54.8583	-163.4070	T	False Pass, Isanotski Strait, AK
9462961	54.7784	-163.3643	T	Isanotski Strait Entrance, Ikatan Bay, AK
9462971	54.7100	-163.2670	T	Dora Harbor, AK
9462987	55.4133	-163.1150	T	Amak Island, AK
9463058	55.2700	-162.9000	T	Grant Point, Izembek Lagoon, AK
9463195	55.5000	-161.4667	T	Settlement Point, Pavlof Bay
9463502	55.9858	-160.5736	T	Port Moller, AK
9463885	56.5667	-169.6667	T	Zapadni Bay, St. George Island, AK
9463888	56.6033	-169.5496	T	St. George, St. George Island, AK
9464075	56.9083	-158.6849	T	Meshik, Port Heiden, AK
9464212	57.1253	-170.2852	T	Village Cove, St. Paul Island, AK
9464512	57.6148	-157.6007	T	Dago Creek Mouth, Ugashik Bay, AK
9464874	58.2167	-157.3750	T	Egegik, Egegik River, AK
9464881	58.2383	-157.5000	T	Egegik River Ent, Bristol Bay, AK
9464961	58.5217	-159.1520	T	Cape Constantine, Nushagak Penninsula, AK
9465022	58.4533	-157.5000	T	Middle Bluff, Kvichak Bay, AK
9465056	58.5000	-158.7120	T	Protection Point, AK
9465137	58.6267	-161.8370	T	Cape Peirce, West Side, AK
9465149	58.6717	-156.6570	T	King Salmon Airport, AK
9465174	58.7067	-156.7570	T	Omakstalia Point, AK
9465182	58.7083	-160.1880	T	Black Rock, Walrus Islands, AK
9465203	58.7321	-156.9833	T	Naknek, Naknek River, AK
9465261	58.8483	-158.5520	T	Nushagak Bay (Clarks Point), AK
9465265	58.8400	-159.6470	T	Kulukak Point, Kulukak Bay, AK
9465342	58.9700	-156.9470	T	Kvichak, AK
9465368	59.0450	-161.8080	T	Goodnews Bay entrance, AK
9465374	59.0400	-158.4470	T	Snag Point, AK
9465396	59.0467	-161.8180	T	Platinum, AK
9465419	59.1133	-156.8320	T	Levelock, AK
9465438	59.1144	-161.5844	T	Goodnews Bay, ANVSA, AK
9465601	59.3780	-162.0293	T	Carter Bay, Kuskokwim Bay, AK
9465831	59.7506	-161.9154	T	Quinhagak (Kwinak), Kanektok River, AK
9465951	59.9432	-164.0434	T	Kipnuk, Kugkaktlik River, AK
9466057	60.1233	-162.5004	T	Popokamute (Kokokamute), Kuskokwim River, AK
9466079	60.1367	-162.1580	T	Apokak Creek entrance, AK
9466084	60.1594	-164.2726	T	Chefornak, Kinia River, AK
9466153	60.2703	-162.4102	T	Helmick Point, southeast of, AK
9466197	60.3415	-162.6860	T	Tuntutuliak, AK
9466203	60.3583	-172.7150	T	St. Matthew Island, AK
9466217	60.4167	-166.1670	T	Mekoryuk, Mekoryuk River Ent., Nunivak Island, AK
9466229	60.3942	-172.4862	T	Offshore St Matthew Island (GNSS Buoy), AK
9466298	60.5167	-165.1330	T	Nelson Island, Tooksook Bay, AK
9466328	60.5543	-162.2971	T	Lomavik, AK
9466477	60.8000	-161.7500	T	Bethel, AK
9466563	60.9345	-164.6387	T	Newtok, Ningliq River, AK
9466931	61.5317	-166.1480	T	Dall Point, AK
9467124	61.8417	-165.5670	T	Kun River, Scammon Bay, AK
9467551	62.5329	-164.8453	T	Nunam Iqua (Sheldon Point), AK
9467645	62.6872	-164.6669	T	Alakanuk, Yukon River, AK
9467701	62.7775	-164.5469	T	Emmonak, Kwiguk Pass, Yukon River, AK
9467861	63.0379	-163.5265	T	Kotlik, Kotlik River, AK
9468011	63.2800	-162.6020	T	Pikmiktalik River entrance, AK
9468039	63.3167	-168.9670	T	Northeast Cape, AK
9468123	63.4667	-170.0170	T	Fossil River entrance, AK
9468132	63.4750	-162.0270	T	St. Michael, AK
9468151	63.5250	-162.2930	T	Stebbins, Norton Sound, AK
9468216	63.6200	-171.3830	T	Niyrakpak Lagoon entrance, AK
9468226	63.6283	-162.5170	T	North Bay, Stuart Island, AK
9468258	63.6791	-170.5371	T	Savoonga, AK
9468333	63.8750	-160.7880	T	Unalakleet, AK
9468691	64.3802	-161.2351	T	Shaktoolik, AK
9468756	64.4946	-165.4396	T	NOME, AK
9468793	64.5463	-163.0317	T	Golovin, Golovnin Lagoon Entrance, AK
9468841	64.6208	-163.1490	T	Upper Golovnin Lagoon, AK
9468877	64.6811	-163.4119	T	White Mountain, Niukluk, AK
9469031	64.9312	-161.1508	T	Koyuk, Koyuk Inlet, AK
9469146	65.1184	-165.4721	T	Umuruk Basin, AK
9469237	65.2567	-166.8470	T	Point Spencer, Port Clarence, AK
9469239	65.2667	-166.3530	T	Teller, Port Clarance, AK
9469338	65.3900	-167.1450	T	Lost River, Seward Peninsula, AK
9469439	65.5583	-167.9750	T	Tin City, AK
9469677	65.9755	-161.1250	T	Buckland, Buckland river, AK
9469751	66.0972	-162.7405	T	Deering, AK
9469833	66.2303	-163.9041	T	GOODHOPE BAY, KOTZEBUE SOUND, AK
9469854	66.2633	-166.0200	T	Shishmaref Inlet, AK
9490096	66.5857	-164.2508	T	CAPE ESPENBERG, KOTZEBUE SOUND, AK
9490424	66.9017	-162.5820	T	Kotzebue, AK
9490571	67.0542	-163.3213	T	Cape Krusenstern, AK
9491094	67.5758	-164.0644	T	Red Dog Dock, AK
9491253	67.7267	-164.5920	T	Kivalina, AK
9491873	68.3417	-166.8080	T	Point Hope, AK
9494212	70.6438	-160.0651	T	Wainwright, Chukchi Sea, AK
9494935	71.3601	-156.7299	T	Barrow Offshore, AK
9495048	71.3600	-156.3530	T	Point Barrow, AK
9495832	70.8663	-153.9400	T	Drew Point, Smith Bay, AK
9496345	70.7551	-152.3378	T	Cape Halkett, AK
9497645	70.4114	-148.5317	T	PRUDHOE BAY, AK
9498306	70.1691	-146.2494	T	Point Thomson, Beaufort Sea, AK
9499176	70.1286	-143.6110	T	Barter Island, AK
9500101	25.8833	-97.5167	T	Matamoros
9500966	22.2617	-97.7950	T	Madero, Tampico Harbor, Mexico
9501251	21.0000	-97.3333	T	Tuxpan
9501701	19.2000	-96.1333	T	Veracruz
9501801	18.7667	-95.7667	T	Alvarado
9501951	18.1467	-94.4117	T	Coatzcoalcos
9502401	18.5333	-92.6500	T	Frontera
9503151	21.3000	-89.6667	T	Progreso
9504651	16.1600	-95.2033	T	Salina Cruz
9507601	27.9217	-110.9083	T	Guaymas
9640507	13.3333	-87.8217	T	La Union (Cutuco)
9650593	15.8350	-87.8700	T	Puerto Cortes
9654601	16.4450	-85.9150	T	Isla de Guanaja
9665401	14.0422	-83.3819	T	Puerto Cabezas
9684403	9.9733	-84.8317	T	Puntarenas
9688541	9.9933	-83.0267	T	Puerto Limon
9710441	26.7100	-78.9967	T	SETTLEMENT POINT, GRAND BAHAMAS ISLAND
9751082	17.7407	-64.6058	T	Grapetree Bay, St, Croix, PR
9751084	17.7550	-64.6024	T	Teague Bay, St. Croix, PR
9751219	17.7100	-64.6828	T	Fareham Bay, St. Croix, PR
9751274	18.3170	-64.7021	T	Johns Folly Bay, St. John Island, PR
9751309	18.3676	-64.7207	T	Leinster Point, Leinster Bay, St. Johns Island, VI
9751364	17.7477	-64.6984	T	Christiansted Harbor, St Croix, VI
9751373	18.3483	-64.7167	T	Coral Harbor, St. Johns, VI
9751381	18.3182	-64.7242	T	Lameshur Bay, St. Johns Island, VI
9751388	18.3192	-64.7618	T	Fish Bay, St. John, PR
9751389	17.7753	-64.7623	T	Salt River Bay, St. Croix, PR
9751401	17.6947	-64.7538	T	LIME TREE BAY, ST.CROIX ISLAND, VI
9751417	18.3489	-64.7774	T	Hawksnest Beach, St. John, PR
9751419	18.3497	-64.6796	T	Haulover Bay, St. Johns, PR
9751467	18.3607	-64.8035	T	Lovango Cay, St. Johns Island, VI
9751472	18.3329	-64.7941	T	Cruz Bay, St. John, PR
9751494	18.2971	-64.8178	T	Dog Island, St. Thomas, VI
9751540	18.3267	-64.8517	T	Redhook Bay, St. Thomas Island, VI
9751561	18.3399	-64.8524	T	Pavillion Point, St. Thomas, PR
9751574	18.3181	-64.8595	T	Jersey Bay, St. Thomas, PR
9751583	18.3489	-64.8642	T	Water Bay, VI
9751584	17.7133	-64.8833	T	Fredericksted, St. Croix, VI
9751639	18.3306	-64.9258	T	CHARLOTTE AMALIE, ST. THOMAS ISLAND, VI
9751693	18.3663	-64.9221	T	Magens Bay, St. Thomas, PR
9751749	18.3329	-64.9517	T	Crown Bay, St. Thomas, PR
9751768	18.3712	-64.9635	T	Dorothea Bay, Saint Thomas Island, VI
9751774	18.3633	-65.0350	T	Botany Bay, St. Thomas Island, VI
9752062	18.3194	-65.2381	T	Culebrita, PR
9752235	18.3009	-65.3025	T	Culebra, PR
9752426	18.1166	-65.3729	T	Punta la Plata, Vieques Island, PR
9752619	18.1525	-65.4438	T	Isabel Segunda, Vieques Island, PR
9752695	18.0939	-65.4714	T	Esperanza, Vieques Island, PR
9752813	18.1489	-65.5149	T	Mosquito Pier, Vieques, PR
9752962	18.3450	-65.5695	T	Isla Palominos, PR
9752998	18.1124	-65.5759	T	Punta Arenas, Vieques Island, PR
9753182	18.2281	-65.6197	T	Ceiba, Roosevelt Road, PR
9753216	18.3353	-65.6311	T	Fajardo, PR
9753641	18.1871	-65.7114	T	Naguabo, PR
9753766	18.3817	-65.7365	T	Luquillo, PR
9754057	18.0781	-65.7956	T	Palmas del Mar, PR
9754228	18.0551	-65.8330	T	Yabucoa Harbor, PR
9754487	17.9914	-65.8888	T	Puerto Maunabo, PR
9754986	18.4566	-65.9915	T	Boca de Cangrejos, PR
9755371	18.4589	-66.1164	T	SAN JUAN, PR
9755679	17.9283	-66.1583	T	Las Mareas, PR
9755971	17.9500	-66.2264	T	Central Aguirre, PR
9756567	18.4852	-66.3844	T	Boca del Cibuco, PR
9756639	17.9550	-66.4067	T	Santa Isabel, PR
9757487	17.9696	-66.6199	T	Ponce, PR
9757809	18.4805	-66.7024	T	Arecibo, PR
9758053	17.9725	-66.7618	T	Penuelas (Punta Guayanilla), PR
9758627	17.9580	-66.9068	T	Guanica, PR
9759110	17.9701	-67.0464	T	MAGUEYES ISLAND, PR
9759173	18.0240	-67.1731	T	Boqueron, PR
9759183	18.1158	-67.1832	T	Joyuda, PR
9759189	18.0748	-67.1888	T	Puerto Real, PR
9759197	17.9514	-67.1966	T	Bahia Salinas, PR
9759394	18.2188	-67.1624	T	Mayaguez, PR
9759412	18.4566	-67.1646	T	Aguadilla, PR
9759421	18.1650	-67.1817	T	Punta Guanajibo, Mayagues, PR
9759866	18.0653	-67.8661	T	Southeast Mona Island, PR
9759938	18.0893	-67.9382	T	Mona Island, PR
9761115	17.5908	-61.8206	T	Barbuda
9812501	8.9667	-79.5667	T	Balboa, Canal Zone
9817583	9.3500	-79.9167	T	Cristobal (Colon), Panama Canal
9991474	-2.2017	-80.9100	T	La Libertad, Bahia de Santa Elena
9991475	-2.2033	-79.8700	T	Guayaquil
9992401	-0.9000	-89.6167	T	San Cristobal, Galapagos islands
TEC1603	42.7167	-73.7000	T	Troy
TEC1645	40.6000	-74.2000	T	Chelsea
TEC2789	35.2333	-75.5167	T	Cape Hatteras
TEC2791	35.2000	-75.7333	T	Hatteras Inlet
TEC2793	35.0667	-76.0167	T	Ocracoke Inlet
TEC2801	34.6833	-76.5333	T	Shell Point, Harkers Island
TEC2831	34.7167	-76.7500	T	N.C. State Fisheries
TEC2837	34.6500	-77.1000	T	Bogue Inlet
TEC2847	33.8500	-77.9667	T	Cape Fear
TEC2863	34.3500	-77.9333	T	Castle Hayne, Northeast River
TEC2929	33.1833	-79.1500	T	Winyah Bay Entrance (South Jetty)
TEC2937	33.3167	-79.2833	T	Frazier Point
TEC2991	33.1333	-79.2500	T	North Santee River Inlet
TEC3001	33.1500	-79.3333	T	Brown Island, South Santee River
TEC3011	33.1000	-78.4333	T	Cape Romain, 46 miles east of
TEC3023	32.9333	-79.5833	T	Jack Creek entrance
TEC3047	32.7667	-79.8333	T	Sullivans Island (outer coast)
TEC3061	32.8333	-79.9500	T	Shipyard Creek, 0.8 mile above entrance.
TEC3127	32.6500	-79.9333	T	Folly Island (outer coast)
TEC3327	32.4350	-80.8517	T	Euhaw Creek, 2.5 mi. above entrance
TEC3399	31.9833	-80.8500	T	Tybee Creek entrance
TEC3401	31.9500	-80.9333	T	Beach Hammock
TEC3403	31.9333	-81.0000	T	Romerly Marsh Creek
TEC3405	32.0000	-81.0000	T	Savannah Sheraton Resort Hotel
TEC3407	32.0333	-81.0500	T	Thunderbolt
TEC3409	32.0667	-81.0000	T	North entrance
TEC3411	31.9833	-81.0500	T	Isle of Hope, Skidaway River
TEC3413	31.8333	-81.0833	T	Egg Islands
TEC3417	31.9333	-81.1500	T	Coffee Bluff, Forest River
TEC3419	31.8833	-81.2167	T	Fort McAllister, Ogeechee River
TEC3421	31.9833	-81.2833	T	Highway bridge, Ogeechee River
TEC3425	31.8167	-81.1667	T	Florida Passage, Bear River
TEC3427	31.8167	-81.1500	T	Cane Patch Creek entrance
TEC3445	31.6667	-81.2667	T	North Newport River
TEC3447	31.6667	-81.2667	T	South Newport Cut, N. Newport River
TEC3457	31.5833	-81.3167	T	Dallas Bluff, Julienton River
TEC3463	31.5333	-81.2000	T	Blackbeard Island
TEC3491	31.3333	-81.3167	T	Wolf Island, south end
TEC3495	31.2167	-81.3167	T	Hampton River entrance
TEC3497	31.3000	-81.3333	T	Jones Creek entrance, Hampton River
TEC3499	31.1000	-81.3167	T	St. Simons Sound Bar
TEC3515	31.1833	-81.5167	T	Allied Chemical Corp. docks
TEC3521	31.1500	-81.5667	T	Highway bridge, South Brunswick River
TEC3531	31.1667	-81.6167	T	Below Spring Bluff
TEC3541	30.9500	-81.9000	T	Burnt Fort
TEC3693	28.4333	-80.5667	T	Cape Canaveral
TEC3783	26.9483	-80.0850	T	Jupiter Inlet, U.S. Highway 1 Bridge
TEC3787	26.9500	-80.1017	T	Tequesta
TEC3789	26.9517	-80.1017	T	Tequesta, North Fork entrance
TEC4165	25.1167	-81.0833	T	Cape Sable, East Cape
TEC4169	25.3167	-81.0333	T	Whitewater Bay
TEC4207	26.4500	-82.0167	T	Point Ybel, San Carlos Bay entrance
TEC4271	27.6833	-82.7333	T	Pass-a-Grille Beach
TEC4299	29.2833	-83.1500	T	Suwannee River entrance
TEC4301	29.5000	-83.3667	T	Pepperfish Keys
TEC4305	29.7333	-83.5333	T	Fishermans Rest
TEC4309	29.9667	-83.8333	T	Rock Islands
TEC4383	30.6167	-87.0333	T	Milton, Blackwater River
TEC4445	30.0000	-89.9333	T	Paris Road Bridge (ICWW)
TEC4455	29.2667	-89.9667	T	Bayou Rigaud, Grand Isle
TEC4513	29.3833	-94.8833	T	Texas City, Turning Basin
TEC4525	29.5167	-94.4833	T	Gilchrist, East Bay
TEC4605	32.3167	-64.8333	T	Ireland Island
TEC4609	22.7500	-78.1167	T	Guinchos Cay
TEC4611	23.9500	-80.4667	T	Elbow Cay, Cay Sal Bank
TEC4613	24.7333	-77.8000	T	Fresh Creek, Andros Island
TEC4615	25.5500	-79.2833	T	North Cat Cay
TEC4617	25.7333	-79.3000	T	North Bimini
TEC4619	26.9500	-79.1167	T	Memory Rock
TEC4621	26.3833	-76.9667	T	Pelican Harbor
TEC4623	25.0833	-77.3500	T	Nassau, New Providence Island
TEC4625	25.2500	-76.3167	T	Eleuthera Island, west coast
TEC4627	24.9333	-76.1500	T	Eleuthera Island, east coast
TEC4629	24.3167	-75.4333	T	The Bight, Cat Island
TEC4631	24.0500	-74.5500	T	San Salvador
TEC4633	23.1000	-74.9833	T	Clarence Harbor, Long Island
TEC4635	22.5167	-75.8500	T	Nurse Channel
TEC4637	22.1667	-74.3000	T	Datum Bay, Acklin Island
TEC4639	20.9500	-73.6833	T	Mathew Town, Great Inagua Island
TEC4641	22.3667	-73.0000	T	Abraham Bay, Mayaguana Island
TEC4643	21.4333	-71.1167	T	Hawks Nest Anchorage, Turks Islands
TEC4645	22.9333	-80.0000	T	La Isabela
TEC4647	21.6333	-77.1167	T	Bahia de Nuevitas entrance
TEC4649	21.5833	-77.2500	T	Nuevitas, Bahia de Nuevitas
TEC4651	21.2333	-76.5500	T	Puerto Padre
TEC4653	21.1167	-76.1167	T	Puerto de Gibara
TEC4655	20.7833	-75.5667	T	Bahia de Nipe entrance
TEC4657	20.8333	-75.7333	T	Antilla, Bahia de Nipe
TEC4659	20.7500	-75.4667	T	Bahia de Levisa entrance
TEC4661	20.7167	-75.3167	T	Sagua de Tanamo, Bahia de
TEC4663	20.3500	-74.5000	T	Baracoa
TEC4665	20.2500	-74.1333	T	Punta Maisi
TEC4667	19.9000	-75.1500	T	Guantanamo Bay
TEC4669	19.9833	-75.8667	T	Puerto de Santiago de Cuba
TEC4671	19.9000	-77.3167	T	Puerto de Pilon
TEC4673	20.3500	-77.1167	T	Manzanillo, Golfo de Guacanayabo
TEC4675	21.7500	-79.9833	T	Casilda
TEC4677	22.0667	-80.4500	T	Punta Pasacaballos
TEC4679	22.1333	-80.4500	T	Cienfuegos
TEC4681	21.4500	-82.9167	T	Carapachibey, Isla de Pinos
TEC4683	22.2333	-83.5667	T	La Coloma
TEC4685	21.8667	-84.9667	T	Cabo San Antonio
TEC4687	22.9667	-83.2167	T	Bahia Honda
TEC4689	23.1500	-82.3333	T	Havana
TEC4691	23.0667	-81.5333	T	Matanzas
TEC4693	23.0667	-81.2000	T	Cardenas
TEC4695	17.8833	-76.3333	T	Port Morant
TEC4697	17.9333	-76.8500	T	Port Royal
TEC4701	18.3000	-78.4000	T	South Negril Point
TEC4703	18.4667	-77.9167	T	Montego Bay
TEC4705	18.4167	-77.2333	T	St. Anns Bay
TEC4707	19.3333	-81.3333	T	Grand Cayman
TEC4709	18.5500	-72.3500	T	Port-au-Prince
TEC4711	19.7167	-71.7667	T	Massacre, Riviere du entrance
TEC4713	19.8167	-70.7000	T	Puerto Plata
TEC4715	19.2000	-69.3333	T	Santa Barbara de Samana
TEC4717	19.2167	-69.6000	T	Sanchez
TEC4723	18.4500	-69.8833	T	Santo Domingo
TEC4727	18.2167	-72.5667	T	Jacmel
TEC4733	17.9667	-66.6167	T	Playa de Ponce
TEC4735	17.9833	-66.4500	T	Playa Cortada
TEC4737	17.9667	-66.0667	T	Arroyo
TEC4749	18.3000	-65.2833	T	Ensenada Honda, Culebra Island
TEC4765	17.9000	-62.8500	T	St. Barthelemy
TEC4769	16.2333	-61.5333	T	Pointe-a-Pitre, Guadeloupe
TEC4771	15.3000	-61.4000	T	Roseau, Dominica
TEC4775	14.0167	-61.0000	T	Castries, St. Lucia
TEC4777	13.7333	-60.9667	T	Vieux Fort Bay, St. Lucia
TEC5647	17.5000	-88.1830	T	Belize City
TEC5649	16.1000	-88.8167	T	Punta Gorda
TEC5651	15.8333	-88.8167	T	Rio Dulce entrance
TEC5655	16.4000	-86.3330	T	Port Royal, Isla de Roatan
TEC5657	16.0000	-86.0330	T	Puerto Castilla
TEC5661	17.4000	-83.9330	T	Harbor Bay, Great Swan Island
TEC5663	15.0000	-83.1670	T	Cabo Gracias a Dios
TEC5669	12.1670	-83.0500	T	Isla del Maiz Grande
TEC5671	12.0000	-83.7000	T	Bluefields Lagoon Entrance
TEC5673	10.9170	-83.7000	T	San Juan del Norte (Greytown)
TEC5677	9.3500	-82.2500	T	Boca del Toro, Almirante Bay
TEC5681	8.9000	-77.6833	T	Bahia de Caledonia
TPT2621	18.1333	145.7667	T	Pagan Island
TPT2623	15.2000	145.7167	T	Saipan Harbor, Saipan Island
TPT2625	14.9667	145.6167	T	Tinian Island
TPT2627	14.1333	145.1333	T	Rota Island
TPT2631	7.0500	134.2667	T	Shonian Harbor
TPT2637	7.5000	134.5167	T	West Passage
TPT2639	8.3000	137.4833	T	Ngulu Islands
TPT2647	7.2500	144.4500	T	Ifalik Atoll
TPT2651	7.6333	149.4167	T	Pulap Atoll
TPT2653	8.5833	149.6500	T	Namonuito Atoll
TPT2655	8.4500	151.7833	T	Nomwin Atoll, Hall Islands
TPT2657	8.6000	152.2500	T	Murilo Atoll, Hall Islands
TPT2659	7.4500	151.8500	T	Moen Island, Truk Islands
TPT2661	7.3667	151.8833	T	Dublon Island, Truk Islands
TPT2663	6.9000	152.7333	T	Losap Atoll
TPT2665	5.9000	153.1333	T	Namoluk Atoll
TPT2667	5.3333	153.7333	T	Satawan Anchorage, Nomoi Islands
TPT2687	11.6000	165.5500	T	Bikini Atoll
TPT2689	11.5000	165.3333	T	Eniirikku Island, Bikini Atoll
TPT2691	11.1500	166.9000	T	Rongelap Island, Rongelap Atoll
TPT2693	11.3833	167.5167	T	Rongerik Atoll
TPT2695	9.0333	165.6000	T	Ujae Atoll
TPT2697	9.4000	167.4833	T	Kwajalein Atoll (Namur Island)
TPT2701	7.2833	168.7500	T	Ailinglapalap Atoll
TPT2703	5.9167	169.6500	T	Jaluit Atoll (SE Pass)
TPT2705	4.6000	168.6833	T	Ebon (Boston) Atoll
TPT2707	14.5667	168.9500	T	Taongi Atoll
TPT2709	12.2500	170.1333	T	Bikar (Dawson) Atoll
TPT2711	10.2167	169.9833	T	Ailuk Atoll
TPT2713	9.8167	169.3167	T	Likiep Atoll
TPT2715	9.4667	170.2333	T	Wotje Atoll
TPT2717	9.2000	169.9167	T	Erikub Atoll
TPT2719	8.7167	171.2333	T	Maloelap Atoll
TPT2721	7.1167	171.3667	T	Majuro Atoll
TPT2723	7.1333	171.7000	T	Arno Atoll
TPT2725	6.2333	171.8000	T	Port Rhin, Mili Atoll
TPT2727	3.0333	172.8000	T	Makin Atoll
TPT2729	1.3667	172.9333	T	Tarawa Atoll
TPT2731	0.4667	173.8333	T	Abemama Atoll
TPT2733	-0.6667	174.4500	T	Nonouti Atoll
TPT2735	-0.8667	169.5833	T	Ocean Island
TPT2737	0.8000	-176.6333	T	Howland Island
TPT2739	5.8833	-162.0833	T	Palmyra Island
TPT2743	3.8500	-159.3667	T	Fanning Island
TPT2777	21.5000	-157.8500	T	Waikane, Kaneohe Bay
TPT2779	21.6500	-157.9333	T	Laie Bay
TPT2797	20.7833	-156.4667	T	Kihei, Maalaea Bay
TPT2799	20.8833	-156.6833	T	Lahaina
TPT2803	20.5167	-156.6833	T	Smuggler Cove
TPT2819	-27.1333	-109.4500	T	Easter Island (Chile)
TPT2821	-10.0000	-150.2333	T	Caroline Island
TPT2823	-9.0000	-157.9833	T	Penrhyn (Tongareva Island)
TPT2825	-10.4167	-161.0167	T	Manihiki
TPT2827	-10.8667	-165.8667	T	Pukapuka
TPT2829	-13.2166	-163.1500	T	Suwarrow (Suvarov) Island
TPT2831	-8.9333	-140.1000	T	Taio Hae Bay, Nuku Hiva Island
TPT2833	-9.9333	-139.1000	T	Vai Tahu, Tahu Ata Island
TPT2835	-23.1333	-134.9667	T	Mangareva Island
TPT2837	-18.0667	-140.9833	T	Hao (Bow or La Harpe) Island
TPT2839	-14.9500	-147.7333	T	Rahiroa (Rangiroa) Island
TPT2847	-27.6000	-144.2833	T	Rapa (Oparo) Island
TPT2849	-23.3667	-149.4667	T	Tubuai Island
TPT2851	-18.8500	-159.7833	T	Aitutaki Island
TPT2853	-21.1833	-159.7667	T	Avarua, Rarotonga
TPT2855	-2.8000	-171.7167	T	Canton Island
TPT2857	-9.3833	-171.2500	T	Fakaofo Island
TPT2859	-13.5000	-172.6333	T	Asau Harbor, Savaii Island
TPT2865	-14.2167	-169.5333	T	Tau Island, Manua Islands
TPT2869	-17.6333	-178.5667	T	Tailevu, Viti Levu Island
TPT2871	-17.7500	-177.4167	T	Nandi Waters, Viti Levu
TPT2873	-19.0667	178.1667	T	Ngaloa Harbor, Kandavu Island
TPT2875	-19.1667	179.7500	T	Matuku Island
TPT2877	-18.9667	-179.8100	T	Totoya Island
TPT2879	-18.5167	179.9667	T	Moala Island
TPT2883	-18.0000	179.2167	T	Ngau Island
TPT2885	-17.8000	179.3667	T	Nairai Island
TPT2887	-17.6667	178.8333	T	Levuka, Ovalau Island
TPT2889	-16.9667	178.7667	T	Nandi, Vanua Levu Island
TPT2891	-19.0333	169.9167	T	Niue Island (N.Z.)
TPT2893	-18.6500	6.0167	T	Neiafu
TPT2895	-19.8000	-174.3500	T	Lifuka Island
TPT2897	-20.2667	174.7900	T	Nomuka
TPT2899	-21.1333	-175.2000	T	Nukualofa
TPT2905	-29.2500	-177.9300	T	Raoul or Sunday Island
TWC0261	-3.2670	-80.0170	T	Puerto Bolivar
TWC0263	-2.7330	-79.9170	T	Puna
TWC0269	-1.3500	-80.7500	T	Puerto de Cayo
TWC0271	-0.9500	-80.7330	T	Bahia Manta
TWC0273	-0.5830	-80.4330	T	Rio Chone
TWC0275	-0.3500	-80.5170	T	Cabo Pasado
TWC0277	1.2170	-79.1170	T	Rio Santiago
TWC0279	1.2500	78.8330	T	San Lorenzo
TWC0283	-1.2330	-90.4500	T	Isla Santa maria
TWC0285	-0.6000	-91.0830	T	Bahia Isabela, Isla Isabela
TWC0287	-0.2500	-91.3670	T	Caleta Tagus, Isla Isabel
TWC0289	-0.5670	-90.9670	T	Bahia de Perry, Isla Isabela
TWC0291	-0.4330	-90.2830	T	Caleta Aeolian, Isla Baltra
TWC0293	0.3170	-89.9500	T	Bahia de Darwin, Isla Genovesa
TWC0313	7.5670	-78.1830	T	Bahia Pina
TWC0315	8.0830	-78.4170	T	Punta Garachine
TWC0317	8.3000	-78.9000	T	Isla del Rey
TWC0319	8.9830	-79.1170	T	Rio Chepo
TWC0323	8.9170	-79.5330	T	Naos Island
TWC0325	8.8000	-79.5500	T	Taboga
TWC0327	8.6830	-79.7500	T	Bahia de Chame
TWC0329	7.4670	-80.0000	T	Punta Mala
TWC0331	7.5170	-81.2170	T	Isla Cebaco
TWC0333	7.7670	-81.5170	T	Bahia Honda
TWC0335	8.1330	-82.3170	T	Isla Parida
TWC0337	8.2670	-82.8670	T	Puerto Armuelles
TWC0339	8.6500	-83.1830	T	Golfito, Golfo Dulce
TWC0341	9.1500	-83.7500	T	Bahia Uvita
TWC0343	9.4000	-84.1670	T	Quepos
TWC0345	9.6500	-84.6670	T	Puerto Herradura
TWC0349	10.6330	-85.6670	T	Bahia de Culebra
TWC0351	10.9330	-85.8170	T	Golfo Elena
TWC0353	5.5500	-86.9830	T	Cocos Island
TWC0355	12.2000	-86.7670	T	Puerto Somoza
TWC0357	11.2500	-85.8830	T	San Juan del Sur
TWC0359	12.4830	-87.1670	T	Corinto (Isla Cardon)
TWC0361	13.3000	-87.6500	T	Amapala
TWC0365	13.3330	-87.8170	T	La Libertad
TWC0367	13.5830	-89.8500	T	Acajutla
TWC0369	13.9170	-90.8330	T	Puerto de San Jose
TWC0371	14.3000	-91.9330	T	Champerico
TWC0373	15.6500	-96.5000	T	Puerto Angel
TWC0377	16.8330	-99.9170	T	Acapulco
TWC0379	19.0500	-104.3330	T	Manzanillo
TWC0381	20.6170	-105.2500	T	Puerto Vallarta
TWC0383	18.7330	-111.0170	T	Isla Socorro
TWC0385	23.2000	-106.4170	T	Mazatlan
TWC0387	25.6000	-109.0500	T	Topolobampo
TWC0389	31.3000	-113.5500	T	Puerto Penasco
TWC0397	24.1670	-110.3500	T	La Paz
TWC0399	24.7833	-112.1167	T	San Carlos
TWC0401	28.8833	-116.3000	T	Isla Guadalupe
TWC0403	31.8500	-116.6333	T	Ensenada, Todos Santos Bay
TWC0405	32.6667	-117.2333	T	Point Loma
TWC0413	32.7667	-117.2333	T	Quivira Basin, Mission Bay
TWC0419	33.4167	-117.6167	T	San Clemente
TWC0427	33.7167	-118.0500	T	Los Patos (highway bridge)
TWC0439	33.7500	-118.2667	T	Los Angeles Harbor, Mormon Island
TWC0445	34.1000	-119.1000	T	Mugu Lagoon (ocean pier)
TWC0463	33.4833	-119.0333	T	Santa Barbara Island
TWC0473	34.5833	-120.6500	T	Point Arguello
TWC0547	37.6667	-122.2000	T	Roberts Landing, 1.3 miles west of
TWC0649	38.2000	-122.5667	T	Lakeville, Petaluma River
TWC0771	38.9500	-123.7333	T	Point Arena
TWC0777	39.3000	-123.8000	T	Mendocino, Mendocino Bay
TWC0817	42.4333	-124.4167	T	Wedderburn, Rogue River
TWC0831	43.7333	-124.1167	T	Gardiner
TWC0857	45.1667	-123.9667	T	Nestucca Bay entrance
TWC0863	45.5500	-123.9000	T	Miami Cove
TWC0865	45.5167	-123.9000	T	Bay City
TWC0881	46.2000	-123.9500	T	Point Adams, Oreg.
TWC0883	46.1667	-123.9167	T	Warrenton, Skipanon River, Oreg.
TWC0895	46.2667	-123.6500	T	Harrington Point, Wash.
TWC0933	46.3700	-124.0050	T	Tarlatt Slough
TWC0940	46.6883	-123.8167	T	Mailboat Slough, Willapa River
TWC0959	46.9683	-123.6000	T	Montesano, Chehalis River
TWC0965	47.6667	-124.4833	T	Destruction Island
TWC1115	47.0817	-123.0050	T	Rocky Point, Eld Inlet
TWC1125	48.0450	-122.2117	T	Marysville, Quilceda Creek
TWC1131	48.2167	-122.3667	T	Stanwood, Stillaguamish River
TWC1165	48.6000	-122.8000	T	Peavine Pass
TWC1173	48.7500	-122.7167	T	Point Migley
TWC1189	48.8333	-122.7167	T	Ferndale
TWC1487	54.8333	-132.3333	T	Tah Bay
TWC1513	55.0167	-132.7833	T	Kasook Inlet, Sukkwan Island
TWC1579	55.9167	-133.4000	T	Cyrus Cove, Sea Otter Sound
TWC1583	56.0000	-133.4667	T	Marble Island
TWC1593	56.0667	-134.1167	T	Port McArthur, Kuiu Island
TWC1657	56.6667	-132.6333	T	Ideal Cove, Mitkof Island
TWC1659	56.8833	-132.8000	T	Brown Cove
TWC1663	57.0000	-133.3167	T	Portage Bay, Kupreanof Island
TWC1669	57.1667	-134.2833	T	Eliza Harbor, Liesnoi Island
TWC1673	57.3000	-133.4667	T	Port Houghton, Robert Islands
TWC1683	57.8667	-134.2667	T	Windfall Harbor, Seymour Canal
TWC1687	57.9667	-133.8833	T	Port Snettisham, Point Styleman
TWC1697	58.3167	-134.6000	T	Fritz Cove, Douglas Island
TWC1723	56.4167	-134.1333	T	Tebenkof Bay, Kuiu Island
TWC1731	57.2333	-134.6000	T	Whitewater Bay, Admiralty Island
TWC1735	57.4167	-134.8500	T	Point Thatcher
TWC1739	57.4833	-134.5500	T	Favorite Bay
TWC1741	57.5333	-134.4000	T	Mitchell Bay
TWC1743	57.8500	-135.0167	T	Freshwater Bay, Chichagof Island
TWC1783	57.5167	-135.2833	T	Point Elizabeth
TWC1785	57.4500	-135.0333	T	Lindenburg Head
TWC1787	57.4500	-134.8833	T	Fairway Island
TWC1789	57.5500	-135.9333	T	Falcon Arm, Slocum Arm
TWC1863	60.0500	-144.4000	T	Wingham Island, Controller Bay
TWC1867	60.3833	-145.4000	T	Pete Dahl Slough
TWC1869	60.4667	-145.6667	T	Eyak River entrance
TWC1875	60.4667	-145.9667	T	Gravel Point
TWC1879	60.5833	-145.7167	T	Orca
TWC1881	60.5667	-145.9667	T	Windy Bay, Hawkins Island
TWC1887	60.3333	-146.5500	T	Port Etches
TWC1893	59.9500	-147.6833	T	Hanning Bay
TWC1907	60.5333	-147.3167	T	Smith Island
TWC1909	60.7333	-146.6500	T	Snug Corner Cove, Port Fidalgo
TWC1979	60.0167	-151.7167	T	Cape Ninilchik
TWC1983	60.5500	-151.2833	T	Kenai River entrance
TWC1989	60.7167	-151.4167	T	East Foreland
TWC2009	59.6167	-153.5833	T	Iliamna Bay
TWC2021	58.2333	-151.8667	T	Marmot Island, Marmot Strait
TWC2023	58.2167	-152.3167	T	Izhut Bay
TWC2025	58.1333	-152.5667	T	Kazakof Bay, Marmot Bay
TWC2031	57.9000	-152.6500	T	Kizhuyak Point
TWC2047	57.1167	-153.5167	T	Three Saints Bay
TWC2051	56.5000	-154.1333	T	Sitkinak Lagoon
TWC2067	57.7833	-153.5500	T	Village Islands
TWC2069	57.7333	-153.3333	T	Northeast Arm
TWC2071	57.8000	-153.3000	T	Uganik Passage
TWC2073	57.9000	-153.1667	T	Viekoda Bay
TWC2075	58.0500	-153.2333	T	Onion Bay
TWC2077	57.9500	-153.0333	T	Dry Spruce Island
TWC2085	58.1833	-152.9500	T	Malina Bay, Shelikof Strait
TWC2095	58.0000	-154.9833	T	Katmai Bay, Shelikof Strait
TWC2101	57.4333	-156.3000	T	Lees Cabins, Wide Bay
TWC2105	55.9000	-159.1667	T	Three Star Point
TWC2111	55.6333	-159.6167	T	Fox Bay, Kupreanof Peninsula
TWC2119	55.1333	-159.8500	T	Mist Harbor, Nagai Island
TWC2175	53.9833	-166.1667	T	Malga Bay, Unalga Island
TWC2187	53.4667	-167.0833	T	Kashega Bay
TWC2193	53.4833	-166.9333	T	Eagle Bay
TWC2223	52.7167	-170.1500	T	Herbert Island, west side
TWC2229	52.5167	-171.2333	T	Amukta Island, north side
TWC2297	51.7500	-178.8000	T	Gareloi Island
TWC2303	51.4167	179.2833	T	Constantine Harbor, Amchitka Island
TWC2305	51.9333	177.4500	T	Gertrude Cove, Kiska Island
TWC2307	51.9833	177.5500	T	Kiska Harbor, Kiska Island
TWC2309	52.7167	174.0667	T	Alcan Harbor, Shemya Island
TWC2311	52.3667	173.6167	T	Otkriti Bay, Agattu Island
TWC2315	52.9167	173.2167	T	Chichagof Harbor
TWC2317	52.9167	173.1667	T	Holtz Bay
TWC2319	52.9667	172.9000	T	Steller Cove
TWC2321	52.9167	-172.6167	T	Etienne Bay
TWC2405	63.0500	-163.3833	T	Apoon Mouth, Yukon River
TWC2423	70.1833	-145.8333	T	Flaxman Island
