# ra	dec	mag	bv	bayer	flamsteed	constellation
# Bright Star Catalogue V/50 (Hoffleit & Warren 1991), CDS Strasbourg. J2000.
101.2871	-16.7161	-1.46	0.00	α	9	CMa
95.9879	-52.6958	-0.72	+0.15	α		Car
213.9154	19.1825	-0.04	+1.23	α	16	Boo
219.8996	-60.8353	-0.01	+0.71	α¹		Cen
279.2346	38.7836	0.03	0.00	α	3	Lyr
79.1725	45.9981	0.08	+0.80	α	13	Aur
78.6346	-8.2017	0.12	-0.03	β	19	Ori
114.8254	5.2250	0.38	+0.42	α	10	CMi
24.4288	-57.2367	0.46	-0.16	α		Eri
88.7929	7.4069	0.50	+1.85	α	58	Ori
210.9558	-60.3731	0.61	-0.23	β		Cen
297.6958	8.8683	0.77	+0.22	α	53	Aql
68.9800	16.5092	0.85	+1.54	α	87	Tau
247.3517	-26.4319	0.96	+1.83	α	21	Sco
201.2983	-11.1614	0.98	-0.23	α	67	Vir
116.3287	28.0261	1.14	+1.00	β	78	Gem
344.4129	-29.6222	1.16	+0.09	α	24	PsA
191.9300	-59.6886	1.25	-0.23	β		Cru
310.3579	45.2803	1.25	+0.09	α	50	Cyg
186.6496	-63.0992	1.33	-0.24	α¹		Cru
219.9004	-60.8356	1.33	+0.88	α²		Cen
152.0929	11.9672	1.35	-0.11	α	32	Leo
104.6562	-28.9722	1.50	-0.21	ε	21	CMa
187.7913	-57.1133	1.63	+1.59	γ		Cru
263.4021	-37.1039	1.63	-0.22	λ	35	Sco
81.2829	6.3497	1.64	-0.22	γ	24	Ori
81.5729	28.6075	1.65	-0.13	β	112	Tau
138.3000	-69.7172	1.68	0.00	β		Car
84.0533	-1.2019	1.70	-0.19	ε	46	Ori
186.6521	-63.0994	1.73	-0.26	α²		Cru
332.0583	-46.9611	1.74	-0.13	α		Gru
193.5071	55.9597	1.77	-0.02	ε	77	UMa
122.3833	-47.3367	1.78	-0.22	γ²		Vel
51.0808	49.8611	1.79	+0.48	α	33	Per
165.9321	61.7508	1.79	+1.07	α	50	UMa
107.0979	-26.3933	1.84	+0.68	δ	25	CMa
276.0429	-34.3847	1.85	-0.03	ε	20	Sgr
125.6283	-59.5097	1.86	+1.28	ε		Car
206.8850	49.3133	1.86	-0.19	η	85	UMa
264.3300	-42.9978	1.87	+0.40	θ		Sco
89.8821	44.9475	1.90	+0.03	β	34	Aur
252.1662	-69.0278	1.92	+1.44	α		TrA
99.4279	16.3992	1.93	0.00	γ	24	Gem
306.4121	-56.7350	1.94	-0.20	α		Pav
131.1758	-54.7083	1.96	+0.04	δ		Vel
95.6750	-17.9558	1.98	-0.23	β	2	CMa
113.6500	31.8883	1.98	+0.03	α	66	Gem
141.8967	-8.6586	1.98	+1.44	α	30	Hya
31.7933	23.4625	2.00	+1.15	α	13	Ari
239.8758	25.9203	2.00	+0.1			
37.9529	89.2642	2.02	+0.60	α	1	UMi
283.8163	-26.2967	2.02	-0.22	σ	34	Sgr
10.8975	-17.9867	2.04	+1.02	β	16	Cet
85.1896	-1.9428	2.05	-0.21	ζ	50	Ori
2.0971	29.0906	2.06	-0.11	α	21	And
17.4329	35.6206	2.06	+1.58	β	43	And
86.9392	-9.6697	2.06	-0.17	κ	53	Ori
211.6708	-36.3700	2.06	+1.01	θ	5	Cen
222.6763	74.1556	2.08	+1.47	β	7	UMi
263.7337	12.5600	2.08	+0.15	α	55	Oph
340.6671	-46.8847	2.10	+1.60	β		Gru
47.0421	40.9556	2.12	-0.05	β	26	Per
177.2650	14.5719	2.14	+0.09	β	94	Leo
190.3792	-48.9597	2.17	-0.01	γ		Cen
305.5571	40.2567	2.20	+0.68	γ	37	Cyg
136.9992	-43.4325	2.21	+1.66	λ		Vel
10.1271	56.5372	2.23	+1.17	α	18	Cas
83.0017	-0.2992	2.23	-0.22	δ	34	Ori
233.6721	26.7147	2.23	-0.02	α	5	CrB
269.1517	51.4889	2.23	+1.52	γ	33	Dra
120.8963	-40.0033	2.25	-0.26	ζ		Pup
139.2725	-59.2753	2.25	+0.18	ι		Car
30.9750	42.3297	2.26	+1.37	γ¹	57	And
2.2946	59.1497	2.27	+0.34	β	11	Cas
200.9812	54.9253	2.27	+0.02	ζ	79	UMa
252.5408	-34.2933	2.29	+1.15	ε	26	Sco
204.9717	-53.4664	2.30	-0.22	ε		Cen
220.4825	-47.3883	2.30	-0.20	α		Lup
218.8767	-42.1578	2.31	-0.19	η		Cen
240.0833	-22.6217	2.32	-0.12	δ	7	Sco
165.4604	56.3825	2.37	-0.02	β	48	UMa
6.5708	-42.3061	2.39	+1.09	α		Phe
326.0467	9.8750	2.39	+1.53	ε	8	Peg
265.6221	-39.0300	2.41	-0.22	κ		Sco
345.9438	28.0828	2.42	+1.67	β	53	Peg
257.5946	-15.7247	2.43	+0.06	η	35	Oph
178.4575	53.6947	2.44	0.00	γ	64	UMa
319.6450	62.5856	2.44	+0.22	α	5	Cep
111.0238	-29.3031	2.45	-0.08	η	31	CMa
311.5529	33.9703	2.46	+1.03	ε	53	Cyg
14.1771	60.7167	2.47	-0.15	γ	27	Cas
346.1904	15.2053	2.49	-0.04	α	54	Peg
140.5283	-55.0108	2.50	-0.18	κ		Vel
45.5700	4.0897	2.53	+1.64	α	92	Cet
208.8850	-47.2883	2.55	-0.22	ζ		Cen
168.5271	20.5236	2.56	+0.12	δ	68	Leo
249.2896	-10.5672	2.56	+0.02	ζ	13	Oph
83.1825	-17.8222	2.58	+0.21	α	11	Lep
183.9517	-17.5419	2.59	-0.11	γ	4	Crv
182.0896	-50.7225	2.60	-0.12	δ		Cen
285.6529	-29.8803	2.60	+0.08	ζ	38	Sgr
154.9929	19.8417	2.61	+1.15	γ¹	41	Leo
229.2517	-9.3831	2.61	-0.11	β	27	Lib
89.9304	37.2125	2.62	-0.08	θ	37	Aur
241.3592	-19.8056	2.62	-0.07	β¹	8	Sco
28.6600	20.8081	2.64	+0.13	β	6	Ari
84.9121	-34.0742	2.64	-0.12	α		Col
188.5967	-23.3967	2.65	+0.89	β	9	Crv
236.0671	6.4256	2.65	+1.17	α	24	Ser
21.4542	60.2353	2.68	+0.13	δ	37	Cas
208.6713	18.3978	2.68	+0.58	η	8	Boo
224.6329	-43.1339	2.68	-0.22	β		Lup
74.2483	33.1661	2.69	+1.53	ι	3	Aur
161.6925	-49.4200	2.69	+0.90	μ		Vel
189.2958	-69.1356	2.69	-0.20	α		Mus
262.6908	-37.2958	2.69	-0.22	υ	34	Sco
109.2858	-37.0975	2.70	+1.62	π		Pup
221.2467	27.0742	2.70	+0.97	ε	36	Boo
275.2487	-29.8281	2.70	+1.38	δ	19	Sgr
296.5650	10.6133	2.72	+1.52	γ	50	Aql
243.5863	-3.6944	2.74	+1.58	δ	1	Oph
245.9979	61.5142	2.74	+0.91	η	14	Dra
200.1492	-36.7122	2.75	+0.04	ι		Cen
222.7196	-16.0417	2.75	+0.15	α²	9	Lib
160.7392	-64.3944	2.76	-0.22	θ		Car
83.8583	-5.9100	2.77	-0.24	ι	44	Ori
247.5550	21.4897	2.77	+0.94	β	27	Her
265.8683	4.5672	2.77	+1.16	β	60	Oph
233.7854	-41.1669	2.78	-0.20	γ		Lup
76.9625	-5.0864	2.79	+0.13	β	67	Eri
262.6083	52.3014	2.79	+0.98	β	23	Dra
6.4379	-77.2542	2.80	+0.62	β		Hyi
183.7862	-58.7489	2.80	-0.23	δ		Cru
121.8858	-24.3042	2.81	+0.43	ρ	15	Pup
250.3217	31.6031	2.81	+0.65	ζ	40	Her
276.9925	-25.4217	2.81	+1.04	λ	22	Sgr
248.9708	-28.2161	2.82	-0.25	τ	23	Sco
3.3092	15.1836	2.83	-0.23	γ	88	Peg
195.5442	10.9592	2.83	+0.94	ε	47	Vir
82.0613	-20.7594	2.84	+0.82	β	9	Lep
58.5329	31.8836	2.85	+0.12	ζ	44	Per
238.7854	-63.4306	2.85	+0.29	β		TrA
261.3250	-55.5300	2.85	+1.46	β		Ara
29.6925	-61.5697	2.86	+0.28	α		Hyi
334.6254	-60.2597	2.86	+1.39	α		Tuc
56.8713	24.1050	2.87	-0.09	η	25	Tau
296.2437	45.1308	2.87	-0.03	δ	18	Cyg
326.7600	-16.1272	2.87	+0.29	δ	49	Cap
95.7400	22.5136	2.88	+1.64	μ	13	Gem
113.6500	31.8886	2.88	+0.04	α	66	Gem
59.4633	40.0103	2.89	-0.18	ε	45	Per
229.7275	-68.6794	2.89	0.00	γ		TrA
239.7129	-26.1142	2.89	-0.19	π	6	Sco
245.2971	-25.5928	2.89	+0.13	σ	20	Sco
287.4408	-21.0236	2.89	+0.35	π	41	Sgr
111.7875	8.2894	2.90	-0.09	β	3	CMi
194.0071	38.3183	2.90	-0.12	α²	12	CVn
322.8896	-5.5711	2.91	+0.83	β	22	Aqr
46.1992	53.5064	2.93	+0.70	γ	23	Per
102.4842	-50.6147	2.93	+1.20	τ		Pup
340.7504	30.2214	2.94	+0.86	η	44	Peg
59.5075	-13.5086	2.95	+1.59	γ	34	Eri
187.4663	-16.5156	2.95	-0.05	δ	7	Crv
262.9604	-49.8761	2.95	-0.17	α		Ara
331.4458	-0.3197	2.96	+0.98	α	34	Aqr
100.9829	25.1311	2.98	+1.40	ε	27	Gem
146.4629	23.7742	2.98	+0.80	ε	17	Leo
75.4921	43.8233	2.99	+0.54	ε	7	Aur
271.4521	-30.4242	2.99	+1.00	γ²	10	Sgr
286.3525	13.8633	2.99	+0.01	ζ	17	Aql
32.3858	34.9872	3.00	+0.14	β	4	Tri
84.4113	21.1425	3.00	-0.19	ζ	123	Tau
182.5312	-22.6197	3.00	+1.33	ε	2	Crv
199.7304	-23.1717	3.00	+0.92	γ	46	Hya
55.7313	47.7875	3.01	-0.13	δ	39	Per
146.7754	-65.0719	3.01	+0.28	υ		Car
167.4158	44.4986	3.01	+1.14	ψ	52	UMa
328.4821	-37.3650	3.01	-0.12	γ		Gru
95.0783	-30.0633	3.02	-0.19	ζ	1	CMa
105.7562	-23.8333	3.02	-0.08	ο²	24	CMa
218.0196	38.3083	3.03	+0.19	γ	27	Boo
266.8963	-40.1269	3.03	+0.51	ι¹		Sco
34.8362	-2.9775	3.04	+1.42	ο	68	Cet
207.4042	-42.4739	3.04	-0.17	μ		Cen
155.5821	41.4994	3.05	+1.59	μ	34	UMa
191.5704	-68.1081	3.05	-0.18	β		Mus
230.1821	71.8339	3.05	+0.05	γ	13	UMi
288.1388	67.6617	3.07	+1.00	δ	57	Dra
252.9675	-38.0475	3.08	-0.20	μ¹		Sco
292.6804	27.9597	3.08	+1.13	β¹	6	Cyg
305.2529	-14.7814	3.08	+0.79	β	9	Cap
133.8483	5.9456	3.11	+1.00	ζ	16	Hya
162.4062	-16.1936	3.11	+1.25	ν		Hya
274.4067	-36.7617	3.11	+1.56	η		Sgr
309.3917	-47.2914	3.11	+1.00	α		Ind
87.7400	-35.7683	3.12	+1.16	β		Col
140.2637	34.3925	3.13	+1.55	α	40	Lyn
142.8054	-57.0344	3.13	+1.55			
173.9450	-63.0197	3.13	-0.04	λ		Cen
224.7904	-42.1042	3.13	-0.20	κ		Cen
254.6550	-55.9903	3.13	+1.60	ζ		Ara
134.8017	48.0417	3.14	+0.19	ι	9	UMa
258.7579	24.8392	3.14	+0.08	δ	65	Her
258.7617	36.8092	3.16	+1.44	π	67	Her
76.6287	41.2344	3.17	-0.18	η	10	Aur
99.4404	-43.1961	3.17	-0.11	ν		Pup
143.2142	51.6772	3.17	+0.46	θ	25	UMa
257.1967	65.7147	3.17	-0.12	ζ	22	Dra
281.4142	-26.9908	3.17	-0.11	φ	27	Sgr
72.4600	6.9614	3.19	+0.45	π³	1	Ori
76.3654	-22.3711	3.19	+1.46	ε	2	Lep
220.6267	-64.9753	3.19	+0.24	α		Cir
254.4171	9.3750	3.20	+1.15	κ	27	Oph
318.2342	30.2269	3.20	+0.99	ζ	64	Cyg
267.4646	-37.0433	3.21	+1.17			
354.8367	77.6325	3.21	+1.03	γ	35	Cep
230.3429	-40.6475	3.22	-0.22	δ		Lup
302.8263	-0.8214	3.23	-0.07	θ	65	Aql
322.1650	70.5608	3.23	-0.22	β	8	Cep
44.5654	-40.3047	3.24	+0.14	θ¹		Eri
56.8096	-74.2389	3.24	+1.62	γ		Hyi
244.5804	-4.6925	3.24	+0.96	ε	2	Oph
284.7358	32.6894	3.24	-0.05	γ	14	Lyr
112.3075	-43.3014	3.25	+1.51	σ		Pup
275.3275	-2.8989	3.26	+0.94	η	58	Ser
9.8321	30.8608	3.27	+1.28	δ	31	And
68.4992	-55.0450	3.27	-0.10	α		Dor
102.0475	-61.9414	3.27	+0.21	α		Pic
211.5929	-26.6825	3.27	+1.12	π	49	Hya
260.5025	-24.9994	3.27	-0.22	θ	42	Oph
343.6625	-15.8208	3.27	+0.05	δ	76	Aqr
93.7192	22.5067	3.28	+1.60	η	7	Gem
226.0175	-25.2819	3.29	+1.70	σ	20	Lib
231.2325	58.9661	3.29	+1.16	ι	12	Dra
16.5208	-46.7186	3.31	+0.89	β		Phe
78.2329	-16.2056	3.31	-0.11	μ	5	Lep
183.8567	57.0325	3.31	+0.08	δ	69	UMa
153.4342	-70.0381	3.32	-0.08	ω		Car
158.0058	-61.6853	3.32	-0.09			
286.7350	-27.6706	3.32	+1.19	τ	40	Sgr
258.0383	-43.2392	3.33	+0.41	η		Sco
117.3237	-24.8597	3.34	+1.24	ξ	7	Pup
168.5600	15.4294	3.34	-0.01	θ	70	Leo
261.3483	-56.3775	3.34	-0.13	γ		Ara
269.7567	-9.7736	3.34	+0.99	ν	64	Oph
63.6062	-62.4739	3.35	+0.91	α		Ret
332.7138	58.2011	3.35	+1.57	ζ	21	Cep
81.1192	-2.3969	3.36	-0.17	η	28	Ori
101.3225	12.8956	3.36	+0.43	ξ	31	Gem
127.5662	60.7181	3.36	+0.84	ο	1	UMa
291.3746	3.1147	3.36	+0.32	δ	30	Aql
203.6733	-0.5958	3.37	+0.11	ζ	79	Vir
230.6704	-44.6894	3.37	-0.18	ε		Lup
28.5987	63.6700	3.38	-0.15	ε	45	Cas
131.6942	6.4189	3.38	+0.68	ε	11	Hya
193.9008	3.3975	3.38	+1.58	δ	43	Vir
46.2942	38.8403	3.39	+1.65	ρ	25	Per
67.1654	15.8708	3.40	+0.18	θ²	78	Tau
154.2708	-61.3322	3.40	+1.54			
340.3654	10.8314	3.40	-0.09	ζ	42	Peg
22.0913	-43.3183	3.41	+1.57	γ		Phe
28.2704	29.5789	3.41	+0.49	α	2	Tri
207.3762	-41.6878	3.41	-0.22	ν		Cen
228.0712	-52.0992	3.41	+0.92	ζ		Lup
240.0304	-38.3969	3.41	-0.22	η		Lup
266.6146	27.7206	3.42	+0.75	μ	86	Her
311.2396	-66.2031	3.42	+0.16	β		Pav
311.3225	61.8389	3.43	+0.92	η	3	Cep
12.2750	57.8158	3.44	+0.57	η	24	Cas
137.7417	-58.9669	3.44	-0.19			
154.1725	23.4172	3.44	+0.31	ζ	36	Leo
286.5621	-4.8825	3.44	-0.09	λ	16	Aql
17.1475	-10.1822	3.45	+1.16	η	31	Cet
154.2742	42.9144	3.45	+0.03	λ	33	UMa
282.5200	33.3628	3.45	0.00	β	10	Lyr
40.8250	3.2358	3.47	+0.09	γ	86	Cet
60.1700	12.4903	3.47	-0.12	λ	35	Tau
105.4296	-27.9347	3.47	+1.73	σ	22	CMa
119.1946	-52.9822	3.47	-0.18	χ		Car
228.8758	33.3147	3.47	+0.95	δ	49	Boo
299.6892	19.4922	3.47	+1.57	γ	12	Sge
169.6196	33.0942	3.48	+1.40	ν	54	UMa
258.6621	14.3903	3.48	+1.44	α¹	64	Her
342.5008	24.6017	3.48	+0.93	μ	48	Peg
342.1388	-51.3169	3.49	+0.08	ε		Gru
26.0171	-15.9375	3.50	+0.72	τ	52	Cet
225.4867	40.3906	3.50	+0.97	β	42	Boo
276.7433	-45.9683	3.51	-0.17	α		Tel
284.4325	-21.1067	3.51	+1.18	ξ²	37	Sgr
124.1288	9.1856	3.52	+1.48	β	17	Cnc
145.2875	9.8922	3.52	+0.49	ο	14	Leo
151.8333	16.7628	3.52	-0.03	η	30	Leo
342.4200	66.2006	3.52	+1.05	ι	32	Cep
67.1542	19.1803	3.53	+1.01	ε	74	Tau
110.0308	21.9822	3.53	+0.34	δ	55	Gem
237.4050	-3.4303	3.53	-0.04	μ	32	Ser
250.7242	38.9222	3.53	+0.92	η	44	Her
332.5500	6.1978	3.53	+0.08	θ	26	Peg
55.8121	-9.7633	3.54	+0.92	δ	23	Eri
83.7846	9.9342	3.54	-0.18	λ	39	Ori
149.2158	-54.5678	3.54	-0.08	φ		Vel
173.2504	-31.8578	3.54	+0.94	ξ		Hya
264.3967	-15.3986	3.54	+0.26	ξ	55	Ser
86.7387	-14.8219	3.55	+0.10	ζ	14	Lep
214.8508	-46.0578	3.55	-0.18	ι		Lup
4.8571	-8.8239	3.56	+1.22	ι	8	Cet
34.1275	-51.5122	3.56	-0.12	φ		Eri
64.4737	-33.7983	3.56	-0.12	υ⁴	41	Eri
169.8354	-14.7786	3.56	+1.12	δ	12	Crt
230.4517	-36.2614	3.56	+1.54	φ¹		Lup
302.1817	-66.1819	3.56	+0.76	δ		Pav
24.4983	48.6283	3.57	+1.28		51	And
116.1117	24.3981	3.57	+0.93	κ	77	Gem
253.0838	-38.0175	3.57	-0.21	μ²		Sco
275.2642	72.7328	3.57	+0.49	χ	44	Dra
304.5137	-12.5447	3.57	+0.94	α²	6	Cap
109.5233	16.5403	3.58	+0.11	λ	54	Gem
217.9575	30.3714	3.58	+1.30	ρ	25	Boo
234.2562	-28.1350	3.58	+1.38	υ	39	Lib
185.3400	-60.4011	3.59	+1.42	ε		Cru
21.0058	-8.1833	3.60	+1.06	θ	45	Cet
51.2033	9.0289	3.60	+0.89	ο	1	Tau
79.4017	-6.8444	3.60	-0.11	τ	20	Ori
86.1158	-22.4483	3.60	+0.47	γ	13	Lep
103.1971	33.9611	3.60	+0.10	θ	34	Gem
135.9062	47.1567	3.60	0.00	κ	12	UMa
142.6750	-40.4667	3.60	+0.36	ψ		Vel
116.3137	-37.9686	3.61	+1.73			
152.6471	-12.3542	3.61	+1.01	λ	41	Hya
177.6738	1.7647	3.61	+0.55	β	5	Vir
22.8708	15.3458	3.62	+0.97	η	99	Psc
130.0733	-52.9219	3.62	-0.18			
195.5675	-71.5489	3.62	+1.18	δ		Mus
253.6458	-42.3614	3.62	+1.37	ζ²		Sco
262.7746	-60.6839	3.62	-0.10	δ		Ara
266.4333	-64.7239	3.62	+1.19	η		Pav
345.4804	42.3261	3.62	-0.09	ο	1	And
42.4958	27.2606	3.63	-0.10		41	Ari
57.2904	24.0533	3.63	-0.09		27	Tau
309.3875	14.5953	3.63	+0.44	β	6	Del
176.4017	-66.7286	3.64	+0.16	λ		Mus
64.9483	15.6275	3.65	+0.99	γ	54	Tau
190.4150	-1.4494	3.65	+0.36	γ	29	Vir
211.0971	64.3758	3.65	-0.05	α	11	Dra
313.7025	-58.4542	3.65	+1.25	β		Ind
9.2429	53.8969	3.66	-0.20	ζ	17	Cas
234.6642	-29.7778	3.66	-0.17	τ	40	Lib
271.6579	-50.0917	3.66	-0.08	θ		Ara
347.3617	-21.1725	3.66	+1.22		88	Aqr
142.8821	63.0619	3.67	+0.33		23	UMa
236.5471	15.4219	3.67	+0.06	β	28	Ser
130.8979	-33.1864	3.68	-0.18	α		Pyx
190.4150	-1.4494	3.68		γ	29	Vir
231.9571	29.1058	3.68	+0.28	β	3	CrB
325.0229	-16.6622	3.68	+0.32	γ	40	Cap
49.8792	-21.7578	3.69	+1.62	τ⁴	16	Eri
72.8017	5.6050	3.69	-0.17	π⁴	3	Ori
146.3117	-62.5078	3.69	+1.22			
349.2912	3.2822	3.69	+0.92	γ	6	Psc
28.9896	-51.6089	3.70	+0.85	χ		Eri
56.2188	24.1133	3.70	-0.11		17	Tau
269.4412	29.2478	3.70	+0.94	ξ	92	Her
89.1013	-14.1678	3.71	+0.33	η	16	Lep
176.5125	47.7794	3.71	+1.18	χ	63	UMa
237.7042	4.4778	3.71	+0.15	ε	37	Ser
298.8283	6.4067	3.71	+0.86	β	60	Aql
73.5629	2.4406	3.72	-0.18	π⁵	8	Ori
89.8817	54.2847	3.72	+1.00	δ	33	Aur
221.5621	1.8928	3.72	-0.01		109	Vir
316.2329	43.9278	3.72	+1.65	ξ	62	Cyg
318.6979	38.0456	3.72	+0.39	τ	65	Cyg
27.8650	-10.3350	3.73	+1.14	ζ	55	Cet
53.2325	-9.4583	3.73	+0.88	ε	18	Eri
118.0542	-40.5758	3.73	+1.04			
271.8375	9.5639	3.73	+0.12		72	Oph
51.7925	9.7328	3.74	-0.09	ξ	2	Tau
321.6667	-22.4114	3.74	+1.00	ζ	34	Cap
343.1538	-7.5797	3.74	+1.64	λ	73	Aqr
75.6196	41.0758	3.75	+1.22	ζ	8	Aur
136.0387	-47.0978	3.75	+1.20			
245.4800	19.1531	3.75	+0.27	γ	20	Her
266.9733	2.7072	3.75	+0.04	γ	62	Oph
268.3821	56.8728	3.75	+1.18	ξ	32	Dra
337.2929	58.4153	3.75	+0.60	δ	27	Cep
42.6742	55.8956	3.76	+1.68	η	15	Per
65.7338	17.5425	3.76	+0.98	δ¹	61	Tau
83.4062	-62.4897	3.76	+0.82	β		Dor
252.4463	-59.0414	3.76	+1.57	η		Ara
325.3687	-77.3900	3.76	+1.00	ν		Oct
331.7529	25.3450	3.76	+0.44	ι	24	Peg
56.2983	42.5786	3.77	+0.42	ν	41	Per
126.4342	-66.1369	3.77	+1.13	β		Vol
286.1708	-21.7417	3.77	+1.01	ο	39	Sgr
289.2758	53.3686	3.77	+0.96	κ	1	Cyg
309.9096	15.9119	3.77	-0.06	α	9	Del
311.9192	-9.4958	3.77	0.00	ε	2	Aqr
337.8229	50.2825	3.77	+0.01	α	7	Lac
107.1871	-70.4989	3.78	+1.04	γ²		Vol
163.3733	-58.8533	3.78	+0.95			
106.0271	20.5703	3.79	+0.79	ζ	43	Gem
111.4317	27.7981	3.79	+1.03	ι	60	Gem
292.4262	51.7297	3.79	+0.14	ι²	10	Cyg
303.4079	46.7414	3.79	+1.28		31	Cyg
47.3742	44.8572	3.80	+0.98	κ	27	Per
147.7475	59.0386	3.80	+0.29	υ	29	UMa
154.9942	19.8406	3.80		γ²	41	Leo
233.7004	10.5375	3.80	+0.26	δ	13	Ser
233.7004	10.5392	3.80	+0.26	δ	13	Ser
264.8662	46.0064	3.80	-0.18	ι	85	Her
84.6867	-2.6000	3.81	-0.24	σ	48	Ori
87.8304	-20.8792	3.81	+0.99	δ	15	Lep
156.5225	-16.8364	3.81	+1.48	μ	42	Hya
68.8875	-30.5622	3.82	+0.98	υ²	52	Eri
139.7113	36.8025	3.82	+0.06		38	Lyn
156.9696	-58.7394	3.82	+0.31			
247.7283	1.9839	3.82	+0.01	λ	10	Oph
296.8471	18.5342	3.82	+1.41	δ	7	Sge
354.3913	46.4581	3.82	+1.01	λ	16	And
56.0796	32.2883	3.83	+0.05	ο	38	Per
163.3279	34.2150	3.83	+1.04		46	LMi
209.5679	-42.1008	3.83	-0.21	φ		Cen
221.9650	-79.0447	3.83	+1.43	α		Aps
271.8858	28.7625	3.83	-0.03	ο	103	Her
297.0433	70.2678	3.83	+0.89	ε	63	Dra
67.1438	15.9622	3.84	+0.95	θ¹	77	Tau
130.1567	-46.6489	3.84	+0.71			
133.7617	-60.6447	3.84	-0.10			
159.3254	-48.2258	3.84	+0.30			
172.8508	69.3311	3.84	+1.62	λ	1	Dra
235.6858	26.2956	3.84	0.00	γ	8	CrB
275.9246	21.7697	3.84	+1.18		109	Her
335.4142	-1.3872	3.84	-0.05	γ	48	Aqr
56.0500	-64.8069	3.85	+1.13	β		Ret
86.8212	-51.0664	3.85	+0.17	β		Pic
95.5283	-33.4364	3.85	+0.88	δ		Col
108.7029	-26.7728	3.85	-0.17	ω	28	CMa
153.6842	-42.1219	3.85	+0.05			
158.2029	9.3067	3.85	-0.14	ρ	47	Leo
239.1133	15.6617	3.85	+0.48	γ	41	Ser
243.8596	-63.6856	3.85	+1.11	δ		TrA
278.8017	-8.2442	3.85	+1.33	α		Sct
63.5004	-42.2944	3.86	+1.10	α		Hor
189.4258	-48.5411	3.86	+0.05	τ		Cen
269.0633	37.2506	3.86	+1.35	θ	91	Her
273.4408	-21.0589	3.86	+0.23	μ	13	Sgr
14.1883	38.4994	3.87	+0.13	μ	37	And
48.0179	-28.9869	3.87	+0.52	α		For
56.4567	24.3678	3.87	-0.07		20	Tau
69.5450	-14.3039	3.87	+1.09		53	Eri
82.8029	-35.4706	3.87	+1.14	ε		Col
103.5329	-24.1839	3.87	+1.73	ο¹	16	CMa
188.1167	-72.1331	3.87	-0.15	γ		Mus
188.3708	69.7883	3.87	-0.13	κ	5	Dra
209.6700	-44.8036	3.87	-0.20	υ¹		Cen
227.9838	-48.7378	3.87	-0.05	κ¹		Lup
2.3529	-45.7475	3.88	+1.03	ε		Phe
138.5912	2.3142	3.88	-0.06	θ	22	Hya
148.1908	26.0069	3.88	+1.22	μ	24	Leo
202.7613	-39.4075	3.88	+1.17			
220.7650	-5.6583	3.88	+0.38	μ	107	Vir
239.2212	-29.2142	3.88	-0.20	ρ	5	Sco
44.1071	-8.8981	3.89	+1.11	η	3	Eri
170.2517	-54.4911	3.89	-0.15	π		Cen
184.9767	-0.6669	3.89	+0.02	η	15	Vir
244.9350	46.3133	3.89	-0.15	τ	22	Her
248.3625	-78.8972	3.89	+0.91	γ		Aps
299.0767	35.0833	3.89	+1.02	η	21	Cyg
126.4150	-3.9064	3.90	-0.02			
298.1183	1.0056	3.90	+0.89	η	55	Aql
347.5900	-45.2467	3.90	+1.02	ι		Gru
60.7892	5.9892	3.91	+0.03	ν	38	Tau
131.5071	-46.0417	3.91	0.00			
144.9642	-1.1428	3.91	+1.32	ι	35	Hya
167.1475	-58.9750	3.91	+1.23			
187.0100	-50.2306	3.91	-0.19	σ		Cen
233.8817	-14.7894	3.91	+1.01	γ	38	Lib
17.0963	-55.2458	3.92	-0.08	ζ		Phe
255.0725	30.9264	3.92	-0.01	ε	58	Her
318.9558	5.2478	3.92	+0.53	α	8	Equ
69.0796	-3.3525	3.93	-0.21	ν	48	Eri
115.3117	-9.5511	3.93	+1.02	α	26	Mon
290.4183	-17.8472	3.93	+0.22	ρ¹	44	Sgr
6.5508	-43.6800	3.94	+0.17	κ		Phe
131.1712	18.1542	3.94	+1.08	δ	47	Cnc
170.9812	10.5292	3.94	+0.41	ι	78	Leo
314.2933	41.1672	3.94	+0.02	ν	58	Cyg
22.8129	-49.0728	3.95	+0.99	δ		Phe
43.5646	52.7625	3.95	+0.74	τ	18	Per
99.1708	-19.2558	3.95	+1.06	ν²	7	CMa
115.4550	-72.6061	3.95	+1.04	ζ		Vol
200.9850	54.9217	3.95	+0.13	ζ	79	UMa
237.7396	-33.6272	3.95	-0.04	χ	5	Lup
341.6329	23.5656	3.95	+1.07	λ	47	Peg
66.0092	-34.0169	3.96	+1.49		43	Eri
89.7867	-42.8153	3.96	+1.14	η		Col
102.4604	-32.5086	3.96	-0.23	κ	13	CMa
115.9521	-28.9547	3.96	+0.18		3	Pup
182.9129	-52.3686	3.96	-0.15	ρ		Cen
241.7017	-20.6692	3.96	-0.04	ω¹	9	Sco
300.1479	-72.9106	3.96	-0.03	ε		Pav
87.8725	39.1486	3.97	+1.13	ν	32	Aur
130.0258	-35.3083	3.97	+0.94	β		Pyx
135.1600	41.7828	3.97	+0.44			
137.8192	-62.3172	3.97	-0.18			
270.1612	2.9317	3.97	+0.02		67	Oph
290.9717	-40.6161	3.97	-0.10	α		Sgr
337.3175	-43.4956	3.97	+1.03	δ¹		Gru
350.7425	-20.1006	3.97	+1.10		98	Aqr
30.8587	72.4214	3.98	-0.01		50	Cas
93.7137	-6.2747	3.98	+1.32	γ	5	Mon
109.2075	-67.9572	3.98	+0.79	δ		Vol
303.8679	47.7144	3.98	+1.52		32	Cyg
349.3575	-58.2358	3.99	+0.40	γ		Tuc
30.0013	-21.0778	4.00	+1.57	υ	59	Cet
43.4704	-49.8903	4.00	+2.11			
135.6117	-66.3961	4.00	+0.14	α		Vol
156.0987	-74.0317	4.00	+0.35			
220.4900	-37.7936	4.00	-0.17			
34.3287	33.8472	4.01	+0.02	γ	9	Tri
132.6329	-27.7100	4.01	+1.27	γ		Pyx
201.3063	54.9881	4.01	+0.16		80	UMa
240.4721	58.5653	4.01	+0.52	θ	13	Dra
242.9988	-19.4606	4.01	+0.04	ν	14	Sco
280.7588	-71.4281	4.01	+1.14	ζ		Pav
290.6596	-44.4589	4.01	-0.10	β¹		Sgr
307.3487	30.3686	4.01	+0.40		41	Cyg
342.3979	-13.5925	4.01	+1.57	τ²	71	Aqr
359.8279	6.8633	4.01	+0.42	ω	28	Psc
71.3754	-3.2547	4.02	-0.15	μ	57	Eri
131.6742	28.7600	4.02	+1.01	ι	48	Cnc
182.1033	-24.7289	4.02	+0.32	α	1	Crv
244.9600	-50.1556	4.02	+1.08	γ²		Nor
284.9058	15.0683	4.02	+1.08	ε	13	Aql
285.4200	-5.7389	4.02	+1.09		12	Aql
323.4954	45.5919	4.02	+0.89	ρ	73	Cyg
338.8392	-0.1175	4.02	-0.09	η	62	Aqr
75.8546	60.4422	4.03	+0.92	β	10	Cam
176.4650	6.5294	4.03	+1.51	ν	3	Vir
193.6483	-57.1778	4.03	-0.17	μ¹		Cru
271.3637	2.4994	4.03	+0.86		70	Oph
308.3033	11.3033	4.03	-0.13	ε	2	Del
59.7413	35.7911	4.04	+0.01	ξ	46	Per
62.1654	47.7125	4.04	-0.03		48	Per
62.9663	-6.8375	4.04	+0.33	ο¹	38	Eri
184.6088	-64.0031	4.04	-0.17	ζ		Cru
283.8338	43.9461	4.04	+1.59		13	Lyr
47.2667	49.6133	4.05	+0.59	ι		Per
170.2842	6.0294	4.05	-0.06	σ	77	Leo
215.1392	-37.8853	4.05	-0.03	ψ		Cen
216.2992	51.8508	4.05	+0.50	θ	23	Boo
219.4717	-49.4258	4.05	-0.15	ρ		Lup
220.9142	-35.1736	4.05	+1.35			
227.2108	-45.2797	4.05	-0.18	λ		Lup
11.8346	24.2672	4.06	+1.12	ζ	34	And
113.9804	26.8958	4.06	+1.54	υ	69	Gem
254.8963	-53.1606	4.06	+1.45	ε¹		Ara
25.9150	50.6886	4.07	-0.04	φ		Per
39.8708	0.3286	4.07	-0.22	δ	82	Cet
74.0929	13.5144	4.07	+1.15	ο²	9	Ori
103.5475	-12.0386	4.07	+1.43	θ	14	CMa
124.6317	-76.9197	4.07	+0.39	α		Cha
131.1000	-42.6492	4.07	+0.87			
207.3692	15.7978	4.07	+1.52	υ	5	Boo
229.3783	-58.8011	4.07	+0.09	β		Cir
316.4867	-17.2328	4.07	-0.01	θ	23	Cap
143.6112	-59.2294	4.08	+0.01			
164.9437	-18.2989	4.08	+1.09	α	7	Crt
171.2204	-17.6839	4.08	+0.21	γ	15	Crt
214.0037	-6.0006	4.08	+0.52	ι	99	Vir
320.5217	19.8044	4.08	+1.11		1	Peg
325.8767	58.7800	4.08	+2.35	μ		Cep
24.1992	41.4056	4.09	+0.54	υ	50	And
35.4371	-68.6594	4.09	+0.03	δ		Hyi
45.5979	-23.6244	4.09	+0.16	τ³	11	Eri
84.2262	9.2906	4.09	+0.95	φ²	40	Ori
237.1850	18.1417	4.09	+1.62	κ	35	Ser
40.1667	-39.8556	4.11	+1.02	ι		Eri
39.8975	-68.2669	4.11	-0.06	ε		Hyi
52.7183	12.9367	4.11	+1.12		5	Tau
117.3096	-46.3733	4.11	-0.18			
158.8671	-78.6078	4.11	+1.58	γ		Cha
176.6283	-61.1783	4.11	+0.90			
184.3921	-67.9608	4.11	+1.58	ε		Mus
234.1800	-66.3169	4.11	+1.17	ε		TrA
287.3679	-37.9044	4.11	+0.04	α		CrA
287.5071	-39.3408	4.11	+1.20	β		CrA
312.9554	-26.9192	4.11	+1.64	ω	18	Cap
337.4396	-43.7494	4.11	+1.57	δ²		Gru
41.0500	49.2283	4.12	+0.49	θ	13	Per
90.5958	9.6475	4.12	+0.16	μ	61	Ori
105.9396	-15.6333	4.12	-0.12	γ	23	CMa
147.8696	-14.8467	4.12	+0.92	υ¹	39	Hya
181.3021	8.7331	4.12	+0.98	ο	9	Vir
345.2200	-52.7542	4.12	+0.98	ζ		Gru
277.2079	-49.0708	4.13	+1.02	ζ		Tel
298.8154	-41.8683	4.13	+1.08	ι		Sgr
326.1613	25.6450	4.13	+0.43	κ	10	Peg
333.9925	37.7489	4.13	+1.46		1	Lac
354.9875	5.6264	4.13	+0.51	ι	17	Psc
63.7246	48.4094	4.14	+0.95	μ	51	Per
80.9867	-7.8081	4.14	+0.96		29	Ori
129.4112	-42.9892	4.14	+0.11			
233.2325	31.3592	4.14	-0.13	θ	4	CrB
311.5237	-25.2708	4.14	+0.43	ψ	16	Cap
355.1021	44.3339	4.14	-0.08	κ	19	And
97.2408	20.2122	4.15	-0.13	ν	18	Gem
107.9663	-0.4928	4.15	-0.01	δ	22	Mon
181.7204	-64.6136	4.15	+0.34	η		Cru
238.4562	-16.7294	4.15	+1.02	θ	46	Lib
239.3971	26.8778	4.15	+1.23	ε	13	CrB
341.5137	-81.3817	4.15	+0.20	β		Oct
8.2500	62.9317	4.16	+0.14	κ	15	Cas
91.0300	23.2633	4.16	+0.82		1	Gem
129.4142	5.7036	4.16	0.00	δ	4	Hya
249.0938	-35.2556	4.16	+1.57			
334.2083	-7.7833	4.16	+0.98	θ	43	Aqr
57.3637	-36.2003	4.17	+0.95			
261.5925	-24.1753	4.17	+0.28		44	Oph
340.1642	-27.0436	4.17	-0.11	ε	18	PsA
56.5817	23.9483	4.18	-0.06		23	Tau
112.2779	31.7844	4.18	+0.32	ρ	62	Gem
214.0958	46.0883	4.18	+0.08	λ	19	Boo
207.3612	-34.4508	4.19	+1.50		2	Cen
213.2242	-10.2736	4.19	+1.33	κ	98	Vir
281.4154	20.5464	4.19	+0.46		110	Her
333.7583	57.0436	4.19	+0.28	ε	23	Cep
341.6733	12.1728	4.19	+0.50	ξ	46	Peg
82.6963	5.9481	4.20	-0.14		32	Ori
119.2146	-22.8800	4.20	+0.72		11	Pup
248.5258	42.4369	4.20	-0.01	σ	35	Her
52.2671	59.9403	4.21	+0.41			
85.1900	-1.9428	4.21		ζ	50	Ori
156.9708	36.7072	4.21	+0.90	β	31	LMi
343.9871	-32.5397	4.21	+0.97	δ	23	PsA
348.9729	-9.0878	4.21	+1.11	ψ¹	91	Aqr
66.3421	22.2939	4.22	+0.13	κ¹	65	Tau
275.1896	71.3378	4.22	-0.10	φ	43	Dra
281.7938	-4.7478	4.22	+1.10	β		Sct
283.0542	-62.1875	4.22	-0.14	λ		Pav
307.3954	62.9942	4.22	+0.20	θ	2	Cep
311.4154	30.7197	4.22	+1.05		52	Cyg
321.6108	-65.3661	4.22	+0.49	γ		Pav
348.5808	-6.0489	4.22	+1.56	φ	90	Aqr
5.0179	-64.8747	4.23	+0.58	ζ		Tuc
42.6463	38.3186	4.23	+0.34		16	Per
54.1225	48.1928	4.23	-0.06	ψ	37	Per
56.7121	-23.2497	4.23	+0.42	τ6	27	Eri
206.4217	-33.0439	4.23	+0.38		1	Cen
241.6479	-36.8022	4.23	-0.17	θ		Lup
247.8454	-34.7044	4.23	-0.16			
251.4921	82.0372	4.23	+0.89	ε	22	UMi
297.6412	32.9142	4.23	+1.82	χ		Cyg
319.3542	39.3947	4.23	+0.12	σ	67	Cyg
326.6983	49.3094	4.23	-0.12	π²	81	Cyg
118.3258	-48.1031	4.24	-0.14			
250.7692	-77.5175	4.24	+1.06	β		Aps
304.4121	-12.5083	4.24	+1.07	α¹	5	Cap
17.1863	86.2569	4.25	+1.21			
17.3758	47.2419	4.25	-0.07	φ	42	And
36.7463	-47.7039	4.25	-0.14	κ		Eri
41.0308	-13.8586	4.25	-0.14	π	89	Cet
64.0067	-51.4867	4.25	+0.30	γ		Dor
69.1725	41.2647	4.25	+1.22		58	Per
68.9137	10.1608	4.25	+0.18		88	Tau
125.7088	43.1881	4.25	+1.55		31	Lyn
134.6217	11.8578	4.25	+0.14	α	65	Cnc
156.7879	-31.0678	4.25	+1.45	α		Ant
216.8812	75.6961	4.25	+1.44		5	UMi
26.3483	9.1578	4.26	+0.96	ο	110	Psc
89.9838	45.9369	4.26	+1.72	π	35	Aur
184.5863	-79.3122	4.26	-0.12	β		Cha
188.4354	41.3575	4.26	+0.59	β	8	CVn
197.9683	27.8781	4.26	+0.57	β	43	Com
210.4117	1.5444	4.26	+0.10	τ	93	Vir
242.1925	44.9350	4.26	-0.07	φ	11	Her
265.3537	-12.8753	4.26	+0.08	ο	56	Ser
41.2354	10.1142	4.27	+0.31	μ	87	Cet
49.9821	-43.0697	4.27	+0.71			
53.4471	-21.6328	4.27	-0.11	τ⁵	19	Eri
69.5396	12.5108	4.27	+0.12		90	Tau
77.2867	-8.7542	4.27	-0.19	λ	69	Eri
122.3721	-47.3458	4.27	-0.23	γ¹		Vel
193.3592	-40.1789	4.27	+0.21			
196.7275	-49.9061	4.27	-0.19	ξ²		Cen
229.6333	-47.8750	4.27	-0.08	μ		Lup
311.6646	16.1242	4.27	+1.04	γ²	12	Del
331.6092	-13.8697	4.27	-0.07	ι	33	Aqr
15.7358	7.8900	4.28	+0.96	ε	71	Psc
37.0396	8.4600	4.28	-0.06	ξ²	73	Cet
54.2183	0.4017	4.28	+0.58		10	Tau
66.5771	22.8136	4.28	+0.26	υ	69	Tau
70.5613	22.9569	4.28	-0.13	τ	94	Tau
115.8279	28.8836	4.28	+1.12	σ	75	Gem
159.8267	-55.6033	4.28	+1.04			
178.2275	-33.9081	4.28	-0.10	β		Hya
247.7846	-16.6128	4.28	+0.92	φ	8	Oph
320.5617	-16.8344	4.28	+0.90	ι	32	Cap
346.7200	-43.5206	4.28	+0.42	θ		Gru
351.9921	6.3789	4.28	+1.07	θ	10	Psc
61.6458	50.3514	4.29	+0.02	λ	47	Per
63.8838	8.8922	4.29	-0.06	μ	49	Tau
66.3725	17.9281	4.29	+0.05	δ³	68	Tau
73.5125	66.3428	4.29	+0.03	α	9	Cam
79.8937	-13.1767	4.29	-0.26	λ	6	Lep
144.2717	81.3264	4.29	+1.48			
261.8388	-29.8669	4.29	+0.40		45	Oph
264.1367	-38.6353	4.29	+1.09			
290.8050	-44.7997	4.29	+0.34	β²		Sgr
326.3621	61.1208	4.29	+0.52	ν	10	Cep
330.9475	64.6278	4.29	+0.34	ξ	17	Cep
332.4967	33.1783	4.29	+0.46	π²	29	Peg
337.8762	-32.3461	4.29	+0.01	β	17	PsA
354.5342	43.2681	4.29	-0.10	ι	17	And
56.3021	24.4672	4.30	-0.11		19	Tau
130.8063	3.3986	4.30	-0.20	η	7	Hya
174.2371	-0.8239	4.30	+1.00	υ	91	Leo
283.6258	36.8989	4.30	+1.68	δ²	12	Lyr
303.3496	56.5678	4.30	+0.11		33	Cyg
14.6517	-29.3575	4.31	-0.16	α		Scl
142.9300	22.9681	4.31	+1.54	λ	4	Leo
188.0175	-16.1961	4.31	+0.38	η	8	Crv
231.1225	37.3772	4.31	+0.31	μ¹	51	Boo
70.1104	-19.6717	4.32	+1.61		54	Eri
112.0408	8.9256	4.32	+1.43	γ	4	CMi
131.5938	-13.5478	4.32	+0.90		12	Hya
177.4213	-63.7883	4.32	-0.15			
216.7287	-83.6678	4.32	+1.31	δ		Oct
222.9100	-43.5756	4.32	-0.15	ο		Lup
236.0146	77.7944	4.32	+0.04	ζ	16	UMi
241.8513	-20.8686	4.32	+0.84	ω²	10	Sco
309.5846	-1.1053	4.32	+0.95		71	Aql
17.7758	55.1497	4.33	+0.17	θ	33	Cas
30.5117	2.7636	4.33	+0.03	α	113	Psc
97.9637	-23.4183	4.33	-0.24	ξ¹	4	CMa
130.1542	-59.7611	4.33	-0.11			
180.7562	-63.3128	4.33	+0.27	θ¹		Cru
193.2788	-48.9433	4.33	+1.37			
215.0813	-56.3867	4.33	+0.12			
234.5133	-42.5675	4.33	+1.42	ω		Lup
260.2071	-12.8469	4.33	+0.03	ν	53	Ser
274.9654	36.0644	4.33	+1.17	κ	1	Lyr
122.1483	-2.9839	4.34	+0.97	ζ	29	Mon
139.0508	-57.5414	4.34	+1.63			
210.4308	-45.6036	4.34	+0.60	υ²		Cen
229.4579	-30.1489	4.34	+1.10		2	Lup
261.6288	4.1403	4.34	+1.50	σ	49	Oph
326.2367	-33.0258	4.34	-0.05	ι	9	PsA
326.1279	17.3500	4.34	+1.17		9	Peg
44.5679	-40.3044	4.35	+0.08	θ²		Eri
47.9075	19.7267	4.35	+1.03	δ	57	Ari
86.1933	-65.7356	4.35	+0.21	δ		Dor
93.8446	29.4981	4.35	+1.02	κ	44	Aur
104.3188	58.4225	4.35	+0.85		15	Lyn
121.9825	-68.6172	4.35	-0.11	ε		Vol
125.1604	-77.4844	4.35	+1.16	θ		Cha
144.2067	-49.3553	4.35	+0.17			
216.5450	-45.3794	4.35	+0.43	τ²		Lup
272.1450	-63.6683	4.35	+0.22	π		Pav
9.2204	33.7194	4.36	-0.14	π	29	And
10.8383	-57.4631	4.36	0.00	η		Phe
52.6438	47.9953	4.36	+1.35	σ	35	Per
61.1737	22.0819	4.36	+1.07		37	Tau
72.6529	8.9003	4.36	+0.01	π²	2	Ori
78.3079	-12.9414	4.36	-0.10	κ	4	Lep
89.3842	-35.2833	4.36	-0.18	γ		Col
132.1083	5.8378	4.36	-0.04	ρ	13	Hya
186.7346	28.2683	4.36	+1.13	γ	15	Com
211.5117	-41.1797	4.36	-0.19	χ		Cen
272.1896	20.8144	4.36	-0.16		102	Her
263.0538	86.5864	4.36	+0.02	δ	23	UMi
275.8067	-61.4939	4.36	+1.48	ξ		Pav
281.1933	37.6050	4.36	+0.19	ζ¹	6	Lyr
281.7554	18.1814	4.36	+0.13		111	Her
289.0921	38.1336	4.36	+1.26	θ	21	Lyr
294.1804	-1.2864	4.36	-0.08	ι	41	Aql
337.3825	47.7069	4.36	+1.68		5	Lac
7.8863	-62.9581	4.37	-0.07	β¹		Tuc
9.6387	29.3117	4.37	+0.87	ε	30	And
33.2500	8.8467	4.37	+0.89	ξ¹	65	Cet
94.1379	-35.1406	4.37	+1.00	κ		Col
104.0342	-17.0542	4.37	-0.07	ι	20	CMa
151.9762	9.9975	4.37	+1.45		31	Leo
295.0242	18.0139	4.37	+0.78	α	5	Sge
295.2621	17.4761	4.37	+1.05	β	6	Sge
299.9342	-35.2764	4.37	-0.15	θ¹		Sgr
353.2429	-37.8183	4.37	-0.09	β		Scl
83.0533	18.5944	4.38	+2.07		119	Tau
197.4875	-5.5389	4.38	-0.01	θ	51	Vir
253.5021	10.1653	4.38	-0.08	ι	25	Oph
73.2237	-5.4528	4.39	+0.25	ω	61	Eri
98.7442	-52.9756	4.39	-0.02			
120.5662	2.3344	4.39	+1.25			
165.0387	-42.2258	4.39	+0.11			
260.2508	-21.1128	4.39	+0.39	ξ	40	Oph
288.4396	39.1461	4.39	-0.15	η	20	Lyr
302.2221	77.7114	4.39	-0.05	κ	1	Cep
319.9667	-53.4497	4.39	+0.19	θ		Ind
349.4758	-9.1825	4.39	-0.15	ψ²	93	Aqr
351.5117	-20.6419	4.39	+1.47		99	Aqr
102.4637	-53.6222	4.40	+0.92			
109.6767	-24.9542	4.40	-0.15	τ	30	CMa
122.2567	-19.2450	4.40	-0.15		16	Pup
225.7250	2.0914	4.40	+1.04		110	Vir
329.4796	-54.9925	4.40	+0.28	δ		Ind
351.3450	23.4042	4.40	+0.61	υ	68	Peg
28.4117	-46.3025	4.41	+1.59	ψ		Phe
83.7050	9.4894	4.41	-0.16	φ¹	37	Ori
88.5954	20.2761	4.41	+0.59	χ¹	54	Ori
107.7850	30.2453	4.41	+1.26	τ	46	Gem
119.5600	-49.2450	4.41	-0.17			
169.5458	31.5292	4.41	+0.59	ξ	53	UMa
222.5721	-27.9603	4.41	+1.40		58	Hya
262.6846	26.1106	4.41	+1.44	λ	76	Her
269.6258	30.1894	4.41	+0.39	ν	94	Her
346.9746	75.3875	4.41	+0.80	π	33	Cep
349.7058	-32.5319	4.41	+1.13	γ		Scl
0.4900	-6.0142	4.41	+1.63		30	Psc
14.3017	23.4175	4.42	+0.94	η	38	And
56.5354	-12.1017	4.42	+1.63	π	26	Eri
91.8929	14.7683	4.42	-0.17	ν	67	Ori
165.5825	20.1797	4.42	+0.05		60	Leo
215.7592	-39.5122	4.42	-0.18			
218.1537	-50.4569	4.42	-0.19	σ		Lup
246.7558	-18.4564	4.42	+0.28	χ	7	Oph
311.9342	-5.0278	4.42	+1.65		3	Aqr
337.2087	-0.0200	4.42	+0.38	ζ²	55	Aqr
12.1708	7.5850	4.43	+1.50	δ	63	Psc
63.8179	-7.6528	4.43	+0.82	ο²	40	Eri
99.4725	-18.2375	4.43	+1.15	ν³	8	CMa
220.2871	13.7283	4.43	+0.05	ζ	30	Boo
236.6108	7.3531	4.43	+0.60	λ	27	Ser
305.9654	32.1900	4.43	+1.33		39	Cyg
310.8646	15.0744	4.43	+0.32	δ	11	Del
319.4796	34.8969	4.43	-0.11	υ	66	Cyg
335.8900	52.2292	4.43	+1.02	β	3	Lac
3.6600	-18.9328	4.44	+1.66		7	Cet
25.3579	5.4875	4.44	+1.36	ν	106	Psc
64.1204	-59.3019	4.44	+1.08	ε		Ret
95.9421	4.5928	4.44	+0.18	ε	8	Mon
123.5121	-40.3481	4.44	+1.17			
129.6892	3.3414	4.44	+1.21	σ	5	Hya
284.2375	-67.2336	4.44	+0.71	κ		Pav
292.1762	24.6650	4.44	+1.50	α	6	Vul
70.1404	-41.8639	4.45	+0.34	α		Cae
78.0746	-11.8692	4.45	-0.10	ι	3	Lep
113.5133	-22.2961	4.45	+0.51			
122.8396	-39.6186	4.45	+1.62			
124.6388	-36.6594	4.45	+0.22			
135.0225	-41.2539	4.45	+0.65			
158.8971	-57.5578	4.45	+1.62			
161.4450	-80.5403	4.45	-0.19	δ²		Cha
248.0342	-21.4664	4.45	+0.13	ω	9	Oph
270.4383	1.3053	4.45	+0.02		68	Oph
288.8875	73.3556	4.45	+1.25	τ	60	Dra
293.5225	7.3789	4.45	+1.17	μ	38	Aql
42.2725	-32.4058	4.46	+0.99	β		For
78.3229	2.8611	4.46	+1.19	ρ	17	Ori
141.1637	26.1822	4.46	+1.23	κ	1	Leo
177.7862	-45.1736	4.46	+1.30			
218.6700	29.7450	4.46	+0.36	σ	28	Boo
331.5288	-39.5433	4.46	+1.37	λ		Gru
340.1288	44.2764	4.46	+1.33		11	Lac
343.1317	-32.8756	4.46	-0.04	γ	22	PsA
41.2758	-18.5725	4.47	+0.48	τ¹	1	Eri
50.0850	29.0483	4.47	+1.55			
57.3800	65.5261	4.47	+1.88			
74.3217	53.7522	4.47	-0.02		7	Cam
74.6371	1.7142	4.47	+1.40	π6	10	Ori
101.9650	2.4122	4.47	+1.11		18	Mon
169.1654	-3.6517	4.47	+0.21	φ	74	Leo
182.0217	-50.6614	4.47	-0.15			
246.7962	-47.5550	4.47	-0.07	ε		Nor
346.6704	-23.7431	4.47	+0.90		86	Aqr
92.9850	14.2089	4.48	-0.18	ξ	70	Ori
94.9058	59.0108	4.48	+0.01		2	Lyn
97.0421	-32.5800	4.48	-0.17	λ		CMa
137.2179	51.6047	4.48	+0.27		15	UMa
136.2867	-72.6028	4.48	+0.61			
151.8575	35.2447	4.48	+0.18		21	LMi
167.9146	-22.8258	4.48	+0.03	β	11	Crt
294.1104	50.2211	4.48	+0.38	θ	13	Cyg
336.8333	-64.9664	4.48	-0.03	δ		Tuc
66.5867	15.6183	4.49	+0.25		71	Tau
100.9971	13.2278	4.49	+1.16		30	Gem
108.1400	-46.7594	4.49	+0.32			
118.1613	-38.8631	4.49	-0.19			
131.6771	-56.7697	4.49	-0.17			
151.9846	-0.3717	4.49	-0.04	α	15	Sex
224.2958	-4.3464	4.49	+0.32		16	Lib
318.6204	10.0069	4.49	+0.50	δ	7	Equ
333.4696	39.7150	4.49	+1.39			
355.6804	-14.5450	4.49	-0.04	ω²	105	Aqr
98.2258	7.3331	4.50	0.00		13	Mon
114.7054	-26.8017	4.50	-0.17			
117.0217	-25.9372	4.50	-0.05	ο		Pup
143.7062	52.0514	4.50	+0.01		26	UMa
155.2283	-56.0431	4.50	-0.12			
163.9033	24.7497	4.50	+0.01		54	Leo
206.8154	17.4567	4.50	+0.48	τ	4	Boo
246.0258	-20.0375	4.50	+1.01	ψ	4	Oph
316.7821	-25.0058	4.50	+1.61		24	Cap
332.0958	-32.9886	4.50	+0.05	μ	14	PsA
355.5117	1.7800	4.50	+0.20	λ	18	Psc
359.9792	-65.5772	4.50	-0.08	ε		Tuc
17.9150	30.0897	4.51	+1.09	τ	83	Psc
41.9771	29.2472	4.51	+1.11		39	Ari
60.2242	-62.1594	4.51	+1.65	γ		Ret
68.3775	-29.7667	4.51	+0.98	υ¹	50	Eri
87.4571	-56.1667	4.51	+1.10	γ		Pic
142.3113	-35.9514	4.51	+1.44	ε		Ant
230.8446	-59.3208	4.51	+0.19	γ		Cir
300.7046	67.8736	4.51	+1.32	ρ	67	Dra
311.0096	-51.9211	4.51	+0.27	η		Ind
311.3379	57.5797	4.51	+0.54			
317.3987	-11.3717	4.51	+0.94	ν	13	Aqr
322.1808	-21.8072	4.51	+0.91		36	Cap
337.6221	43.1233	4.51	-0.09		6	Lac
4.5821	36.7853	4.52	+0.05	σ	25	And
37.2667	67.4025	4.52	+0.12	ι		Cas
87.2938	39.1811	4.52	+0.94	τ	29	Aur
144.8375	-61.3281	4.52	-0.07			
214.7775	-13.3711	4.52	+0.13	λ	100	Vir
235.3879	19.6703	4.52	+0.04	ι	21	Ser
260.9208	37.1458	4.52	-0.03	ρ	75	Her
299.2367	-27.1700	4.52	+1.46		59	Sgr
303.9421	27.8142	4.52	+1.26		23	Vul
346.7512	9.4094	4.52	+1.57		55	Peg
348.1375	49.4064	4.52	+0.29		7	And
12.4533	41.0789	4.53	-0.15	ν	35	And
42.8783	35.0597	4.53	+1.56		17	Per
90.0142	-3.0742	4.53	+1.22			
114.3421	-34.9686	4.53	-0.09			
176.9963	20.2189	4.53	+0.55		93	Leo
200.6579	-60.9883	4.53	-0.13			
201.0021	-64.5358	4.53	+0.85			
272.8075	-45.9544	4.53	+1.01	ε		Tel
311.8521	36.4908	4.53	-0.11	λ	54	Cyg
345.9692	3.8200	4.53	-0.12	β	4	Psc
7.8900	-62.9658	4.54	+0.15	β²		Tuc
11.1812	48.2844	4.54	-0.07	ο	22	Cas
30.4892	70.9069	4.54	+0.16		48	Cas
52.4787	58.8786	4.54	+0.56			
79.5446	33.3717	4.54	+1.27		16	Aur
98.7642	-22.9647	4.54	-0.05	ξ²	5	CMa
112.4492	12.0067	4.54	+1.28		6	CMi
213.3708	51.7903	4.54	+0.20	κ²	17	Boo
226.1112	26.9475	4.54	+1.24	ψ	43	Boo
228.0554	-19.7917	4.54	-0.08	ι¹	24	Lib
230.7892	-36.8586	4.54	-0.15	φ²		Lup
233.9717	-44.9586	4.54	-0.18			
261.6579	-5.0867	4.54	+0.39			
266.8900	-27.8308	4.54	+0.80		3	Sgr
358.5958	57.4994	4.54	+1.22	ρ	7	Cas
76.1017	-35.4833	4.55	+1.20	γ¹		Cae
105.0167	76.9775	4.55	+1.36			
143.5558	36.3975	4.55	+0.92		10	LMi
222.8471	19.1011	4.55	+0.76	ξ	37	Boo
245.1592	-24.1694	4.55	+0.84	ο	19	Sco
316.6504	47.6483	4.55	+1.57		63	Cyg
352.2888	12.7606	4.55	+0.94		70	Peg
0.9350	-17.3361	4.55	-0.05		2	Cet
59.6863	-61.4003	4.56	+1.62	δ		Ret
136.6325	38.4522	4.56	+1.04			
143.6204	69.8303	4.56	+0.77		24	UMa
207.9567	-32.9944	4.56	-0.13		3	Cen
216.5342	-45.2214	4.56	-0.15	τ¹		Lup
325.4804	71.3114	4.56	+1.10		11	Cep
84.7963	4.1214	4.57	-0.11	ω	47	Ori
142.9954	-1.1850	4.57	+0.10	τ²	32	Hya
154.9033	-55.0294	4.57	+1.62			
160.8837	-60.5667	4.57	+1.71			
246.3542	14.0333	4.57	0.00	ω	24	Her
272.0208	-28.4572	4.57	+0.94			
322.4871	23.6389	4.57	+1.62		2	Peg
335.2567	46.5367	4.57	-0.10		2	Lac
336.1292	49.4764	4.57	+0.09		4	Lac
357.2317	-28.1303	4.57	+0.01	δ		Scl
54.2737	-40.2747	4.58	+1.04			
88.3317	27.6122	4.58	-0.02		136	Tau
137.0121	-25.8583	4.58	+1.59	κ		Pyx
147.9200	-46.5478	4.58	+1.20			
265.4846	72.1489	4.58	+0.42	ψ¹	31	Dra
298.3654	24.0797	4.58	-0.06		13	Vul
300.6646	-27.7097	4.58	+1.65		62	Sgr
10.3317	-46.0850	4.59	+0.97	μ		Phe
55.7088	-37.3136	4.59	+1.20			
81.7092	3.0956	4.59	-0.21	ψ²	30	Ori
83.8467	-4.8383	4.59	-0.19		42	Ori
115.8850	-28.4111	4.59	+1.63		1	Pup
148.0267	54.0644	4.59	+0.03	φ	30	UMa
238.4029	-25.3272	4.59	-0.07		2	Sco
243.0758	-27.9264	4.59	-0.16		13	Sco
263.9150	-46.5056	4.59	-0.03	σ	1	Ara
283.6871	22.6450	4.59	+0.78		113	Her
287.0871	-40.4967	4.59	+1.09	δ		CrA
290.1671	65.7147	4.59	+0.02	π	58	Dra
313.0321	27.0969	4.59	+0.83		31	Vul
337.2071	-0.0203	4.59		ζ¹	55	Aqr
97.2042	-7.0328	4.60	-0.10	β	11	Mon
130.0533	64.3278	4.60	+1.17	π²	4	UMa
142.2871	-2.7689	4.60	+0.46	τ¹	31	Hya
151.2812	-13.0647	4.60	-0.09	υ²	40	Hya
164.1796	-37.1378	4.60	+1.03	ι		Ant
168.1500	-60.3175	4.60	+0.55			
198.0725	-59.9208	4.60	-0.08			
221.3104	16.9644	4.60	+0.98	ο	35	Boo
224.3958	65.9325	4.60	+1.59			
231.3342	-38.7336	4.60	0.00			
294.1767	-24.8836	4.60	-0.07		52	Sgr
350.1592	23.7403	4.60	+0.17	τ	62	Peg
1.3337	-5.7075	4.61	+1.04		33	Psc
4.2729	38.6817	4.61	+0.06	θ	24	And
64.5608	50.2956	4.61	+0.04			
119.9667	-18.3992	4.61	+0.08			
166.6350	-62.4242	4.61	+1.03			
290.4317	-15.9550	4.61	+0.10	υ	46	Sgr
308.4758	35.2508	4.61	+1.60		47	Cyg
28.3887	3.1875	4.62	+0.94	ξ	111	Psc
82.9825	-7.3014	4.62	-0.26	υ	36	Ori
114.7075	-26.8036	4.62				
130.9183	-7.2336	4.62	+0.84			
138.9379	-37.4133	4.62	+0.45			
173.6904	-54.2642	4.62	-0.08			
193.6633	-59.1467	4.62	-0.15	λ		Cru
233.5446	-10.0644	4.62	+1.01		37	Lib
238.1688	42.4517	4.62	+0.56	χ	1	Her
264.4613	-8.1189	4.62	+0.11	μ	57	Oph
270.1208	-3.6903	4.62	+0.38	ζ	57	Ser
284.0550	4.2036	4.62	+0.17	θ¹	63	Ser
14.1658	59.1811	4.63	+0.96	υ²	28	Cas
44.8029	21.3403	4.63	+0.04	ε	48	Ari
44.8029	21.3403	4.63	+0.04	ε	48	Ari
47.8225	39.6117	4.63	+1.11	ω	28	Per
57.5896	71.3322	4.63	+0.03	γ		Cam
90.9800	20.1383	4.63	+0.28	χ²	62	Ori
118.2654	-49.6131	4.63	-0.23			
166.2542	7.3361	4.63	+0.33	χ	63	Leo
168.8008	23.0956	4.63	+1.66		72	Leo
237.3988	26.0683	4.63	+0.80	δ	10	CrB
240.8829	-57.7753	4.63	+0.24	ι¹		Nor
246.9504	-8.3717	4.63	+0.17	υ	3	Oph
339.3433	51.5453	4.63	+0.24		9	Lac
75.7738	21.5900	4.64	+0.16	ι	102	Tau
109.1458	-27.8811	4.64	+1.60			
111.6783	49.2114	4.64	-0.02		21	Lyn
113.8450	-28.3694	4.64	-0.11			
189.9688	-39.9875	4.64	-0.08			
235.2971	-44.6611	4.64	+0.40			
237.7446	-25.7514	4.64	-0.05		1	Sco
270.0658	4.3686	4.64	-0.03		66	Oph
271.8267	8.7339	4.64	+0.96		71	Oph
277.8433	-62.2783	4.64	-0.11	ν		Pav
278.3758	-42.3125	4.64	+1.01	θ		CrA
300.2754	27.7536	4.64	+0.18		15	Vul
18.4371	24.5836	4.65	+1.04	φ	85	Psc
58.4275	-24.6125	4.65	-0.13	τ8	33	Eri
68.4621	14.8444	4.65	+0.25	ρ	86	Tau
73.7242	10.1508	4.65	+0.09	π¹	7	Ori
88.5254	-63.0900	4.65	+1.05			
103.6612	13.1778	4.65	+0.30		38	Gem
112.6771	-30.9622	4.65	+0.93			
191.5946	-56.4889	4.65	-0.16			
206.6638	-51.4328	4.65	+0.96			
207.8579	64.7233	4.65	+1.58		10	Dra
240.8038	-49.2297	4.65	+0.92	η		Nor
252.4583	-10.7831	4.65	+0.47		20	Oph
259.4179	37.2917	4.65	+0.05		69	Her
274.5133	-27.0425	4.65	+1.66			
346.0458	50.0522	4.65	+1.06		3	And
17.8633	21.0347	4.66	+1.03	χ	84	Psc
40.8629	27.7072	4.66	-0.13		35	Ari
59.9813	-24.0164	4.66	-0.13	τ9	36	Eri
100.2446	9.8956	4.66	-0.25		15	Mon
108.5633	-26.3525	4.66	-0.19		27	CMa
109.5767	-36.7342	4.66	-0.10			
130.8212	21.4686	4.66	+0.02	γ	43	Cnc
156.8517	-57.6389	4.66	+0.51			
159.6879	-59.1831	4.66	+1.48			
180.2183	6.6142	4.66	+0.13	π	8	Vir
189.8117	-7.9956	4.66	+1.23	χ	26	Vir
190.6475	-48.8131	4.66	+1.09			
205.1846	54.6817	4.66	+1.64		83	UMa
282.8004	59.3883	4.66	+1.19	ο	47	Dra
291.6296	0.3386	4.66	+0.60	ν	32	Aql
336.3192	1.3775	4.66	-0.03	π	52	Aqr
359.4396	25.1414	4.66	+1.59	ψ	84	Peg
27.3962	-10.6864	4.67	+0.33	χ	53	Cet
52.3421	49.5089	4.67	-0.09		34	Per
91.5387	-14.9353	4.67	+0.05	θ	18	Lep
137.7296	63.5136	4.67	+0.35	τ	14	UMa
234.9417	-34.4119	4.67	+0.99	ψ¹	3	Lup
270.0142	16.7508	4.67	+1.26		93	Her
315.3229	-32.2578	4.67	+0.89	γ		Mic
325.5237	51.1897	4.67	-0.12	π¹	80	Cyg
76.1421	15.4042	4.68	-0.06		11	Ori
103.9058	-20.1364	4.68	+0.37	π	19	CMa
120.3054	-1.3925	4.68	+1.49		28	Mon
144.6137	4.6492	4.68	+1.32			
245.0867	-78.6958	4.68	+1.69	δ¹		Aps
275.9146	-8.9342	4.68	+0.95	ζ		Sct
293.0900	69.6611	4.68	+0.79	σ	61	Dra
308.8271	14.6742	4.68	+0.11	ζ	4	Del
324.2700	-19.4661	4.68	-0.17	ε	39	Cap
28.7337	-67.6472	4.69	+0.95	η²		Hyi
31.1225	-29.2969	4.69	-0.17	ν		For
66.6517	14.7136	4.69	+0.98	π	73	Tau
69.8188	15.9181	4.69	+0.15	σ²	92	Tau
134.0808	-52.7236	4.69	-0.12			
140.8012	-28.8339	4.69	+0.92	λ		Pyx
141.8267	-22.3439	4.69	+1.14			
191.4079	-60.9811	4.69	+1.05	ι		Cru
202.9913	-6.2558	4.69	+1.62		74	Vir
271.2554	-29.5800	4.69	+0.78	γ¹		Sgr
294.8442	30.1533	4.69	+0.97	φ	12	Cyg
317.5854	10.1317	4.69	+0.26	γ	5	Equ
324.4379	-7.8542	4.69	+0.17	ξ	23	Aqr
330.8400	-56.7861	4.69	+1.06	ε		Ind
330.8288	-2.1553	4.69	-0.06	ο	31	Aqr
340.8971	-18.8303	4.69	+1.37		66	Aqr
347.4783	-22.4575	4.69	+0.65		89	Aqr
44.6904	39.6628	4.70	+0.06	π	22	Per
44.9288	8.9075	4.70	-0.12	λ	91	Cet
114.5750	-25.3647	4.70	-0.11			
150.0533	8.0442	4.70	+1.60	π	29	Leo
174.1704	-9.8022	4.70	-0.08	θ	21	Crt
175.0533	-34.7447	4.70	-0.07	ο		Hya
203.6137	49.0161	4.70	+0.12		24	CVn
277.2996	-14.5658	4.70	+0.06	γ		Sct
298.9600	-26.2994	4.70	+0.75	ω	58	Sgr
23.4829	59.2319	4.71	+1.00	χ	39	Cas
36.4058	50.2786	4.71	+1.53		65	And
63.7221	40.4836	4.71	+1.01		52	Per
79.7854	40.0992	4.71	+0.63	λ	15	Aur
80.1121	-21.2394	4.71	-0.05			
82.4333	-1.0922	4.71	+1.57		31	Ori
117.0846	-47.0778	4.71	+1.06			
136.4096	-70.5389	4.71	-0.15			
159.6800	31.9761	4.71	+0.81		37	LMi
163.4946	43.1900	4.71	-0.05	ω	45	UMa
196.5696	-48.4636	4.71	-0.14			
209.4121	-63.6867	4.71	+1.11			
298.5621	8.4614	4.71	+1.05	ξ	59	Aql
319.4846	-32.1725	4.71	+0.06	ε		Mic
343.6033	84.3461	4.71	+1.43			
353.3192	-20.9144	4.71	+0.02		101	Aqr
353.7692	-42.6150	4.71	+0.08	ι		Phe
52.3446	-62.9375	4.72	+0.40	κ		Ret
76.3775	-57.4728	4.72	+0.52	ζ		Dor
122.8179	-12.9269	4.72	+0.95		19	Pup
140.3733	-25.9656	4.72	+1.63	θ		Pyx
177.0596	-66.8147	4.72	+1.54	μ		Mus
181.0800	-63.1656	4.72	-0.08	θ²		Cru
226.2800	-47.0511	4.72	-0.14	π		Lup
241.6225	-45.1733	4.72	+0.23	δ		Nor
280.5683	-9.0525	4.72	+0.35	δ		Sct
7.9433	54.5222	4.73	-0.10	λ	14	Cas
52.6546	-5.0753	4.73	-0.09		17	Eri
57.1496	-37.6206	4.73	-0.03			
80.4404	-0.3825	4.73	-0.17		22	Ori
176.1908	-18.3508	4.73	+0.97	ζ	27	Crt
199.3854	40.5725	4.73	+0.30		20	CVn
208.3021	-31.9278	4.73	-0.14		4	Cen
253.4988	-42.3622	4.73	+0.49	ζ¹		Sco
259.1529	-0.4453	4.73	+1.14		41	Oph
313.1633	-8.9833	4.73	+0.32	μ	6	Aqr
324.4800	62.0819	4.73	+0.30		9	Cep
325.6646	-18.8664	4.73	+0.88	κ	43	Cap
326.0358	28.7428	4.73	+0.48	μ¹	78	Cyg
21.4833	68.1300	4.74	+1.05	ψ	36	Cas
73.1333	14.2506	4.74	+1.84	ο¹	4	Ori
87.7600	37.3056	4.74	+1.62	υ	31	Aur
156.4787	33.7961	4.74	+0.25		30	LMi
157.5838	-71.9931	4.74	+0.04			
165.4571	-2.4847	4.74	+1.62		61	Leo
185.1792	17.7928	4.74	+1.01		11	Com
199.6013	-18.3114	4.74	+0.71		61	Vir
207.9479	34.4442	4.74	+1.66			
235.4867	-19.6789	4.74	+1.57	κ	43	Lib
292.9429	34.4531	4.74	-0.14		8	Cyg
314.9567	47.5211	4.74	-0.05		59	Cyg
341.8708	83.1539	4.74	+1.26			
354.4625	-45.4925	4.74	+0.08			
28.3825	19.2936	4.75	-0.04	γ²	5	Ari
38.0217	-15.2447	4.75	+0.45	σ	76	Cet
39.9500	-42.8917	4.75	+0.06			
42.7596	-21.0042	4.75	+0.91	τ²	2	Eri
42.6187	-75.0669	4.75	+1.33	ν		Hyi
122.8579	-42.9872	4.75	+0.18			
158.3079	40.4256	4.75	+0.23			
212.4783	-53.4392	4.75	+0.94			
214.0413	51.3672	4.75	+0.20	ι	21	Boo
235.6708	-34.7106	4.75	-0.14	ψ²	4	Lup
285.7788	-42.0953	4.75	-0.02	ζ		CrA
349.6562	68.1117	4.75	+0.84	ο	34	Cep
11.0475	-10.6094	4.76	+1.01	φ¹	17	Cet
19.8667	27.2642	4.76	+0.03	υ	90	Psc
46.3850	56.7058	4.76	+1.02			
83.1821	32.1919	4.76	+0.34	χ	25	Aur
108.6592	-48.2717	4.76	-0.10			
122.2529	-61.3025	4.76	+0.43			
135.6362	67.6297	4.76	+1.53	ρ	8	UMa
201.8633	-15.9736	4.76	+1.09		69	Vir
225.9475	47.6544	4.76	+0.65		44	Boo
237.8162	20.9778	4.76	+1.54	ρ	38	Ser
240.6996	46.0367	4.76	-0.11	υ	6	Her
242.2429	36.4908	4.76	+1.01	τ	16	CrB
269.9483	-23.8161	4.76	-0.04		4	Sgr
305.1658	-12.7592	4.76	-0.05	ν	8	Cap
308.8950	-60.5817	4.76	+0.28	φ¹		Pav
346.7783	25.4683	4.76	+1.34		56	Peg
7.8542	-48.8036	4.77	+0.02	λ¹		Phe
13.2521	-1.1442	4.77	+1.57		20	Cet
101.8325	8.0372	4.77	+1.40		17	Mon
130.3046	-47.3169	4.77	+0.12			
145.3208	-23.5917	4.77	-0.12			
172.5788	-3.0036	4.77	+1.54		87	Leo
215.1771	-45.1872	4.77	+0.31			
215.7742	-27.7539	4.77	+1.31		51	Hya
241.0921	-11.3731	4.77	+0.47	ξ		Sco
265.0983	-49.4156	4.77	+0.40	λ		Ara
278.1438	57.0456	4.77	+0.61		45	Dra
289.0542	21.3903	4.77	-0.05		1	Vul
300.8896	-37.9408	4.77	+1.41			
67.6404	16.1939	4.78	+0.17			
73.1583	36.7031	4.78	+1.41		2	Aur
83.7612	-6.0019	4.78	-0.25			
88.1100	1.8550	4.78	+1.38		56	Ori
123.3733	-35.8997	4.78	-0.11			
169.7829	38.1856	4.78	+0.12		55	UMa
194.7308	17.4094	4.78	+1.56		36	Com
244.5746	-28.6139	4.78	+0.02			
260.4975	-67.7706	4.78	+1.21	ζ		Aps
303.8163	25.5919	4.78	-0.18			
307.2150	-17.8136	4.78	+0.38	ρ	11	Cap
313.3117	44.3872	4.78	-0.14		57	Cyg
0.3987	-77.0658	4.78	+1.27	θ		Oct
29.4821	23.5961	4.79	+0.28	λ	9	Ari
58.5729	-2.9547	4.79	+0.94		32	Eri
74.9825	-12.5375	4.79	+0.26		64	Eri
99.8329	42.4889	4.79	+1.23	ψ²	50	Aur
109.1533	-23.3156	4.79	+1.71			
119.4171	-30.3347	4.79	+0.15			
139.9433	-11.9750	4.79	+0.93		26	Hya
146.0504	-27.7694	4.79	+0.51	θ		Ant
154.9338	19.4708	4.79	+0.45		40	Leo
193.5883	-9.5389	4.79	+1.60	ψ	40	Vir
247.5517	-25.1150	4.79	-0.11		22	Sco
281.3621	-64.8714	4.79	+0.20			
332.4517	72.3411	4.79	+0.92		24	Cep
333.9038	-41.3467	4.79	+0.80	μ¹		Gru
336.9646	4.6956	4.79	+1.05		35	Peg
340.4392	29.3075	4.79	-0.01	ο	43	Peg
3.6508	20.2067	4.80	+1.57	χ	89	Peg
10.5162	50.5125	4.80	-0.11	ξ	19	Cas
48.9583	-8.8197	4.80	+0.23	ζ	13	Eri
56.5096	63.3450	4.80	+0.80			
66.0242	17.4439	4.80	+0.15	δ²	64	Tau
84.7212	-7.2131	4.80	+0.13		49	Ori
94.7117	69.3197	4.80	+0.03			
137.5967	67.1347	4.80	+0.49	σ²	13	UMa
140.1208	-9.5558	4.80	+0.93		27	Hya
186.0062	51.5622	4.80	+0.87		5	CVn
196.7946	27.6247	4.80	+1.48		41	Com
198.8121	-67.8944	4.80	-0.08	η		Mus
199.4013	5.4697	4.80	+1.67	σ	60	Vir
264.2379	68.7581	4.80	+0.43	ω	28	Dra
359.6033	51.3886	4.80	+1.83			
6.9821	-33.0072	4.81	+1.64	η		Scl
75.3596	-7.1739	4.81	-0.19	ψ	65	Eri
92.5746	-54.9686	4.81	-0.23	δ		Pic
140.2367	-62.4047	4.81	+0.94			
143.7658	39.6214	4.81	+0.99			
185.6263	25.8461	4.81	+0.49		12	Com
188.7129	22.6292	4.81	0.00		23	Com
214.4992	35.5094	4.81	+1.06			
217.0504	-2.2281	4.81	+0.70	φ	105	Vir
220.8558	26.5278	4.81	+1.66		34	Boo
225.5271	25.0081	4.81	+1.50	ω	41	Boo
262.8542	-23.9628	4.81	0.00		51	Oph
267.5467	-40.0906	4.81	+0.26	ι²		Sco
276.3375	-20.5417	4.81	+1.31		21	Sgr
304.4467	38.0331	4.81	+0.42		34	Cyg
335.3304	28.3306	4.81	0.00		32	Peg
338.2504	-61.9822	4.81	+1.61	ν		Tuc
13.2671	61.1242	4.82	+0.53			
32.1221	37.8592	4.82	+0.12		58	And
49.6825	34.2228	4.82	+1.49			
77.4250	15.5972	4.82	+0.32		15	Ori
89.4988	25.9539	4.82	-0.06		139	Tau
99.8196	-14.1458	4.82	+1.50			
120.0833	-63.5675	4.82	-0.17			
125.6317	-48.4903	4.82	-0.15			
159.3883	-13.3844	4.82	+2.68			
160.5583	-64.4664	4.82	-0.14			
161.0287	-63.9611	4.82	-0.13			
186.6317	-51.4508	4.82	-0.14			
204.3650	36.2950	4.82	+0.23		25	CVn
212.2121	77.5475	4.82	+1.36		4	UMi
226.2800	-47.0511	4.82		π		Lup
228.2062	-44.5006	4.82	-0.17			
237.8079	35.6575	4.82	+1.00	κ	11	CrB
245.5183	1.0292	4.82	+0.34	σ	50	Ser
252.3092	45.9833	4.82	+0.09		52	Her
255.2650	-4.2225	4.82	+1.48		30	Oph
259.3313	33.1000	4.82	-0.17		68	Her
276.4963	65.5636	4.82	+1.19		42	Dra
283.5996	71.2972	4.82	+1.15	υ	52	Dra
309.6304	21.2011	4.82	-0.02		29	Vul
320.1900	-40.8097	4.82	+0.02	θ¹		Mic
337.6617	-10.6781	4.82	-0.06	σ	57	Aqr
355.4408	-17.8164	4.82	+0.82		104	Aqr
13.7504	58.9728	4.83	+1.21	υ¹	26	Cas
21.9142	45.4067	4.83	+0.42	ω	48	And
28.3825	19.2958	4.83		γ¹	5	Ari
29.2917	-47.3850	4.83	+0.88			
33.3054	44.2317	4.83	+1.48		60	And
49.8404	3.3703	4.83	+0.68	κ¹	96	Cet
79.3713	-34.8953	4.83	+1.00	ο		Col
78.4392	-67.1853	4.83	+1.28	θ		Dor
103.3871	-20.2242	4.83	-0.21		15	CMa
107.2129	-39.6558	4.83	-0.18			
125.3458	-33.0544	4.83	+1.45			
139.0471	54.0219	4.83	+0.19		18	UMa
155.5817	-41.6500	4.83	+1.12			
171.1525	-10.8594	4.83	+1.56	ε	14	Crt
212.5996	25.0917	4.83	+0.54		12	Boo
220.2871	13.7283	4.83		ζ	30	Boo
240.5738	22.8044	4.83	+0.07	π	44	Ser
250.2296	64.5892	4.83	+1.22		18	Dra
267.2937	-31.7033	4.83	-0.04			
281.5187	26.6622	4.83	+1.20			
283.5425	-22.7450	4.83	+1.41	ν¹	32	Sgr
284.2654	-5.8461	4.83	+1.08	η		Sct
299.7383	-26.1956	4.83	+0.90		60	Sgr
303.3250	46.8158	4.83	+0.09		30	Cyg
22.5463	6.1439	4.84	+1.37	μ	98	Psc
30.9779	42.3308	4.84	+0.03	γ²	57	And
39.8908	-11.8722	4.84	+0.45	ε	83	Cet
41.3858	-67.6167	4.84	+0.06	ζ		Hyi
49.9975	65.6522	4.84	-0.15			
63.4850	9.2636	4.84	+0.80		47	Tau
114.8642	-38.3083	4.84	-0.19			
122.1142	51.5067	4.84	+0.05		27	Lyn
157.6567	55.9806	4.84	+0.52		36	UMa
158.7729	75.7131	4.84	+0.96			
165.1400	3.6175	4.84	+1.16		58	Leo
248.1513	11.4881	4.84	+1.49		29	Her
312.2346	46.1142	4.84	+0.41		55	Cyg
316.1012	-19.8550	4.84	+0.17	η	22	Cap
331.4200	5.0586	4.84	+1.44	ν	22	Peg
29.1675	-22.5269	4.85	+1.42		56	Cet
65.3883	46.4989	4.85	-0.03		53	Per
112.4642	-23.0244	4.85	+0.23			
161.7133	-64.3833	4.85	-0.15			
176.3212	8.2583	4.85	+0.18	ξ	2	Vir
195.8883	-49.5272	4.85	+0.02	ξ¹		Cen
198.0133	-37.8031	4.85	+0.70			
245.5242	30.8919	4.85	+0.97	ξ	19	CrB
251.3242	56.7819	4.85	+0.38			
288.8850	-25.2567	4.85	+0.56	ψ	42	Sgr
340.8750	-41.4144	4.85	+1.03	ρ		Gru
341.4079	-53.5003	4.85	+1.18	η		Gru
346.6538	59.4197	4.85	-0.03		1	Cas
349.4363	49.0153	4.85	+1.67		8	And
18.9421	-68.8761	4.86	+0.47	κ		Tuc
38.9688	5.5933	4.86	+0.87	ν	78	Cet
78.3571	38.4844	4.86	+0.18	μ	11	Aur
85.3238	16.5339	4.86	-0.13		126	Tau
87.2542	24.5675	4.86	+1.01		132	Tau
128.8317	-58.0092	4.86	+1.00			
130.6062	-53.1139	4.86	-0.17			
152.2346	-51.8111	4.86	-0.12			
186.6288	-63.1225	4.86	-0.12			
214.9383	16.3069	4.86	+1.23		20	Boo
220.4117	8.1617	4.86	+1.00		31	Boo
229.4121	-63.6106	4.86	+1.25	ε		Cir
269.1975	-44.3422	4.86	+1.21			
275.2171	3.3772	4.86	+0.91		74	Oph
296.5904	-19.7611	4.86	+0.93		56	Sgr
359.6683	-3.5561	4.86	+0.93		27	Psc
34.2633	34.2242	4.87	+0.61	δ	8	Tri
47.9846	74.3936	4.87	+0.02			
63.5988	-10.2564	4.87	+1.17		39	Eri
88.2787	-33.8014	4.87	-0.15	λ		Col
101.5588	59.4417	4.87	+0.08		12	Lyn
169.5454	31.5292	4.87		ξ	53	UMa
199.3042	-66.7836	4.87	+1.50			
256.2058	-34.1228	4.87	+0.26			
263.0667	55.1731	4.87	+0.28	ν²	25	Dra
265.8575	-21.6833	4.87	+0.47		58	Oph
281.0808	-35.6419	4.87	-0.18			
284.6154	-52.9386	4.87	-0.05	λ		Tel
284.6808	-37.1075	4.87	+0.41	ε		CrA
356.7646	58.6519	4.87	+1.11	τ	5	Cas
20.5850	45.5289	4.88	+1.08	ξ	46	And
49.5921	-22.5114	4.88	+0.90		15	Eri
72.4775	37.4883	4.88	+1.44			
81.9087	21.9369	4.88	-0.15		114	Tau
116.5308	18.5100	4.88	+1.45		81	Gem
130.4304	-15.9433	4.88	+1.06		9	Hya
148.5513	-25.9325	4.88	+1.23			
190.4712	10.2356	4.88	+0.09	ρ	30	Vir
239.5475	-14.2794	4.88	-0.10		48	Lib
263.0442	55.1842	4.88	+0.26	ν¹	24	Dra
269.4487	-41.7161	4.88	+1.65			
309.3971	-61.5300	4.88	+0.43	ρ		Pav
339.8154	39.0503	4.88	-0.20		10	Lac
359.7521	55.7550	4.88	-0.07	σ	8	Cas
2.8163	-15.4681	4.89	+0.49		6	Cet
12.2088	50.9683	4.89	-0.11	ν	25	Cas
36.4875	-12.2906	4.89	-0.03	ρ	72	Cet
48.7254	21.0444	4.89	-0.01	ζ	58	Ari
108.3058	-45.1831	4.89	-0.02			
129.9271	-29.5611	4.89	+0.90	ζ		Pyx
133.8812	-27.6819	4.89	+0.11	δ		Pyx
157.8408	-53.7156	4.89	+0.50			
159.3071	-27.4125	4.89	+1.62			
240.8508	-38.6025	4.89	-0.14			
254.0071	65.1347	4.89	+0.48		19	Dra
296.0692	37.3544	4.89	+0.95		15	Cyg
309.1817	-2.5500	4.89	+1.60		70	Aql
312.3708	-46.2269	4.89	+1.52	ζ		Ind
21.4050	-14.5989	4.90	+1.23		46	Cet
38.4612	-28.2325	4.90	-0.05	ω		For
94.9983	-2.9444	4.90	+1.60			
104.4046	45.0942	4.90	+0.03		16	Lyn
107.9138	39.3206	4.90	+1.45		63	Aur
114.7913	34.5842	4.90	+0.40	ο	71	Gem
177.9633	-65.2061	4.90	-0.11			
193.3242	21.2450	4.90	+0.90		35	Com
195.0687	30.7850	4.90	+1.17		37	Com
249.6871	48.9283	4.90	+1.55		42	Her
280.8804	-8.2753	4.90	+1.12	ε		Sct
293.8042	-48.0992	4.90	+1.09	ι		Tel
312.4921	-33.7797	4.90	+1.00	α		Mic
323.6942	38.5342	4.90	+1.08		72	Cyg
343.8071	8.8158	4.90	0.00	ρ	50	Peg
40.5621	40.1939	4.91	+0.59		12	Per
67.9696	-0.0439	4.91	+1.32		45	Eri
75.3567	-20.0519	4.91	-0.05			
85.6192	1.4747	4.91	+1.17		51	Ori
87.3871	12.6511	4.91	-0.07		134	Tau
96.2246	49.2881	4.91	+1.97	ψ¹	46	Aur
159.6458	-16.8767	4.91	+0.92	φ³		Hya
176.6296	-40.5006	4.91	+0.66			
179.9054	-78.2219	4.91	-0.06	ε		Cha
192.6717	-33.9994	4.91	-0.04			
207.4283	21.2642	4.91	+1.43		6	Boo
212.7104	-16.3019	4.91	+1.72			
214.5575	-81.0078	4.91	+0.25	η		Aps
228.6554	-31.5192	4.91	+0.37		1	Lup
247.1171	-70.0844	4.91	+0.55	ζ		TrA
256.3446	12.7408	4.91	+0.12		60	Her
307.4125	-2.8856	4.91	+1.15		69	Aql
311.2188	25.2706	4.91	+1.18		30	Vul
329.1629	63.6256	4.91	+1.77			
352.5083	58.5489	4.91	-0.12			
107.5571	-4.2372	4.92	+1.03		20	Mon
134.2433	-59.2294	4.92	-0.19			
198.5617	-59.1033	4.92	+0.48			
198.4292	40.1528	4.92	+1.06			
215.6542	-58.4594	4.92	+0.86			
221.2467	-35.1919	4.92	+0.01			
225.2433	-8.5189	4.92	0.00	δ	19	Lib
241.3604	-19.8019	4.92	-0.02	β²	8	Sco
283.3067	50.7083	4.92	+0.90			
298.9075	52.4389	4.92	+0.12	ψ	24	Cyg
311.7950	34.3742	4.92	+1.32			
332.5367	-32.5483	4.92	+0.48	τ	15	PsA
44.7654	35.1831	4.93	+1.23		24	Per
62.7108	-41.9936	4.93	+0.33	δ		Hor
65.1025	34.5667	4.93	+0.94		54	Per
91.2462	-16.4844	4.93	+0.24		17	Lep
99.6567	-48.2203	4.93	+0.87			
105.9737	-49.5839	4.93	+0.13			
119.9338	-3.6797	4.93	+1.21		27	Mon
132.4487	-45.3081	4.93	+0.05			
157.7583	-73.2217	4.93	+1.68			
190.4858	-59.6858	4.93	-0.04			
195.1825	56.3664	4.93	+0.36		78	UMa
226.8254	24.8692	4.93	+0.43		45	Boo
285.0038	32.1456	4.93	+1.47	λ	15	Lyr
286.6046	-37.0633	4.93	+0.52	γ		CrA
302.3567	36.8397	4.93	-0.13		28	Cyg
355.9979	29.3617	4.93	+0.95		78	Peg
10.8671	47.0247	4.94	+0.18	π	20	Cas
25.1450	40.5769	4.94	-0.09	τ	53	And
33.0929	30.3031	4.94	+0.78		6	Tri
64.3150	20.5786	4.94	+0.26	ω²	50	Tau
74.8142	37.8903	4.94	+0.04	ω	4	Aur
79.8192	22.0964	4.94	+0.93		109	Tau
113.9154	-52.5339	4.94	+1.40			
115.0967	-15.2636	4.94	+1.56			
120.8796	27.7942	4.94	+1.12	χ		Gem
138.9029	-38.5700	4.94	+1.11			
145.5600	-23.9156	4.94	+0.53			
148.7175	-19.0094	4.94	+1.57			
166.3329	-27.2936	4.94	+0.36	χ¹		Hya
175.2233	-62.0900	4.94	+1.15			
188.6833	70.0219	4.94	+1.31		6	Dra
192.9246	27.5406	4.94	+0.67		31	Com
203.5329	3.6589	4.94	+0.03		78	Vir
220.1817	16.4183	4.94	-0.03	π¹	29	Boo
221.5004	-25.4431	4.94	+0.35		54	Hya
222.7542	-2.2992	4.94	+0.98		11	Lib
231.0496	-10.3222	4.94	+0.44	ε	31	Lib
243.3696	-54.6306	4.94	+1.04	κ		Nor
243.0000	-10.0642	4.94	+0.09	ψ	15	Sco
248.5208	-44.0453	4.94	+0.05	μ		Nor
298.9654	38.4867	4.94	-0.08		22	Cyg
301.8467	-52.8808	4.94	+1.62	ξ		Tel
343.0083	43.3125	4.94	+1.56		15	Lac
351.7333	1.2556	4.94	+0.03	κ	8	Psc
1.1254	-10.5094	4.94	+1.63		3	Cet
25.4467	42.6136	4.95	+0.62			
50.3604	43.3294	4.95	+0.04		32	Per
65.0888	27.3508	4.95	+1.15	φ	52	Tau
81.1867	1.8464	4.95	-0.20	ψ¹	25	Ori
85.2108	-1.1289	4.95	-0.21			
90.4600	-10.5981	4.95	-0.12		3	Mon
93.0138	16.1306	4.95	-0.14		69	Ori
104.0667	-48.7211	4.95	+1.69			
171.9842	2.8561	4.95	+1.00	τ	84	Leo
184.0854	23.9453	4.95	+0.97		7	Com
186.6004	27.2683	4.95	+0.27		14	Com
187.5279	69.2011	4.95	+1.62		4	Dra
197.2638	-23.1181	4.95	+1.05	ψ	45	Hya
239.4475	54.7497	4.95	+0.26			
244.3762	75.7553	4.95	+0.37	η	21	UMi
275.0746	21.9614	4.95	+1.59		106	Her
294.2229	-7.0275	4.95	0.00	κ	39	Aql
297.7671	22.6100	4.95	-0.14		12	Vul
303.5692	15.1975	4.95	+0.08	ρ	67	Aql
307.5146	48.9517	4.95	-0.09	ω¹	45	Cyg
344.1083	49.7336	4.95	+1.78			
356.5088	46.4203	4.95	+1.11	ψ	20	And
18.7963	-45.5314	4.96	+0.58	ν		Phe
112.7683	82.4114	4.96	+1.66			
110.5562	-19.0167	4.96	-0.04			
185.0875	3.3125	4.96	+1.16		16	Vir
235.0704	-23.8181	4.96	+1.33		42	Lib
232.8538	77.3494	4.96	+1.58	θ	15	UMi
250.3933	-17.7422	4.96	+1.11			
270.3767	21.5956	4.96	+0.12		95	Her
277.9392	-45.9150	4.96	-0.11	δ¹		Tel
289.4087	-18.9531	4.96	+1.02		43	Sgr
298.9808	58.8461	4.96	+1.59			
55.5938	33.9650	4.97	-0.01		40	Per
60.3258	-61.0789	4.97	+1.42	ι		Ret
67.1100	16.3597	4.97	+1.13		75	Tau
88.8746	-37.1208	4.97	+1.11	ξ		Col
113.4496	-14.5239	4.97	+1.41			
118.3742	26.7658	4.97	+0.09	φ	83	Gem
136.4933	5.0922	4.97	+1.22	ω	18	Hya
142.9863	11.2997	4.97	+1.05	ξ	5	Leo
156.0329	65.5664	4.97	-0.06			
177.4858	-70.2258	4.97	+1.40			
202.4283	-23.2814	4.97	+1.60			
207.4679	-18.1342	4.97	+1.06		89	Vir
217.0433	-29.4917	4.97	-0.07		52	Hya
272.9758	31.4053	4.97	+1.65		104	Her
291.0317	29.6214	4.97	-0.10		2	Cyg
303.6333	36.8064	4.97	+0.14		29	Cyg
20.0204	58.2317	4.98	+0.68	φ	34	Cas
24.8375	44.3861	4.98	+0.89	χ	52	And
32.3554	25.9397	4.98	+0.33		14	Ari
52.0129	49.0628	4.98	-0.09			
94.4783	61.5153	4.98	+1.83		1	Lyn
109.6679	-24.5589	4.98	-0.15		29	CMa
130.0062	-12.4753	4.98	+1.42		6	Hya
202.1075	13.7789	4.98	+0.71		70	Vir
203.6992	37.1825	4.98	+0.40			
255.7825	14.0919	4.98	+1.60			
272.9308	-23.7011	4.98	+1.05		11	Sgr
275.9771	58.8006	4.98	+0.08		39	Dra
284.0608	4.2019	4.98	+0.20	θ²	63	Ser
349.7404	-9.6108	4.98	-0.02	ψ³	95	Aqr
351.2096	62.2828	4.98	+1.68		4	Cas
353.4883	31.3253	4.98	+1.38		72	Peg
25.6812	-3.6903	4.99	+1.38			
29.0000	68.6853	4.99	-0.10	ω	46	Cas
44.6992	-64.0714	4.99	+0.13	β		Hor
81.1633	37.3856	4.99	+1.42	σ	21	Aur
81.1058	17.3833	4.99	+0.53		111	Tau
88.7117	55.7069	4.99	+0.05	ξ	30	Aur
102.7183	-34.3672	4.99	+1.38			
105.7283	-4.2392	4.99	-0.20		19	Mon
111.4121	9.2761	4.99	+1.01	ε	2	CMi
115.7517	58.7103	4.99	+0.08		24	Lyn
123.3333	-15.7883	4.99	+1.07		20	Pup
127.3650	-44.7250	4.99	-0.16			
155.7421	-66.9017	4.99	-0.13			
165.1867	6.1014	4.99	+0.16		59	Leo
170.7067	43.4828	4.99	+0.99		56	UMa
191.2825	45.4403	4.99	+2.54			
239.8762	-41.7444	4.99	+1.00			
240.3608	29.8511	4.99	-0.07	ι	14	CrB
244.2538	-50.0683	4.99	+0.80	γ¹		Nor
283.7796	-22.6714	4.99	+1.33	ν²	35	Sgr
286.6046	-37.0633	4.99	+0.52	γ		CrA
288.4800	57.7050	4.99	+1.16		54	Dra
296.6067	33.7278	4.99	+0.47		17	Cyg
301.0817	-32.0564	4.99	+1.21			
332.1083	-34.0439	4.99	+1.48	υ		PsA
55.5621	-31.9383	5.00	-0.16	δ		For
59.2846	61.1089	5.00	+1.45			
76.6692	51.5978	5.00	+0.33		9	Aur
76.8625	18.6450	5.00	+0.65		104	Tau
80.7083	3.5444	5.00	-0.15		23	Ori
104.0275	-14.0436	5.00	+1.18	μ	18	CMa
108.3429	16.1589	5.00	+1.66		51	Gem
137.7683	-44.8681	5.00	+0.23			
144.3029	6.8358	5.00	+1.05		10	Leo
160.7671	69.0761	5.00	+1.38			
170.8029	-36.1647	5.00	+1.46			
184.1254	33.0614	5.00	+1.14			
184.7488	-55.1431	5.00	+1.59			
186.7471	26.8256	5.00	+0.08		16	Com
230.5346	-47.9278	5.00	+0.50	ν¹		Lup
240.8358	-25.8653	5.00	+1.22			
242.0187	17.0469	5.00	+0.95	κ	7	Her
246.9958	68.7681	5.00	-0.06		15	Dra
260.0788	18.0572	5.00	+1.62			
271.8700	43.4617	5.00	+0.91			
293.6454	19.7733	5.00	-0.09		9	Vul
297.2446	19.1422	5.00	+0.10	ζ	8	Sge
319.6133	43.9458	5.00	-0.01		68	Cyg
345.0213	56.9453	5.00	+1.42			
354.9462	-14.2217	5.00	+0.24	ω¹	102	Aqr
359.3967	-64.2983	5.00	+0.06	η		Tuc
35.7179	-73.6458	5.01	+1.09	κ		Hyi
69.7233	-12.1231	5.01	+0.07			
93.9371	-13.7183	5.01	-0.08			
92.8125	-65.5894	5.01	+1.62	η²		Dor
112.4529	27.9161	5.01	+1.11		65	Gem
118.0654	-34.7053	5.01	+0.44			
128.6817	-49.9442	5.01	+1.33			
143.3021	-21.1158	5.01	+1.02			
143.5367	-51.2553	5.01	-0.18			
205.4363	-54.5600	5.01	-0.05			
205.4033	-8.7031	5.01	+1.63		82	Vir
209.1425	27.4919	5.01	+1.42		9	Boo
213.0658	2.4094	5.01	-0.12			
285.3600	46.9347	5.01	+0.19		16	Lyr
290.1371	-5.4158	5.01	+0.92		26	Aql
313.6400	28.0575	5.01	+1.48		32	Vul
324.2375	40.4136	5.01	+0.18		74	Cyg
326.9342	-30.8983	5.01	+0.04	θ	10	PsA
335.3796	12.2053	5.01	-0.13		31	Peg
0.5829	-29.7203	5.01	-0.15	ζ		Scl
75.5408	-26.2750	5.02	+1.07			
78.8517	32.6878	5.02	+0.23		14	Aur
91.8817	-37.2531	5.02	-0.11	θ		Col
100.7708	44.5244	5.02	+1.48	ψ⁴	55	Aur
102.6912	41.7814	5.02	+1.27	ψ7	58	Aur
158.2371	-47.0033	5.02	+1.04			
186.4621	39.0186	5.02	+0.96		6	CVn
188.7825	18.3769	5.02	+1.15		24	Com
229.2746	71.8239	5.02	+1.37		11	UMi
232.7325	40.8331	5.02	+1.59	ν¹	52	Boo
232.9458	40.8994	5.02	+0.07	ν²	53	Boo
246.3967	-23.4472	5.02	+0.24	ρ	5	Oph
267.2679	50.7811	5.02	+0.02		30	Dra
281.2079	2.0600	5.02	-0.06		4	Aql
299.4875	-15.4914	5.02	+0.05		61	Sgr
318.3354	-70.1264	5.02	+1.58	ο		Pav
2.5804	46.0722	5.03	+0.40		22	And
17.0038	43.9419	5.03	+0.11		41	And
31.6412	22.6483	5.03	+0.11	κ	12	Ari
34.7375	28.6425	5.03	+0.04		10	Tri
49.0508	50.9378	5.03	+1.15			
49.7817	50.0950	5.03	-0.06		31	Per
59.3563	63.0722	5.03	-0.09			
67.2092	13.0475	5.03	+0.23		79	Tau
72.5483	-16.2172	5.03	+0.98		60	Eri
76.2417	-49.5778	5.03	+1.49	η²		Pic
80.0037	33.9581	5.03	+0.27		19	Aur
89.7679	-9.5583	5.03	+0.19		2	Mon
109.2062	-36.5928	5.03	-0.17			
110.8688	25.0506	5.03	+0.90		57	Gem
163.9350	33.5069	5.03	+1.10		46	UMa
175.8800	-62.4894	5.03	+0.80			
223.2129	-37.8033	5.03	-0.16			
238.3338	-20.1672	5.03	-0.01	λ	45	Lib
255.4696	-32.1436	5.03	-0.10			
259.6542	10.8644	5.03	+1.55			
273.4742	64.3972	5.03	+0.38		36	Dra
291.3188	-24.5086	5.03	+0.23	χ¹	47	Sgr
292.6658	-2.7889	5.03	+1.75		36	Aql
297.6571	52.9881	5.03	+1.28		20	Cyg
329.8125	73.1800	5.03	+0.44		16	Cep
339.4392	-4.2281	5.03	+1.14	κ	63	Aqr
26.5262	-53.5219	5.04	+0.04			
30.5754	54.4875	5.04	-0.08		4	Per
90.8146	-26.2844	5.04	+1.34			
94.1108	12.2722	5.04	+0.42		74	Ori
116.4871	-14.5639	5.04	+0.33		4	Pup
173.2254	-31.0872	5.04	+1.58			
181.1937	-76.5192	5.04	+1.49	κ		Cha
198.0146	-16.1986	5.04	+0.46		53	Vir
247.1604	41.8817	5.04	+1.52		30	Her
252.9387	24.6564	5.04	+1.25		51	Her
267.3625	76.9628	5.04	+0.49		35	Dra
271.7563	30.5619	5.04	+0.52		99	Her
280.6579	55.5394	5.04	-0.09		46	Dra
309.6329	24.1161	5.04	-0.14		28	Vul
312.5204	44.0594	5.04	+0.20		56	Cyg
327.4612	30.1742	5.04	-0.03		14	Peg
332.8779	59.4144	5.04	+0.25	λ	22	Cep
356.5979	3.4867	5.04	+2.60		19	Psc
356.9783	67.8069	5.04	-0.01			
69.9779	53.0797	5.05	+1.07		3	Cam
70.5146	-37.1444	5.05	+0.37	β		Cae
80.6396	79.2311	5.05	+0.47			
91.7642	-62.1547	5.05	+1.25			
92.9658	-6.5503	5.05	-0.20			
109.6329	49.4650	5.05	+0.08			
112.3350	28.1181	5.05	+0.11		64	Gem
114.8692	17.6747	5.05	+1.56		74	Gem
121.6683	-45.2664	5.05	+1.50			
129.7833	-22.6619	5.05	+0.73			
148.1267	-8.1050	5.05	+0.04	γ	8	Sex
164.8667	40.4303	5.05	+0.61		47	UMa
201.2796	-74.8878	5.05	+1.11	ι¹		Mus
262.9912	68.1350	5.05	+1.08		27	Dra
275.3863	49.1217	5.05	+1.66			
290.7129	-54.4236	5.05	+0.02	η		Tel
300.3400	50.1047	5.05	+1.11		26	Cyg
309.7825	10.0861	5.05	+0.72	κ	7	Del
312.8754	-51.6083	5.05	+1.13	ι		Ind
350.0858	5.3814	5.05	+1.20		7	Psc
7.0121	17.8931	5.06	+1.65		47	Psc
48.1933	-1.1961	5.06	+0.57		94	Cet
61.1133	59.1556	5.06	+0.50			
80.4425	-24.7731	5.06	+0.67			
92.1842	-68.8433	5.06	-0.08	ν		Dor
96.9900	-4.7622	5.06	-0.17		10	Mon
104.6046	-34.1117	5.06	-0.16			
115.7383	-45.1733	5.06	+0.78			
145.0767	-14.3322	5.06	-0.15	κ	38	Hya
202.3550	-51.1653	5.06	+0.07			
215.5946	-80.1089	5.06	-0.10	ε		Aps
229.8283	1.7653	5.06	+0.54		5	Ser
271.5079	22.2189	5.06	+1.58		98	Her
281.0850	39.6700	5.06	+0.16	ε¹	4	Lyr
295.6296	-16.1239	5.06	+0.33		55	Sgr
295.2092	45.5250	5.06	+0.40			
349.2121	-7.7267	5.06	+1.60	χ	92	Aqr
355.8433	10.3314	5.06	+1.68		77	Peg
12.2446	16.9406	5.07	+0.51		64	Psc
12.1475	-74.9233	5.07	+1.37	λ		Hyi
57.0679	11.1433	5.07	-0.13		30	Tau
67.7088	-44.9539	5.07	-0.19	δ		Cae
69.7883	15.7997	5.07	+0.15	σ¹	91	Tau
75.0862	81.1939	5.07	+1.28			
78.8513	-26.9433	5.07	-0.10			
81.9121	34.4758	5.07	+1.40	φ	24	Aur
101.9046	-8.9983	5.07	+1.80			
115.1271	87.0200	5.07	+1.63			
124.5788	-65.6133	5.07	+1.15			
142.9900	9.7158	5.07	+1.37		6	Leo
213.7375	-57.0858	5.07	-0.08			
234.8446	36.6358	5.07	-0.12	ζ²	7	CrB
241.0921	-11.3731	5.07		ξ		Sco
258.8367	-26.6014	5.07	+0.85		36	Oph
278.0083	-45.7572	5.07	-0.14	δ²		Tel
301.7225	23.6144	5.07	-0.18		17	Vul
9.0346	54.1686	5.08	-0.11			
76.5354	58.9725	5.08	-0.08		11	Cam
81.1204	-0.8914	5.08	+0.96		27	Ori
83.8454	-5.4161	5.08	-0.09	θ²	43	Ori
116.8542	-38.5111	5.08	-0.10			
123.4933	-36.3225	5.08	-0.19			
147.4879	-45.7328	5.08	-0.10			
151.5471	-47.3700	5.08	+0.88			
158.5037	-23.7453	5.08	+1.60		44	Hya
158.7000	6.9536	5.08	+0.94		48	Leo
159.0846	-59.5647	5.08	+1.18			
160.8542	23.1883	5.08	+0.04		41	LMi
165.2100	39.2122	5.08	+0.24		49	UMa
172.1463	-42.6742	5.08	-0.03			
213.1917	-27.2611	5.08	+1.16		50	Hya
249.0571	52.9244	5.08	-0.04		17	Dra
257.6762	-44.5575	5.08	+0.86			
257.3888	40.7772	5.08	+1.28			
284.3354	-20.6564	5.08	+0.13	ξ¹	36	Sgr
328.3242	-13.5517	5.08	+0.37	μ	51	Cap
328.2658	25.9250	5.08	-0.17		16	Peg
338.9421	73.6431	5.08	+0.39		31	Cep
341.0229	41.8192	5.08	+0.96		13	Lac
349.7779	-13.4589	5.08	+0.80		94	Aqr
350.7692	12.3139	5.08	+1.31		66	Peg
358.1221	19.1203	5.08	+1.60	φ	81	Peg
8.1825	-63.0311	5.09	+0.04	β³		Tuc
50.6883	20.7419	5.09	+1.24	τ²	63	Ari
52.5008	55.4519	5.09	+0.05			
57.2967	24.1367	5.09	-0.08		28	Tau
92.5600	-74.7531	5.09	+0.72	α		Men
119.3267	-44.1097	5.09	-0.17			
126.9021	-53.0886	5.09	+0.25			
147.1475	46.0211	5.09	+0.62			
157.5729	-0.6369	5.09	-0.14	β	30	Sex
170.8412	-18.7800	5.09	+0.42	λ	13	Crt
201.5325	-39.7553	5.09	+1.20			
229.2363	-60.9575	5.09	-0.06	δ		Cir
238.8733	-68.6031	5.09	+1.13	κ		TrA
286.7442	11.0714	5.09	-0.07		18	Aql
326.2512	-9.0825	5.09	+1.11		46	Cap
29.3379	17.8175	5.10	+0.92	ι	8	Ari
55.5388	63.2167	5.10	+1.63			
62.5117	80.6986	5.10	+0.56			
72.8437	18.8397	5.10	+0.21		97	Tau
98.4079	-1.2203	5.10	-0.14			
108.3850	-44.6397	5.10	+1.56			
110.4867	20.4436	5.10	+1.52		56	Gem
111.5913	-51.0183	5.10	+1.06			
132.6396	-46.5292	5.10	-0.21			
163.3937	54.5850	5.10	+1.36		44	UMa
184.0008	14.8989	5.10	+0.06		6	Com
199.2212	-31.5061	5.10	+0.96			
216.0471	5.8200	5.10	+0.12			
272.2204	20.0453	5.10	+0.15		101	Her
275.5775	-38.6569	5.10	+1.49			
283.6796	-15.6031	5.10	+0.17			
289.6354	1.0853	5.10	+1.15		23	Aql
301.2896	19.9911	5.10	+1.06	η	16	Sge
310.0125	-18.1386	5.10	+1.66	υ	15	Cap
324.8888	2.2436	5.10	+1.04		25	Aqr
335.0062	-80.4397	5.10	+1.47	ε		Oct
334.1108	-41.6275	5.10	+0.92	μ²		Gru
345.6513	42.7578	5.10	+0.09		2	And
0.4558	-3.0275	5.10	-0.12		29	Psc
28.5917	-42.4969	5.11	-0.06	φ		Phe
44.3221	31.9342	5.11	-0.01		21	Per
45.9033	-59.7378	5.11	+0.34	μ		Hor
57.3858	33.0914	5.11	+0.07		42	Per
58.4121	-34.7322	5.11	-0.13			
68.5483	-8.2314	5.11	+1.70		47	Eri
87.4733	-66.9011	5.11	-0.14	ε		Dor
109.6592	-36.7428	5.11	-0.16			
119.7738	-23.3106	5.11	+1.12		12	Pup
141.5754	-53.3792	5.11	-0.11			
143.4717	-80.9414	5.11	-0.14	ζ		Cha
170.8408	-64.9550	5.11	-0.08			
177.1879	-26.7497	5.11	+1.60			
224.1833	-62.7808	5.11	0.00	θ		Cir
233.8125	39.0100	5.11	+1.64	μ	6	CrB
237.8150	-3.0906	5.11	+0.12		36	Ser
258.8375	-26.6028	5.11	+0.86		36	Oph
292.6887	27.9653	5.11	-0.10	β²	6	Cyg
297.7567	10.4156	5.11	+0.55	ο	54	Aql
308.4796	-44.5161	5.11	+1.01	ν		Mic
312.1217	-43.9886	5.11	+0.35	ι		Mic
325.0462	43.2739	5.11	+1.60		75	Cyg
331.2871	62.2800	5.11	+0.08		19	Cep
345.8742	-34.7494	5.11	+0.29	π		PsA
358.0267	-82.0189	5.11	+0.92	γ¹		Oct
3.6150	-7.7806	5.12	+1.62			
5.4429	-20.0578	5.12	+1.82			
22.4004	-21.6294	5.12	+0.02		48	Cet
65.9663	9.4608	5.12	+0.07		66	Tau
76.6904	-4.6550	5.12	-0.06		66	Eri
77.1817	-4.4561	5.12	+0.44		68	Eri
103.4258	68.8883	5.12	-0.13		43	Cam
121.2688	13.1181	5.12	+0.01		8	Cnc
139.0962	-44.2658	5.12	+1.67			
143.4354	-49.0050	5.12	-0.12			
160.4858	65.7164	5.12	+1.20		38	UMa
191.6612	16.5775	5.12	+1.35		27	Com
215.8446	8.4467	5.12	-0.02			
221.2467	27.0750	5.12		ε	36	Boo
239.2229	-33.9664	5.12	+0.12	ξ¹		Lup
240.3096	17.8183	5.12	+0.99		5	Her
260.2258	24.4994	5.12	-0.03		70	Her
261.0542	-44.1625	5.12	-0.06			
267.2050	25.6228	5.12	+1.16		87	Her
275.2542	28.8700	5.12	+0.20		107	Her
276.0575	39.5072	5.12	+0.03	μ	2	Lyr
287.9187	56.8592	5.12	+1.01		53	Dra
293.7804	-10.5603	5.12	+1.13		37	Aql
297.6417	38.7225	5.12	+1.69		19	Cyg
310.0108	-60.5489	5.12	+0.53	φ²		Pav
347.3812	8.6772	5.12	+1.47		57	Peg
9.1942	44.4886	5.13	+1.60			
18.6000	-7.9231	5.13	+0.46		37	Cet
83.8187	-5.3897	5.13	+0.02	θ¹	41	Ori
105.9083	10.9517	5.13	+1.39			
110.5108	36.7606	5.13	+1.08		65	Aur
114.3196	-4.1111	5.13	+0.44		25	Mon
123.4008	-46.9919	5.13	-0.14			
126.4783	7.5644	5.13	+0.94			
138.5858	61.4233	5.13	+0.58		16	UMa
167.1417	-61.9472	5.13	+0.22			
172.9421	-59.4422	5.13	+1.08	ο¹		Cen
188.9396	-41.0219	5.13	+0.22			
228.6596	67.3467	5.13	+0.53			
242.7583	-29.4164	5.13	+1.12			
251.6667	-67.1097	5.13	-0.08			
280.9454	-38.3236	5.13	+0.09	λ		CrA
287.2908	76.5606	5.13	+0.31		59	Dra
300.4362	-59.3761	5.13	+1.53			
335.3983	-21.5983	5.13	+1.07		47	Aqr
359.7325	-52.7458	5.13	+1.13	π		Phe
30.4267	-44.7136	5.14	+1.49	χ		Phe
37.0071	-33.8111	5.14	+0.10	φ		For
52.6021	11.3364	5.14	-0.03		4	Tau
81.5804	-58.9125	5.14	+1.00	λ		Dor
90.8638	19.6906	5.14	-0.11		64	Ori
94.4237	-16.8158	5.14	+1.30			
102.7379	67.5719	5.14	-0.17		42	Cam
102.4775	-46.6147	5.14	+0.45			
105.2146	-51.4025	5.14	+1.61			
107.6979	-48.9322	5.14	+1.24			
116.8762	33.4156	5.14	+1.60	π	80	Gem
117.9250	1.7669	5.14	-0.12	ζ	13	CMi
125.0163	27.2178	5.14	+0.47	χ	18	Cnc
137.0983	66.8733	5.14	+1.51	σ¹	11	UMa
137.3396	22.0456	5.14	+0.97	ξ	77	Cnc
149.4212	41.0556	5.14	+0.46		19	LMi
183.0496	77.6164	5.14	+0.33			
185.2321	-13.5656	5.14	+1.05			
214.8854	-2.2656	5.14	+1.02	υ	102	Vir
243.8137	-47.3722	5.14	-0.13	θ		Nor
277.8596	-18.4028	5.14	0.00			
278.7600	-10.9772	5.14	+0.92			
281.0954	39.6131	5.14	+0.19	ε²	5	Lyr
284.6517	-60.2006	5.14	+1.37	ω		Pav
298.3225	57.5236	5.14	-0.13		23	Cyg
311.6612	16.1244	5.14	+0.49	γ¹	12	Del
331.5083	45.0144	5.14	+1.57			
38.0258	36.1472	5.15	+1.47		14	Tri
49.6575	50.2222	5.15	-0.06		29	Per
97.8458	-12.3917	5.15	+1.27			
132.9867	43.7267	5.15	+0.98		35	Lyn
166.8192	-42.6386	5.15	+0.03			
172.9533	-59.5158	5.15	+0.49	ο²		Cen
174.2525	-61.2833	5.15	+1.12			
174.5304	-61.8264	5.15	-0.02			
180.9150	-42.4342	5.15	+0.41			
185.5304	-67.5219	5.15	+0.19	ζ²		Mus
199.5604	49.6819	5.15	-0.07		21	CVn
206.7350	-36.2519	5.15	-0.02			
208.6754	-1.5031	5.15	+1.08		90	Vir
209.6296	-24.9722	5.15	-0.10		47	Hya
222.6717	-15.9972	5.15	+0.41	α¹	8	Lib
226.3296	-41.0672	5.15	+1.01			
233.6554	-28.0469	5.15	+1.30		36	Lib
251.4579	8.5825	5.15	+1.53		43	Her
266.0362	-51.8342	5.15	+0.70	μ		Ara
288.4279	2.2936	5.15	-0.07		21	Aql
291.5379	36.3178	5.15	-0.12		4	Cyg
303.8758	23.5086	5.15	+1.04		22	Vul
310.4879	-66.7608	5.15	-0.06	υ		Pav
316.1792	-77.0239	5.15	+0.49	α		Oct
17.7783	31.4247	5.16	+0.23		82	Psc
19.4500	3.6144	5.16	+0.07		89	Psc
39.5083	72.8183	5.16	+0.88			
123.8162	-62.9158	5.16	+0.09			
130.9179	-49.8228	5.16	-0.20			
134.8504	-59.0836	5.16	+0.42			
153.3775	-66.3731	5.16	+0.21			
158.7904	57.0828	5.16	+0.34		37	UMa
194.2683	-51.1986	5.16	-0.06			
229.0167	-41.4911	5.16	+0.58			
268.3254	40.0081	5.16	+1.18		90	Her
269.7717	-30.2531	5.16	+1.77			
278.0892	-39.7039	5.16	+0.08			
286.5829	-52.3408	5.16	+0.53	ρ		Tel
291.2425	11.9444	5.16	+0.77		31	Aql
291.3692	19.7986	5.16	+0.98		4	Vul
309.8537	0.4864	5.16	+1.06		1	Aqr
316.3092	-54.7272	5.16	+1.21	μ		Ind
320.7233	6.8111	5.16	+0.05	β	10	Equ
343.1004	9.8356	5.16	+0.48	σ	49	Peg
347.9342	8.7200	5.16	+0.13		59	Peg
7.0571	44.3944	5.17	+0.03			
17.0683	54.9203	5.17	+0.69	μ	30	Cas
35.5892	55.8456	5.17	+0.37		9	Per
44.1558	-3.7122	5.17	+0.08			
65.9200	-3.7456	5.17	+0.08	ξ	42	Eri
86.4996	-32.3064	5.17	-0.28	μ		Col
87.7217	-52.1089	5.17	+0.99			
104.9604	-67.9161	5.17	+1.40			
106.0763	-56.7497	5.17	-0.04			
115.9246	-40.9339	5.17	+1.10			
117.9429	-13.8981	5.17	+0.60		9	Pup
119.4658	-45.5778	5.17	+1.27			
119.9067	-60.5869	5.17	+1.74			
126.3792	-51.7281	5.17	-0.16			
145.7383	72.2525	5.17	+1.04		27	UMa
171.4300	-63.9728	5.17	+0.50			
174.8725	-65.3978	5.17	+0.80			
193.6533	-57.1683	5.17	-0.12	μ²		Cru
226.2008	-64.0317	5.17	+0.93	η		Cir
231.4475	15.4281	5.17	+1.66	τ¹	9	Ser
232.1592	1.8422	5.17	+0.23		10	Ser
233.6108	-9.1833	5.17	-0.09			
283.1650	-52.1075	5.17	+0.94	κ		Tel
294.1579	44.6950	5.17	+0.93			
294.7983	5.3978	5.17	+0.03	σ	44	Aql
304.6629	34.9828	5.17	+0.65		35	Cyg
313.9029	13.7214	5.17	+1.12		17	Del
325.7667	72.3203	5.17	+1.05			
5.2804	37.9686	5.18	+0.42	ρ	27	And
5.3800	-28.9817	5.18	+1.00	ι		Scl
25.7329	70.6225	5.18	-0.04		42	Cas
41.2400	12.4458	5.18	+0.24		38	Ari
77.9233	16.0456	5.18	+1.49			
84.9342	25.8969	5.18	-0.15		125	Tau
105.6033	24.2153	5.18	+0.94	ω	42	Gem
116.6637	37.5175	5.18	+1.58			
117.4217	-17.2283	5.18	+1.28		6	Pup
134.7179	-47.2347	5.18	+0.25			
160.8871	46.2039	5.18	+0.33			
169.3225	2.0106	5.18	+1.52		75	Leo
179.0037	-17.1508	5.18	-0.02	η	30	Crt
181.9575	-75.3669	5.18	+1.30			
186.0771	26.0986	5.18	+0.08		13	Com
270.3746	21.5953	5.18	+0.95		95	Her
290.7121	26.2625	5.18	-0.12		3	Vul
303.5604	28.6947	5.18	+0.18		21	Vul
316.6029	-32.3417	5.18	+1.10			
319.8425	64.8719	5.18	-0.04		6	Cep
325.3871	-14.0475	5.18	+0.65		42	Cap
356.8167	-50.2267	5.18	-0.19	σ		Phe
357.8388	-18.9089	5.18	-0.14		108	Aqr
7.5946	-23.7878	5.19	+0.12			
12.5317	-10.6444	5.19	+0.50	φ²	19	Cet
36.1037	50.0067	5.19	+0.98		64	And
64.1796	53.6119	5.19	+0.05			
73.6954	11.4261	5.19	+0.12		6	Ori
82.9704	-76.3411	5.19	+1.13	γ		Men
100.4850	-9.1672	5.19	+1.53			
111.0354	40.6722	5.19	+1.23		66	Aur
129.9900	-53.0550	5.19	-0.14			
196.9742	-10.7403	5.19	+1.14		49	Vir
236.6667	62.5994	5.19	+0.04			
299.9800	37.0428	5.19	-0.17		25	Cyg
339.6625	63.5844	5.19	+0.06		30	Cep
8.8121	-3.5928	5.20	+0.56		13	Cet
35.6358	-23.8164	5.20	+0.60	κ		For
61.6517	27.6000	5.20	-0.13		41	Tau
76.8917	-63.3997	5.20	+1.65			
88.7408	59.8883	5.20	+0.02		31	Cam
93.7121	19.1564	5.20	+0.44		71	Ori
96.8075	0.2992	5.20	+1.18			
99.7050	39.9025	5.20	-0.07	ψ³	52	Aur
101.1183	-31.0706	5.20	-0.12		10	CMa
105.4850	-5.7222	5.20	+1.68			
106.0117	-42.3372	5.20	+0.20			
108.9788	59.6375	5.20	+1.07		18	Lyn
125.3375	-36.4844	5.20	-0.19			
130.0804	-40.2642	5.20	-0.01			
129.7717	-70.3869	5.20	+0.01	θ		Vol
134.3121	15.3228	5.20	+0.15	ο¹	62	Cnc
134.8858	32.4186	5.20	+0.93	σ³	64	Cnc
146.6321	57.1281	5.20	+1.62			
174.0117	69.3228	5.20	+1.01		2	Dra
223.8942	-60.1142	5.20	+1.16			
226.6567	-16.2569	5.20	+1.58	ν	21	Lib
237.6738	15.1336	5.20				
245.5892	33.7992	5.20	+1.60	ν¹	20	CrB
247.7058	-61.6336	5.20	+1.23			
259.5029	-24.2869	5.20	+1.10	ο	39	Oph
281.8708	-5.7050	5.20	+1.47			
307.8767	74.9547	5.20	+0.07		73	Dra
338.6733	-20.7083	5.20	+0.44	υ	59	Aqr
350.6633	-15.0392	5.20	+0.20		97	Aqr
16.9496	-41.4869	5.21	+0.16	υ		Phe
40.1650	-54.5500	5.21	+0.40	ζ		Hor
91.0563	-6.7092	5.21	-0.06			
96.7037	58.4172	5.21	+1.53		5	Lyn
100.6013	17.6453	5.21	+0.06		26	Gem
122.3996	-44.1228	5.21	-0.19			
132.4646	-32.7806	5.21	+0.87			
157.3696	-2.7392	5.21	-0.06	δ	29	Sex
180.5283	43.0456	5.21	+0.26		67	UMa
185.1404	-22.2158	5.21	-0.10	ζ	5	Crv
203.2421	-10.1650	5.21	+0.96		76	Vir
221.7554	-52.3836	5.21	+0.98			
276.8021	0.1961	5.21	+0.50		59	Ser
316.7275	38.7458	5.21	+1.18		61	Cyg
339.6579	56.7958	5.21	+1.58			
12.6717	-50.9869	5.22	+0.36	ρ		Phe
31.3800	76.1150	5.22	+0.95		49	Cas
42.3229	17.4642	5.22	-0.06	π	42	Ari
63.6512	10.0111	5.22	-0.10			
89.7067	0.5531	5.22	+0.01		60	Ori
96.0429	-11.5303	5.22	+1.24			
97.3688	-56.8528	5.22	+1.09			
101.9150	48.7894	5.22	+1.12	ψ6	57	Aur
111.9350	21.4450	5.22	+0.39		63	Gem
133.9154	27.9275	5.22	+1.00	ρ²	58	Cnc
171.3725	-36.0631	5.22	+0.99			
175.4333	-32.4997	5.22	+1.48			
191.4046	7.6733	5.22	+0.33		32	Vir
197.4971	17.5294	5.22	+0.45	α	42	Com
197.4971	17.5294	5.22		α	42	Com
198.9950	-19.9431	5.22	+1.03		57	Vir
199.1938	9.4242	5.22	+0.59		59	Vir
243.4621	-11.8375	5.22	+1.42	χ	17	Sco
252.8904	-41.2306	5.22	+0.07			
284.2567	32.9014	5.22	+0.59			
287.2496	6.0733	5.22	+0.35		19	Aql
300.5058	24.9381	5.22	+0.36		16	Vul
309.8183	-14.9547	5.22	-0.12	τ	14	Cap
352.8225	39.2364	5.22	+1.02		14	And
7.5304	29.7517	5.23	+0.24		28	And
20.2808	28.7381	5.23	+1.39		91	Psc
30.5117	2.7636	5.23		α	113	Psc
44.6750	-2.7825	5.23	0.00			
51.1687	64.5861	5.23	+2.08			
54.0725	-17.4669	5.23	-0.13		20	Eri
61.7521	29.0014	5.23	+0.34	ψ	42	Tau
69.4004	-2.4733	5.23	+0.28		51	Eri
80.4517	41.8044	5.23	-0.15	ρ	20	Aur
97.9513	11.5444	5.23	+0.15			
116.8812	-46.6086	5.23	-0.14			
122.4300	-47.9375	5.23	-0.21			
130.4871	-45.4108	5.23	+0.21			
135.4358	-52.1883	5.23	-0.12			
149.7179	-35.8911	5.23	+0.31	η		Ant
161.6238	-64.2633	5.23	-0.07			
161.7396	-56.7572	5.23	-0.08			
168.1883	-64.1697	5.23	-0.06			
214.9646	-61.2731	5.23	+0.29			
237.5729	2.1964	5.23	+1.02	ω	34	Ser
246.9312	-7.5981	5.23	+1.72			
261.5000	-50.6336	5.23	+1.06	κ		Ara
263.7479	61.8750	5.23	+0.61		26	Dra
284.7738	13.6225	5.23	+0.53		11	Aql
286.8567	32.5017	5.23	+0.34		17	Lyr
314.7683	4.2936	5.23	+0.46	ε	1	Equ
11.1850	-22.0061	5.24	+0.33			
18.4329	7.5753	5.24	+0.32	ζ	86	Psc
25.6242	20.2686	5.24	+0.84		107	Psc
49.5537	-62.5064	5.24	+0.60	ζ²		Ret
56.9150	-23.8747	5.24	+0.07	τ7	28	Eri
65.4721	-63.3864	5.24	+0.96	η		Ret
98.0888	-37.6967	5.24	+1.00			
119.8683	-39.2972	5.24	+0.39			
136.9367	10.6681	5.24	-0.11	κ	76	Cnc
139.1738	-6.3531	5.24	+1.17		23	Hya
154.4075	-8.0689	5.24	+0.31	ε	22	Sex
161.4663	30.6822	5.24	-0.06		42	LMi
163.3729	-20.1389	5.24	+0.47			
193.8687	65.4386	5.24	+0.28		8	Dra
213.0167	69.4325	5.24	+1.58			
221.9367	-26.0875	5.24	+0.94		56	Hya
232.3512	-46.7328	5.24	+1.74			
234.4567	40.3533	5.24	+0.88	φ	54	Boo
235.6596	-37.4250	5.24	+0.98			
251.9433	5.2467	5.24	-0.02		45	Her
270.7704	-8.1806	5.24	+0.38	τ	69	Oph
281.9358	-40.4061	5.24	+0.78	μ		CrA
282.4171	-20.3247	5.24	+1.41		29	Sgr
304.2304	40.3650	5.24	+1.65			
318.9079	-20.6517	5.24	+1.17	φ	28	Cap
322.3625	46.5406	5.24	+0.97		71	Cyg
325.5033	-23.2628	5.24	+0.95		41	Cap
332.9533	56.8394	5.24	+0.51			
345.8871	67.2092	5.24	+1.26			
356.0504	-18.2769	5.24	-0.08		106	Aqr
2.9333	-35.1331	5.25	+0.44	θ		Scl
3.0417	-17.9383	5.25	+1.48			
25.5358	-32.3269	5.25	+1.05	π		Scl
37.8754	2.2672	5.25	+1.27			
56.1271	-1.1631	5.25	-0.10		24	Eri
80.8758	-13.9272	5.25	-0.21		8	Lep
101.6846	43.5775	5.25	+0.56	ψ⁵	56	Aur
109.6400	-39.2103	5.25	+0.01			
112.0087	6.9419	5.25	+0.22	η	5	CMi
113.0246	1.9144	5.25	+0.22	δ¹	7	CMi
113.4021	15.8267	5.25	+0.05		68	Gem
138.6021	-43.2275	5.25	-0.14			
144.5904	40.2397	5.25	+0.22		42	Lyn
163.1288	-57.2406	5.25	+0.16			
173.9817	-47.6417	5.25	+0.25			
196.4354	35.7989	5.25	-0.08		14	CVn
197.8467	-43.3689	5.25	+1.05			
201.6800	-12.7078	5.25	+1.52		68	Vir
208.0200	-52.8117	5.25	-0.09			
212.0721	49.4581	5.25	+1.65		13	Boo
226.5696	54.5564	5.25	+0.96			
245.4529	69.1094	5.25	+1.12			
247.6400	20.4792	5.25	+1.29			
253.6487	-6.1539	5.25	+1.08		23	Oph
255.4017	33.5683	5.25	+0.02		59	Her
260.8171	-47.4683	5.25	-0.11	ι		Ara
264.5233	-54.5003	5.25	+0.20	π		Ara
276.0758	-44.1103	5.25	-0.19			
275.7042	17.8267	5.25	+1.27			
282.4704	32.5508	5.25	+0.08	ν²	9	Lyr
306.8300	-18.2117	5.25	-0.07	π	10	Cap
340.3692	40.2256	5.25	-0.14		12	Lac
29.9083	64.6214	5.26	+0.01			
42.2562	-62.8067	5.26	+0.10	ν		Hor
46.0683	-7.6008	5.26	+0.20	ρ³	10	Eri
57.5788	25.5794	5.26	+0.21			
65.1512	15.0953	5.26	+0.22		58	Tau
68.5487	-8.9703	5.26	+1.47			
83.9146	-4.8558	5.26	+0.24		45	Ori
101.8392	-37.9297	5.26	-0.08			
128.8142	-58.2250	5.26	-0.14			
139.5242	-51.0511	5.26	-0.07			
149.5558	12.4447	5.26	-0.04	ν	27	Leo
157.7692	82.5586	5.26	+0.37			
175.1962	21.3528	5.26	+0.98		92	Leo
180.2133	-19.6589	5.26	-0.20			
228.6217	29.1642	5.26	+0.03	χ	48	Boo
234.1233	10.0100	5.26	+0.95		16	Ser
299.2758	-58.9014	5.26	-0.01			
318.2629	-39.4253	5.26	+0.44			
341.8879	-19.6133	5.26	+0.94		68	Aqr
22.5258	47.0072	5.27	+1.00		49	And
33.2004	21.2108	5.27	+0.43	η	17	Ari
46.6396	-6.0886	5.27	+1.60			
65.1679	65.1406	5.27	+0.81			
71.0879	-59.7328	5.27	+0.20	κ		Dor
87.0008	6.4542	5.27	+0.23		52	Ori
94.9283	-7.8231	5.27	-0.19		7	Mon
97.4546	-50.2392	5.27	+0.41			
98.8004	28.0222	5.27	-0.03		49	Aur
99.4483	-32.3397	5.27	+1.18			
102.8875	21.7611	5.27	-0.02		36	Gem
116.0175	50.4339	5.27	0.00			
129.4675	-26.2550	5.27	-0.04	η		Pyx
138.9579	56.7414	5.27	+1.56		17	UMa
138.5750	-55.5697	5.27	+0.99			
148.9292	49.8200	5.27	+0.07		31	UMa
176.7317	55.6283	5.27	+1.27			
211.9825	43.8544	5.27	+1.59			
245.1117	-78.6672	5.27	+1.41	δ²		Aps
246.9887	-64.0581	5.27	+0.36	ι		TrA
274.7946	24.4461	5.27	+1.53		105	Her
281.4446	74.0856	5.27	+0.92			
284.9396	26.2306	5.27	+1.24			
295.6417	11.8267	5.27	+0.57	χ	47	Aql
300.3687	64.8211	5.27	+1.56		64	Dra
331.2521	62.7856	5.27	+1.41		20	Cep
333.2942	86.1081	5.27	-0.03			
2.5087	-82.2239	5.28	+1.05	γ³		Oct
24.6288	73.0400	5.28	+0.96		40	Cas
33.2271	-30.7239	5.28	-0.02	μ		For
33.9842	33.3589	5.28	-0.01		7	Tri
35.4858	0.3958	5.28	+1.65		69	Cet
37.9187	-79.1094	5.28	+0.98	μ		Hyi
45.2175	52.3517	5.28	-0.05			
50.3067	21.1469	5.28	-0.07	τ¹	61	Ari
59.1521	50.6953	5.28	+0.41		43	Per
60.3833	-1.5497	5.28	-0.15		35	Eri
66.3542	22.1997	5.28	+0.25	κ²	67	Tau
66.5263	31.4389	5.28	+0.97			
80.8658	57.5444	5.28	-0.03		16	Cam
109.7133	-26.5858	5.28	+0.96			
126.2654	-24.0461	5.28	+1.48			
152.1775	-65.8153	5.28	+0.98			
153.3450	-51.2333	5.28	+0.25			
192.3067	83.4128	5.28	-0.03			
283.6954	-87.6058	5.28	+1.28	χ		Oct
270.5962	20.8336	5.28	-0.09		96	Her
278.4908	-33.0167	5.28	-0.11			
286.8254	36.1003	5.28	-0.11	ι	18	Lyr
289.4542	11.5953	5.28	+0.20	ω¹	25	Aql
299.0596	11.4239	5.28	-0.01	φ	61	Aql
304.8483	-19.1186	5.28	+1.40	σ	7	Cap
318.9371	-15.1714	5.28	+1.64		29	Cap
355.6163	-15.4478	5.28	+1.37			
17.6638	68.7786	5.29	-0.02		31	Cas
37.0417	29.6694	5.29			12	Tri
50.8050	49.2133	5.29	-0.07			
63.3879	7.7161	5.29	+0.36		46	Tau
70.7262	43.3650	5.29	0.00		59	Per
85.5629	-34.6678	5.29	-0.05			
86.9288	13.8997	5.29	-0.17		133	Tau
88.7092	-52.6353	5.29	+0.31			
99.1371	38.4453	5.29	+2.61			
101.7129	-14.4258	5.29	-0.04		11	CMa
119.5858	2.2247	5.29	+0.92		14	CMi
125.5183	-73.4000	5.29	+0.01	η		Vol
131.8125	-1.8972	5.29	+0.04			
139.3558	-74.8944	5.29	+0.02			
157.2192	-64.1722	5.29	+1.86			
176.4329	-45.6900	5.29	-0.12			
184.9529	48.9842	5.29	+1.66		3	CVn
187.2279	25.9128	5.29	-0.05		17	Com
213.7117	10.1006	5.29	+1.00		15	Boo
249.5017	56.0156	5.29	+1.08			
255.7867	-53.2369	5.29	+0.48	ε²		Ara
261.7146	-45.8436	5.29	-0.07			
323.0246	-41.1792	5.29	+1.10	ξ		Gru
327.7262	-82.7192	5.29	+0.75	λ		Oct
326.5183	22.9489	5.29	+1.41		12	Peg
327.5362	17.2856	5.29	+0.37		13	Peg
330.9704	63.1197	5.29	+1.58		18	Cep
336.1533	-72.2556	5.29	+0.65	ν		Ind
356.5038	-18.6781	5.29	+0.28		107	Aqr
34.8200	47.3800	5.30	-0.01		62	And
39.2604	34.2639	5.30	+1.55			
40.1713	27.0608	5.30	+0.09		33	Ari
72.0012	56.7572	5.30	+0.25		4	Cam
76.9517	20.4183	5.30	+0.09		106	Tau
79.9962	-12.3156	5.30	-0.12	ν	7	Lep
93.8546	16.1431	5.30	-0.14		72	Ori
103.9450	-22.9414	5.30	-0.18			
111.2425	11.6697	5.30	+0.10		1	CMi
116.5675	10.7683	5.30	+0.01		11	CMi
121.9408	21.5817	5.30	+0.63	μ²	10	Cnc
171.6471	-61.1153	5.30	-0.08			
175.6183	66.7450	5.30	+1.28		3	Dra
178.6771	-25.7139	5.30	+0.88			
223.5838	-24.6422	5.30	+1.32		12	Lib
299.9638	-34.6978	5.30	+0.17	θ²		Sgr
315.7417	-38.6317	5.30	+0.41	ζ		Mic
317.1400	-21.1936	5.30	+0.01	χ	25	Cap
325.5646	5.6800	5.30	+1.64		7	Peg
331.1975	-0.9067	5.30	+0.23		32	Aqr
354.7846	50.4717	5.30	-0.06		18	And
358.1546	10.9475	5.30	+0.18		82	Peg
14.0062	-11.2667	5.31	+1.52	φ³	22	Cet
26.4117	-25.0525	5.31	+0.39	ε		Scl
33.4012	51.0658	5.31	+0.93			
39.3517	-52.5431	5.31	+0.27	η		Hor
53.1096	46.0569	5.31	+0.40		36	Per
69.3071	0.9983	5.31	-0.12			
70.6933	-50.4814	5.31	+0.98	λ		Pic
75.6792	-71.3144	5.31	+1.00	β		Men
84.4358	-28.6894	5.31	+0.46	ν²		Col
86.6142	-46.5972	5.31	+1.04			
91.9233	-19.1658	5.31	+1.68		19	Lep
108.0658	-40.4989	5.31	+0.06			
116.0288	25.7842	5.31	+1.54		76	Gem
121.0675	-32.6750	5.31	+1.91			
132.3404	-3.4431	5.31	-0.09		14	Hya
152.5246	-12.8161	5.31	+0.36			
172.2675	39.3369	5.31	+0.01		57	UMa
183.5108	-45.7239	5.31	+1.43			
190.7096	-63.0586	5.31	+0.27			
201.3079	-64.4853	5.31	+0.40			
222.3296	-14.1489	5.31	+0.07	μ	7	Lib
262.5992	-1.0625	5.31	+0.72			
300.4683	-66.9442	5.31	+1.22	μ²		Pav
305.7946	5.3431	5.31	+0.97			
314.5683	22.3258	5.31	+1.40		33	Vul
321.8392	37.1167	5.31	-0.14		70	Cyg
321.7150	48.8350	5.31	+0.07			
355.1592	-32.0731	5.31	+0.97	μ		Scl
45.6763	-7.6853	5.32	+0.94	ρ²	9	Eri
93.2129	65.7183	5.32	+1.34		36	Cam
101.4971	-14.7961	5.32	+0.07			
123.2033	68.4742	5.32	+1.04			
138.4508	43.2178	5.32	-0.14		36	Lyn
145.1771	-57.9836	5.32	+0.20			
147.9708	24.3953	5.32	+0.23		22	Leo
168.9663	13.3075	5.32	+1.20		73	Leo
176.9787	8.2458	5.32	+0.02		4	Vir
185.8975	-35.4128	5.32	-0.08			
193.9875	-56.8361	5.32	+0.01			
194.9796	66.5972	5.32	+1.29		9	Dra
216.2025	-24.8064	5.32	+0.96			
223.9363	-33.8558	5.32	+0.04			
253.2421	31.7017	5.32	+0.29		53	Her
302.7996	-36.1011	5.32	+0.87			
304.1963	24.6711	5.32	+0.95		24	Vul
333.5750	-21.0742	5.32	+0.80		41	Aqr
336.2350	-57.7972	5.32	+0.67			
350.4788	31.8125	5.32	-0.11		64	Peg
353.3671	22.4989	5.32	+1.60		71	Peg
10.2800	39.4586	5.33	+0.89		32	And
43.4275	38.3375	5.33	+0.41		20	Per
60.9358	5.4356	5.33	-0.08		40	Tau
73.3450	2.5081	5.33	+1.64		5	Ori
73.6992	7.7792	5.33	+1.22			
93.9375	12.5511	5.33	-0.02		73	Ori
103.2712	59.4486	5.33	+0.65		14	Lyn
111.1671	-16.2011	5.33	-0.05			
113.7862	30.9611	5.33	+1.01			
117.2571	-24.9122	5.33	+0.76			
127.2696	-47.9292	5.33	-0.14			
128.1771	20.4411	5.33	+1.25	η	33	Cnc
133.4613	-47.5208	5.33	+0.26			
139.2383	-39.4014	5.33	+1.17			
155.8721	-38.0100	5.33	+0.25			
175.2625	34.2017	5.33	+0.72		61	UMa
198.5454	-19.9308	5.33	+0.87		55	Vir
199.3150	13.6756	5.33	+1.31			
228.7975	4.9394	5.33	+1.09		3	Ser
235.4475	12.8475	5.33	+0.04	χ	20	Ser
245.6167	-49.5722	5.33	-0.04			
247.9237	-41.8169	5.33	+0.33			
258.1158	10.5853	5.33	+1.59		37	Oph
274.2813	-56.0233	5.33	-0.05			
287.4696	-68.4247	5.33	+0.91			
297.9608	-39.8744	5.33	-0.06			
333.1992	34.6047	5.33	+1.13			
346.9137	46.3872	5.33	+1.41		4	And
16.4204	21.4733	5.34	-0.03	ψ¹	74	Psc
26.4971	-5.7333	5.34	+1.52			
64.8192	-44.2681	5.34	+1.08			
76.9704	8.4983	5.34	+0.33		14	Ori
79.7967	2.5958	5.34	+0.41		21	Ori
83.3808	-1.1561	5.34	-0.18			
83.2483	-64.2275	5.34	+1.04			
138.8075	14.9414	5.34	+1.32	π²	82	Cnc
154.5317	-28.9919	5.34	+0.24			
161.5687	-64.5150	5.34	-0.10			
162.3142	10.5453	5.34	+0.03		53	Leo
182.0613	-48.6928	5.34	-0.01			
224.4704	-76.6628	5.34	+1.45			
270.7129	-24.2822	5.34	+0.52		7	Sgr
275.7212	-36.6694	5.34	-0.14			
277.7700	-32.9892	5.34	+0.16			
288.1696	-7.9394	5.34	+0.13		20	Aql
322.1871	-69.5053	5.34	+1.55			
334.2004	-12.8314	5.34	+1.14		42	Aqr
355.3937	-18.0272	5.34	+1.57		103	Aqr
30.3113	-30.0017	5.35	+0.88	π		For
36.2246	-60.3119	5.35	+0.39	λ		Hor
38.0392	-1.0350	5.35	+1.02		75	Cet
38.9450	34.6875	5.35	+1.66		15	Tri
56.4183	6.0500	5.35	-0.12		29	Tau
64.8588	21.1422	5.35	-0.08		53	Tau
69.9921	53.4731	5.35	+0.32		2	Cam
83.1721	-1.5919	5.35	-0.19			
87.8417	-7.5181	5.35	-0.20		55	Ori
93.9192	59.9992	5.35	+1.34		40	Cam
101.7062	57.1692	5.35	+0.96		13	Lyn
108.5833	3.1114	5.35	+1.19			
111.1825	-31.8089	5.35	+1.07			
118.9163	19.8839	5.35	-0.04		85	Gem
119.2413	-43.5003	5.35	-0.18			
127.8988	18.0944	5.35	+1.56	θ	31	Cnc
132.6450	-66.7931	5.35	+0.42			
143.0804	-40.6494	5.35	+0.90			
145.9329	14.0217	5.35	+1.63	ψ	16	Leo
154.0600	29.3106	5.35	+0.01		23	LMi
181.1612	-68.3292	5.35	-0.01			
187.4888	58.4058	5.35	+0.20		74	UMa
230.2583	0.7153	5.35	+1.19		6	Ser
247.4263	-46.2433	5.35	+0.56			
253.8425	18.4333	5.35	+1.41		54	Her
260.8400	-28.1431	5.35	+1.55		43	Oph
281.5925	75.4339	5.35	+0.05		50	Dra
293.6717	42.4128	5.35	+0.05			
297.0050	-56.3625	5.35	+0.20	ν		Tel
313.4175	-39.8100	5.35	+1.32			
333.0079	60.7594	5.35	+1.17			
342.5954	-80.1242	5.35	-0.15	ξ		Oct
9.9817	21.4383	5.36	+1.16		55	Psc
15.7050	-46.3975	5.36	+0.90			
61.0412	2.8269	5.36	+0.50			
83.5696	3.7669	5.36	+0.05		38	Ori
91.6462	38.4828	5.36	+0.25		40	Aur
92.4963	58.9358	5.36	+1.09		37	Cam
95.4421	53.4522	5.36	+0.43		45	Aur
94.7108	-9.3903	5.36	+1.24			
108.8375	-30.6864	5.36	-0.17			
112.4833	49.6725	5.36	+0.45		22	Lyn
122.8875	-7.7725	5.36	+0.89			
141.0379	-80.7869	5.36	+0.45	ι		Cha
150.2529	31.9236	5.36	+0.66		20	LMi
168.1379	-49.1011	5.36	+0.18			
174.6150	8.1342	5.36	+1.57	ω	1	Vir
205.7654	3.5381	5.36	+1.11		84	Vir
221.3221	-62.8758	5.36	+0.29			
278.4863	52.3536	5.36	+1.09			
284.0704	-42.7106	5.36	+1.00			
299.0054	16.6347	5.36	+0.67		10	Sge
301.5908	35.9725	5.36	+0.85		27	Cyg
5.1496	8.1903	5.37	+1.34		41	Psc
16.8279	-61.7753	5.37	+0.88	ι		Tuc
58.9925	47.8714	5.37	-0.08			
62.3242	-16.3858	5.37	-0.15			
65.6454	25.6292	5.37	-0.05	χ	59	Tau
71.5071	11.7056	5.37	+0.19			
116.3958	-34.1731	5.37	+0.60			
124.9542	-71.5150	5.37	-0.06	κ¹		Vol
130.2546	45.8339	5.37	+0.99		34	Lyn
142.8850	35.1031	5.37	+1.53		8	LMi
179.9871	3.6553	5.37	0.00		7	Vir
200.7546	-17.7353	5.37	+0.99		63	Vir
217.5871	-49.5192	5.37	+0.05			
230.4525	32.9339	5.37	-0.07		50	Boo
231.1871	-39.7103	5.37	-0.11	υ		Lup
238.6579	43.1386	5.37	+1.65		2	Her
242.4604	-3.4669	5.37	+1.45			
264.1567	48.5856	5.37	+1.15		82	Her
279.8958	-43.1861	5.37	+1.68			
281.5858	-22.3922	5.37	+1.64		28	Sgr
281.0954	39.6128	5.37		ε²	5	Lyr
300.0137	17.5167	5.37	+1.67		13	Sge
315.2954	46.1558	5.37	-0.21		60	Cyg
332.4821	-34.0147	5.37	+0.24			
334.5650	-53.6278	5.37	+0.60			
335.0496	-7.8211	5.37	-0.06	ρ	46	Aqr
335.1150	5.7894	5.37	-0.02		30	Peg
346.1650	-53.9650	5.37	+1.45	κ		Gru
8.1479	20.2944	5.38	+1.08		52	Psc
11.6375	15.4756	5.38	+1.65		57	Psc
21.5638	19.1722	5.38	+0.39	ρ	93	Psc
31.2808	77.2814	5.38	+0.31		47	Cas
49.5933	-0.9303	5.38	+1.04		95	Cet
60.6529	-0.2689	5.38	+0.50			
64.9029	21.7736	5.38	-0.14		56	Tau
65.1625	-20.6397	5.38	-0.02			
74.9600	-10.2633	5.38	+0.80		63	Eri
75.7025	-49.1514	5.38	+0.42	η¹		Pic
83.8629	24.0394	5.38	-0.09		121	Tau
91.6612	-4.1939	5.38	-0.13			
96.3692	-69.6903	5.38	+0.97	π²		Dor
110.8713	-27.8342	5.38	+1.53			
121.8250	-20.5547	5.38	+0.10			
141.9450	-6.0711	5.38	+0.64			
158.8038	-39.5628	5.38	+2.88			
160.6692	-59.2158	5.38	+0.26			
184.7079	75.1606	5.38	-0.02			
205.5046	-58.7872	5.38	-0.03			
224.0721	-52.8097	5.38	+0.13			
234.7271	-19.3019	5.38	+0.86		41	Lib
242.0317	-26.3267	5.38	+1.65			
260.0408	25.5375	5.38	+0.03			
273.8038	-20.7283	5.38	+0.07		15	Sgr
284.1687	-37.3433	5.38	-0.14			
284.5612	17.3608	5.38	+0.80			
285.0571	50.5336	5.38	-0.18			
286.2300	53.3967	5.38	-0.01		51	Dra
293.7121	29.4631	5.38	+0.55		9	Cyg
308.4875	13.0272	5.38	+0.07	η	3	Del
10.6183	-65.4681	5.39	+0.50	ρ		Tuc
12.6817	64.2475	5.39	+0.49			
42.4758	-27.9417	5.39	+0.02	γ²		For
65.4483	60.7356	5.39	+1.49			
69.7758	7.8708	5.39	+0.26			
94.2775	9.9425	5.39	+0.10		75	Ori
102.2408	-15.1447	5.39	-0.10			
106.6696	-11.2942	5.39	+0.05			
110.1612	-52.0861	5.39	-0.07			
110.8829	-32.2022	5.39	-0.18			
133.5613	30.5794	5.39	+1.05		57	Cnc
139.3217	-68.6894	5.39	+0.42			
171.0096	1.4078	5.39	+0.94		79	Leo
173.4054	-40.5869	5.39	+0.12			
185.7054	-57.6761	5.39	-0.10			
216.6142	19.2269	5.39	+0.23		22	Boo
219.7092	44.4044	5.39	0.00		33	Boo
238.4742	-24.5331	5.39	-0.02			
245.6217	33.7036	5.39	+1.53	ν²	21	CrB
247.1417	0.6650	5.39	+1.46			
257.0083	35.9353	5.39	+0.31			
258.6633	14.3900	5.39		α²	64	Her
260.1650	32.4678	5.39	+0.62		72	Her
274.7896	7.2597	5.39	+1.07			
275.0367	-15.8317	5.39	+1.47			
277.4208	-1.9853	5.39	+0.96		60	Ser
279.1158	9.1225	5.39	+0.37			
297.6950	-10.7636	5.39	+0.38		51	Aql
301.3867	61.9956	5.39	+1.18		66	Dra
310.5525	50.3400	5.39	-0.10		51	Cyg
311.8892	80.5522	5.39	+1.12			
347.5063	9.8219	5.39	-0.08		58	Peg
6.1979	61.8311	5.40	0.00		12	Cas
28.3221	40.7297	5.40	+1.32		55	And
57.1475	-37.6222	5.40	+0.01			
67.6554	13.7244	5.40	+0.26		83	Tau
69.1900	-62.0775	5.40	+1.58			
71.1075	11.1461	5.40	+0.25			
84.6587	30.4925	5.40	+0.45		26	Aur
88.9554	20.1750	5.40	+0.99			
97.2062	-7.0344	5.40	-0.07	β	11	Mon
101.7200	-51.2658	5.40	+1.34			
102.8625	-70.9633	5.40	-0.11	ι		Vol
202.1129	59.9458	5.40	-0.01			
236.5233	-1.8044	5.40	-0.03		25	Ser
244.3137	59.7550	5.40	+1.63			
246.0054	-39.1931	5.40	+0.62			
289.0904	-45.4664	5.40	+1.35			
294.8604	42.8183	5.40	-0.08		14	Cyg
332.7912	50.8233	5.40	+0.15			
347.1704	2.1278	5.40	+0.91		5	Psc
2.8933	-27.7997	5.41	+1.34	κ²		Scl
11.9421	74.8475	5.41	-0.08		23	Cas
19.1512	-2.5003	5.41	+0.90		39	Cet
29.9421	-20.8244	5.41	+1.65		57	Cet
40.6396	-50.8003	5.41	+0.56	ι		Hor
62.7079	26.4808	5.41	+0.34		44	Tau
79.7500	33.7483	5.41	-0.19			
120.0487	73.9181	5.41	+1.42			
133.9817	11.6261	5.41	+1.46		60	Cnc
142.1667	45.6014	5.41	+0.98			
142.1146	9.0567	5.41	+0.60	ω	2	Leo
143.9150	35.8103	5.41	+0.77		11	LMi
154.1696	13.7283	5.41	+1.61		37	Leo
176.8296	-57.6964	5.41	+1.67			
214.8179	13.0042	5.41	+0.38		18	Boo
219.3338	-46.1339	5.41	+1.01			
236.0183	-15.6728	5.41	+0.23	η	44	Lib
240.2612	33.3036	5.41	+0.60	ρ	15	CrB
253.7300	20.9586	5.41	+0.97			
260.5246	-70.1233	5.41	-0.04	ι		Aps
275.5362	23.2853	5.41	+1.60			
297.3554	-72.5033	5.41	+0.22			
312.3254	-68.7764	5.41	+1.12	σ		Pav
321.0400	-20.8519	5.41	+1.16		33	Cap
321.9171	27.6086	5.41	+0.04		35	Vul
2.3375	-27.9878	5.42	+0.42	κ¹		Scl
11.3217	55.2217	5.42	+0.04			
14.4592	28.9922	5.42	+1.08		68	Psc
21.1700	-41.4925	5.42	+1.04			
23.9958	-15.4003	5.42	+1.21		50	Cet
35.5517	-0.8850	5.42	+0.31		70	Cet
82.5425	63.0672	5.42	+1.71		17	Cam
81.7921	17.9622	5.42	-0.10		115	Tau
98.4562	-36.2322	5.42	+1.44			
112.9517	17.0861	5.42	+1.13			
115.3158	-38.5336	5.42	-0.15			
121.1962	79.4797	5.42	-0.06			
127.8788	-19.5775	5.42	-0.06			
134.1713	-85.6631	5.42	+0.31	ζ		Oct
161.7167	-17.2967	5.42	+0.11			
168.4400	-0.0697	5.42	-0.03		69	Leo
188.4121	33.2475	5.42	+1.00			
217.1738	-6.9006	5.42	+1.49		106	Vir
238.4825	-23.9781	5.42	-0.04			
246.1321	-37.5658	5.42	-0.11			
279.1550	33.4689	5.42	-0.10			
285.7271	-3.6989	5.42	0.00		14	Aql
286.2400	-4.0314	5.42	+1.12		15	Aql
297.6867	-59.1931	5.42	+0.08			
318.3221	-27.6194	5.42	+1.42			
330.2092	-28.4536	5.42	-0.09	η	12	PsA
342.7592	-39.1569	5.42	+1.43			
7.1100	-39.9150	5.43	+1.56			
9.7913	49.3544	5.43	+1.64			
15.7608	-4.8367	5.43	+1.11		25	Cet
30.7987	0.1283	5.43	+0.15		60	Cet
39.7042	21.9614	5.43	+0.16	ν	32	Ari
41.0217	44.2969	5.43	+0.90		14	Per
66.7617	80.8242	5.43	+1.17			
78.0933	73.9467	5.43	-0.12			
77.3317	9.8294	5.43	+0.24		16	Ori
97.9587	-8.1581	5.43	+1.38			
110.7525	-31.9239	5.43	-0.15			
112.2738	-38.8122	5.43	-0.16			
118.2646	-36.3639	5.43	+1.16			
137.0004	29.6542	5.43	+0.89	τ	72	Cnc
166.2258	-35.8047	5.43	+0.03			
191.8933	66.7903	5.43	+1.56		7	Dra
206.8558	-17.8600	5.43	+1.62		87	Vir
213.8504	-18.2008	5.43	-0.03			
234.0504	-44.3969	5.43	+1.50			
239.6450	-24.8314	5.43	-0.09			
243.0304	-8.5475	5.43	+0.12		16	Sco
281.2383	-39.6864	5.43	+0.87			
289.4317	23.0256	5.43	+0.02		2	Vul
291.3738	-23.9622	5.43	+1.43	χ³	49	Sgr
309.4546	11.3778	5.43	+0.06	ι	5	Del
319.4887	-17.9853	5.43	-0.12		30	Cap
333.5783	-27.7669	5.43	-0.16	λ	16	PsA
342.4425	55.9028	5.43	+1.17			
344.2687	48.6842	5.43	-0.09			
344.8642	0.9628	5.43	+0.98		2	Psc
346.2908	-7.6936	5.43	+0.30		83	Aqr
357.2092	62.2144	5.43	+0.67		6	Cas
57.3075	70.8711	5.44	+0.09			
62.5938	-6.9239	5.44	+0.94		37	Eri
73.0217	63.5053	5.44	+1.57			
101.1896	28.9708	5.44	+1.45		28	Gem
107.0917	15.9308	5.44	+1.03		45	Gem
167.1829	-28.0806	5.44	+0.07			
174.3913	-47.7472	5.44	+1.24			
179.5633	-56.3172	5.44	-0.08			
187.0938	-39.0414	5.44	-0.08			
225.7471	-32.6433	5.44	-0.12			
234.7062	-52.3728	5.44	0.00			
238.6442	20.3108	5.44	+1.59			
241.5821	67.8103	5.44	-0.02			
244.1796	-53.8111	5.44	+1.73			
262.2071	0.3306	5.44	+0.22			
273.5663	-21.7131	5.44	+1.52		14	Sgr
283.7175	41.6028	5.44	+1.03			
307.8283	49.2203	5.44	+1.55	ω²	46	Cyg
321.9421	66.8092	5.44	-0.11		7	Cep
349.8742	48.6253	5.44	+1.03		11	And
13.7512	-69.5269	5.45	+1.09	λ²		Tuc
44.3488	-23.8619	5.45	+0.23		4	Eri
50.0821	77.7347	5.45	+0.19			
57.0871	23.4211	5.45	-0.07			
64.8054	50.0489	5.45	+0.22			
63.7029	-62.1919	5.45	+1.10			
69.8321	-14.3592	5.45	+1.06			
79.8421	-50.6061	5.45	+0.51	ζ		Pic
84.9575	-32.6292	5.45	+0.92			
101.5588	79.5647	5.45	+0.50			
103.6025	-1.1269	5.45	+0.18			
104.1433	-79.4203	5.45	+0.05	θ		Men
107.8483	-0.3019	5.45	+0.29		21	Mon
110.7171	55.2814	5.45			19	Lyn
110.2425	-14.3600	5.45	+0.98			
118.6779	47.5647	5.45	+1.46		26	Lyn
134.2358	32.9103	5.45	+0.12	σ²	59	Cnc
135.6846	24.4528	5.45	-0.04	ν	69	Cnc
142.5217	-51.5172	5.45	-0.10			
144.3013	-53.6686	5.45	+0.15			
146.5858	-76.7761	5.45	+0.89	ν		Cha
159.3617	-58.7333	5.45	+0.50			
163.4321	-2.1292	5.45	+0.96			
189.4258	-27.1389	5.45	+0.32			
206.9100	-50.3211	5.45	+1.36			
231.8258	-36.7678	5.45	-0.15			
238.9483	37.9469	5.45	+0.33	λ	12	CrB
244.8237	-42.6739	5.45	+0.10	λ		Nor
253.5075	-41.8064	5.45	+0.19			
268.7967	72.0050	5.45	+0.30	ψ²	34	Dra
279.1629	6.6719	5.45	+0.37			
299.3079	40.3681	5.45	-0.10			
313.3275	45.1819	5.45	+1.10			
324.4392	19.3186	5.45	+0.30		5	Peg
13.1692	-24.0058	5.46	+1.24			
35.5058	-10.7778	5.46	+0.35			
56.2008	24.2894	5.46	-0.04		16	Tau
60.9858	8.1972	5.46	+0.37			
67.5004	83.3406	5.46	+0.87			
70.0142	12.1978	5.46	-0.12		93	Tau
82.8104	3.2922	5.46	-0.18		33	Ori
83.0592	17.0581	5.46	-0.04			
82.5396	-47.0778	5.46	+0.62			
104.3912	-24.6306	5.46	+0.36			
107.5808	-27.4914	5.46	+1.00			
109.0604	-15.5858	5.46	+0.08			
131.6275	-45.9128	5.46	+0.27			
137.3979	-8.7878	5.46	+1.01		20	Hya
158.0492	14.1372	5.46	+1.68		46	Leo
182.7663	-23.6025	5.46	+0.06		3	Crv
187.7525	24.5672	5.46	+0.05		21	Com
189.7804	21.0625	5.46	+0.96		26	Com
193.7442	-85.1233	5.46	+1.02	ι		Oct
204.8767	52.9214	5.46	+0.10		82	UMa
211.6783	-9.3133	5.46	+0.34		95	Vir
222.8600	59.2939	5.46	+1.36			
224.1921	-11.4097	5.46	+1.49	ξ²	15	Lib
229.7038	-60.4964	5.46	-0.10			
231.5725	34.3358	5.46	+1.40			
244.9796	39.7086	5.46	+0.40			
268.8550	26.0500	5.46	+0.34		89	Her
273.9696	-44.2067	5.46	+0.96			
276.7246	-48.1169	5.46	+0.84			
294.4471	-4.6475	5.46	+0.43		42	Aql
307.0608	81.4228	5.46	+1.02		75	Dra
329.0950	-37.2536	5.46	+0.08			
332.6563	-11.5650	5.46	-0.12		38	Aqr
336.7721	65.1322	5.46	+0.37		26	Cep
13.7417	23.6283	5.47	+1.00		36	And
36.2042	10.6106	5.47	-0.10	ξ	24	Ari
42.6683	-35.6761	5.47	+1.25	η³		For
44.9579	47.2208	5.47	+0.89			
49.4475	44.0250	5.47	-0.06		30	Per
53.0358	48.0236	5.47	-0.10			
61.0904	24.1058	5.47	+0.86		36	Tau
73.7967	-74.9369	5.47	+1.52	η		Men
82.3188	25.1506	5.47	-0.04		118	Tau
86.4750	49.8264	5.47	+0.03	ο	27	Aur
87.5696	-79.3614	5.47	-0.08	κ		Men
91.6333	-23.1106	5.47	+0.08			
108.3475	51.4289	5.47	+1.67			
126.4663	-42.1533	5.47	-0.15			
128.6508	65.1450	5.47	+0.18		2	UMa
129.3283	-62.8536	5.47	+1.02			
130.3313	-78.9633	5.47	-0.10	η		Cha
139.1721	-8.7447	5.47	-0.09		24	Hya
140.4304	56.6992	5.47	+1.61			
141.7767	-71.6022	5.47	+1.08			
142.9013	-73.0808	5.47	+1.56			
161.3154	-80.4697	5.47	+0.95	δ¹		Cha
165.0613	45.5261	5.47	+1.47			
193.8308	-42.9158	5.47	+1.68			
240.0817	-16.5333	5.47	+0.52		49	Lib
249.0938	-42.8589	5.47	+0.40			
260.9196	37.1467	5.47		ρ	75	Her
269.1988	-4.0819	5.47	+1.16			
273.3025	-41.3361	5.47	-0.17			
275.9004	-75.0442	5.47	+0.02	φ		Oct
317.1925	-88.9564	5.47	+0.27	σ		Oct
294.3933	-14.3017	5.47	+0.50			
303.3079	-1.0094	5.47	+1.43		66	Aql
310.0825	-33.4319	5.47	+1.12			
313.4746	33.4378	5.47	+1.52			
337.1633	-39.1319	5.47	+0.95	ν		Gru
336.5033	70.7708	5.47	+1.20			
9.3379	35.3994	5.48	+0.88			
58.1733	-5.3614	5.48	-0.10		30	Eri
67.6621	15.6919	5.48	+0.26		81	Tau
74.3429	17.1536	5.48	+1.31			
79.5662	42.7922	5.48	+1.65			
83.2137	-38.5131	5.48	+1.22			
116.9862	-12.1931	5.48	+0.48		5	Pup
129.8492	-53.4397	5.48	-0.16			
132.4133	-40.3206	5.48	+0.06			
142.4771	-26.5897	5.48	+1.36			
149.9654	56.8119	5.48	+1.46			
161.6054	14.1947	5.48	+0.91		52	Leo
173.0867	61.0825	5.48	+0.50			
174.6671	-13.2019	5.48	+0.52	ι	24	Crt
182.2271	-41.2314	5.48	-0.07			
187.3621	24.1089	5.48	+0.43		18	Com
187.9179	-59.4239	5.48	+0.63			
188.4450	-9.4519	5.48	-0.03		21	Vir
191.0021	-28.3239	5.48	+1.34			
200.1575	-52.7481	5.48	-0.13			
210.5950	-27.4300	5.48	+1.34			
222.6233	37.2719	5.48	+1.02			
243.3142	5.0211	5.48	+1.47		9	Her
242.7063	75.8775	5.48	-0.11		19	UMi
251.6992	-39.3772	5.48	+0.98			
254.2962	-33.2594	5.48	+1.59		27	Sco
259.7633	-46.6339	5.48	+0.80			
272.0092	36.4014	5.48	+1.17			
278.2079	30.5542	5.48	-0.10			
283.0683	21.4253	5.48	-0.07		112	Her
285.1808	55.6583	5.48	+0.86		49	Dra
314.6079	10.8392	5.48	+0.93		18	Del
337.4917	4.4317	5.48	+0.38		37	Peg
26.5242	-50.8164	5.49	+1.60			
42.8733	15.0819	5.49	-0.09	σ	43	Ari
46.5325	79.4186	5.49	+1.57			
59.1196	35.0811	5.49	-0.03			
86.8592	17.7292	5.49	+0.30		130	Tau
87.4021	-14.4836	5.49	+0.88			
116.5092	-6.7725	5.49	+1.38			
118.5458	-35.8775	5.49	-0.19			
161.6021	18.8914	5.49	+1.12		51	Leo
232.8783	-73.3894	5.49	-0.12	κ¹		Aps
244.8862	-30.9067	5.49	+0.47			
252.5808	7.2478	5.49	+0.10		47	Her
272.6087	-62.0022	5.49	+0.58	ι		Pav
278.4729	-24.0325	5.49	+1.79		24	Sgr
282.2104	-43.6800	5.49	+0.13	η¹		CrA
290.1487	-0.8922	5.49	-0.04		27	Aql
295.8896	-15.4700	5.49	+0.46			
295.9287	25.7719	5.49	+0.93		10	Vul
299.6583	30.9836	5.49	-0.06			
302.9500	26.8089	5.49	+1.41		19	Vul
321.0479	-12.8781	5.49	+0.29		18	Aqr
321.3208	-3.5567	5.49	+1.46		21	Aqr
325.7767	41.1550	5.49	+1.59			
344.3663	20.7689	5.49	+0.67		51	Peg
352.0154	-87.4822	5.49	+1.27	τ		Oct
356.9854	-2.7617	5.49	+0.94		20	Psc
11.5492	-22.5219	5.50	+0.98			
11.7562	11.9739	5.50	+0.97		58	Psc
15.7046	31.8044	5.50	-0.05	σ	69	Psc
15.6100	-31.5519	5.50	+0.08	σ		Scl
21.6737	19.2403	5.50	+1.11		94	Psc
30.7417	33.2839	5.50	+0.03	ε	3	Tri
51.0771	24.7242	5.50	+1.19		64	Ari
62.2917	19.6092	5.50	+1.07	ω¹	43	Tau
77.0275	24.2653	5.50	+0.06		103	Tau
78.6838	5.1561	5.50	+1.37			
79.4175	-13.5197	5.50	+0.93			
81.9400	15.8742	5.50	+0.01		116	Tau
89.0871	-31.3825	5.50		σ		Col
92.2413	-22.4275	5.50	-0.01			
91.9704	-42.1539	5.50	0.00	π²		Col
105.8150	-59.1781	5.50	-0.11			
126.6829	12.6544	5.50	+1.60		27	Cnc
144.5062	-43.1911	5.50	+1.00			
157.4229	84.2522	5.50				
156.0358	33.7186	5.50	+1.18		28	LMi
165.8121	-11.3036	5.50	+0.94			
173.7367	-49.1367	5.50	+1.04			
186.8696	-58.9919	5.50	+1.45			
189.0971	59.4869	5.50				
204.2958	71.2422	5.50	+1.20			
206.7492	38.5428	5.50	+1.03			
211.3325	-76.7967	5.50	+1.55	θ		Aps
217.5358	-45.3217	5.50	-0.08			
229.0958	-22.3994	5.50	+1.38			
230.6558	39.5814	5.50	+1.59			
233.2300	-16.8528	5.50	-0.14	ζ⁴	35	Lib
243.9054	-8.3694	5.50	+0.65		18	Sco
248.5804	-70.9881	5.50	+1.22			
267.5954	29.3222	5.50	+1.05			
278.1804	-14.8656	5.50	+1.97			
286.1046	-31.0469	5.50	+0.03			
311.5838	-39.1992	5.50	-0.10			
329.8246	-38.3953	5.50	+1.00			
332.6621	70.1328	5.50	+0.38			
337.4704	78.8242	5.50	+0.06	ρ²	29	Cep
1.4250	13.3961	5.51	+0.90		86	Peg
2.5096	11.1456	5.51	-0.07		34	Psc
5.1625	-69.6250	5.51	-0.05	π		Tuc
8.9213	-48.0008	5.51	+0.44	λ²		Phe
23.2333	-36.8653	5.51	+1.02			
30.1121	-8.5236	5.51	+1.52			
34.2458	-6.4222	5.51	+0.96		67	Cet
62.1525	38.0397	5.51	+0.46		50	Per
71.9012	-16.9344	5.51	+0.63		58	Eri
74.1008	-5.1714	5.51	-0.13		62	Eri
123.3921	-50.1961	5.51	+1.61			
125.9521	53.2197	5.51	+0.11			
130.5667	-48.0992	5.51	-0.18			
160.7575	26.3256	5.51	+0.17		40	LMi
197.0292	-65.3064	5.51	-0.02	θ		Mus
206.4846	-12.4267	5.51	+0.90		86	Vir
225.7754	35.2058	5.51	+1.02			
230.0354	29.6161	5.51	+1.02	ο	1	CrB
233.2412	-1.1864	5.51	+1.09		11	Ser
235.7113	52.3608	5.51	-0.07			
252.8537	1.2161	5.51	+0.05		21	Oph
260.4317	39.9744	5.51	+0.68			
272.6679	3.3242	5.51	+1.19			
282.8958	52.9750	5.51	+0.84			
288.3146	-12.2825	5.51	+1.44			
310.2608	32.3072	5.51	+0.88		49	Cyg
314.2250	-9.6975	5.51	+1.47		7	Aqr
314.8558	59.4386	5.51	+1.40			
321.7567	-42.5478	5.51	+0.39			
334.4604	-77.5117	5.51	+0.31	ψ		Oct
341.4196	-46.5475	5.51	+1.32			
344.8992	-29.4622	5.51	+0.25			
356.7579	57.4514	5.51	+1.65			
17.0925	5.6497	5.52	+0.34		80	Psc
25.6221	-53.7406	5.52	+0.53			
27.9971	55.1475	5.52	-0.18		1	Per
48.8354	30.5567	5.52	+0.01			
50.5496	27.6075	5.52	+1.10		62	Ari
50.3500	-23.6353	5.52	+0.88			
48.9900	-77.3883	5.52	+0.44	ι		Hyi
73.7629	55.2592	5.52	+0.04		5	Cam
80.0617	41.0861	5.52	+0.11			
87.6204	14.3056	5.52	+1.01		135	Tau
94.5571	-19.9669	5.52	-0.18			
99.1471	-5.2111	5.52	-0.08			
120.6867	-41.3100	5.52	-0.15			
130.5787	-53.1000	5.52	-0.15			
150.1821	-82.2147	5.52	+0.03	μ¹		Cha
159.7738	53.6683	5.52	+1.27			
160.0471	-65.1006	5.52	-0.16			
166.7258	1.9556	5.52	+0.97		65	Leo
172.6208	18.4097	5.52	+1.05		86	Leo
225.3325	-2.7550	5.52	+1.68			
233.1529	-19.6706	5.52	+0.18			
248.9367	-65.4953	5.52	+0.93	θ		TrA
265.4946	15.9519	5.52	+0.38			
265.6183	24.5642	5.52	+1.46		83	Her
271.9517	-17.1542	5.52	+1.11			
292.4675	-26.9856	5.52	+1.12			
296.5050	-31.9086	5.52	+0.02			
298.6296	24.3194	5.52	-0.02			
301.0346	7.2781	5.52	+1.06	τ	63	Aql
302.6396	26.9042	5.52	+0.08		18	Vul
312.7529	-37.9133	5.52	+1.38			
326.8554	60.6928	5.52	+1.52		12	Cep
346.2175	-68.8203	5.52	+0.36			
351.6525	-52.7217	5.52	+0.40	ο		Gru
2.2600	18.2119	5.53	+1.04		87	Peg
39.0000	-7.8317	5.53	+1.59		80	Cet
45.5642	-71.9025	5.53	-0.14	θ		Hyi
55.1596	-5.2106	5.53	-0.15		22	Eri
66.8229	22.9964	5.53	-0.10		72	Tau
71.0333	-18.6667	5.53	+0.02			
94.2550	-37.7375	5.53	+1.14			
95.1512	-34.1439	5.53	-0.19			
98.4004	14.1553	5.53	+1.11			
111.4083	-79.0942	5.53	+1.28	ε		Men
121.2667	-53.1081	5.53	+1.34			
126.8204	-70.0933	5.53	-0.03			
178.9187	15.6467	5.53	+0.11		95	Leo
224.3887	-0.1675	5.53	+1.13			
237.2367	-3.8186	5.53	+0.12			
249.0479	52.9003	5.53	-0.07		16	Dra
258.8304	-33.5483	5.53	-0.01			
272.5238	-30.7286	5.53	+0.97			
284.8492	-12.8406	5.53	-0.04			
289.3000	-66.6614	5.53	+0.18			
289.9137	12.3747	5.53	+0.26		28	Aql
292.8304	50.3067	5.53	+1.25			
299.4392	16.7892	5.53	-0.05		11	Sge
316.6063	-41.3861	5.53	+1.35	η		Mic
322.7471	60.4594	5.53	+0.12			
324.0100	45.3747	5.53	+1.58			
327.6963	-69.6294	5.53	+1.37	ο		Ind
328.1246	28.7933	5.53	+0.42		15	Peg
333.4554	45.4408	5.53	+0.04			
335.8788	-24.7625	5.53	+0.99		49	Aqr
349.5412	-40.8244	5.53	+0.44	φ		Gru
354.4867	18.4006	5.53	0.00		75	Peg
0.3333	-50.3372	5.53	+1.60			
33.1979	-2.3936	5.54	+0.57		66	Cet
36.8654	31.8014	5.54	+1.12		11	Tri
49.4425	-62.5753	5.54	+0.64	ζ¹		Ret
56.9833	-30.1678	5.54	+0.98	ρ		For
70.7663	-70.9311	5.54	-0.12	μ		Men
80.7096	41.0294	5.54	+0.12			
84.2658	17.0403	5.54	+0.22		122	Tau
105.9887	-43.6081	5.54	+0.64			
111.9967	-29.1558	5.54	-0.08			
113.4625	-36.3383	5.54	-0.06			
122.6658	-13.7992	5.54	+0.49		18	Pup
124.8842	75.7569	5.54	+0.90			
126.6746	-12.5344	5.54	+1.19			
132.8938	-7.1772	5.54	+0.15		15	Hya
138.2317	-59.4144	5.54	+0.85			
185.0821	26.6194	5.54	+1.09			
208.3867	-35.6642	5.54	+0.44			
213.5217	12.9594	5.54	+0.54		14	Boo
227.8167	-55.3461	5.54	+1.14			
230.2817	-5.8247	5.54	+1.04			
239.3108	14.4144	5.54	+1.14	φ		Ser
242.4692	-33.5458	5.54	-0.10			
246.3508	37.3939	5.54	+0.17		25	Her
261.7046	20.0808	5.54	-0.13			
265.7125	-36.9458	5.54	+1.55			
283.1129	-46.5953	5.54	+1.63			
287.0696	-19.2900	5.54	-0.11			
305.5142	24.4461	5.54	-0.06		25	Vul
329.2350	12.0764	5.54	+0.05		17	Peg
330.8183	-6.5225	5.54	+0.96		30	Aqr
349.1762	53.2136	5.54	+0.52			
8.4213	-29.5583	5.55	+1.27			
14.1963	60.3628	5.55	-0.07			
16.9883	20.7392	5.55	+0.13	ψ²	79	Psc
17.4550	19.6586	5.55	+0.69	ψ³	81	Psc
17.8567	64.2028	5.55	-0.07			
33.5613	-67.8417	5.55	+1.55	π¹		Hyi
56.2354	-0.2967	5.55	+1.42		25	Eri
65.0479	50.9208	5.55	-0.01			
67.1338	1.3808	5.55	-0.10			
82.7817	-20.8636	5.55	0.00		10	Lep
90.3183	-33.9117	5.55	+1.58			
97.1421	30.4931	5.55	+0.68		48	Aur
96.8350	2.9081	5.55	+1.04			
96.8150	-0.2761	5.55	+1.38			
106.5483	34.4739	5.55	+0.91			
120.1971	17.3086	5.55	+1.32		3	Cnc
135.3367	-41.8644	5.55	-0.14			
146.6267	-44.7550	5.55	-0.18			
175.3325	-43.0958	5.55				
180.1854	-10.4461	5.55	+0.77			
185.2117	57.8639	5.55	+1.43		70	UMa
186.7154	-32.8300	5.55	+0.01			
192.4371	-71.9864	5.55	+1.17			
197.1354	-8.9844	5.55	+1.18			
203.2154	-15.3631	5.55	+1.23		75	Vir
219.0792	-46.2453	5.55	+1.48			
240.1983	-8.4114	5.55	+0.05		50	Lib
254.5750	-50.6411	5.55	+0.02			
259.2654	-32.6628	5.55	+0.50			
263.6933	-11.2419	5.55	+0.02			
275.8704	-36.2383	5.55	+1.02			
286.6571	28.6286	5.55	+0.29			
305.0250	68.8803	5.55	+1.59			
313.0362	-5.5069	5.55	-0.08		5	Aqr
314.5812	44.4717	5.55	+0.97			
337.1571	-67.4892	5.55	+0.20			
345.3308	-28.8536	5.55	+1.35			
348.8929	-3.4964	5.55	+0.06			
349.8500	-5.1244	5.55	+0.39		96	Aqr
357.9913	2.9303	5.55	+1.53		22	Psc
359.2854	55.7058	5.55	+0.49			
0.4037	61.2231	5.55	+0.41			
16.4237	21.4653	5.56	-0.07	ψ¹	74	Psc
24.5317	57.9775	5.56	+1.38			
44.9217	-2.4650	5.56	-0.08		5	Eri
48.1100	6.6608	5.56	+1.08			
79.0171	11.3414	5.56	-0.04		18	Ori
87.7421	27.9678	5.56	+0.97			
92.3929	-14.5842	5.56	+1.16			
95.6592	-69.9842	5.56	+1.51	π¹		Dor
114.6367	35.0486	5.56	+0.93		70	Gem
115.3017	48.1317	5.56	+1.01			
115.5133	14.2083	5.56	+1.64			
143.6362	-5.9150	5.56	+1.16		33	Hya
144.1787	31.1617	5.56	+1.59			
145.9258	-53.8917	5.56	-0.04			
157.3975	-30.6072	5.56	-0.04	δ		Ant
213.3183	-53.6658	5.56	+1.44			
215.0404	-43.0589	5.56	+0.92			
215.5821	-34.7869	5.56	-0.09			
220.4313	11.6606	5.56	+0.94		32	Boo
235.9971	32.5158	5.56	+1.06	π	9	CrB
240.8804	76.7936	5.56				
246.4296	78.9639	5.56	+0.26			
251.3438	15.7453	5.56	+1.66			
256.5754	22.0842	5.56	+1.30			
257.4500	-10.5233	5.56	+0.52			
258.1358	62.8744	5.56	+0.21			
286.2413	31.7444	5.56	+1.54			
292.3421	14.5958	5.56	+1.05			
330.5192	58.0006	5.56	+0.06		14	Cep
343.6896	-16.2719	5.56	+1.14		77	Aqr
348.3208	57.1683	5.56	+1.01			
348.9075	70.8881	5.56	+0.24			
350.6354	60.1336	5.56	+1.68			
6.0650	52.0200	5.57	-0.12			
8.6158	-52.3731	5.57	+0.47			
9.3363	-24.7672	5.57	+0.72			
12.0046	-21.7225	5.57	-0.06			
17.9225	65.0189	5.57	-0.09		32	Cas
24.2746	12.1417	5.57	+0.35	π	102	Psc
29.9117	-42.0306	5.57	+1.06			
46.8833	-78.9894	5.57	+0.30			
53.9904	-11.1936	5.57	+0.91			
55.2829	37.5800	5.57	-0.07			
54.9629	3.0569	5.57	+0.94		12	Tau
67.0542	83.8078	5.57	-0.13			
82.0637	-37.2306	5.57	+0.02			
88.7188	-39.9581	5.57	+1.51			
126.6154	27.8936	5.57	+1.40	φ¹	22	Cnc
138.1275	-43.6136	5.57	-0.11			
147.7321	-62.7453	5.57	+1.32			
156.4346	-7.0597	5.57	+1.52			
166.7079	-70.8781	5.57	-0.05			
171.4017	16.4564	5.57	+0.36		81	Leo
178.0421	-56.9878	5.57	+0.07			
179.4171	-62.4489	5.57	-0.15			
183.0387	20.5419	5.57	+0.95		5	Com
204.8942	10.7461	5.57	+0.33			
226.3575	48.1511	5.57	0.00		47	Boo
235.8200	-84.4653	5.57	+0.11	ρ		Oct
242.3275	-57.9344	5.57	-0.04	ι²		Nor
250.4738	-19.9244	5.57	+0.43			
283.8646	6.6153	5.57	+1.04			
284.3192	2.5353	5.57	0.00		64	Ser
288.8338	15.0836	5.57	+1.07			
298.0067	24.9922	5.57	+0.71			
311.9554	47.8319	5.57	+1.46			
320.2683	23.8558	5.57	+1.05			
323.3479	-44.8486	5.57	+1.04			
351.2117	32.3850	5.57	-0.11		67	Peg
16.5213	-9.8394	5.58	+0.01		28	Cet
20.9192	37.7150	5.58	+0.26		47	And
24.7158	-21.2753	5.58	+0.34			
30.7512	64.3900	5.58	+0.38		53	Cas
33.9283	25.0431	5.58	+0.49		21	Ari
34.5058	1.7578	5.58	+0.60			
52.2183	49.8483	5.58	-0.04			
67.5358	15.6381	5.58	+0.32		80	Tau
70.0283	-24.4825	5.58	+0.92			
72.3033	31.4372	5.58	+1.12			
92.5429	-40.3536	5.58	+1.68			
108.9588	47.2400	5.58	+0.58			
108.7129	-27.0381	5.58	+1.22			
124.5725	-35.4517	5.58	+1.24			
125.3383	-20.0792	5.58	+0.77			
134.1562	64.6039	5.58	+0.86		6	UMa
140.4621	-42.1950	5.58	+1.63			
156.7042	-54.8775	5.58	+1.56			
157.3708	-29.6636	5.58	+1.42			
157.7492	-13.5883	5.58	-0.04			
158.3788	34.9886	5.58	+0.02		34	LMi
162.8487	59.3200	5.58	+1.14		42	UMa
178.7629	8.4439	5.58	+0.94		6	Vir
188.3929	-12.8303	5.58	+0.86			
195.9421	-20.5831	5.58	+0.56			
205.2312	-85.7861	5.58	+0.18	κ		Oct
230.8012	30.2878	5.58	+0.58	η	2	CrB
236.3479	5.4469	5.58	+0.04			
251.8313	-58.3414	5.58	-0.08			
254.2000	-23.1500	5.58	-0.02		24	Oph
268.9617	22.4642	5.58	+1.24			
272.4958	36.4664	5.58	+0.91			
283.4317	36.9717	5.58	-0.15	δ¹	11	Lyr
290.1587	-22.4025	5.58	+0.27			
304.6192	37.0000	5.58	+0.06		36	Cyg
305.5225	45.7950	5.58	+1.08			
310.7958	66.6575	5.58	+0.22		4	Cep
311.9513	6.0083	5.58	-0.02		13	Del
313.9108	12.5686	5.58	+0.12		16	Del
326.6338	-11.3658	5.58	-0.01	λ	48	Cap
327.0658	-47.3036	5.58	+0.60			
330.2708	0.6050	5.58	+1.28		28	Aqr
332.3067	33.1722	5.58	+1.00	π¹	27	Peg
333.4350	-25.1808	5.58	+0.49			
337.2833	9.1289	5.58	+1.55		36	Peg
351.7533	87.3075	5.58	+0.23			
1.6104	64.1961	5.59	-0.03		10	Cas
12.3567	-13.5614	5.59	+1.30			
15.3262	-38.9167	5.59	+1.18	ξ		Scl
25.5854	68.0431	5.59	-0.07		43	Cas
35.2425	50.1514	5.59	-0.13		63	And
43.9871	61.5211	5.59	+0.45			
52.4000	-12.6747	5.59	+0.17			
56.1308	36.4600	5.59	+0.06			
61.4058	-27.6517	5.59	+0.31			
64.9904	14.0353	5.59	+0.28		57	Tau
88.0929	14.1717	5.59	-0.05		137	Tau
98.8504	-36.7800	5.59	-0.14			
104.6496	-25.4139	5.59	-0.16			
112.3279	-1.9053	5.59	+1.50			
113.2983	3.2903	5.59	+0.31	δ²	8	CMi
117.2779	-56.4106	5.59	+1.13			
126.6133	-3.9875	5.59	+0.22		2	Hya
132.9025	-57.6336	5.59	-0.11			
137.4850	-30.3653	5.59	+0.19	ε		Pyx
141.3500	-5.1175	5.59	+1.52		28	Hya
171.0462	-72.2567	5.59	+0.06			
174.5858	43.6256	5.59	+0.33		59	UMa
180.4146	36.0419	5.59	+1.01			
190.4879	6.8067	5.59	0.00		31	Vir
196.6463	-41.5886	5.59	+1.05			
217.1575	49.8447	5.59	+0.85		24	Boo
229.7350	-40.7883	5.59	-0.10			
260.0879	46.2408	5.59	+1.57		74	Her
262.8388	2.7244	5.59	+0.84			
273.9117	42.1594	5.59	-0.10			
289.1292	4.8347	5.59	+0.08		22	Aql
289.9167	-35.4214	5.59	-0.13			
291.5800	-21.7767	5.59	+1.22		50	Sgr
305.6146	-42.0497	5.59	0.00	κ¹		Sgr
309.2696	26.4619	5.59	-0.07		27	Vul
317.1621	30.2058	5.59	-0.10			
344.0983	41.6039	5.59	-0.14		16	Lac
350.2067	30.4150	5.59	+1.50		63	Peg
351.3308	-56.8492	5.59	+1.07			
353.6562	40.2364	5.59	+0.10		15	And
1.1721	-71.4369	5.59	-0.12			
7.9217	52.8394	5.60	+1.15			
55.8908	-10.4856	5.60	+0.22			
59.8754	-12.5742	5.60	+1.48			
67.2788	-13.0483	5.60	-0.23			
83.8058	10.2400	5.60	+0.12			
85.6100	65.6978	5.60	+1.24			
97.2062	-7.0344	5.60		β	11	Mon
98.0962	-5.8689	5.60	+0.25			
97.8263	-51.8261	5.60	+0.54			
115.8000	-36.0503	5.60	-0.13			
117.3975	-33.2889	5.60	+1.61			
119.4454	-60.3033	5.60	+0.57			
137.1758	-8.5894	5.60	-0.06		19	Hya
151.7896	-17.1417	5.60	+1.50			
152.3413	-61.5492	5.60	+1.60			
153.8812	-43.1125	5.60	+1.52			
194.0017	38.3147	5.60	+0.34	α¹	12	CVn
196.5942	22.6161	5.60	+1.59		40	Com
200.0792	40.1506	5.60	+1.20		23	CVn
203.5304	55.3486	5.60	-0.03		81	UMa
204.9525	-40.0519	5.60	+1.30			
206.1242	-16.1792	5.60	+0.81		83	Vir
223.3071	-73.1900	5.60	+0.82			
268.3471	-34.8953	5.60	+1.14			
273.9204	-63.0556	5.60	+0.92			
276.2563	-30.7567	5.60	+1.14		18	Sgr
320.7521	-22.6689	5.60	+1.63			
321.3317	46.7144	5.60	+0.32			
330.2725	13.1197	5.60	+0.34		20	Peg
330.7363	44.6500	5.60	-0.03			
342.8450	61.6969	5.60	+0.78			
347.0875	-28.8233	5.60	+0.88			
351.8192	70.3597	5.60	+0.19			
14.6829	-11.3800	5.61	+0.97	φ⁴	23	Cet
25.1658	43.2978	5.61	+0.21			
45.5938	4.3528	5.61	-0.10		93	Cet
53.0838	84.9111	5.61	+0.92			
49.8950	-24.1231	5.61	+1.66			
51.1237	33.5358	5.61	-0.03			
52.0867	33.8075	5.61	+0.02			
61.0946	-12.7925	5.61	+1.08			
72.7300	-53.4614	5.61	+0.33	ι		Pic
75.9721	-24.3878	5.61	+0.10			
80.0942	62.6536	5.61	+1.75			
81.2567	-10.3292	5.61	+1.56			
83.7854	9.9350	5.61	+0.04	λ	39	Ori
95.7325	-56.3700	5.61	+0.24	ν		Pic
101.8279	-55.5400	5.61	+1.52			
111.7475	-23.0861	5.61	-0.13			
117.5442	-9.1833	5.61	+1.44			
126.1458	-3.7511	5.61	+0.46		1	Hya
130.0725	-53.0153	5.61	-0.14			
156.3133	8.7847	5.61	+1.62		44	Leo
162.4875	-34.0581	5.61	+0.04			
179.6987	-64.3392	5.61	+0.18			
213.6775	-41.8375	5.61	+0.93			
216.2762	-68.1953	5.61	+0.49			
236.6842	-34.6825	5.61	-0.11			
262.7308	31.1583	5.61	+0.95			
278.8767	23.6056	5.61	+1.00			
282.3958	-43.4339	5.61	-0.08	η²		CrA
293.3400	-45.2719	5.61	-0.04			
298.6867	0.2736	5.61	+0.10		58	Aql
314.6254	50.4622	5.61	-0.15			
316.1446	5.5028	5.61	+1.65		3	Equ
346.7233	-38.8922	5.61	+0.01	υ		Gru
358.6942	0.1092	5.61	+1.59			
13.7213	83.7072	5.62	+0.09			
30.9187	-4.1036	5.62	+1.59			
34.5312	19.9011	5.62	+0.01	θ	22	Ari
46.5988	13.1872	5.62	+1.08			
96.0042	-36.7078	5.62	+1.04			
98.6471	-32.7164	5.62	-0.08			
106.0217	-5.3236	5.62	+1.29			
108.6358	12.1158	5.62	+1.01			
116.1417	-24.6739	5.62	-0.19			
145.5012	39.7578	5.62	+0.95		43	Lyn
147.8325	-46.1939	5.62	+1.17			
205.2596	22.4958	5.62	+1.01		2	Boo
207.1612	31.1903	5.62	+1.01			
234.4129	69.2833	5.62	+1.35			
238.8754	-26.2658	5.62	+0.15		4	Sco
239.2258	-33.9642	5.62	+0.05	ξ²		Lup
239.7404	36.6439	5.62	+1.49			
262.9567	28.4075	5.62	0.00		78	Her
263.3746	-5.7447	5.62	+0.18			
283.5550	27.9094	5.62	+1.35			
297.9963	47.0275	5.62	-0.07			
306.8929	38.4403	5.62	+0.06		40	Cyg
324.7400	57.4892	5.62	+0.21			
327.5004	-64.7125	5.62	+1.02			
331.4621	-59.6361	5.62	+1.46	κ²		Ind
335.7833	-45.9286	5.62	+0.36	π²		Gru
359.8663	-29.4850	5.62	+1.60			
23.6575	-15.6761	5.63	+0.07		49	Cet
26.9367	63.8522	5.63	+0.81			
30.9137	25.9356	5.63	+0.54		10	Ari
32.7200	39.0394	5.63	-0.02		59	And
32.8379	8.5697	5.63	+0.56		64	Cet
44.1088	18.0231	5.63	+0.43	ρ³	46	Ari
59.2171	22.4781	5.63	+0.30		32	Tau
88.1383	-37.6311	5.63	+1.04			
91.2433	4.1586	5.63	+1.04		66	Ori
95.9829	-25.5778	5.63	+1.56			
105.2746	-25.2153	5.63	-0.17			
111.7833	-17.8644	5.63	+0.32			
117.9287	-21.1739	5.63	+0.96			
118.7217	-57.3031	5.63	+1.30			
123.0529	17.6478	5.63	+0.54	ζ¹	16	Cnc
140.4583	-55.5150	5.63	+0.19			
144.2913	-32.1786	5.63	+1.02			
146.5971	11.8100	5.63	+1.49		18	Leo
173.7704	54.7853	5.63	+1.02			
187.5729	-23.6967	5.63	+1.67			
196.4679	45.2686	5.63	+1.13			
204.3008	-61.6919	5.63	+0.50			
221.5250	15.1319	5.63	+1.57			
221.8438	-25.6244	5.63			55	Hya
224.0958	49.6286	5.63	+0.50			
228.9546	0.3722	5.63	+0.18		4	Ser
241.9063	9.8917	5.63	+0.20		45	Ser
243.9571	-57.9122	5.63	+0.14			
242.9500	36.4250	5.63	+1.34			
248.1488	5.5211	5.63	-0.06		28	Her
275.2379	29.8589	5.63	+0.21		108	Her
284.1067	65.2581	5.63	+0.95			
289.1117	14.5447	5.63	-0.02			
291.5550	20.0978	5.63	-0.01		5	Vul
321.5954	-37.8294	5.63	+1.19			
351.8125	-58.4761	5.63	+0.98			
353.6592	33.4972	5.63	+1.03		73	Peg
0.6238	8.4856	5.63	+0.29		32	Psc
18.0696	79.6739	5.64	+0.01			
25.5146	35.2456	5.64	-0.07			
56.2904	24.8392	5.64	-0.07		18	Tau
65.8542	16.7772	5.64	+0.30		63	Tau
83.4762	14.3056	5.64	-0.14		35	Ori
95.3529	-11.7733	5.64	-0.02			
96.6075	56.2850	5.64	+0.24			
100.0113	-80.8136	5.64	+0.20	ζ		Men
103.3283	-19.0328	5.64	+0.28			
112.7196	68.4656	5.64	+1.11			
115.7004	-26.3511	5.64	+0.99			
123.2871	29.6567	5.64	-0.07		15	Cnc
124.4600	59.5711	5.64	+0.16		29	Lyn
129.7987	65.0208	5.64	+0.62	π¹	3	UMa
130.8013	12.6808	5.64	+0.39		45	Cnc
145.8887	29.9744	5.64	+0.12		15	Leo
160.6800	-32.7158	5.64	0.00			
173.0679	-29.2611	5.64	+0.53			
173.2004	-40.4364	5.64	+1.58			
177.7592	-5.3333	5.64	+1.06			
224.1333	-47.8792	5.64	-0.04			
224.9037	39.2653	5.64	+0.31		40	Boo
222.5850	82.5119	5.64	+0.68			
232.0642	-16.7164	5.64	+1.55	ζ¹	32	Lib
243.6700	33.8586	5.64	+0.51	σ	17	CrB
256.3846	-0.8919	5.64	+0.16			
263.3450	19.2567	5.64	+0.48			
277.1129	-38.9956	5.64	+0.13			
277.4371	77.5469	5.64	+1.18			
288.8225	21.2322	5.64	+0.11		1	Sge
294.2637	-18.2311	5.64	+1.26			
301.1504	32.2186	5.64	+0.54			
305.9717	-42.4228	5.64	+0.20	κ²		Sgr
317.9508	59.9864	5.64	+0.11			
326.8083	2.6861	5.64	0.00		11	Peg
343.2596	16.8411	5.64	+1.12			
350.3146	-26.9867	5.64	+0.82			
17.5783	42.0814	5.65	+0.60		44	And
39.4242	-3.3961	5.65	+1.02		81	Cet
64.5967	21.5792	5.65	+0.28		51	Tau
81.1183	-16.9761	5.65	0.00			
84.2908	-80.4692	5.65	+0.60	π		Men
91.0846	-32.1725	5.65	-0.19			
93.8929	-0.5122	5.65	+0.50			
102.6062	13.4133	5.65	+1.34		35	Gem
103.0000	23.6017	5.65	+1.45			
114.1317	46.1803	5.65	+1.56			
120.3075	4.8797	5.65	0.00			
125.0029	-71.5053	5.65	-0.10	κ²		Vol
127.6192	-32.1594	5.65	+1.49			
146.5983	1.7856	5.65	+0.34			
152.7325	-8.4183	5.65	+1.30		18	Sex
155.0696	-47.6992	5.65	+1.67			
174.3150	-75.8967	5.65	+0.35	π		Cha
202.3042	10.8183	5.65	+1.05		71	Vir
225.4617	-83.2278	5.65	+0.95	π¹		Oct
226.1946	-83.0383	5.65	+1.30	π²		Oct
224.6633	-27.6572	5.65	+0.24		59	Hya
230.4508	-48.3178	5.65	+0.65	ν²		Lup
235.0883	-73.4467	5.65	-0.04	κ²		Aps
247.9471	45.5983	5.65	+0.12			
250.3346	-48.7631	5.65	+0.13			
250.4175	-49.6517	5.65	-0.03			
255.0258	-54.5969	5.65	+0.19			
255.2421	22.6322	5.65	+1.33			
259.7021	28.8231	5.65	+0.98			
261.4221	60.0483	5.65	+0.03			
276.4117	8.0319	5.65	+0.92			
278.3462	-38.7261	5.65	-0.06	κ²		CrA
285.6154	-24.8469	5.65	+1.23			
294.0071	-24.7192	5.65	+0.19		51	Sgr
298.3279	-3.1144	5.65	+0.20			
303.5792	-52.4456	5.65	+1.50			
308.0987	-9.8533	5.65	+0.69			
315.1154	19.3294	5.65	+1.61			
325.8571	38.2839	5.65	0.00		79	Cyg
330.2883	8.2572	5.65	+1.44		19	Peg
337.5075	32.5725	5.65	-0.04		38	Peg
345.0242	-25.1642	5.65	+1.25			
354.4150	-13.0603	5.65	+1.03			
11.4125	74.9881	5.66	+0.05		21	Cas
21.7150	-13.0567	5.66	+0.35		47	Cet
56.4971	45.6819	5.66	-0.07			
57.5188	44.9678	5.66	+0.76			
72.7887	48.7408	5.66	+0.99			
74.7554	-16.3758	5.66	+0.43			
88.6817	-11.7739	5.66	+1.53			
101.6625	-10.1072	5.66	-0.05			
109.0646	-46.7744	5.66	+1.44			
113.3312	-19.4125	5.66	+1.12			
122.3900	-56.0856	5.66	+0.21			
129.5925	53.4014	5.66	+0.96			
131.1875	10.0817	5.66	-0.11		49	Cnc
133.1442	32.4742	5.66	+0.22	σ¹	51	Cnc
142.3025	-20.7486	5.66	+1.60			
150.7037	21.9492	5.66	-0.19			
163.5742	-13.7581	5.66	+0.83			
182.9633	25.8703	5.66	+1.41		4	Com
184.0317	40.6603	5.66	+1.55		2	CVn
192.1100	-27.5975	5.66	+0.95			
230.0217	51.9586	5.66	+0.11			
277.5496	-18.7289	5.66	+1.06			
284.1875	57.8150	5.66	+1.15		48	Dra
294.3225	16.4628	5.66	+1.02	ε	4	Sge
300.0846	-33.7039	5.66	+0.49			
303.8487	33.7294	5.66	+0.91			
306.4188	21.4097	5.66	+0.93			
319.8158	58.6236	5.66	+1.38			
339.7146	-33.0814	5.66	+0.05			
341.9283	-14.0564	5.66	-0.05	τ¹	69	Aqr
349.2404	-62.0011	5.66	+0.51			
4.0371	-31.4464	5.67	+1.35			
8.0992	6.9556	5.67	0.00		51	Psc
11.1100	47.8642	5.67	-0.12			
29.0388	37.2517	5.67	+1.06		56	And
32.1688	58.4236	5.67	+0.61			
58.0008	6.5347	5.67	+0.06		31	Tau
60.4421	9.9978	5.67	+0.02			
70.3504	48.3008	5.67	-0.02			
83.7537	-6.0092	5.67	-0.23			
90.2050	-51.2164	5.67	+0.20			
91.2425	5.4200	5.67	+1.04		63	Ori
134.3967	15.5814	5.67	+0.20	ο²	63	Cnc
135.4917	-0.4828	5.67	+1.15			
154.7700	-64.6764	5.67	+0.05			
158.7592	8.6503	5.67	+0.05		49	Leo
162.7962	56.5822	5.67	+1.12		43	UMa
166.1300	-47.6792	5.67	+0.24			
191.5938	9.5400	5.67	+0.99		33	Vir
198.6304	11.3317	5.67	+1.50			
201.4587	-70.6275	5.67	-0.03			
220.2558	-36.1350	5.67	-0.08			
227.0992	26.3011	5.67	+1.24		46	Boo
230.7933	-60.6569	5.67	+0.48			
243.0662	-28.4175	5.67	+0.01		12	Sco
245.9458	61.6967	5.67	+0.96			
258.0675	-39.5069	5.67	+0.04			
260.4392	53.4206	5.67	+1.47			
269.9842	45.5014	5.67	+1.57			
291.7354	-29.7433	5.67	0.00			
295.1804	-0.6211	5.67	+0.11		45	Aql
299.7938	23.1014	5.67			14	Vul
300.8750	16.0314	5.67	-0.10			
310.4854	41.7169	5.67	-0.12			
313.9575	47.4178	5.67	+0.47			
324.6329	5.7717	5.67	+0.25		4	Peg
325.5421	1.2853	5.67	+1.44		26	Aqr
1.1750	67.1667	5.67	+1.07			
2.0146	-33.5294	5.68	+1.12			
16.2725	14.9461	5.68	+0.41		72	Psc
39.1579	12.4475	5.68	+0.49		31	Ari
53.1450	-50.3786	5.68	+1.10			
68.5346	5.5686	5.68	+0.05			
70.7887	-30.7656	5.68	+1.41			
77.6788	46.9622	5.68	+0.42			
77.8450	-11.8492	5.68	+1.46			
80.3825	-0.4164	5.68	-0.12			
105.3396	70.8081	5.68	+1.33			
105.0658	16.0789	5.68	+1.66		41	Gem
114.5758	-48.6011	5.68	+0.65			
122.3688	-16.2489	5.68	-0.17			
126.2296	-23.1536	5.68	+0.06			
167.2046	24.6583	5.68	+0.06		67	Leo
185.8400	-24.8406	5.68	+1.16		6	Crv
189.2429	17.0894	5.68	+1.41		25	Com
222.3279	-24.2517	5.68	+1.30			
247.4454	-14.5508	5.68	+0.82			
270.0383	80.0042	5.68	+0.50		41	Dra
301.0967	-0.7094	5.68	+1.30		62	Aql
309.7479	30.3344	5.68	+1.09			
317.3429	-73.1731	5.68	+0.59			
316.5050	-30.1250	5.68	+1.03	δ		Mic
320.2088	32.4528	5.68	+1.08			
321.1417	26.1744	5.68	+0.31			
328.4058	19.6683	5.68	+0.01			
338.0675	76.2264	5.68	+0.05			
345.2812	-50.9500	5.68	+1.42			
352.2542	-63.1108	5.68	-0.17			
354.0971	2.1022	5.68	+0.44		16	Psc
7.6087	-48.2150	5.69	+0.35			
24.0350	-29.9075	5.69	+0.33	τ		Scl
24.3667	-84.7697	5.69	+0.94			
29.6400	49.2042	5.69	+1.01		3	Per
33.8687	-67.7464	5.69	+1.30	π²		Hyi
40.5917	20.0117	5.69	-0.02	μ	34	Ari
50.2783	3.6756	5.69	+0.97	κ²	97	Cet
55.5788	19.7003	5.69	-0.01		13	Tau
64.4962	-80.2139	5.69	+0.84	δ		Men
83.3817	18.5403	5.69	+0.01		120	Tau
95.0175	14.6511	5.69	+1.61			
98.1625	-32.0306	5.69	-0.17			
99.6646	39.3908	5.69	+1.35		51	Aur
107.4288	-25.2311	5.69	-0.16			
107.1758	-70.4972	5.69	+0.40	γ¹		Vol
118.0788	-14.8464	5.69	+0.37		10	Pup
128.0200	-53.2122	5.69	+0.58			
126.0825	-80.9142	5.69	+1.02			
144.2608	16.4378	5.69	+1.25		8	Leo
145.5617	69.2375	5.69	+1.14			
187.4300	20.8961	5.69	+0.07		20	Com
200.4233	2.0872	5.69	+0.06			
201.7338	-41.4981	5.69	+1.47			
203.1496	-28.6928	5.69	+0.04			
221.3758	0.7172	5.69	-0.03		108	Vir
222.4221	48.7206	5.69	+0.47		39	Boo
227.9900	-48.7436	5.69	+0.14	κ²		Lup
243.8696	18.8083	5.69	+1.12		16	Her
247.0633	-58.5997	5.69	0.00			
263.4142	16.3175	5.69	+1.01			
267.1033	20.5656	5.69	+0.94			
272.4750	3.1197	5.69	+0.47			
283.5004	-21.3597	5.69	+1.23		33	Sgr
284.0258	18.1053	5.69	+1.09			
285.3225	26.2914	5.69	-0.08			
291.3400	-13.8969	5.69	+1.43			
291.9504	-54.3253	5.69	+1.40			
297.6554	40.5997	5.69	-0.04			
305.2975	63.9803	5.69	+1.56			
306.7596	49.3833	5.69	+0.26		43	Cyg
320.5017	49.3889	5.69	+1.10			
323.7125	-20.0844	5.69	+0.40		37	Cap
325.5954	41.0772	5.69	+0.01		77	Cyg
1.5792	-49.0750	5.70	+0.52			
10.4433	-56.5017	5.70	+0.20	ξ		Phe
11.9304	-18.0614	5.70	+1.30			
13.4079	-62.8714	5.70	+1.56			
18.7050	-0.9739	5.70	+0.42		38	Cet
23.3575	58.3275	5.70	+1.52			
32.6567	19.5003	5.70	+1.65		15	Ari
52.4950	-78.3519	5.70	+0.93			
62.6988	-8.8197	5.70	+1.06			
64.2233	61.8503	5.70	-0.14			
73.7783	-16.7406	5.70	+0.96			
80.9263	-0.1597	5.70	-0.21			
89.7217	12.8086	5.70	+0.89			
97.9933	-58.7542	5.70	-0.06	μ		Pic
99.0950	-18.6600	5.70	+0.85	ν¹	6	CMa
102.5971	-31.7061	5.70	+0.14			
109.8671	-16.3950	5.70	+0.35			
114.0162	-14.4928	5.70	-0.12			
118.1238	-54.3672	5.70	-0.15			
122.2900	-48.6844	5.70	-0.12			
131.5104	-2.0489	5.70	+1.10			
144.2508	-25.2967	5.70	+1.12			
151.0875	-24.2856	5.70	+0.30			
159.1350	-12.2303	5.70	+0.52			
177.4238	34.9317	5.70	+0.46			
177.6133	-62.6494	5.70	+0.26			
184.3771	28.9372	5.70	+0.16			
186.8963	55.7128	5.70	+1.55		73	UMa
192.2258	14.1225	5.70	+0.02		29	Com
206.6488	54.4328	5.70	-0.08		84	UMa
208.3037	17.9328	5.70	+0.84		7	Boo
208.4625	53.7286	5.70	-0.05		86	UMa
219.5521	43.6419	5.70	+1.48			
229.6021	20.5728	5.70	+0.97			
241.4825	-72.4008	5.70	+1.17			
242.9083	23.4947	5.70	+1.56		10	Her
261.0046	-62.8642	5.70	-0.14			
263.6771	-32.5817	5.70	+0.04			
277.4825	-47.2203	5.70	+1.26			
280.9650	31.9267	5.70	+0.34			
314.1971	-26.2964	5.70	+0.50			
321.3046	-9.7486	5.70	+0.20		19	Aqr
331.3946	28.9639	5.70	-0.06		23	Peg
344.1992	-47.9692	5.70	+0.22	τ³		Gru
346.9392	49.2958	5.70	+0.44		5	And
347.4338	59.3331	5.70	+0.33		2	Cas
25.4500	-60.7894	5.71	+1.27			
33.2638	15.2797	5.71	+1.55		19	Ari
38.9117	37.3122	5.71	+1.39			
40.3079	-0.6958	5.71	+0.52		84	Cet
44.9004	-25.2742	5.71	+0.40	ζ		For
49.6717	-18.5597	5.71	+0.37			
51.8892	-35.6814	5.71	+1.29	χ²		For
54.1971	0.5878	5.71	+0.92			
58.5967	-40.3572	5.71	+0.60			
64.2842	57.8606	5.71	+1.09			
73.1992	42.5867	5.71	+0.11			
80.8500	-39.6786	5.71	+1.62			
92.4496	-22.7742	5.71	+0.44			
91.5392	-66.0397	5.71	-0.03	η¹		Dor
94.3171	5.1003	5.71	+0.61			
99.3075	-36.9906	5.71	-0.12			
99.9279	-30.4703	5.71	+1.14			
102.4221	32.6067	5.71	+1.29			
106.8442	-23.8403	5.71	-0.10			
108.9879	27.8975	5.71	+1.63		53	Gem
124.8221	62.5072	5.71	+0.89			
130.1471	-45.1914	5.71	+1.65			
133.7996	-54.9656	5.71	+0.48			
142.1217	8.1883	5.71	+1.04		3	Leo
148.5733	-45.2839	5.71	-0.11			
164.8079	-33.7372	5.71	+0.37			
166.4900	-27.2878	5.71	-0.06	χ²		Hya
173.8050	-47.3725	5.71	+1.66			
183.7854	70.2000	5.71	+1.19			
189.5933	1.8547	5.71	+1.60			
196.9096	-53.4597	5.71	-0.07			
208.7038	-67.6525	5.71	+1.49			
208.8008	-52.1611	5.71	-0.08			
224.2987	16.3883	5.71	+0.94			
225.4538	-0.1406	5.71	+1.52			
231.8879	-64.5314	5.71	+1.64			
236.8221	14.1153	5.71	+0.09	υ	31	Ser
251.1775	-40.8397	5.71	-0.12			
261.1312	16.3011	5.71	+0.07			
265.8400	24.3278	5.71	+0.65		84	Her
271.4567	32.2306	5.71	+1.16			
281.6804	-10.1250	5.71	+0.59			
292.3496	-43.4458	5.71	+0.22			
298.6567	-8.2272	5.71	-0.08		57	Aql
300.4942	-13.6369	5.71	+0.08		63	Sgr
300.9058	29.8967	5.71	+0.73			
320.9950	24.2742	5.71	+0.32			
328.0042	55.7969	5.71	-0.13			
328.5433	-4.2761	5.71	+1.18			
333.6850	42.9539	5.71	0.00			
338.4192	56.6250	5.71	+0.96			
340.2196	14.5494	5.71	+0.72			
347.6775	17.5944	5.71	+1.34			
0.2687	-48.8100	5.71	+0.91	τ		Phe
3.3783	41.0353	5.72	+0.31		23	And
7.5100	-3.9572	5.72	+1.56		12	Cet
25.5125	-36.8325	5.72	-0.01			
47.4029	29.0769	5.72	+0.12		55	Ari
62.7458	33.5867	5.72	+1.44			
62.8346	5.5231	5.72	+0.36		45	Tau
65.5146	14.0772	5.72	+0.32		60	Tau
67.0033	21.6200	5.72	+0.27			
68.4783	-6.7389	5.72	-0.13		46	Eri
71.2675	-21.2836	5.72	+1.47			
73.8275	-16.4178	5.72	+0.88			
84.1487	-6.0650	5.72	-0.22			
86.8050	14.4883	5.72	+0.04		131	Tau
92.6442	-27.1542	5.72	+1.07			
108.6912	-46.8497	5.72	-0.11			
112.2150	48.1839	5.72	-0.10			
114.1829	-48.8303	5.72	-0.06			
128.8675	-7.9822	5.72	-0.03		3	Hya
143.7233	72.2056	5.72	+0.48		22	UMa
148.7138	-50.2439	5.72	-0.01			
152.9438	-58.0606	5.72	-0.08			
163.7425	34.0347	5.72	+1.01			
182.5142	5.8069	5.72	+0.35		11	Vir
192.8242	-60.3297	5.72	+0.38			
230.9675	-12.3694	5.72	+1.04			
252.6625	29.8067	5.72	+1.60		50	Her
259.9042	80.1364	5.72	+1.50			
266.7833	17.6972	5.72	+0.01			
277.9842	-43.5078	5.72	+1.34			
277.8571	-10.7958	5.72	+0.24			
291.5462	-15.0531	5.72	+0.02			
297.1754	11.8158	5.72		π	52	Aql
304.9029	62.2575	5.72	-0.05		71	Dra
309.6829	13.3150	5.72	+1.53	θ	8	Del
343.7958	-4.9878	5.72	+0.88			
356.0500	-64.4044	5.72	+1.40			
357.6388	-14.4019	5.72	+1.51			
52.0042	-11.2867	5.73	+1.10			
56.3158	-47.3597	5.73	+0.96			
66.1217	34.1306	5.73	-0.06		55	Per
76.3175	-26.1525	5.73	+1.17			
84.1467	54.4289	5.73	+1.63			
85.8400	-18.5575	5.73	-0.01			
90.2442	47.9019	5.73	-0.01		36	Aur
92.2413	2.4994	5.73	+0.07			
100.1200	77.9958	5.73	+1.47			
103.8275	25.3756	5.73	+0.57		37	Gem
115.0608	38.3444	5.73	+1.63			
114.9325	-38.1394	5.73	-0.12			
122.6133	25.5072	5.73	+0.81	ψ	14	Cnc
126.3979	2.1022	5.73	+1.53			
133.3442	61.9622	5.73	+0.28		5	UMa
137.2679	-18.3286	5.73	0.00			
137.9946	-19.7478	5.73	+0.98			
147.6750	-46.9344	5.73	+1.08			
149.9008	29.6453	5.73	+1.06			
175.3929	31.7461	5.73	+0.43		62	UMa
186.3408	-35.1864	5.73	-0.06			
192.7413	-52.7875	5.73	+0.13			
203.8804	-5.3961	5.73	+0.95		80	Vir
220.8067	-24.9975	5.73	-0.01		4	Lib
220.9350	40.4592	5.73	+1.39			
229.1517	-60.9039	5.73	-0.08			
237.7783	-55.0558	5.73	+0.06			
241.8183	-36.7556	5.73	+0.29			
242.1167	8.5342	5.73	+1.61		47	Ser
256.1029	-57.7122	5.73	-0.10			
272.3908	3.9933	5.73	+0.37		73	Oph
275.8008	-12.0147	5.73	+0.01			
276.9950	6.1942	5.73	-0.03			
282.1575	-65.0778	5.73	+0.24	θ		Pav
281.2008	37.5944	5.73	+0.28	ζ²	7	Lyr
293.5825	51.2367	5.73	+0.48			
303.8225	-27.0328	5.73	+0.88			
317.5650	53.5633	5.73	-0.12			
324.0458	-26.1714	5.73	+0.22		8	PsA
338.9679	39.6342	5.73	-0.15		8	Lac
356.8163	-11.9108	5.73	+1.08			
359.3862	-82.1700	5.73	+1.05	γ²		Oct
4.2379	61.5333	5.74	+0.88			
6.2767	53.0469	5.74	-0.06			
13.6467	19.1883	5.74	-0.01		66	Psc
28.9625	23.5772	5.74	+1.19		7	Ari
41.3646	-63.7044	5.74	+0.93	γ		Hor
48.1383	-57.3217	5.74	+2.28			
79.5554	73.2681	5.74				
81.7846	30.2086	5.74	+0.16			
97.1633	-32.3711	5.74	-0.17			
102.3183	-2.2719	5.74	-0.10			
103.7613	-20.4047	5.74	+0.08		17	CMa
105.5725	15.3361	5.74				
114.1708	-19.7022	5.74	-0.19			
119.0775	-60.5264	5.74	+1.55			
134.2083	45.6319	5.74	+1.09			
143.0850	-19.4003	5.74	+0.14			
151.1513	53.8917	5.74	+0.48			
157.9896	-45.0667	5.74	-0.15			
167.3296	36.3094	5.74	+1.51			
168.3783	-59.6194	5.74	-0.10			
172.4246	15.4133	5.74	+1.32		85	Leo
174.1458	-33.5700	5.74	+1.02			
185.5496	-68.3075	5.74	+1.04	ζ¹		Mus
188.1500	-13.8592	5.74	+0.40			
204.2462	24.6133	5.74	+1.55			
219.1842	-40.2117	5.74	-0.12			
218.6650	49.3683	5.74	+1.56			
221.6213	-47.4411	5.74	+0.07			
222.3279	46.1161	5.74	+0.48		38	Boo
224.3667	-21.4156	5.74	+1.11			
233.9879	54.6306	5.74				
246.1054	55.2050	5.74	0.00			
250.4271	1.1811	5.74	+0.32		14	Oph
251.5883	-58.5036	5.74	-0.09			
261.0275	22.9603	5.74	+0.21		73	Her
263.2804	41.2436	5.74	+1.09			
269.7317	-36.8583	5.74	+0.90			
279.3896	62.5267	5.74	-0.06			
285.8238	-38.2533	5.74	+0.32			
291.6004	13.0239	5.74	+0.47			
298.1567	-54.9711	5.74	+0.92			
343.9354	36.3517	5.74	-0.05			
3.7271	-9.5697	5.75	-0.08			
12.0958	5.2806	5.75	+0.88			
25.4363	-11.3247	5.75	+0.44			
34.4996	57.8997	5.75	+1.17		8	Per
38.6779	-7.8594	5.75	+1.40		77	Cet
39.0388	-30.0447	5.75	+1.02	ι¹		For
45.2917	-7.6628	5.75	+1.05	ρ¹	8	Eri
66.9412	-62.5208	5.75	+1.01			
74.0296	52.8694	5.75	+0.11			
75.6871	-22.7950	5.75	+1.20		1	Lep
92.4333	23.1133	5.75	+0.21		3	Gem
93.0054	19.7906	5.75	-0.07		68	Ori
102.0792	-1.3192	5.75	+0.28			
106.9562	7.4711	5.75	+1.18			
108.5458	-3.9014	5.75	+1.58			
112.3421	-10.3267	5.75	+1.62			
125.4775	-17.5864	5.75	+1.05			
126.9971	-35.1139	5.75	-0.15			
127.8771	24.0811	5.75	+0.28	υ¹	30	Cnc
131.8288	-46.1556	5.75	+0.56			
133.8017	-18.2414	5.75	+1.32			
136.0017	54.2839	5.75	+0.02			
139.6083	35.3642	5.75				
140.6000	-46.0475	5.75	+0.92			
160.4512	68.4433	5.75	+1.30			
171.4879	55.8506	5.75				
182.2242	-44.3261	5.75	+0.24			
201.1383	-5.1639	5.75	+0.42		66	Vir
205.1687	19.9556	5.75	+0.01		1	Boo
207.9475	-69.4014	5.75	+1.73			
214.1608	-66.5878	5.75	-0.06			
234.5675	46.7978	5.75	+0.36			
239.7421	-65.0378	5.75	-0.06			
238.8775	42.5661	5.75	-0.11		4	Her
244.2729	-67.9414	5.75	+0.15			
249.0896	-2.3247	5.75	+0.82		12	Oph
255.0396	-24.9892	5.75	+0.41		26	Oph
255.5779	25.5056	5.75	+1.02			
261.9900	-52.2972	5.75	+1.17			
264.5396	-10.9264	5.75	+1.23			
265.9971	53.8017	5.75	+0.01			
274.2983	-17.3739	5.75	+1.58			
275.3462	-18.8600	5.75	+0.94			
279.4000	-0.3094	5.75	+0.07			
291.8579	52.3206	5.75	0.00	ι¹	7	Cyg
293.2242	-53.1858	5.75	+0.30			
299.6721	-69.1639	5.75	+0.23			
302.8954	62.0786	5.75	+0.47		68	Dra
310.6467	82.5311	5.75	0.00		76	Dra
318.9413	-53.2631	5.75	+0.19			
323.2358	49.9778	5.75	-0.03			
331.8692	19.4756	5.75				
334.2771	-5.3872	5.75	+0.88		44	Aqr
334.5529	62.8044	5.75	+1.26		25	Cep
336.6558	4.3936	5.75	+0.52		34	Peg
344.7992	11.7289	5.75	+0.32		52	Peg
351.0546	-51.8914	5.75	+1.59			
351.7808	42.9119	5.75	0.00		13	And
356.1696	-78.7914	5.75	+1.11			
358.2104	-8.9967	5.75	+1.17			
0.5425	27.0819	5.75	+0.67		85	Peg
23.4288	-7.0253	5.76	+0.64			
24.9492	-56.1947	5.76	+0.87			
55.6779	59.9694	5.76	+1.71			
56.4767	24.5547	5.76	-0.04		21	Tau
58.4112	48.6506	5.76	+1.05			
66.1558	33.9597	5.76	+0.40		56	Per
78.6200	-35.9772	5.76	+1.01			
80.3029	29.5700	5.76	+0.06			
96.4317	-48.1772	5.76	-0.06			
111.1392	27.6381	5.76	+0.34		59	Gem
114.9492	-38.2608	5.76	-0.07			
118.1996	-5.4281	5.76	+0.41			
123.0000	-46.6442	5.76	+0.59			
131.2163	-37.1472	5.76	-0.15			
155.5437	41.2294	5.76	+0.54			
168.4137	-53.2317	5.76	+1.32			
172.4108	-24.4633	5.76	+0.07			
183.3554	-38.9292	5.76	-0.13			
193.3408	-60.3286	5.76	+0.33			
209.6621	21.6961	5.76	-0.03		10	Boo
218.1287	55.3978	5.76	+1.50			
227.3746	-67.0842	5.76	+0.69			
227.5775	-26.3328	5.76	+1.05			
239.0250	-60.4828	5.76	+0.06			
247.8058	22.1953	5.76	+1.61			
259.7000	-44.1297	5.76	-0.05			
277.4863	-57.5231	5.76	+0.98			
278.4125	-14.8536	5.76	+0.04			
300.0958	-66.9494	5.76	+1.04	μ¹		Pav
298.7013	36.9961	5.76	+0.75			
304.6033	55.3972	5.76	+0.11			
310.3487	-31.5983	5.76	+1.53			
315.0896	-51.2653	5.76	+0.47			
317.1371	-63.9289	5.76	+1.18			
319.8700	49.5103	5.76	-0.15			
336.1129	-13.5294	5.76	+0.97		50	Aqr
341.5425	44.5461	5.76	+0.36			
3.3308	-84.9942	5.77	+1.72			
6.3508	1.9397	5.77	+0.86		44	Psc
40.7617	55.1058	5.77	-0.13		11	Per
41.1371	15.3117	5.77	-0.01	ο	37	Ari
53.1500	9.3736	5.77	-0.08		6	Tau
57.9738	34.3592	5.77	0.00			
65.1717	6.1308	5.77	+0.92			
68.0075	53.9108	5.77	+0.18		1	Cam
72.1354	-16.3294	5.77	+0.55		59	Eri
82.0067	17.2389	5.77	+1.63		117	Tau
97.1554	-17.4661	5.77	+1.12			
102.7079	-0.5408	5.77	+0.39			
103.2058	8.3803	5.77	+0.26			
110.3229	45.2281	5.77	+0.32			
112.2704	-31.4564	5.77	-0.19			
113.6454	-27.0119	5.77	+1.06			
115.4658	13.4806	5.77	+1.67			
120.3363	59.0475	5.77	+0.39			
137.2979	-12.3578	5.77	+0.94			
141.3629	-61.9503	5.77	+0.15			
153.2012	4.6147	5.77	+1.18		19	Sex
157.5267	38.9253	5.77	+0.08		32	LMi
160.9633	-64.2489	5.77	0.00			
173.5917	3.0600	5.77	+0.46		89	Leo
188.6762	-44.6733	5.77	+0.70			
198.1371	11.5561	5.77	+1.51			
200.2404	-46.8806	5.77	+1.12			
201.7363	78.6439	5.77	+0.77			
207.9467	-46.8992	5.77	-0.16			
210.0004	-25.0103	5.77	+0.48		48	Hya
221.9896	-26.6464	5.77	-0.02		57	Hya
224.0550	14.4464	5.77	-0.06			
226.8579	-49.0883	5.77	+0.92			
237.5288	-53.2094	5.77	-0.08			
238.8846	-60.1778	5.77	+0.35			
245.1050	-55.1400	5.77	+0.97			
250.1613	4.2197	5.77	-0.02		37	Her
253.7433	-41.1511	5.77	+0.15			
261.0779	-60.6736	5.77	-0.08			
260.9900	8.8528	5.77	+1.25			
264.3796	24.3100	5.77	+0.11		79	Her
268.3092	6.1014	5.77	+0.42			
270.4767	-22.7806	5.77	0.00			
271.7075	-43.4247	5.77	+0.22			
271.7075	-43.4247	5.77				
271.5633	-4.7514	5.77	+0.96			
277.7683	16.9286	5.77	+0.04			
283.6962	48.8597	5.77	+0.43			
286.6600	24.2508	5.77	+0.09			
296.8658	38.4075	5.77	-0.06			
308.3229	-80.9650	5.77	+1.14			
312.8675	28.2506	5.77	+0.72			
321.1033	-41.0067	5.77	-0.05	θ²		Mic
323.8233	-3.9831	5.77	+1.11			
327.8925	19.8267	5.77	-0.10			
337.9058	-85.9672	5.77	+1.02	υ		Oct
348.7442	-41.1056	5.77	+1.18			
350.2221	38.1822	5.77	+0.46		12	And
357.3646	1.0761	5.77	+0.16		21	Psc
25.8321	60.5511	5.78	-0.02		44	Cas
39.4004	65.7456	5.78	+1.56			
41.9483	81.4483	5.78	+1.30			
40.0513	-9.4531	5.78	+0.52			
52.4792	-42.6342	5.78	+0.22			
70.3325	28.6150	5.78	-0.03			
72.1512	-5.6739	5.78	+0.62			
77.0842	-8.6650	5.78	-0.06			
82.4783	1.7892	5.78	-0.20			
83.2808	-35.1397	5.78	+1.07			
83.8142	-33.0800	5.78	+1.12			
83.6863	-73.7414	5.78	+1.71			
91.7400	-21.8128	5.78	+1.64			
93.0837	32.6933	5.78	+1.66			
94.9208	-34.3967	5.78	-0.08			
106.4129	9.1858	5.78	+1.52			
107.8462	26.8567	5.78	+0.10		47	Gem
108.2800	-11.2514	5.78	+1.51			
109.5092	40.8833	5.78	+0.17		64	Aur
111.2846	-13.7519	5.78	+0.42			
111.3554	-25.2178	5.78	-0.10			
117.3037	-60.2836	5.78	+0.42			
119.2475	15.7903	5.78	+1.28		1	Cnc
123.5550	-35.4906	5.78	+1.02			
128.6825	36.4194	5.78	+0.04		33	Lyn
133.4529	-60.3542	5.78	-0.08			
139.8883	-15.8344	5.78	+1.29			
153.3667	-51.7561	5.78	+0.14			
192.3225	27.5522	5.78	+0.03		30	Com
197.3017	10.0222	5.78	+1.00			
201.2779	23.8544	5.78	+0.06			
204.2017	-26.4950	5.78	+0.22			
234.4504	-23.1417	5.78	+1.10			
241.9017	-12.7456	5.78	+0.01		11	Sco
244.1867	29.1503	5.78	+0.07	υ	18	CrB
267.8979	-60.1644	5.78	+1.00			
278.8025	18.2033	5.78	0.00			
280.9050	-64.5511	5.78	+0.96			
308.4788	46.6939	5.78	-0.16			
311.0917	56.4881	5.78	+1.67			
313.6996	-17.9231	5.78	+1.12		19	Cap
321.8117	-21.1961	5.78	+1.44		35	Cap
330.4608	52.8822	5.78	-0.11			
331.2975	26.6739	5.78	+1.25			
331.9596	21.7028	5.78	-0.10		25	Peg
332.6558	11.6244	5.78	+1.58			
336.2938	-70.4317	5.78	+0.38			
336.0287	-4.8369	5.78	-0.04		51	Aqr
1.0821	-16.5289	5.78	+1.10			
3.7450	8.8208	5.79	+0.31		35	Psc
5.1896	32.9114	5.79	+1.59			
9.1137	60.3261	5.79	+0.29			
17.1387	58.2636	5.79	-0.01			
21.7421	-32.5431	5.79	+3.86			
27.1733	32.6903	5.79	+0.55			
28.0392	50.7928	5.79	-0.07		2	Per
33.9417	25.7831	5.79	+0.44		20	Ari
39.2442	-34.5783	5.79	+0.66	λ²		For
48.0592	27.2569	5.79	-0.12		56	Ari
48.9500	57.1408	5.79	+0.73			
62.9008	-20.3561	5.79	+0.18			
65.2412	-81.5800	5.79	+0.35	ν		Men
69.5392	16.0333	5.79	+0.31		89	Tau
68.3917	-62.8236	5.79	+1.04			
74.4529	23.9486	5.79	+1.11		99	Tau
82.3483	-3.4464	5.79	+1.15			
86.7171	9.5222	5.79	+0.88			
99.5958	28.9842	5.79	0.00		53	Aur
100.2725	0.4953	5.79	-0.10			
102.5913	-17.0839	5.79	+1.44			
106.7796	-40.8933	5.79	-0.17			
111.9654	-11.5569	5.79	+0.58			
117.4208	-66.1958	5.79	-0.04			
127.2817	-44.1606	5.79	-0.16			
131.4800	-79.5044	5.79	+1.60			
135.1904	-60.9639	5.79	+1.21			
137.8883	-46.5839	5.79	-0.21			
146.5417	6.7086	5.79	+1.64			
147.8004	-59.4258	5.79	+1.36			
160.8371	4.7478	5.79	+1.17		35	Sex
162.5754	-8.8978	5.79	+0.16		41	Sex
168.5075	8.0606	5.79	+1.12			
170.7837	-56.7794	5.79	+0.01			
185.9371	-38.9111	5.79	-0.08			
194.9146	-3.8119	5.79	+0.18		44	Vir
197.7867	-42.2331	5.79	+0.52			
198.8833	40.8553	5.79	+0.19		19	CVn
201.5337	72.3914	5.79	+1.63			
205.0454	-64.5769	5.79	+0.39			
227.0504	-40.5839	5.79	-0.14			
230.6600	63.3414	5.79	+1.27			
232.7321	64.2086	5.79	+0.96			
247.0612	-37.1794	5.79	+1.10			
249.0467	46.6133	5.79	+1.04			
254.8908	-69.2683	5.79	-0.10			
265.3179	-46.9219	5.79	-0.01			
265.4917	72.1569	5.79	+0.53	ψ¹	31	Dra
262.7000	86.9681	5.79	+0.25		24	UMi
283.8792	-16.3767	5.79	+0.36			
298.5342	-8.5742	5.79	+1.64		56	Aql
303.3654	60.6406	5.79	+1.47			
333.0929	63.2914	5.79	+1.67			
334.2192	-9.0400	5.79	+1.16			
337.2925	26.7631	5.79	+1.25			
339.3042	75.3717	5.79	+1.57			
345.9979	-41.4783	5.79	+1.08			
349.9683	42.0781	5.79	+1.48		10	And
357.8383	9.3133	5.79	+1.66		80	Peg
11.4400	-47.5517	5.80	+0.64			
17.5808	25.4578	5.80	+1.47			
23.9783	17.4336	5.80				
28.2171	-16.9292	5.80	+0.27			
42.9946	68.8886	5.80	+0.64			
44.5217	20.6686	5.80	+0.41		47	Ari
56.5037	67.2017	5.80	+0.35			
58.4304	57.9750	5.80	+0.18			
80.4317	8.4286	5.80	-0.13			
87.5108	9.8711	5.80	+0.87			
91.3629	-35.5136	5.80	+0.02			
92.8846	24.4203	5.80	+1.11		5	Gem
96.0571	-60.2811	5.80	0.00			
98.8158	0.8900	5.80	0.00			
101.3804	-30.9489	5.80	-0.19			
101.4737	-52.4100	5.80	+1.53			
109.1325	-38.3189	5.80	-0.13			
111.2383	51.8872	5.80	+1.61			
114.6829	-36.4969	5.80	-0.16			
116.0400	-36.0628	5.80	+0.31			
128.9671	-50.9700	5.80	-0.13			
145.2592	-57.2597	5.80	+1.09			
160.9304	57.1992	5.80	-0.02		39	UMa
168.3113	-44.3722	5.80	+1.66			
171.2454	11.4303	5.80	+1.38			
174.0746	27.7811	5.80	+0.23			
181.3129	76.9058	5.80	+1.01			
187.4746	-56.5247	5.80	+1.56			
189.0050	-39.8700	5.80	+0.01			
214.3683	15.2633	5.80	+1.71			
222.4933	28.6158	5.80	+0.05			
223.5954	-11.8983	5.80	+0.97	ξ¹	13	Lib
239.3387	-36.1850	5.80	+1.01			
256.3321	54.4703	5.80	+0.48	μ	21	Dra
260.7788	-56.5253	5.80	+1.00			
269.1746	-28.0653	5.80	+0.21			
288.3071	-25.9067	5.80	+1.38			
292.2542	1.9503	5.80	+0.08		35	Aql
301.0258	17.0700	5.80	+0.61		15	Sge
305.0892	17.7931	5.80	+1.49			
310.1354	-16.1242	5.80	+1.00			
322.0346	32.2253	5.80	+0.32			
328.7217	56.6114	5.80	+0.73		13	Cep
330.8292	11.3864	5.80	-0.07		21	Peg
343.3696	-11.6167	5.80	-0.08		74	Aqr
354.3833	44.4292	5.80	-0.06			
1.2758	61.3142	5.80	-0.09			
17.7929	37.7242	5.81	-0.10		45	And
22.8075	70.2647	5.81	+0.47		38	Cas
34.9762	-55.9447	5.81	+1.55			
39.1463	7.7297	5.81	+1.04			
53.3962	39.8994	5.81	+0.11			
57.1492	-20.9031	5.81	+1.64			
68.1558	-3.2092	5.81	-0.14			
73.9596	15.0400	5.81	-0.08			
74.5392	25.0503	5.81	0.00		98	Tau
89.6567	-44.0344	5.81	+1.07			
91.5229	-29.7586	5.81	+0.05			
94.7458	-20.9261	5.81	-0.15			
113.5658	3.3714	5.81	-0.02	δ³	9	CMi
119.7104	-60.8244	5.81	-0.09			
128.5067	-2.1517	5.81	0.00			
152.3771	-68.6833	5.81	+0.02			
154.6567	-56.1100	5.81	+0.48			
164.0062	6.1853	5.81	+1.45		56	Leo
164.9975	-43.8072	5.81	-0.08			
167.4725	-32.3675	5.81	+0.04			
171.6971	-53.1600	5.81	+0.52			
173.0671	-29.2633	5.81	+0.53			
184.3729	53.1911	5.81	+1.30			
186.2633	56.7775	5.81	+1.62		71	UMa
206.4038	-26.1161	5.81	+0.02			
221.5283	-23.1531	5.81	+0.98			
227.1479	25.1086	5.81	+1.24			
228.5796	-70.0794	5.81	+3.38			
235.4779	18.4639	5.81	+0.20	τ7	22	Ser
238.0692	55.8267	5.81	+0.96			
243.3442	-55.5408	5.81	+0.34	ζ		Nor
263.6529	9.5867	5.81	+0.02		53	Oph
279.6279	-23.5050	5.81	+0.02			
282.3642	-45.8103	5.81	+0.90			
287.1075	52.4256	5.81	+1.09			
291.6196	19.8914	5.81	+1.55			
292.2375	24.7686	5.81	+1.03		8	Vul
300.2013	-45.1131	5.81	+0.28			
314.1062	50.7286	5.81	+0.30			
332.2458	-18.5197	5.81	-0.17		35	Aqr
343.4171	44.7492	5.81	+0.26			
343.5292	40.3769	5.81	+1.13			
347.4887	-42.8606	5.81	+0.48			
353.3313	-77.3853	5.81	+0.68			
16.9425	-9.7856	5.82	+0.43		30	Cet
22.9304	-30.2833	5.82	+1.08			
27.3154	47.8969	5.82	+0.29			
29.4325	27.8044	5.82	+1.60			
35.7096	41.3964	5.82	+0.27			
39.0204	6.8869	5.82	+0.98			
42.1337	18.2836	5.82	+1.20		40	Ari
45.7329	-46.9750	5.82	+1.30			
52.6542	48.1036	5.82	-0.04			
84.6817	-40.7075	5.82	-0.09			
96.7667	-58.0022	5.82	+1.28			
105.6396	16.6742	5.82	+1.68			
108.6746	24.8850	5.82	+1.56		52	Gem
108.9142	7.9778	5.82	+1.60			
110.6058	-5.9828	5.82	+0.35			
120.7671	-32.4639	5.82	+1.22			
122.7962	-48.4619	5.82	-0.15			
133.2000	-38.7242	5.82	+1.50			
135.3504	32.2525	5.82	0.00		66	Cnc
154.5083	65.1083	5.82	+0.12		32	UMa
154.3108	23.1061	5.82	+0.50		39	Leo
194.0733	54.0994	5.82	+0.19			
199.6158	34.0981	5.82	+1.35			
223.6583	-33.3006	5.82	+1.42			
232.6683	-16.6094	5.82	+1.06	ζ³	34	Lib
233.5067	-40.0661	5.82	+1.68			
269.0767	0.6703	5.82	+0.09			
294.6717	54.9739	5.82	+0.44			
316.6263	31.1847	5.82	+0.56			
319.5462	-4.5194	5.82	-0.13		15	Aqr
320.2700	7.3544	5.82	+1.66		9	Equ
339.1475	-31.6639	5.82	+1.09			
339.7192	19.5222	5.82	+0.92		40	Peg
348.3604	11.0650	5.82	+1.01			
10.5142	66.1475	5.83	+1.04			
36.5013	-15.3411	5.83	+0.15			
38.2188	34.5425	5.83	+1.07			
39.5779	-30.1942	5.83	+0.48	ι²		For
45.4838	-9.9614	5.83	+1.11			
52.7150	-66.4897	5.83	-0.06			
59.7179	-5.4700	5.83	+1.00			
65.7738	-24.8922	5.83	+1.51			
84.2867	26.9242	5.83	-0.07			
91.7654	-34.3119	5.83	-0.13			
93.4762	-3.7414	5.83	+0.94			
93.6529	-4.5683	5.83	-0.17			
113.5775	-23.4736	5.83	+0.44			
120.2329	25.3928	5.83	+1.02	ω¹	2	Cnc
123.5996	-45.8344	5.83	-0.20			
125.0875	20.7478	5.83	+1.13			
149.5950	72.8794	5.83	+1.14			
172.2692	61.7783	5.83	+0.36			
174.0929	-61.0522	5.83	-0.09			
183.7483	-20.8442	5.83	+1.05			
200.5675	-52.1831	5.83	+0.12			
204.6750	-29.5608	5.83	+0.40			
209.0813	-46.5925	5.83	+1.14			
216.8008	-46.1344	5.83	+0.31			
217.8187	-67.7172	5.83	+1.00			
240.2129	4.4275	5.83	+1.00			
240.8308	36.6317	5.83	+0.56			
243.3200	-53.6717	5.83	+1.96			
249.6092	-43.3986	5.83	-0.02			
256.3325	54.4703	5.83		μ	21	Dra
276.4950	29.8289	5.83	+0.06			
281.2067	-25.0111	5.83	+0.05			
281.3683	5.4997	5.83	+0.04			
282.7437	-9.7742	5.83	+0.61			
285.8842	1.8189	5.83	+0.18			
290.5896	-0.2525	5.83	+1.09			
315.5379	56.6697	5.83	-0.07			
318.0567	-40.2694	5.83	+0.45			
319.8425	38.2375	5.83	+0.50			
336.6771	78.7858	5.83	+0.15	ρ¹	28	Cep
345.1788	3.0117	5.83	+1.34			
346.8113	-50.6864	5.83	+0.48			
347.5408	-40.5917	5.83	+1.62			
2.5783	-5.2486	5.84	+0.98			
16.0817	61.5803	5.84	+0.54			
20.8792	-30.9456	5.84	+1.61			
27.0454	16.9556	5.84	-0.03		4	Ari
40.7488	53.5261	5.84	+1.12			
44.5238	-23.6061	5.84	+1.33		6	Eri
98.0800	4.8558	5.84	+0.99		12	Mon
97.8042	-35.2592	5.84	+0.81			
107.9233	-20.8831	5.84	-0.04			
117.3037	-46.8578	5.84	-0.14			
139.2812	-14.5736	5.84	+1.06			
149.1479	-33.4186	5.84	+1.20			
154.1746	25.3714	5.84	+1.20			
178.9933	56.5986	5.84	+1.10		66	UMa
190.3458	-46.1456	5.84	+1.52			
193.7354	47.1967	5.84	+1.55			
199.3079	-43.9794	5.84	+0.20			
228.4721	-26.1936	5.84	+1.14			
234.5679	-21.0161	5.84	+1.08			
234.6429	50.4233	5.84	+0.83			
237.4896	-48.9119	5.84	+0.07			
246.1654	-29.7047	5.84	+0.59			
257.9121	-48.8742	5.84	+1.84			
263.2808	-41.1736	5.84	+0.06			
268.0821	-34.4167	5.84	+1.13			
278.1925	23.6169	5.84	+1.46			
280.0021	-7.7906	5.84	+1.55			
290.9854	43.3881	5.84	+0.92			
295.9375	41.7731	5.84	+1.57			
304.5292	40.7322	5.84	+0.10			
348.6554	74.2311	5.84				
353.7458	71.6422	5.84	+1.80			
2.6783	-12.5800	5.85	+1.01			
13.9267	-7.3472	5.85	+1.52			
32.2888	-43.5167	5.85	+1.19			
49.3608	-47.7517	5.85	+1.24			
54.6217	-7.3917	5.85	+0.98			
57.4029	63.2972	5.85	+0.18			
65.1783	-7.5925	5.85	-0.13			
75.6896	-4.2097	5.85	+1.21			
74.7121	-82.4706	5.85	+0.93	ξ		Men
99.4104	56.8575	5.85			11	Lyn
102.4575	16.2028	5.85	-0.13		33	Gem
108.1100	24.1283	5.85	+0.36		48	Gem
109.5175	-43.9867	5.85	-0.12			
113.2904	-24.7108	5.85	+0.17			
123.4592	56.4522	5.85	+1.01			
125.7300	-52.1239	5.85	+0.01			
135.6867	7.2981	5.85	+1.11			
138.5342	-44.1458	5.85	-0.12			
142.6800	33.6556	5.85	+1.05		7	LMi
142.5942	-15.5772	5.85	+1.20			
149.1083	8.9331	5.85	+1.13			
152.8033	37.4019	5.85	+1.29			
159.7817	37.9100	5.85	+0.57		38	LMi
177.9233	-30.8350	5.85	+0.56			
183.3579	10.2622	5.85	+0.27		12	Vir
188.7837	21.8814	5.85	+1.22			
192.1642	60.3200	5.85	+0.46			
192.2775	83.4181	5.85	-0.06			
198.5717	-78.4472	5.85	+1.07			
205.3746	64.8225	5.85	+0.07			
216.7796	-65.8217	5.85	+1.50			
219.5633	54.0233	5.85	-0.01			
222.5658	23.9119	5.85	+0.56			
225.5267	-28.0606	5.85	+0.16		60	Hya
227.1629	-42.8678	5.85	-0.11			
237.1433	28.1567	5.85	+0.77			
239.4183	-20.9831	5.85	+0.02			
246.0450	6.9481	5.85	-0.01		21	Her
261.1750	-21.4417	5.85	+0.93			
261.6842	48.2600	5.85	+0.12		77	Her
273.1437	-73.6717	5.85	+0.46			
271.5308	-8.3239	5.85	+0.21			
288.8533	30.5264	5.85	+1.67			
292.0867	2.9303	5.85	+0.01			
301.5575	53.1658	5.85	+0.39			
303.1079	-12.6175	5.85	+0.48	ξ²	2	Cap
306.3617	-28.6633	5.85	+1.10			
324.7546	20.2653	5.85	+0.32			
27.5354	22.2753	5.86	+0.74		1	Ari
30.7442	-15.3058	5.86	+0.98			
33.2537	-21.0003	5.86	+1.01			
42.1912	25.1881	5.86	-0.07			
62.5063	86.6261	5.86	+0.37			
65.3629	-0.0981	5.86	+1.32			
72.3292	32.5883	5.86	+0.24			
72.8675	-34.9064	5.86	+0.08			
82.9004	-45.9253	5.86	+1.35			
104.2333	46.7050	5.86	+1.08			
112.3571	-7.5511	5.86	+0.48			
118.8808	8.8628	5.86	+0.35			
134.6829	-16.1328	5.86	+0.53			
138.7383	-37.6025	5.86	+0.83			
139.3642	-74.7347	5.86	-0.02			
151.0121	-18.1017	5.86	-0.06			
162.4312	-9.8528	5.86	+1.07			
191.6917	-33.3156	5.86	+1.34			
236.9083	55.3767	5.86	+0.25			
242.8237	-41.1197	5.86	+0.27			
254.9900	-25.0919	5.86	+1.62			
264.2867	72.4558	5.86	+1.01			
272.8154	-75.8914	5.86	+1.24			
271.9563	26.1014	5.86	+0.12		100	Her
272.7733	-41.3592	5.86	+0.29			
279.8096	-47.9097	5.86	+0.23			
279.7225	-21.0519	5.86	+0.68			
312.3233	-25.7814	5.86	-0.07			
328.8796	65.3208	5.86	-0.06			
339.2450	-40.5911	5.86	+0.06	σ²		Gru
0.6504	66.0989	5.86	+1.09			
4.6596	31.5172	5.87	-0.01			
7.8567	33.5817	5.87	+1.14			
9.8408	21.2506	5.87	+0.85		54	Psc
12.0379	72.6750	5.87	+1.01			
19.9512	-0.5089	5.87	+0.64		42	Cet
24.9475	-56.1981	5.87	+0.90			
24.4817	-82.9750	5.87	+0.61			
29.8987	21.0583	5.87	+1.03			
35.5208	-17.6622	5.87	+1.23			
61.5129	68.6800	5.87	+1.54			
64.4175	-63.2556	5.87	-0.07	θ		Ret
70.8400	49.9739	5.87	+0.02			
81.7721	-40.9436	5.87	+0.23			
85.5579	-22.3736	5.87	+0.11		12	Lep
87.4729	-22.9717	5.87	+0.06			
88.8762	-4.6164	5.87	+1.18			
89.2062	11.5211	5.87	+1.10			
91.2642	42.9817	5.87	+0.30		39	Aur
91.3625	-10.2428	5.87	+0.37			
94.2896	-37.2531	5.87	+0.14			
96.3183	-0.9461	5.87	+0.56			
96.6650	-1.5072	5.87	+0.08			
98.1133	32.4547	5.87	+0.14			
104.1346	46.2742	5.87	-0.06	ψ9		Aur
110.2679	-25.8914	5.87	+1.64			
112.4983	-52.6511	5.87	+1.01			
113.5796	-23.4747	5.87				
120.2079	-54.1514	5.87	-0.14			
128.4313	4.7567	5.87	+1.07			
131.7333	12.1100	5.87	+0.11		50	Cnc
132.5092	-29.4631	5.87	+0.95			
134.4825	-48.5733	5.87	+1.07			
139.6758	-51.5606	5.87	+0.54			
142.8871	-35.7150	5.87	+1.29			
181.0692	21.4592	5.87	+0.22		2	Com
189.1975	-5.8319	5.87	+0.07		25	Vir
200.5404	5.1547	5.87	+0.12		64	Vir
206.5563	41.0886	5.87	+0.21			
207.7883	34.6644	5.87	+1.62			
214.7533	-25.8156	5.87	+0.50			
218.3850	-54.9983	5.87	+0.48			
218.3746	-52.6800	5.87	+1.09			
218.8812	-41.5172	5.87	-0.08			
223.1458	-63.8100	5.87	+0.72			
224.7233	-11.1442	5.87	+1.26		18	Lib
234.3833	54.5089	5.87	+1.07			
238.6646	-25.2436	5.87	-0.06		3	Sco
242.9483	42.3744	5.87	+1.45			
250.4396	-33.1464	5.87	+0.65			
251.8325	42.2389	5.87	+1.61			
266.1750	-42.7289	5.87	+0.16			
269.9029	-4.8214	5.87	+1.56			
290.4621	-18.3083	5.87	+1.06	ρ²	45	Sgr
292.8408	26.6172	5.87	+0.93			
304.5058	-21.8100	5.87	+1.00		4	Cap
314.4192	-16.0317	5.87	+0.18			
316.5971	71.4319	5.87	+0.40			
320.2679	-4.5600	5.87	+0.92		16	Aqr
340.0929	-30.6589	5.87	+1.30			
347.4358	-28.0886	5.87	+1.31			
353.5375	-1.2475	5.87	+0.30		14	Psc
358.1250	-14.2511	5.87	+1.28			
23.5692	37.2372	5.88	-0.07			
30.0383	3.0972	5.88	+0.62		112	Psc
36.6467	-20.0428	5.88	+1.26			
42.9237	46.8419	5.88	+0.89			
65.4658	56.5067	5.88				
66.8700	11.2125	5.88	+0.05			
68.6583	28.9611	5.88	-0.06			
84.5046	7.5414	5.88	-0.07			
93.6192	17.9064	5.88	+0.22			
97.6967	58.1628	5.88	+0.94		6	Lyn
98.8233	9.9883	5.88	+1.51			
116.1425	-37.9431	5.88	-0.11			
116.5433	-37.9339	5.88	-0.11			
127.4425	67.2975	5.88	+0.97			
129.2742	9.6556	5.88	+0.09		36	Cnc
135.2854	-68.6839	5.88	+1.63			
142.5975	-58.3617	5.88	+1.70			
162.0592	-31.6883	5.88	+0.03			
165.0483	-14.0833	5.88	+1.50			
169.1746	49.4764	5.88	+1.08			
177.1612	14.2842	5.88	+0.29			
188.0417	-73.0017	5.88	+1.11			
201.5692	46.0281	5.88	+0.97			
220.1829	16.4178	5.88	+0.24	π²	29	Boo
236.0075	2.5150	5.88	+0.68	ψ	23	Ser
242.1821	-23.6856	5.88	+0.02			
245.6204	-43.9122	5.88	+1.16			
253.6121	-42.4789	5.88	+0.64			
253.3550	-20.4156	5.88	+0.68			
259.1321	1.2106	5.88	+0.06			
262.8637	-80.8592	5.88	+1.67			
260.7292	-58.0103	5.88	+1.07			
272.9379	33.4469	5.88	+0.01			
281.6796	52.9881	5.88	-0.09			
282.2225	19.3286	5.88	+0.03			
285.8738	-68.7553	5.88	+0.56			
287.4908	-41.8925	5.88	-0.08			
299.9475	-9.9583	5.88	+0.58			
300.4362	24.8003	5.88	-0.12			
307.3350	36.4547	5.88	+0.52		42	Cyg
312.6742	-12.5450	5.88	+1.07			
325.7683	-14.3997	5.88	+0.25		44	Cap
334.1104	57.2203	5.88	+0.93			
338.1100	39.7797	5.88	+0.16			
1.0567	62.2878	5.88	+0.30		9	Cas
4.2879	47.9475	5.89	-0.09			
9.1971	15.2317	5.89	-0.15		53	Psc
10.1100	-59.4544	5.89	+0.55			
23.7046	18.4606	5.89	+1.52			
28.9767	37.2778	5.89	+1.63			
37.2021	29.9319	5.89	+0.58		13	Tri
44.9162	41.0331	5.89	+1.44			
45.4071	-28.0917	5.89	+0.79	ε		For
46.8292	64.0578	5.89	-0.03			
60.2033	18.1939	5.89	+0.32			
61.9975	17.3397	5.89	+1.50			
76.9813	21.7047	5.89	+0.19		105	Tau
77.9388	1.0369	5.89	+0.66			
81.4992	-19.6956	5.89	+0.40			
89.8408	49.9244	5.89	+1.23			
104.2521	33.6811	5.89	+0.88			
109.8433	2.7406	5.89	+1.07			
115.2438	23.0186	5.89	+1.58			
125.1088	57.7433	5.89	+0.39		30	Lyn
134.1271	40.2017	5.89	+0.35			
145.3967	31.2781	5.89	+1.60			
164.8787	-16.3539	5.89	+1.63			
167.4104	43.2075	5.89	+1.57			
171.3879	-37.7478	5.89	+1.54			
180.6571	-69.1922	5.89	-0.08			
189.7646	-30.4222	5.89	+1.21			
191.8288	62.7808	5.89				
192.5446	37.5169	5.89	+0.15			
193.7438	-44.1519	5.89	+0.64			
198.3479	-50.7000	5.89	-0.02			
198.5504	-58.6839	5.89	+1.08			
198.6796	-48.9567	5.89	+1.06			
200.8287	-4.9244	5.89	+1.43		65	Vir
208.4296	-53.3736	5.89	+0.01			
225.3042	-38.0583	5.89	+1.24			
228.0179	18.9758	5.89	+1.53			
229.6092	-0.4614	5.89	+1.51			
231.5613	-68.3092	5.89	+1.02			
258.3229	-67.1967	5.89	+1.06			
269.0792	-15.8125	5.89	+0.05			
275.6471	12.0289	5.89	+0.04			
278.2304	-73.9656	5.89	+0.98			
284.6954	13.9067	5.89	+0.25		10	Aql
284.5079	38.2661	5.89	-0.17			
293.5354	-40.0347	5.89	+0.09			
316.0196	-5.8231	5.89	+0.68		12	Aqr
333.4108	28.6083	5.89	+1.15			
338.5121	-1.5742	5.89	+0.99		60	Aqr
355.2871	-11.6806	5.89	+1.00			
355.4863	7.2506	5.89	+0.10			
5.1017	30.9358	5.90	-0.10			
11.0504	-38.4217	5.90	+1.16	λ²		Scl
12.3079	-24.1364	5.90	+0.95			
27.7379	51.9333	5.90	+0.43			
38.2792	-34.6500	5.90	+1.06	λ¹		For
39.2383	38.7328	5.90	+0.48			
45.4754	26.4622	5.90	+0.14		49	Ari
48.3500	48.1769	5.90	+0.97			
49.9825	27.0711	5.90	+0.86		59	Ari
53.1667	35.4617	5.90	-0.06			
56.6142	-29.3381	5.90	+0.12	σ		For
61.3342	22.0089	5.90	+0.62		39	Tau
67.0975	14.7408	5.90	+0.32		76	Tau
71.0221	-8.5036	5.90	-0.11		56	Eri
77.8300	-2.4908	5.90	+0.46			
80.8271	-8.4158	5.90	-0.03			
88.7458	31.7017	5.90	+0.14			
89.6017	1.8369	5.90	+0.21		59	Ori
97.5125	46.6856	5.90	+1.44		47	Aur
100.9112	3.9322	5.90	-0.02			
108.5646	-9.9475	5.90	+1.52			
111.6763	-34.1408	5.90	-0.17			
113.0242	-8.8808	5.90	+0.54			
116.8021	-22.5197	5.90	-0.19			
125.7079	-26.3481	5.90	+0.37			
128.2292	38.0164	5.90	+1.11			
130.2721	-48.9225	5.90	-0.21			
153.4412	-40.3458	5.90	+1.21			
155.7762	33.9081	5.90	+0.14		27	LMi
157.9642	32.3794	5.90	+0.11		33	LMi
173.0829	-66.9622	5.90	+1.13			
184.6679	-0.7872	5.90	+0.17		13	Vir
193.4546	-60.3769	5.90	+0.20	κ		Cru
198.2037	-66.2269	5.90	+0.06			
204.3487	-46.4283	5.90	-0.12			
208.2929	28.6481	5.90	+0.20			
214.6596	-18.7161	5.90	0.00			
231.9642	60.6703	5.90	+1.44			
241.1529	-37.8631	5.90	+0.40			
268.0567	-34.7992	5.90	-0.10			
271.9563	26.0975	5.90	+0.14		100	Her
277.3988	23.8661	5.90	-0.10			
281.6187	-0.9617	5.90	+0.13		5	Aql
305.9350	37.4764	5.90	-0.20			
314.1079	49.1958	5.90	+1.04			
315.9483	53.2861	5.90	+0.99			
328.7979	-61.8864	5.90	+0.39			
340.4892	14.5164	5.90	+1.11			
342.0454	37.4167	5.90	+1.03			
342.7592	85.3736	5.90	+1.32			
357.4208	36.4253	5.90	+0.79			
10.1767	-4.3519	5.91	+1.10			
21.0858	-6.9147	5.91	+0.41			
27.1083	3.6856	5.91	+0.97			
33.6333	-41.1667	5.91	+0.97			
43.9521	18.3317	5.91	+1.47	ρ²	45	Ari
49.5117	-28.7969	5.91	+0.33			
56.5396	6.8031	5.91	+0.99			
57.1621	0.2278	5.91	+1.23			
65.5950	20.8214	5.91	+1.66			
78.2008	-6.0572	5.91	+0.96			
93.7854	13.8511	5.91	-0.23			
93.7850	-20.2722	5.91	+1.32			
106.8429	34.0094	5.91	+1.51			
109.9483	7.1428	5.91	+0.53			
114.1446	5.8617	5.91	+0.60			
117.5996	-50.5097	5.91	+1.09			
129.8233	52.7117	5.91	+1.17			
133.1608	-48.3592	5.91	-0.15			
142.1275	-66.7019	5.91	+0.01			
143.3592	-22.8639	5.91	+0.02			
152.5312	-8.4083	5.91	+0.02		17	Sex
158.1400	-44.6189	5.91	+0.92			
159.5104	-57.2564	5.91	-0.14			
162.3504	-59.3236	5.91	0.00			
163.9267	0.7369	5.91	+0.42		55	Leo
164.2829	-50.7650	5.91	+0.18			
169.7292	1.6506	5.91	+1.04		76	Leo
178.7492	-63.2789	5.91	+0.19			
197.4492	16.8486	5.91	+1.45			
197.9650	-69.9419	5.91	+0.42			
197.5133	38.4989	5.91	+0.29		17	CVn
203.6687	-13.2144	5.91	+0.02			
206.8650	-50.2494	5.91	+0.29			
205.6637	78.0644	5.91	+1.01			
209.1163	1.0506	5.91	+0.20		92	Vir
209.8221	-50.3700	5.91	+0.96			
213.4200	-0.8456	5.91	+0.47			
219.5583	18.2983	5.91	+1.10			
220.1767	13.5342	5.91	+0.21			
222.1850	-66.5939	5.91	-0.07			
227.7846	-84.7875	5.91	-0.06	ω		Oct
242.2454	3.4544	5.91	+1.47			
244.7967	49.0381	5.91	+1.37			
250.3471	-68.2961	5.91	-0.08	η¹		TrA
249.7717	-37.2175	5.91	0.00			
252.3942	13.2614	5.91	+0.03			
255.9617	-38.1522	5.91	+0.38			
259.8017	-59.6944	5.91	+1.37			
259.7383	-34.9897	5.91	+1.04			
282.4413	32.8128	5.91	-0.16	ν¹	8	Lyr
290.0671	57.6453	5.91	+1.58			
296.4162	7.6133	5.91	+0.18	υ	49	Aql
298.0300	47.9319	5.91	-0.18			
300.2454	8.5581	5.91	+1.52			
304.0025	45.5794	5.91	+0.38			
309.5775	-81.2889	5.91	+1.71			
307.3629	56.0681	5.91	-0.04			
309.6463	23.6806	5.91	+0.98			
316.3721	78.1264	5.91	-0.07			
343.7608	37.0769	5.91	+0.42			
15.9042	61.0750	5.92	+0.49			
18.1892	-37.8564	5.92	+0.28			
24.1133	48.7228	5.92	+1.21			
35.7275	-51.0922	5.92	+0.22			
37.6350	25.2350	5.92	+0.41			
42.5617	-35.8436	5.92	+0.90	η²		For
43.3933	-38.4369	5.92	+0.44	ψ		For
53.6108	24.4644	5.92	+0.13		7	Tau
65.0600	41.8081	5.92	+0.94			
69.5658	20.6847	5.92	-0.05			
75.4596	0.7222	5.92	+1.27			
88.7362	19.7497	5.92	-0.17		57	Ori
94.0321	-16.6178	5.92	-0.17			
100.1342	71.7489	5.92	+1.19			
101.3450	-31.7936	5.92	+0.48			
104.1075	9.9564	5.92	-0.08			
108.0508	-25.9425	5.92	-0.17		26	CMa
109.3904	52.1308	5.92	+1.26			
114.1958	55.7553	5.92	+1.12			
114.4746	48.7736	5.92	+0.22			
116.6671	65.4558	5.92	+1.18		51	Cam
138.3938	-47.3386	5.92	-0.05			
142.1958	-62.2731	5.92	+1.10			
159.7475	-58.8169	5.92	+1.65			
163.8217	-60.5169	5.92	+1.08			
183.0917	-62.9508	5.92	+0.29			
185.4896	-56.3747	5.92	+1.57			
210.8592	-56.2136	5.92	+1.22			
218.1354	22.2600	5.92	+0.35		26	Boo
236.6450	55.4747	5.92	+1.39			
241.5263	-23.6064	5.92	-0.08			
243.5929	-33.0114	5.92	+1.02			
246.3963	-23.4461	5.92		ρ	5	Oph
250.4029	26.9169	5.92	+0.40		39	Her
261.8017	-50.6303	5.92	+0.08			
267.6175	-53.6122	5.92	-0.08			
276.9563	-29.8164	5.92	+0.52			
288.6654	-45.1933	5.92	+0.90			
296.0771	69.3369	5.92	+0.05			
298.0500	-19.0450	5.92	+0.98		57	Sgr
299.8354	45.7722	5.92	+0.16			
303.0029	26.4789	5.92	-0.11		20	Vul
333.0333	24.9500	5.92	+1.51			
342.5908	41.9536	5.92	+0.08		14	Lac
349.1654	-44.4892	5.92	+1.06			
8.2933	54.8950	5.93	+1.04			
8.8867	-0.5056	5.93	+0.44		14	Cet
12.0725	7.3000	5.93	+1.10		62	Psc
21.2721	-64.3694	5.93	+1.56			
22.5954	-26.2078	5.93	+1.34			
30.9508	-0.3403	5.93	+0.88		61	Cet
32.8992	-1.8253	5.93	+0.97		63	Cet
48.1075	-44.4197	5.93	+0.44			
50.4692	49.0708	5.93	+0.43			
51.5938	-27.3175	5.93	+0.94			
58.3888	-46.8936	5.93	+1.24			
60.1696	-30.4908	5.93	+0.04			
83.5167	-1.4706	5.93	+1.55			
85.2733	0.3378	5.93	+0.30			
91.1675	-45.0789	5.93	+0.49			
92.3850	22.1900	5.93	+1.63			
97.5471	-10.0814	5.93	+1.38			
97.6929	-27.7694	5.93	-0.15			
101.6350	8.5872	5.93	-0.17		16	Mon
105.8767	29.3372	5.93	+0.60			
111.7346	20.2572	5.93	+0.30		61	Gem
115.0567	-19.6608	5.93	+1.16			
117.3112	-35.2433	5.93	-0.05			
122.5158	58.2481	5.93	+1.39			
137.2129	33.8822	5.93	+0.60			
142.8842	-31.8719	5.93	+0.26	ζ²		Ant
149.3067	57.4183	5.93	+0.89			
148.4592	-51.1469	5.93	-0.15			
162.1692	-1.9589	5.93	+1.60			
163.3779	69.8539	5.93	+0.99			
163.6233	-61.8267	5.93	+1.75			
178.9171	-28.4769	5.93	+1.50			
190.9087	-1.5769	5.93	+0.86			
193.2663	-54.9525	5.93	+1.31			
194.1312	-72.1853	5.93	+1.13			
225.0492	-77.1603	5.93	+1.05			
224.8462	4.5678	5.93	+1.60			
225.3629	60.2044	5.93	+0.09			
234.1221	16.1189	5.93	+0.29	τ⁵	18	Ser
240.5229	52.9158	5.93	+1.48			
255.9138	13.6053	5.93	0.00			
260.7288	-37.2206	5.93	+1.08			
264.3633	-50.0600	5.93	+1.10			
284.0025	-23.1736	5.93	-0.02			
285.9892	-51.0186	5.93	+1.24			
288.1529	21.5544	5.93	+0.03			
291.2671	-29.3092	5.93	+1.26			
304.3804	66.8539	5.93	+0.58			
305.6887	41.0261	5.93	+1.60			
311.5417	-21.5142	5.93	+0.04		17	Cap
322.2496	22.1794	5.93	+1.53			
329.7225	62.6983	5.93	+1.67			
335.8838	-7.1944	5.93	+1.00			
340.0767	53.8461	5.93	+0.93			
349.8504	-18.0753	5.93	+1.52			
358.2317	-3.1556	5.93	+1.07		24	Psc
1.9450	-22.5089	5.94	+0.14			
3.4254	-26.0219	5.94	+1.55			
7.5829	59.9772	5.94	+0.01			
11.2379	-42.6767	5.94	+0.28			
17.9312	-2.2511	5.94	+1.40		34	Cet
24.6142	-36.5283	5.94	+1.05			
27.1621	37.9528	5.94	+0.97			
27.7167	11.0433	5.94	+0.30			
27.7271	-50.2061	5.94	+0.14			
30.6467	13.4767	5.94	+1.59			
52.6892	6.1886	5.94	+0.96			
64.3300	-6.4719	5.94	+1.08			
68.3779	72.5286	5.94	+0.30			
66.2721	-61.2383	5.94	+1.54			
69.1008	64.2617	5.94	-0.03			
75.5950	-31.7714	5.94	+1.17			
81.1604	31.1431	5.94	+0.04			
81.7037	34.3917	5.94	+0.14			
82.6088	15.3603	5.94	+0.14			
84.2683	11.0350	5.94	+1.58			
86.6267	56.1156	5.94	+0.17		26	Cam
88.0846	-57.1561	5.94	+0.66			
95.5150	59.3722	5.94			4	Lyn
99.4225	61.4811	5.94	+0.89		8	Lyn
105.6062	17.7556	5.94	+1.63			
108.7379	-41.4258	5.94	-0.16			
115.3967	3.6247	5.94	-0.04			
129.5792	32.8019	5.94	+1.12			
143.2325	-13.5169	5.94	+1.50			
144.8663	67.2722	5.94	+1.52			
150.5000	-60.4208	5.94	+0.26			
171.7896	-12.3567	5.94	+0.49	κ	16	Crt
172.6296	43.1733	5.94	+0.49		58	UMa
197.4387	-10.3294	5.94	+1.49		50	Vir
206.5792	38.5039	5.94	+0.94			
214.8496	-37.0036	5.94	+0.08			
217.4604	0.8289	5.94	+0.16			
221.7713	-38.2908	5.94	+1.33			
236.0942	-41.8194	5.94	0.00			
238.7512	-19.3831	5.94	-0.01		47	Lib
244.7517	-14.8725	5.94	+1.52			
248.1071	60.8233	5.94	+0.02			
253.5021	-57.9094	5.94	+1.59			
254.1196	-52.2839	5.94	-0.08			
259.5971	38.8114	5.94	+1.00			
262.1612	-55.1697	5.94	+1.11			
261.6925	34.6958	5.94	-0.01			
264.4008	-15.5711	5.94	+0.37			
266.9033	-14.7258	5.94	+0.05			
270.7708	-8.1803	5.94		τ	69	Oph
277.9875	-1.0031	5.94	+0.16		61	Ser
279.4767	-21.3978	5.94	+0.19			
295.6858	32.4267	5.94	+0.11			
297.5575	-47.5572	5.94	+1.70			
307.4746	-18.5833	5.94	+0.08	ο	12	Cap
315.6133	-38.5306	5.94	+1.11			
316.3612	5.9583	5.94	+0.54		4	Equ
321.4458	36.6675	5.94	-0.08		69	Cyg
326.1304	14.7719	5.94	+0.59			
340.4004	41.5494	5.94				
345.3821	-4.7114	5.94	+1.00			
347.6133	43.5442	5.94	+0.44		6	And
357.5612	-9.9742	5.94	+1.13			
17.6400	2.4456	5.95	+1.51		33	Cet
41.2071	67.8247	5.95	+0.10			
43.3971	-22.3764	5.95	+1.04			
45.1837	10.8703	5.95	+1.59			
47.9283	81.4706	5.95	+0.15			
62.2567	13.3983	5.95	+0.05			
75.0763	39.3947	5.95	+0.41		5	Aur
86.6458	1.1681	5.95	+0.78			
108.9296	-10.5839	5.95	+1.18			
111.9288	-22.8597	5.95	-0.09			
120.4058	-37.2836	5.95	+0.14			
121.1767	-50.5906	5.95	+1.21			
125.8408	18.3322	5.95	+0.17		20	Cnc
127.1554	14.2108	5.95	+0.19		29	Cnc
133.1492	28.3308	5.95	+0.87	ρ¹	55	Cnc
136.3504	48.5303	5.95	+0.45			
137.6612	30.9631	5.95	+1.67			
148.4287	5.9583	5.95	+1.66			
156.2475	-58.5764	5.95	+0.32			
162.7725	-3.0925	5.95	+1.48			
165.9025	-0.0008	5.95	+1.22		62	Leo
173.1979	-7.8275	5.95	+1.38			
173.6771	16.7969	5.95	-0.16		90	Leo
182.4221	1.8978	5.95	+1.12		10	Vir
186.2987	-11.6103	5.95	+0.03			
187.9825	-63.5061	5.95	+0.27			
191.2479	39.2789	5.95	+0.55		10	CVn
206.6804	25.7022	5.95	+0.49		3	Boo
208.9112	-82.6661	5.95	+1.46			
216.0037	8.2436	5.95	+0.06			
228.9742	-48.0742	5.95	+0.21			
235.4775	-76.0819	5.95	-0.04			
234.9854	-59.9083	5.95	+0.48			
262.8458	-56.9206	5.95	-0.08			
265.3846	6.3128	5.95	+1.26			
268.1475	1.3050	5.95	+1.58			
271.5987	-36.0197	5.95	+0.62			
272.6317	54.2867	5.95	+0.94			
273.8038	-20.3881	5.95	+0.02		16	Sgr
277.3313	-80.2328	5.95	+1.16			
273.8208	68.7558	5.95	+1.06		37	Dra
296.9525	25.3839	5.95	+0.99			
300.0663	-37.7022	5.95	+1.00			
305.0008	13.5481	5.95	+0.31			
310.0129	43.4586	5.95	+1.19			
318.9258	77.0122	5.95	+1.50			
326.2221	62.4606	5.95	+0.31			
330.7658	-76.1186	5.95	+0.39			
332.9638	16.0406	5.95	+0.95			
334.7533	-13.3050	5.95	+1.06		45	Aqr
337.4417	-27.1072	5.95	+0.33			
341.0217	39.4656	5.95	+1.48			
354.7933	75.2928	5.95	+0.13			
356.6529	66.7822	5.95	-0.04			
1.5667	58.4367	5.96	+0.67			
21.5775	43.4578	5.96	+0.49			
33.1562	24.1678	5.96	+1.37			
49.4408	39.2833	5.96	+0.07			
51.4008	-69.3364	5.96	+0.42			
52.8367	27.5719	5.96				
54.7546	-5.6261	5.96	+0.92		21	Eri
67.1625	-19.4583	5.96	+1.22			
67.6679	-35.6536	5.96	+1.00			
76.1658	74.0669	5.96				
79.0758	34.3119	5.96	+0.22			
79.7100	-18.1300	5.96	+0.58			
84.8267	29.2153	5.96	+0.16			
84.6575	-6.5739	5.96	-0.23			
89.0596	-22.8403	5.96	+1.11			
90.4296	48.9594	5.96	+1.45			
102.9262	-36.2303	5.96	+0.18			
105.0987	-8.4069	5.96	-0.08			
106.8054	-51.9678	5.96	+1.00			
108.1071	-36.5444	5.96	-0.14			
112.6287	-54.3994	5.96	+1.56			
125.7250	-7.5433	5.96	+1.67			
128.4096	-38.8489	5.96	-0.14			
128.8700	-26.8436	5.96	+0.37			
134.1421	-16.7094	5.96	+1.54			
138.9692	72.9461	5.96	+0.18			
155.2642	68.7475	5.96	+0.20			
154.6175	-41.6683	5.96	-0.06			
174.4517	-67.6203	5.96	+1.02			
175.1775	-53.9686	5.96	+1.66			
179.8233	33.1675	5.96	+1.15			
181.2379	-60.9692	5.96	+1.67			
195.2900	17.1231	5.96	+0.96		38	Com
207.4396	61.4892	5.96	+0.96			
226.6387	-30.9189	5.96	-0.08			
251.1658	-53.1525	5.96	+1.26			
253.4271	-43.0508	5.96	+1.73			
258.8996	-38.5939	5.96	+0.58			
258.9233	23.7428	5.96	+1.31			
267.8867	-40.7725	5.96	+1.59			
268.4787	-34.7525	5.96	-0.01			
268.6133	-34.4664	5.96	-0.01			
277.4450	-14.5817	5.96	-0.04			
292.7954	-68.4339	5.96	+1.64			
293.4233	49.2625	5.96	+1.64			
295.4538	50.5253	5.96	+0.64		16	Cyg
299.6196	63.5342	5.96	+0.09			
300.8183	18.5006	5.96	+1.42			
307.3646	81.0914	5.96	+0.92		74	Dra
314.1446	44.9250	5.96	+0.05			
318.3287	-36.4239	5.96	+0.98			
319.7167	11.2033	5.96	+1.65			
331.1533	-26.8225	5.96	-0.14			
353.7058	-15.2458	5.96	+1.36			
5.3692	-77.4269	5.97	+1.40			
14.6296	66.3522	5.97	-0.02			
20.8537	20.4689	5.97	+1.71			
24.9200	16.4058	5.97	+1.12		105	Psc
44.0575	8.3817	5.97	+0.48			
58.2917	17.3269	5.97	+0.34			
71.6850	40.3128	5.97	+0.93			
73.1963	27.8975	5.97	+0.37			
76.8542	-12.4906	5.97	+0.60			
87.1454	-4.0947	5.97	+0.64			
87.5546	4.4233	5.97	+1.36			
88.0317	-9.0414	5.97	+0.10			
97.0608	70.5356	5.97				
99.1946	-13.3208	5.97	+1.56			
99.9483	12.9831	5.97	+0.06			
104.7375	3.6022	5.97	+1.06			
105.8246	9.1383	5.97	+0.12			
108.8375	-52.4997	5.97	+1.10			
111.4625	-5.7750	5.97	+0.92			
125.3000	-57.9731	5.97	-0.09			
126.4650	-64.6008	5.97	+0.96			
138.8096	34.6336	5.97	+0.86			
139.3800	46.8172	5.97	+0.04			
147.3671	-37.1864	5.97	+1.24			
154.1346	23.5031	5.97	+0.67		35	Leo
155.8604	-4.0742	5.97	-0.10		25	Sex
160.4638	-79.7833	5.97	-0.07			
185.0446	-22.1756	5.97	+0.82			
201.5475	-1.1925	5.97	+0.19			
210.2175	-66.2686	5.97	+0.35			
217.7950	-38.8697	5.97	+1.06			
233.8179	53.9219	5.97	+1.18			
242.2967	6.3789	5.97	+1.00			
255.1538	-35.9342	5.97	+1.16			
257.1979	-30.4036	5.97	+0.25			
269.2679	0.0664	5.97	+0.10			
270.9683	-24.3606	5.97	0.00		9	Sgr
286.7317	-48.2992	5.97	-0.02			
286.4217	-15.6603	5.97	-0.02			
295.0296	-23.4286	5.97	+1.04			
309.7708	15.8381	5.97	-0.14			
315.3038	36.0261	5.97	+0.98			
323.0608	-33.9447	5.97	+0.05		6	PsA
321.2071	80.5247	5.97	+0.92			
338.9021	-23.9911	5.97	+0.99			
340.2038	-57.4222	5.97	+1.46			
342.8371	-29.5361	5.97	+0.91		21	PsA
345.6846	-20.8706	5.97	+0.94			
354.9796	9.6772	5.97	+0.20			
357.4142	28.8425	5.97	+0.19		79	Peg
359.2650	42.6583	5.97	+0.69			
359.3329	-62.9564	5.97	+0.11			
6.8113	-25.5472	5.98	+1.03			
10.6742	-60.2625	5.98	+1.32			
14.5592	33.9508	5.98	+1.00			
15.7263	41.3450	5.98	+0.16		39	And
18.5317	16.1336	5.98	-0.08		87	Psc
34.5187	57.5167	5.98	+1.05		7	Per
40.3917	-14.5494	5.98	+0.43			
47.6621	11.8725	5.98	-0.06			
53.4125	54.9747	5.98	+0.11			
66.2379	19.0417	5.98	+0.37			
87.6250	2.0244	5.98	+0.91			
88.1671	33.9175	5.98	+1.60			
90.2925	31.0347	5.98	+0.08			
96.3046	7.0858	5.98	+1.22			
95.9071	-52.1811	5.98	+1.04			
105.9650	12.5944	5.98	+1.58			
125.1679	72.4072	5.98	+1.54			
124.5996	-12.6319	5.98	+0.76			
125.1337	24.0222	5.98	-0.03	λ	19	Cnc
126.4817	-14.9297	5.98	+0.17			
126.2383	-42.7694	5.98	-0.17			
137.1971	26.6292	5.98	+0.66		75	Cnc
144.3679	-36.0958	5.98	+1.12			
152.6579	-41.7150	5.98	+1.24			
173.6229	-32.8314	5.98	+0.81			
175.8633	-37.1903	5.98	+1.46			
190.3175	-13.0150	5.98	+0.42			
192.9867	-39.6808	5.98	-0.10			
204.2750	-44.1433	5.98	+0.94			
205.7292	-41.4011	5.98	+1.02			
205.9167	-42.0675	5.98	-0.08			
205.6808	34.9889	5.98	+0.85			
205.5962	82.7525	5.98	+1.01			
214.0175	18.9119	5.98	+0.26			
227.5312	-38.7925	5.98				
230.6554	62.0472	5.98	-0.03			
243.6396	73.3950	5.98	+0.08			
250.7750	77.5142	5.98	+0.42			
256.5846	-37.2275	5.98	+0.07			
261.4767	16.9175	5.98	+1.62			
267.7017	22.3164	5.98				
287.9417	31.2833	5.98	-0.07		19	Lyr
294.2188	11.2733	5.98	+0.88			
312.4075	12.5453	5.98	+0.43		15	Del
319.3096	55.7981	5.98	+1.45			
336.9425	31.8403	5.98	+1.45			
340.6538	-47.2106	5.98	+0.58			
351.9183	25.1672	5.98	-0.06		69	Peg
354.8379	74.0028	5.98	+0.89			
2.0725	-8.8239	5.99	+1.04			
11.8483	6.7408	5.99	+0.94		60	Psc
16.0100	52.5022	5.99	+1.47			
25.4133	30.0472	5.99	+1.01			
52.4129	-6.8050	5.99	+1.02			
52.6542	-47.3753	5.99	+0.11			
65.8850	20.9822	5.99	+0.03			
70.4596	38.2803	5.99	+0.57			
73.7113	0.4675	5.99	-0.12			
79.8487	-27.3689	5.99	-0.04			
89.1167	9.5097	5.99	-0.07			
93.8738	-4.9153	5.99	+0.09			
93.8229	-18.4767	5.99	+1.06			
110.5146	0.1772	5.99	-0.07			
117.9862	19.3253	5.99	+1.13			
119.6313	16.5186	5.99	+1.47			
120.3763	16.4553	5.99	-0.02		5	Cnc
119.7575	-45.2161	5.99	-0.14			
121.5767	22.6356	5.99	+1.66	μ¹	9	Cnc
127.4400	-46.3319	5.99	-0.15			
128.9625	6.6200	5.99	+0.52			
133.0483	45.3125	5.99	+1.26			
133.0417	42.0025	5.99	+1.25			
141.0238	-61.6489	5.99	+1.06			
163.4250	-70.7203	5.99	-0.02			
169.8187	-64.5825	5.99	+0.46			
195.1496	-3.3686	5.99	+1.12		46	Vir
196.8508	-59.8606	5.99	+0.48			
196.5883	21.1533	5.99	+0.39		39	Com
210.3350	8.8947	5.99	+0.09			
228.5254	31.7881	5.99	+1.52			
250.9654	34.0389	5.99	+0.29			
257.0621	-17.6092	5.99	+1.01			
258.8346	-14.5839	5.99	+1.10			
265.3408	51.8181	5.99	+1.05			
270.1517	33.2139	5.99	+1.51			
274.5321	18.1314	5.99	+0.03			
274.9671	29.6661	5.99	+1.29			
281.0758	61.0481	5.99	+0.96			
282.4208	-5.9128	5.99	+1.60			
302.0075	-0.6783	5.99	+1.02		64	Aql
310.3175	14.5831	5.99	+1.24		10	Del
312.8571	-5.6264	5.99	+0.46		4	Aqr
315.0163	7.5164	5.99	+0.26			
320.7346	-9.3194	5.99	+1.54		17	Aqr
326.0042	-14.7494	5.99	+0.21		45	Cap
346.8696	21.1342	5.99	+0.26			
16.2192	5.6564	6.00	+1.51		73	Psc
30.7196	64.9014	6.00	+0.03		52	Cas
37.6883	0.2553	6.00	+0.17			
58.8179	-12.0992	6.00	+0.32			
64.5662	-20.7156	6.00	+1.67			
82.7025	41.4619	6.00	+1.11			
84.8800	-3.5647	6.00	+0.27			
86.6896	15.8225	6.00	-0.06		129	Tau
88.6838	0.9683	6.00	+1.34			
94.1483	-39.2644	6.00	+0.16			
95.6521	12.5700	6.00				
104.7617	38.0522	6.00	+1.23		62	Aur
114.9917	-37.5794	6.00	-0.04			
127.2121	-9.7483	6.00	+0.42			
132.5875	-42.0900	6.00	-0.10			
133.5746	-5.4344	6.00	+0.67			
137.9208	-39.2589	6.00	-0.11			
145.4492	-55.2142	6.00	-0.13			
154.8617	48.3969	6.00	+1.02			
155.1300	54.2169	6.00	+1.13			
154.8200	-12.5281	6.00	+0.26			
158.1983	-58.6669	6.00	+0.32			
161.2667	67.4114	6.00	+2.39			
162.0225	-59.9192	6.00	+0.27			
164.8867	36.0931	6.00	+1.59			
166.1300	38.2414	6.00	+0.16		51	UMa
182.7500	81.7100	6.00	+1.62			
186.8525	-63.7892	6.00	+0.07			
189.6858	-18.2503	6.00	+0.29			
190.7879	-56.1761	6.00	-0.08			
193.5779	-11.6486	6.00	+0.08			
195.4450	63.6103	6.00	+0.41			
204.9988	-49.9503	6.00	+1.50			
205.7337	-56.7681	6.00	-0.08			
209.1375	-54.7044	6.00	+0.78			
209.6662	14.6494	6.00	+1.44			
212.3958	-51.5047	6.00	-0.06			
215.9517	-53.1767	6.00	+1.10			
234.8425	36.6367	6.00		ζ¹	7	CrB
237.0554	13.7886	6.00	+1.25			
253.3233	47.4169	6.00	+1.32			
255.1129	-48.6478	6.00	+0.88			
259.5208	17.3181	6.00	+0.01			
261.9062	-29.7244	6.00	0.00			
269.6762	36.2878	6.00	+0.94			
271.2100	-35.9014	6.00	+1.16			
274.2212	-3.0072	6.00	+0.89			
279.9700	52.1961	6.00	-0.07			
288.7608	20.2033	6.00	+0.88			
289.2142	46.9992	6.00	+0.44			
310.5121	-76.1806	6.00	+0.44	μ¹		Oct
320.0396	-45.0222	6.00	+2.33			
326.5679	-9.2758	6.00	+1.66		47	Cap
330.0329	6.7175	6.00	-0.12		18	Peg
354.6004	-76.8700	6.00	+0.90			
358.8904	57.4122	6.00	+0.21			
358.8900	47.3558	6.00	+1.16			
2.3342	79.7147	6.01	+0.19			
9.9667	-44.7967	6.01	+1.14			
23.8133	-58.1394	6.01	+0.38			
28.9742	1.8497	6.01	+0.56			
32.8425	-10.0522	6.01	+0.39			
40.5275	-38.3839	6.01	+0.92			
54.6988	-27.9431	6.01	-0.02	τ		For
61.9250	15.1628	6.01	+0.40			
65.3804	-25.7283	6.01	+0.35			
68.4504	9.4131	6.01	+1.06			
71.5700	18.7350	6.01	+1.21			
77.4379	28.0306	6.01	+0.27			
103.2642	35.7886	6.01	+1.45			
108.3496	-22.6733	6.01	+1.48			
110.2292	-26.9636	6.01	-0.17			
115.1479	-8.1858	6.01	+0.15			
120.4267	60.3244	6.01	+0.14		53	Cam
123.2492	16.5142	6.01	+0.89			
126.1517	-4.7169	6.01	+0.46			
126.3296	-21.0458	6.01	+0.40			
137.5871	21.9964	6.01	+0.90		79	Cnc
141.5929	-1.4639	6.01	+1.32			
147.8083	-4.2433	6.01	+0.17		6	Sex
156.8554	-65.7047	6.01	+0.09			
182.6921	27.2814	6.01	+0.11			
194.6971	75.4725	6.01	+0.99			
203.0117	-18.7289	6.01	+0.18		73	Vir
204.7046	-57.6231	6.01	+1.14			
207.6029	5.4972	6.01	+0.90			
218.0842	26.6772	6.01	+0.22			
223.3487	19.1528	6.01	+0.83			
228.1408	-72.7703	6.01	0.00			
231.0213	45.2711	6.01	+1.20			
235.2467	16.0247	6.01	+0.90	τ6	19	Ser
236.8708	-37.9164	6.01	+0.72			
237.8812	-47.0606	6.01	+1.16			
240.8929	-32.0006	6.01	+0.47			
256.3204	0.7025	6.01	+0.58			
258.2446	-32.4386	6.01	+0.07			
266.2325	-57.5453	6.01	+0.90			
269.6629	-28.7592	6.01	-0.08			
274.0233	2.3778	6.01	+1.59			
280.9004	36.5567	6.01	+1.04			
285.0146	-66.6533	6.01	+0.97			
285.2300	33.8022	6.01	+0.97			
295.2729	13.8156	6.01	-0.08			
300.3496	-22.7372	6.01	+0.97			
303.1325	51.4636	6.01	+1.14			
310.0746	60.5053	6.01	+0.46			
314.6746	-14.4828	6.01	+0.23			
326.3700	-71.0089	6.01	-0.10			
330.1004	-55.8828	6.01	-0.10			
332.6408	-4.2672	6.01	+0.98			
343.2658	60.1011	6.01	+1.75			
1.1529	42.0922	6.01				
10.9592	-12.0117	6.02	+1.10			
19.0783	33.1147	6.02	+1.15			
22.4704	18.3556	6.02	+0.14		97	Psc
29.6388	61.6981	6.02	-0.04			
32.8000	25.9369	6.02	+1.36		16	Ari
44.1392	47.1639	6.02	+1.34			
47.6125	26.8964	6.02	+1.28			
57.2842	43.9631	6.02	+0.29			
67.9658	15.8517	6.02	+0.34		85	Tau
69.1217	23.3408	6.02	+0.38			
77.5788	37.3019	6.02	+0.72			
85.7242	-6.7961	6.02	+0.40			
89.2338	24.2497	6.02	+0.39			
106.3267	22.6372	6.02	-0.03		44	Gem
105.2712	-58.9400	6.02	+0.30			
108.0083	-63.1900	6.02	-0.02			
110.8675	22.9453	6.02	-0.01		58	Gem
115.0292	5.2308	6.02	-0.04			
115.6812	34.0003	6.02				
117.7737	54.1292	6.02	+0.46			
118.9437	-43.8450	6.02	-0.11			
119.8963	13.2422	6.02	+1.32			
120.0621	-48.9814	6.02	+0.04			
123.0529	17.6478	6.02	+0.54	ζ¹	16	Cnc
126.1783	42.0050	6.02	+1.59			
138.8229	-58.3886	6.02	-0.10			
146.8896	11.4289	6.02	+1.30			
148.0508	2.4542	6.02	-0.04		7	Sex
153.6238	21.1678	6.02	+0.56			
156.8667	41.6008	6.02	+0.17			
160.5471	31.6969	6.02	+1.62			
165.0858	42.9114	6.02	+0.57			
166.6221	-58.6753	6.02	+1.24			
170.7138	64.3306	6.02	+0.09			
176.0550	25.2183	6.02	+1.53			
187.4912	-41.7361	6.02	+1.52			
192.9037	3.0567	6.02	+1.29		37	Vir
195.1358	-33.5053	6.02	+0.38			
197.4112	37.4231	6.02	+1.15			
199.7675	35.1281	6.02	+0.24			
200.2013	-55.8006	6.02	+0.29			
205.9779	52.0644	6.02	0.00			
212.1129	-74.8503	6.02	+0.58			
215.8346	-50.7722	6.02	+1.36			
217.6892	4.7722	6.02	+1.42			
219.5817	-38.7942	6.02	+1.43			
226.8350	18.4417	6.02	+0.06			
231.9121	25.1017	6.02	+1.62			
251.2508	-28.5097	6.02	+0.09			
253.8529	-63.2697	6.02	+0.05			
259.9721	-17.7564	6.02	+0.04			
262.2337	-36.7783	6.02	+1.11			
264.1529	30.7853	6.02	+0.16			
269.2017	45.3508	6.02	+1.64			
281.0846	39.6711	6.02		ε¹	4	Lyr
283.7188	33.9686	6.02	+0.91			
289.9708	11.5350	6.02	+0.08	ω²	29	Aql
299.1842	36.2508	6.02	-0.15			
322.5850	52.9581	6.02	+0.08			
346.8654	32.8258	6.02	+0.12			
349.5975	41.7736	6.02			9	And
352.8625	-44.8436	6.02	+1.02			
18.6767	6.9953	6.03	+1.08		88	Psc
41.3371	4.7117	6.03	+0.31			
43.0800	-62.9097	6.03	+1.25			
52.1108	22.8042	6.03	+0.95		66	Ari
63.4371	72.1264	6.03	+1.01			
72.1858	3.5883	6.03	+1.19			
75.3996	61.0781	6.03	+0.41			
75.3937	-39.7181	6.03	+0.88			
81.7500	-68.6228	6.03	+0.34			
86.8612	-10.5331	6.03	+0.16			
98.0971	11.6736	6.03	+1.07			
99.8879	28.2631	6.03	-0.08		54	Aur
99.6475	-16.8736	6.03	+0.03			
107.3883	-16.2347	6.03	+0.06			
108.6175	-10.3167	6.03	-0.18			
116.3254	-43.7522	6.03	-0.07			
117.7596	33.2336	6.03	+0.15			
123.1287	-46.2642	6.03	-0.11			
128.5554	8.4519	6.03	+0.33			
133.2658	-56.6494	6.03	-0.02			
159.0696	-16.3444	6.03	+1.65	φ²		Hya
164.0604	42.0083	6.03	+1.13			
186.3129	23.9261	6.03	+1.10			
190.4550	-19.7586	6.03	+0.39			
195.7717	-71.4761	6.03	+0.05			
218.6604	36.6258	6.03	+1.38			
239.0271	-39.8642	6.03	+0.15			
240.6642	-29.1358	6.03	+1.31			
250.8421	-67.4325	6.03	+0.02			
251.3738	1.0203	6.03	-0.02		16	Oph
252.1125	-14.9094	6.03	+0.20			
254.8396	56.6886	6.03	+1.16			
262.9546	-46.0364	6.03	+0.83			
264.9896	31.2025	6.03	+1.58			
268.2413	-35.6242	6.03	+0.34			
286.7179	-16.2289	6.03	-0.04			
316.7304	38.7433	6.03	+1.37		61	Cyg
321.6875	52.8986	6.03	-0.12			
333.1075	-14.1939	6.03	+0.38		39	Aqr
339.8929	37.5928	6.03	+0.86			
358.6608	-40.3000	6.03	+0.57			
7.0838	10.1897	6.04	+0.43			
10.4000	24.6292	6.04	+0.26			
15.0150	44.7133	6.04	-0.01			
15.9542	1.3667	6.04	+0.27		26	Cet
30.7383	77.9164	6.04	+1.14			
38.2254	15.0347	6.04	+0.54		29	Ari
43.1337	-12.7694	6.04	+0.87			
44.5096	38.6150	6.04	+1.41			
51.0421	12.6294	6.04	+1.23			
76.6238	61.1700	6.04	+1.37			
85.1496	31.3581	6.04	+0.04			
93.4387	51.1725	6.04	+1.06			
92.8662	13.6386	6.04	0.00			
99.7721	22.0308	6.04	+1.03			
99.2579	-38.1467	6.04	+1.03			
103.3912	-28.5397	6.04	+0.71			
103.7450	-2.8036	6.04	+1.10			
117.2583	13.3708	6.04	+1.38			
117.9179	-42.8883	6.04	-0.18			
139.0175	-44.8986	6.04	+0.28			
149.5317	8.3142	6.04	+1.36			
153.4575	27.1358	6.04	+0.85			
156.9125	9.7625	6.04	-0.06		45	Leo
159.7100	-12.4436	6.04	0.00			
162.4737	27.9739	6.04	+0.37		44	LMi
177.3121	16.2428	6.04	+0.27			
187.0788	-64.3414	6.04	+0.02			
199.8288	-72.0356	6.04	+1.35			
208.0767	12.1653	6.04	+0.04			
208.5692	-28.5697	6.04	+1.13			
219.4429	-67.9322	6.04	+0.50			
222.1587	-36.6347	6.04	+1.54			
229.0437	-43.4847	6.04	-0.14			
234.6762	-39.1281	6.04	+0.21			
235.6550	-49.4894	6.04	+1.31			
255.2437	-86.3644	6.04	+0.05			
255.9729	34.7903	6.04	+0.22			
257.9175	49.7467	6.04				
268.0196	39.9822	6.04	+1.33			
270.0142	80.0008	6.04	+0.51		40	Dra
273.2700	38.7736	6.04	-0.08			
277.7625	-41.9136	6.04	+0.14			
279.5271	39.6681	6.04	+1.65			
281.2979	-61.0950	6.04	+1.46			
286.8788	-28.6369	6.04	+1.61			
291.1254	-27.8656	6.04	-0.13			
297.2592	-10.8708	6.04	+1.24			
312.9950	-33.1772	6.04	+0.03	β		Mic
318.7775	-17.3450	6.04	+0.96			
320.3417	32.6128	6.04	+0.03			
336.4625	-75.0156	6.04	+0.64			
335.9150	20.8483	6.04			33	Peg
335.7508	62.4200	6.04	+0.05			
343.4079	-48.5981	6.04	+0.62	τ¹		Gru
4.5717	11.2058	6.05	+1.03			
11.5454	44.8614	6.05	-0.07			
32.3554	81.2958	6.05	+0.11			
40.4513	-3.2133	6.05	+1.17			
46.3367	40.5825	6.05	+1.01			
46.1588	1.8636	6.05	+1.04			
47.8283	-3.8117	6.05	+1.66			
49.4958	-66.9269	6.05	+0.13			
59.6788	-57.1025	6.05	+0.44			
71.4808	-39.3567	6.05	+1.07			
69.5904	-77.6561	6.05	+1.10			
76.2271	-3.0397	6.05	-0.11			
76.6529	-13.1219	6.05	-0.06			
78.4721	-52.0311	6.05	+1.39			
84.3642	-5.9383	6.05	-0.22			
85.7567	56.5817	6.05	+0.95		24	Cam
83.9012	-78.8208	6.05	-0.02	ι		Men
90.2517	27.5722	6.05	+0.25			
90.7029	49.9056	6.05	-0.06			
90.3046	-25.4178	6.05	+0.02			
99.9013	-23.6956	6.05	-0.03			
101.3471	-23.4619	6.05	+1.20			
104.3050	57.5633	6.05	+1.49			
110.0892	-52.3117	6.05	+0.42			
111.3329	-21.9828	6.05	+0.23			
112.3413	-14.9992	6.05	+0.47			
119.3162	8.6414	6.05	+1.00			
124.9579	3.9478	6.05	+0.97			
126.6050	-52.8075	6.05	+0.06			
131.1250	-65.8256	6.05	+0.20			
130.8017	-79.0697	6.05	+0.23			
140.1233	-37.5814	6.05	+1.39			
141.6842	-64.9297	6.05	+0.15			
149.4271	-48.4144	6.05	-0.14			
157.1833	-3.7425	6.05	+0.05			
157.9525	-28.2375	6.05	+0.51			
170.8250	0.1317	6.05	+1.46			
173.3108	-16.2806	6.05	+0.60			
179.7954	-51.6967	6.05	+1.28			
180.5838	-85.6317	6.05	+1.29			
184.2638	-16.6936	6.05	+0.10			
187.8392	7.6042	6.05	+1.52			
200.7192	-72.1467	6.05	+0.09			
205.4404	-33.5969	6.05	+1.44			
206.8063	-9.7092	6.05	+1.42			
212.6287	-70.3056	6.05	+1.74			
239.7683	49.8811	6.05	+0.29			
243.7233	-25.4769	6.05	+0.04			
245.0179	21.1325	6.05	+0.94			
250.9483	-38.1567	6.05	-0.06			
251.2988	43.2172	6.05	+1.40			
262.9350	-26.2697	6.05	-0.06			
285.7658	-19.2453	6.05	+1.29			
292.6379	3.4444	6.05	+0.01			
290.4175	79.6028	6.05	+0.07			
293.9513	36.9444	6.05	-0.11		11	Cyg
295.7896	30.6786	6.05	0.00			
295.9642	34.1625	6.05	-0.06			
297.7554	-65.6050	6.05	+0.30			
297.2983	-28.7889	6.05	+0.40			
313.9196	4.5328	6.05	+0.82			
314.2942	0.4636	6.05	+1.22			
313.6846	75.9256	6.05	+0.93			
315.4387	-26.8811	6.05	+0.06			
318.3596	36.6336	6.05	+0.21			
320.6746	30.3097	6.05	+1.08			
343.6642	-70.0736	6.05	+0.66	ρ		Ind
350.2083	-50.3067	6.05	+0.42			
352.6654	38.6619	6.05	+0.99			
2.1392	-17.5775	6.06	+1.67			
7.0529	16.4450	6.06	+1.58		48	Psc
8.8892	-54.8219	6.06	+1.01			
9.0288	-22.8425	6.06	+0.29			
10.6787	-38.4633	6.06	-0.03	λ¹		Scl
13.3675	37.4181	6.06	+1.14			
17.5479	15.6742	6.06	+1.49			
26.9437	-80.1767	6.06	+0.34	τ²		Hyi
28.9433	-60.8614	6.06	+0.37			
33.5108	47.4842	6.06	+0.40			
49.1462	32.1836	6.06	+0.99			
56.0267	48.5236	6.06	+1.55			
59.2658	23.1756	6.06	+0.02		33	Tau
66.5879	8.5903	6.06	+0.02			
68.3417	-10.7858	6.06	+1.38			
72.2096	75.9411	6.06	+0.28			
75.5837	74.2692	6.06	+1.57			
88.0975	19.8681	6.06	+0.54			
94.7033	-15.0247	6.06	+1.66			
96.3871	23.3269	6.06	-0.03			
99.3504	6.1353	6.06	+0.05			
115.2062	57.0828	6.06	+1.46		23	Lyn
114.7517	-53.2733	6.06	-0.11			
123.5458	-32.1408	6.06	-0.16			
126.2704	35.0114	6.06	+1.27			
141.0679	-39.4258	6.06	+0.20			
147.1667	-56.4119	6.06	+0.94			
167.4163	67.2103	6.06	+0.22			
169.3292	-67.8236	6.06	+1.76			
178.5479	-57.4100	6.06	+0.05			
181.5962	-65.7092	6.06	+0.65			
182.6408	-37.8703	6.06	+0.20			
184.2750	-65.6928	6.06	+0.03			
185.9458	42.5428	6.06	+0.33		4	CVn
197.7433	-52.5669	6.06	-0.09			
207.9588	-32.9947	6.06	-0.04		3	Cen
212.7579	-69.7197	6.06	+0.18			
217.4571	31.7911	6.06	-0.03			
221.8071	-21.3247	6.06	+1.65			
224.1288	-32.6367	6.06	+1.41			
247.4375	-57.7558	6.06	+1.48			
250.2525	24.8586	6.06	+1.31			
255.9238	-47.1600	6.06				
257.0567	-1.0794	6.06	+0.08			
261.5792	7.5956	6.06	+0.58			
268.2050	-34.1142	6.06	+1.23			
268.7829	-36.4758	6.06	+0.08			
274.2538	-51.0683	6.06	-0.06			
279.0554	65.4886	6.06	+0.28			
282.4312	-72.9947	6.06	0.00			
281.9896	31.7569	6.06	-0.13			
286.2429	30.7333	6.06	+1.55			
289.7504	-15.5364	6.06	+1.43			
290.6392	33.5181	6.06	+1.03			
297.6958	37.8264	6.06	+1.70			
298.3975	59.7089	6.06	+0.02			
304.9304	-1.0786	6.06	+1.09			
309.8888	40.5794	6.06	-0.16			
342.1842	62.9383	6.06	+1.20			
353.4812	20.8408	6.06	+1.73			
2.0504	-2.4478	6.07	+1.38			
6.1238	-2.2192	6.07	+1.22			
11.1346	-62.4978	6.07	+0.44			
12.8183	61.8058	6.07	+1.88			
20.9450	78.7258	6.07	+0.39			
33.6213	66.5244	6.07	+0.63		55	Cas
37.3971	9.5658	6.07	+1.02			
48.7363	42.5039	6.07	+1.07			
57.4792	22.2444	6.07	-0.01			
64.6558	-22.9703	6.07	+0.30			
72.5675	-41.3208	6.07	+0.37			
74.0829	36.1689	6.07	+0.41			
81.9021	-21.3756	6.07	+1.04			
87.0933	20.8694	6.07	-0.08			
93.9171	6.0661	6.07	-0.13			
94.2646	-22.7150	6.07	+0.56			
96.7967	-25.8567	6.07	+0.53			
116.3713	-14.6908	6.07	+0.11		2	Pup
122.8192	9.8211	6.07	-0.10			
135.4538	27.9028	6.07			67	Cnc
135.3808	5.6408	6.07	+1.11			
135.0925	-43.1733	6.07	-0.16			
155.7517	6.5425	6.07	+1.12		43	Leo
159.8192	-74.4936	6.07	+1.71			
165.1700	-31.8394	6.07	+0.52			
175.9796	-6.6772	6.07	+0.96			
190.3913	62.7131	6.07	+0.01		76	UMa
191.8067	11.9581	6.07	+0.12		34	Vir
199.1867	-65.1383	6.07	+0.44			
200.9750	37.0339	6.07	+1.68			
217.4033	-76.7292	6.07	+1.18			
219.7958	-46.5842	6.07	+0.51			
221.2987	-1.4178	6.07	+1.61			
221.8012	-52.2056	6.07	+0.09			
233.9725	11.2656	6.07	+1.09			
237.2096	-52.4381	6.07	+1.38			
246.7088	2.3475	6.07	+0.92			
269.4242	-76.1775	6.07	+1.20			
272.7688	-47.5131	6.07	+1.20			
273.8783	-18.6614	6.07	+0.20			
276.9596	3.7486	6.07	+1.62			
281.5542	41.4417	6.07	-0.13			
286.9887	16.8533	6.07	+0.70			
292.7508	70.9894	6.07	+1.41			
301.3867	-67.3208	6.07	+0.64			
315.7700	38.6575	6.07	+1.01			
317.6300	10.0489	6.07	+0.02		6	Equ
321.6113	19.3756	6.07	+0.22			
325.5046	35.5103	6.07	+2.52			
340.6796	-44.2478	6.07	+0.98			
344.8988	-13.0708	6.07	+1.45			
356.1058	-70.4903	6.07	+0.91			
356.8883	46.8325	6.07	-0.14			
357.1354	-6.3806	6.07	+1.45			
51.1088	20.8036	6.08	-0.04		65	Ari
63.7575	57.4603	6.08	+0.61			
71.0537	40.7869	6.08	+0.06			
72.4337	15.9042	6.08	+1.60		96	Tau
73.7138	44.0608	6.08	-0.02			
74.9429	53.1556	6.08	+1.46		8	Cam
76.5508	59.0211	6.08	+1.12		12	Cam
79.8112	20.1347	6.08	+1.01			
80.9071	16.6994	6.08	+0.14		110	Tau
81.2317	-44.2258	6.08	+1.20			
90.8529	11.6808	6.08	-0.04			
91.5937	29.5125	6.08	+1.73			
94.0792	23.9700	6.08	+0.90		8	Gem
101.7562	-21.0156	6.08	-0.19		12	CMa
106.7179	-24.9606	6.08	+1.34			
125.9800	10.6319	6.08	+1.49		21	Cnc
140.9979	-51.7372	6.08	+0.57			
147.9983	-16.5347	6.08	+1.04			
154.0379	-11.2033	6.08	+1.10			
158.7937	-43.6647	6.08	+0.94			
182.7704	-61.2775	6.08	+0.39			
187.5179	58.7675	6.08	+0.98		75	UMa
190.3167	-13.0136	6.08				
190.7067	-55.9472	6.08	-0.03			
202.8158	42.1061	6.08	+1.05			
213.7554	-29.2819	6.08				
228.3300	-19.6475	6.08	+0.12	ι²	25	Lib
230.8012	30.2878	6.08		η	2	CrB
240.9404	4.9867	6.08	+0.96		43	Ser
242.8696	16.6656	6.08	+0.02			
250.2142	12.3950	6.08	+0.05			
253.7588	25.7306	6.08	+0.92		56	Her
255.9917	13.5675	6.08	+1.03			
307.5750	10.8958	6.08	-0.03		1	Del
309.7942	21.8172	6.08	-0.06			
310.1508	29.8053	6.08	+0.14			
322.7900	12.1375	6.08	-0.05			
324.8671	-10.5769	6.08	+1.03			
326.0346	28.7431	6.08	+0.36	μ²	78	Cyg
325.6892	59.2711	6.08	+1.34			
333.2204	73.3072	6.08	+1.01			
13.9937	27.2094	6.09	+0.14		67	Psc
29.8579	12.2947	6.09	+0.19			
51.4892	49.1208	6.09	-0.07			
59.2571	6.0400	6.09	+0.06			
62.0638	37.7278	6.09	+0.95		49	Per
63.1308	17.2775	6.09	+1.08			
64.6667	-52.8600	6.09	+0.49			
68.3537	43.0639	6.09	+0.38		57	Per
68.5592	-6.8378	6.09	+1.38			
74.7475	14.5428	6.09	+0.04			
78.3817	1.9681	6.09	+0.42			
80.3204	-34.3453	6.09	-0.19			
84.2183	40.1822	6.09	+1.03			
86.2579	4.0081	6.09	+0.31			
92.9025	48.7111	6.09	+0.10		41	Aur
92.8063	-26.4822	6.09	-0.04			
106.1962	-22.0322	6.09	+1.22			
107.9638	5.6547	6.09	-0.02			
109.7583	-19.2803	6.09	+0.62			
119.2413	-42.4061	6.09	+1.36			
132.0204	-6.5586	6.09	+1.28			
147.4588	21.1794	6.09	+0.25		20	Leo
157.9858	-45.0694	6.09	-0.11			
166.3917	-11.0889	6.09	+0.30			
172.0758	-72.4744	6.09	+0.16			
186.3267	-27.7492	6.09	+1.27			
202.6071	-6.4703	6.09	+0.33		72	Vir
210.1367	-78.5900	6.09	+0.03			
215.6612	-48.3203	6.09	-0.13			
218.2900	-30.7142	6.09	+1.03			
217.6921	63.1856	6.09	+0.41			
223.6767	-65.9914	6.09	-0.06	ζ		Cir
224.7200	-4.9892	6.09	+0.50			
238.3954	16.0750	6.09				
243.9646	-14.8492	6.09	+0.06			
249.5067	-6.5381	6.09	+0.16			
250.4008	-24.4681	6.09	+0.20			
254.7183	-37.6211	6.09	+0.19			
256.2075	48.8042	6.09	+1.09			
258.5550	-56.8883	6.09	+1.78			
259.1783	-6.2450	6.09	+1.10			
267.7958	-53.1306	6.09	0.00			
272.5362	16.4767	6.09				
280.2346	62.7497	6.09	+0.98			
282.9021	36.5386	6.09	-0.11			
285.7192	19.6611	6.09	+1.34			
286.5925	8.2300	6.09	+1.60			
292.5437	2.9042	6.09	+1.82			
295.4062	-65.8542	6.09	+1.55			
296.4642	35.0128	6.09	+1.06			
298.8421	58.2503	6.09	+1.02			
303.6121	-63.4158	6.09	+0.31			
305.6558	31.2650	6.09	+1.35			
306.4496	-40.7964	6.09	+1.36			
321.3254	-71.7994	6.09	+1.26			
325.6375	10.8247	6.09	-0.11			
325.6621	49.6003	6.09	+1.00			
332.7600	-21.2325	6.09	+0.50			
350.7371	-60.0558	6.09	+1.60			
354.8667	-46.6378	6.09	+0.24	θ		Phe
356.0058	-45.0833	6.09	+0.98			
13.9812	-27.7756	6.10	+1.67			
28.3467	-38.5947	6.10	+1.12			
29.2504	-51.7661	6.10	+0.48			
29.9213	-66.0664	6.10	+1.17			
32.1904	-17.7794	6.10	+1.61			
32.7237	39.0431	6.10	-0.07		59	And
37.6367	-22.5456	6.10	+1.61			
39.1788	31.6075	6.10	+1.05			
40.5354	-46.5244	6.10	+0.88			
56.1171	20.9286	6.10	+0.01			
56.8842	55.9225	6.10	-0.03			
58.8458	31.0458	6.10	+0.29			
66.7750	-46.9475	6.10	+0.46			
69.9467	-1.0528	6.10	+0.94			
73.7283	-39.6286	6.10	+1.42			
77.5133	-0.5653	6.10	+1.10			
88.6713	-49.6269	6.10	-0.13			
90.8250	42.9117	6.10	+0.97		38	Aur
93.8583	-9.0353	6.10	-0.08			
104.6975	26.0811	6.10	+0.46		39	Gem
108.0171	-30.8217	6.10	+0.27			
120.3454	-54.5150	6.10	-0.04			
127.1533	24.1447	6.10	+0.24		28	Cnc
130.0762	31.9419	6.10				
131.4554	-25.3875	6.10	+0.08			
141.6867	-28.7875	6.10	-0.10			
143.0608	-62.7889	6.10	+1.43			
153.2554	-59.9181	6.10	-0.08			
157.0079	-49.4056	6.10	+1.51			
158.7404	-23.1761	6.10	+0.50			
174.6396	46.8342	6.10	+0.38		60	UMa
175.9704	-62.8783	6.10	+0.06			
204.6904	-70.4450	6.10	+1.42			
208.4871	-47.1281	6.10	-0.07			
217.0683	36.1969	6.10				
220.0912	21.9756	6.10	+0.40			
221.2954	-55.6019	6.10	-0.06			
224.8629	-43.1600	6.10	+0.60			
227.2225	13.2350	6.10	+0.96			
228.2808	-36.0914	6.10	-0.08			
232.1133	-51.5975	6.10	+1.09			
238.3004	13.1967	6.10	+0.60		39	Ser
239.9750	-54.0211	6.10	0.00			
241.0742	-33.2144	6.10	+0.34			
247.8450	-26.5378	6.10	+1.08			
251.7908	2.0644	6.10	+0.14		19	Oph
252.3658	-15.6675	6.10				
255.5637	64.6006	6.10	+0.96			
263.8333	-53.3528	6.10	+0.02			
264.5354	-42.8806	6.10	-0.06			
263.9983	20.9961	6.10	+0.19			
263.9267	37.3017	6.10	+0.98			
268.8487	55.9714	6.10	+0.32			
278.8062	34.4578	6.10	-0.11			
282.8421	-3.3178	6.10	+0.30		8	Aql
294.9375	33.9792	6.10	+0.08			
298.0679	36.4322	6.10	+1.43			
305.1942	-14.7850	6.10	-0.02			
307.1946	-35.5958	6.10	-0.11			
321.8554	59.7500	6.10	+1.75			
333.8963	-44.4519	6.10	+1.02			
339.0329	35.5772	6.10	+1.00			
343.9642	-31.6331	6.10	+1.36			
350.9392	-43.1244	6.10	+1.46			
358.8192	-31.9217	6.10	-0.08			
4.1421	8.2400	6.11	+0.92		36	Psc
4.6754	43.7911	6.11	-0.08		26	And
14.9571	6.4831	6.11	+1.67			
15.5075	-57.0025	6.11	+0.94	ω		Phe
18.1417	45.3378	6.11	+1.64			
23.4133	-78.5047	6.11	+0.97			
35.1725	47.3108	6.11	-0.08			
37.1475	-31.1025	6.11	+1.11			
44.2692	4.5011	6.11	+1.69			
45.0492	38.1317	6.11	-0.06			
45.2125	-2.8786	6.11	+1.77		7	Eri
46.4162	56.0686	6.11	+1.02			
46.8571	17.8800	6.11	-0.12		53	Ari
55.1929	25.3294	6.11	+0.06		11	Tau
56.1704	46.0997	6.11	+0.28			
66.7375	-24.0814	6.11	+0.14			
72.9308	9.9750	6.11	+0.08			
80.9642	-0.8672	6.11	+0.50			
80.5921	-56.1344	6.11	-0.10	κ		Pic
84.0662	47.7153	6.11	+0.26			
90.3342	85.1822	6.11	+1.57			
84.2867	-11.7756	6.11	+0.05			
84.0112	-47.3139	6.11	+1.16			
85.1754	31.9208	6.11	+2.12			
100.3217	11.0033	6.11	+1.68			
101.2338	-70.4339	6.11	+1.33			
102.5046	-60.2492	6.11	+0.46			
106.7767	4.9103	6.11	-0.13			
106.5096	-38.3828	6.11	+0.70			
113.5533	-33.4633	6.11	+0.29			
123.4950	-36.3411	6.11	-0.18			
125.6950	-13.0547	6.11	+1.00		22	Pup
131.2300	-21.1678	6.11	+0.22			
132.4596	-72.5508	6.11	+0.20			
136.6417	-55.8033	6.11	-0.15			
138.1083	-7.1097	6.11	+0.22		21	Hya
139.4654	-67.0508	6.11	+1.26			
143.1725	1.8642	6.11	+0.62			
159.7096	-42.7536	6.11	+0.66			
163.7542	-42.2511	6.11	-0.08			
164.4517	-59.7319	6.11	+1.10			
168.2371	-49.7364	6.11	+1.06			
183.7942	-10.3125	6.11	+0.46			
186.2854	-42.5144	6.11	+0.65			
193.2967	-3.5531	6.11	+0.50		38	Vir
198.3017	18.7269	6.11	+1.20			
202.2817	-64.6758	6.11	+0.11			
203.2004	24.3464	6.11	+0.96			
210.8646	-41.4233	6.11	-0.11			
212.8129	32.2956	6.11	+1.26			
213.4162	-54.6258	6.11	+0.05			
221.2312	-58.4778	6.11	+1.02			
234.7037	34.6750	6.11	+1.02			
246.5479	11.4075	6.11	+1.03			
252.7492	-37.5144	6.11	+0.12			
255.4475	-58.9583	6.11	-0.03			
267.1587	-55.4017	6.11	+0.28			
267.9354	-45.6006	6.11	+0.95			
274.2783	40.9367	6.11	+0.99			
280.8708	53.8719	6.11	+0.12			
294.1087	-18.8528	6.11	+0.27			
297.0125	-13.7033	6.11	+0.20			
297.3646	38.7100	6.11	+0.90			
301.9225	34.4231	6.11	+0.16			
306.4271	-2.8003	6.11	+1.19			
308.9654	-69.6111	6.11	+1.29			
308.7100	51.8542	6.11	+0.41			
314.9988	-36.1297	6.11	+0.39			
320.1396	60.7569	6.11	+1.00			
324.2038	-33.0481	6.11	+0.22		7	PsA
323.8625	24.4522	6.11				
325.3929	40.8053	6.11	+0.07		76	Cyg
332.0717	25.5436	6.11	+0.27			
332.1708	45.7419	6.11	+0.72			
333.4563	63.1625	6.11	-0.08			
343.7479	1.0647	6.11	+0.20		1	Psc
346.7921	52.8164	6.11	+1.05			
358.0975	21.6708	6.11	+1.59			
14.4154	45.8397	6.12	+1.02			
16.4033	-9.9792	6.12	+1.01		27	Cet
16.6400	12.9561	6.12	+0.96		75	Psc
23.7112	-31.8922	6.12	+1.11			
32.6067	-50.8244	6.12	+0.82			
36.9658	50.5697	6.12	+0.41		66	And
47.8412	13.0478	6.12	+1.02			
47.6142	-48.7342	6.12	+1.12			
50.1067	25.6628	6.12	+1.24		60	Ari
52.5567	-41.3700	6.12	+0.48			
54.9979	-1.1206	6.12	+1.00			
63.2133	22.4136	6.12	+0.19			
65.1046	18.7425	6.12	+0.37			
73.7208	-58.5472	6.12	+0.44			
84.3304	8.9519	6.12	-0.17			
88.5558	10.5869	6.12	+1.47			
89.7542	-9.3822	6.12	+0.29		1	Mon
91.5354	35.3875	6.12	+0.60			
91.8621	41.8542	6.12	+1.22			
91.6708	-42.2986	6.12	+0.25	π¹		Col
96.0854	-12.9625	6.12	-0.08			
99.4204	-12.9850	6.12	+1.00			
100.3088	-40.3497	6.12	-0.14			
103.2562	38.8692	6.12	+0.37		59	Aur
106.4158	52.7581	6.12	+0.11			
108.4013	-27.3564	6.12	-0.23			
116.3983	-56.7225	6.12	+0.39			
117.5237	-19.5236	6.12	+1.26			
120.1204	-48.8714	6.12	-0.11			
125.2821	-64.1061	6.12	+0.93			
128.1758	-73.3567	6.12	+0.95			
140.2471	38.1883	6.12	+0.38			
143.2588	-8.5053	6.12	+0.98			
149.2954	-52.6389	6.12	-0.13			
150.9208	-9.5739	6.12	+1.66			
150.8354	-46.6361	6.12	+0.02			
155.4596	14.9756	6.12	+0.02		42	Leo
157.6108	64.2575	6.12	+0.16			
163.3537	-2.2553	6.12	+0.90			
170.5962	-44.6458	6.12	+0.92			
171.0921	-42.6692	6.12	-0.18			
194.2821	46.1769	6.12	+1.01			
208.0037	-31.6194	6.12	+0.48			
223.9946	32.3003	6.12	+0.10			
230.9321	-1.0225	6.12	+0.25		8	Ser
233.8883	17.6556	6.12	+0.94	τ³	15	Ser
237.5679	-45.4017	6.12	+0.29			
245.1358	-39.4308	6.12	-0.07			
250.9746	-41.1131	6.12	-0.07			
259.0896	-35.7494	6.12	+0.48			
264.7408	13.3292	6.12	+0.56			
267.1996	19.2553	6.12	+0.02			
273.3187	21.8803	6.12	+1.47			
282.0671	48.7675	6.12	+0.21			
284.5888	-31.0361	6.12	+1.35			
296.8617	47.9078	6.12	+1.64			
299.0792	56.6869	6.12				
307.7679	-15.0564	6.12	+0.79			
316.5979	26.9244	6.12	+1.05			
318.9450	-36.2108	6.12	+1.37			
321.5642	-54.6606	6.12	+0.34	γ		Ind
322.2196	55.4186	6.12	+0.14			
327.1225	38.6486	6.12	-0.08			
329.6254	-59.0122	6.12	+0.46	κ¹		Ind
329.6825	-21.1828	6.12	+1.65			
340.5867	53.9089	6.12	+1.62			
342.1992	54.4150	6.12	-0.07			
343.0412	-63.1886	6.12	+1.03			
343.6487	16.9417	6.12	+1.77			
347.0987	-79.4808	6.12	+0.14			
348.5275	-62.7000	6.12	+0.79			
348.6675	-10.6886	6.12	+1.49			
1.2242	34.6597	6.12	+0.62			
1.6533	29.0214	6.13	+0.75			
8.3471	-71.2661	6.13	+0.23	θ		Tuc
11.8067	19.5789	6.13	+0.27		59	Psc
21.9442	-10.9017	6.13	+1.32			
52.5471	59.3661	6.13	+0.08			
61.1708	-20.3817	6.13	+1.16			
68.7521	-19.9206	6.13	+1.17			
70.8075	24.0889	6.13	+0.54		95	Tau
79.8658	58.1172	6.13	-0.03		15	Cam
87.2704	62.8081	6.13				
100.6908	-22.4492	6.13	+0.34			
103.8113	43.9100	6.13	+0.32			
121.1729	-19.7281	6.13	-0.16		14	Pup
125.0713	-5.3292	6.13	+1.33			
125.1142	-22.9247	6.13	+1.04			
129.8421	-36.6069	6.13	+0.42			
131.3392	30.6978	6.13	+0.94		46	Cnc
131.2554	5.6806	6.13	+0.20		10	Hya
133.1279	-13.2336	6.13	+1.14			
140.1825	51.2661	6.13	+0.42			
142.9825	-10.3706	6.13	+1.19			
152.3825	-35.8567	6.13	+0.60			
155.5538	-19.8669	6.13	+0.03			
156.5396	-42.7389	6.13	+1.13			
164.3154	-75.0997	6.13	+1.53			
166.2675	-49.3925	6.13	-0.02			
168.1267	-18.5000	6.13	-0.01	ψ		Crt
177.5813	-15.8639	6.13	+0.95			
178.9779	-39.6892	6.13	+1.02			
181.4154	62.9331	6.13	+1.17			
205.9383	22.7003	6.13	+1.42			
210.3292	-40.2222	6.13	+1.25			
219.1008	-39.5972	6.13	+1.05			
221.3363	18.8847	6.13	+0.83			
225.9908	65.9197	6.13				
228.5429	42.1714	6.13	+1.66			
239.1392	-14.8292	6.13	+0.23			
240.2767	-54.5778	6.13	+0.25			
252.9746	-65.3756	6.13	-0.02			
252.4187	43.4306	6.13	+1.26			
252.6796	32.5536	6.13	+1.01			
256.6183	-35.4511	6.13	+0.50			
255.3196	60.6492	6.13	+1.00			
275.3688	5.4358	6.13	-0.04			
283.1542	-29.3794	6.13	+1.35			
287.4504	-19.8036	6.13	+1.16			
288.1921	-50.4864	6.13	+0.95			
292.4692	-55.4414	6.13	+0.98			
292.7250	-21.3122	6.13	+0.12			
297.7962	-2.4608	6.13	+1.57			
298.0146	11.6289	6.13	+0.65			
304.0821	21.5986	6.13	+1.04		18	Sge
304.8246	-47.5803	6.13	+0.46			
305.0854	14.5692	6.13	+0.91			
307.1037	-3.3578	6.13	-0.06		68	Aql
308.5488	-13.7211	6.13	+0.54			
319.2583	53.9975	6.13	+0.05			
321.6171	1.1033	6.13	+0.44			
328.8363	61.5419	6.13	+1.60			
331.3183	46.7447	6.13	+1.61			
344.6458	-35.5231	6.13	+0.58			
346.5758	18.5175	6.13	+0.44			
349.5833	-67.4711	6.13	+1.35			
350.1833	44.1164	6.13	+0.17			
4.4292	51.4331	6.14	-0.13			
7.4663	-14.8642	6.14	+0.37			
10.1371	-23.8044	6.14	+0.70			
16.5321	-23.9925	6.14	+1.09			
21.1658	-15.6603	6.14	+0.91			
22.7179	66.0981	6.14	+0.08			
27.5842	-47.8164	6.14	+1.01			
42.4625	-24.5603	6.14	+1.07	γ¹		For
44.6975	-9.7764	6.14	+0.22			
44.7775	-28.9069	6.14	+1.04			
49.1487	-9.1544	6.14	+0.40		14	Eri
55.9467	19.6650	6.14	+1.01		14	Tau
57.0762	50.7367	6.14	+0.06			
58.5725	-2.9528	6.14	+0.09		32	Eri
59.0167	-63.4636	6.14	+1.10			
75.8275	41.4417	6.14	+0.16			
76.0604	30.4947	6.14	+1.21			
79.5787	33.7672	6.14	-0.06		17	Aur
88.0725	58.9642	6.14	-0.04		30	Cam
89.9504	54.5472	6.14	+1.20			
97.7896	11.2508	6.14	-0.08			
99.5854	-2.5436	6.14	+1.48			
103.3404	-18.9333	6.14	+0.15			
106.3833	-34.7778	6.14	+0.37			
117.0354	-40.6522	6.14	+1.58			
119.3021	-63.2969	6.14	-0.10			
121.4371	-33.5692	6.14	+1.11			
126.4579	17.0461	6.14	+0.41		25	Cnc
133.4821	35.5383	6.14	+0.04			
134.1538	4.2367	6.14	+1.00			
138.0537	3.8672	6.14	-0.01			
138.0512	-76.6631	6.14	+1.09			
142.3521	-2.2053	6.14	+0.22			
142.9121	-10.5522	6.14	+0.24			
145.6779	35.0933	6.14	+0.36		13	LMi
151.2937	52.3708	6.14				
150.8929	-61.8839	6.14	-0.04			
158.3554	-58.1903	6.14	+0.35			
164.0704	22.3517	6.14	+1.55			
165.8108	-0.7525	6.14	+0.26			
169.2425	-7.1347	6.14	+0.20			
174.4708	50.6183	6.14	+1.07			
196.5946	62.0419	6.14	+0.99			
209.0825	-54.1319	6.14	+0.07			
209.3654	-23.0228	6.14	+1.43			
222.2254	-0.8478	6.14	-0.04			
222.0971	24.3667	6.14	+0.48			
236.1754	17.2642	6.14	0.00	τ8	26	Ser
238.6250	-27.3386	6.14	-0.07			
241.8425	21.8225	6.14	+1.37			
242.1942	17.2058	6.14	0.00		8	Her
243.8500	-42.8997	6.14	+1.11			
243.9475	27.4222	6.14	+1.31			
258.1042	-27.7619	6.14	-0.04			
271.1554	1.9192	6.14	0.00			
276.3813	-63.0214	6.14	+0.20			
283.0079	13.9656	6.14	0.00			
284.6025	-22.5294	6.14	+0.09			
300.1104	-43.0433	6.14	+1.64			
301.2779	51.8394	6.14	+1.60			
303.4283	43.3792	6.14	+1.50			
307.9437	56.7800	6.14	+1.43			
331.8563	53.3072	6.14	+0.43			
336.8604	39.8097	6.14	-0.14			
337.8267	-6.5550	6.14	+0.56			
346.3033	-17.0792	6.14	+1.37			
4.0900	43.5947	6.15	+0.05			
11.3504	-4.6292	6.15	+1.62			
11.2500	-53.7150	6.15	+0.53			
11.3696	-12.8808	6.15	+0.61		18	Cet
12.5762	45.0022	6.15	+0.01			
20.1158	-11.2389	6.15	+1.11			
21.2029	-2.8486	6.15	+0.96			
31.7050	25.7047	6.15	-0.03		11	Ari
37.6600	19.8553	6.15	+0.25		26	Ari
41.0446	-52.5706	6.15	+0.09			
48.0400	42.3761	6.15	-0.09			
46.9550	-69.2656	6.15	+1.02			
51.0104	-69.6247	6.15	+0.48			
67.0150	1.8586	6.15	+1.02			
74.4367	-14.2314	6.15	-0.21			
78.7971	59.4056	6.15	+1.18			
78.8267	-1.4092	6.15	+0.39			
81.7262	35.4572	6.15	+1.45			
81.7138	33.2628	6.15	+1.15			
84.3129	64.1547	6.15	+0.01		19	Cam
86.0358	61.4767	6.15	+0.90		23	Cam
85.5596	-17.5303	6.15	+1.38			
86.1104	-22.4217	6.15	+0.94			
92.7554	-6.7542	6.15	+0.01			
96.6438	-4.5972	6.15	-0.14			
97.0783	10.3039	6.15	+1.15			
97.7942	-61.8797	6.15	-0.15			
99.4696	4.9572	6.15	+0.14			
102.2654	1.0019	6.15	-0.13			
118.6663	-34.8469	6.15	+1.53			
121.1883	18.8422	6.15	-0.05			
125.6258	-6.1792	6.15	+0.22			
129.9275	73.6297	6.15	+1.02			
137.1812	-26.7678	6.15	+0.17			
145.8646	-51.2283	6.15	-0.10			
156.7521	19.3644	6.15	+1.14			
162.2383	29.4158	6.15	+1.15		43	LMi
165.0358	-51.8178	6.15	+0.18			
172.9600	81.1272	6.15	+0.24			
177.2550	-0.3186	6.15	+0.52			
184.4471	-36.0939	6.15	+0.01			
185.0738	26.0019	6.15	+0.30			
187.1392	-56.4078	6.15	+0.92			
192.9912	-26.7381	6.15	+0.23			
210.7488	50.9719	6.15	+0.01			
214.1254	-3.1964	6.15	-0.01			
224.6533	-39.9067	6.15	+1.23			
232.1854	47.2014	6.15	+0.10			
238.7192	-60.7433	6.15	+0.10			
246.3417	-63.1247	6.15	+0.03			
254.1500	-40.8236	6.15	+0.26			
270.3996	33.3114	6.15	+1.55			
272.1254	-45.7672	6.15	-0.08			
271.3758	21.6469	6.15	+1.23			
276.3404	-35.9917	6.15	+1.00			
276.2375	-1.5794	6.15	+0.37			
280.6504	-7.0733	6.15	+1.00			
282.0683	23.5142	6.15	+0.49			
284.1067	2.4711	6.15	+0.97			
298.6679	7.1403	6.15	+0.03			
299.8142	52.0558	6.15	-0.19			
306.1562	1.0686	6.15	-0.04			
310.6654	60.6014	6.15	+0.01			
317.1175	6.9894	6.15	+1.66			
319.7304	41.0408	6.15	+0.30			
318.3396	81.2308	6.15	+0.09			
321.0308	25.3122	6.15				
323.6146	51.6983	6.15	+0.02			
324.4113	54.0422	6.15	+0.99			
328.4908	6.8644	6.15	+0.80			
332.9804	-76.1161	6.15	+1.00			
334.1558	-25.8983	6.15	+1.11			
334.1400	-1.5964	6.15	+0.19			
338.8600	-78.7717	6.15	+1.38			
345.6358	-6.5742	6.15	+1.58		82	Aqr
347.1487	-73.5864	6.15	+1.42			
350.9762	-53.8083	6.15	+0.26			
359.1729	22.6481	6.15	+1.60			
2.9962	48.1525	6.16	+1.45			
13.5733	-8.7408	6.16	+0.92		21	Cet
28.9604	-78.3483	6.16	+0.44	σ		Hyi
49.0196	45.3458	6.16	+1.67			
48.4083	-29.8042	6.16	+1.05			
54.8571	16.5367	6.16	+1.00			
59.3600	24.4619	6.16	+1.37			
65.0417	31.9533	6.16	+1.71			
67.3333	-46.5153	6.16	+1.06			
81.4458	0.5208	6.16	-0.18			
81.8075	15.2578	6.16	+0.08			
84.3188	-27.8714	6.16	+0.34	ν¹		Col
94.5233	14.3828	6.16	+0.01			
97.3121	2.6461	6.16	+1.54			
97.6446	-13.1481	6.16	-0.15			
107.1513	37.4450	6.16	+1.21			
108.0308	5.4747	6.16	+1.14			
117.7300	-11.1286	6.16	+1.13			
123.9954	-35.9028	6.16	+1.55			
124.3462	-16.2850	6.16	+0.01		21	Pup
125.3508	-39.6208	6.16	+0.17			
132.6879	18.8322	6.16	-0.01			
140.3633	32.9019	6.16	+1.09			
153.0958	-52.1633	6.16	+1.17			
153.8192	-54.9742	6.16	-0.17			
164.8083	-61.3203	6.16	-0.06			
173.0971	-26.7467	6.16	+1.66			
180.3708	-57.5036	6.16	0.00			
183.6808	53.4347	6.16	+1.04			
191.2571	-68.8311	6.16	+0.69			
198.2333	-59.8167	6.16	+0.60			
198.4896	-43.1389	6.16	+1.38			
200.7196	-47.9431	6.16	+0.18			
203.0221	-38.3992	6.16	+1.04			
205.5529	8.3883	6.16	+0.42			
208.9583	14.0564	6.16	+0.50			
222.2779	37.8111	6.16	+0.36			
226.9179	5.4981	6.16	+0.94			
241.8500	-56.1914	6.16	+0.58			
249.2292	63.0728	6.16	+1.53			
250.7433	55.6903	6.16	+0.07			
261.2613	-34.6964	6.16	+0.02			
272.7300	-33.7997	6.16	-0.14			
274.4004	-34.1072	6.16	-0.11			
275.5008	-28.4300	6.16	+0.26			
286.7188	-37.8103	6.16	+0.72			
288.9975	27.9269	6.16	+0.61			
295.9067	-37.5389	6.16	+0.01			
295.1717	43.0778	6.16	+1.56			
301.1200	48.2297	6.16	+0.04			
307.3804	-22.3917	6.16	+1.55			
314.6283	41.9403	6.16	-0.08			
322.8646	52.6200	6.16	+0.90			
324.6875	25.4989	6.16	+1.02			
327.9242	-18.6231	6.16	+0.36			
335.7508	57.2844	6.16	-0.13			
337.8267	-2.9111	6.16	+1.08			
344.5646	-2.3953	6.16	+0.74			
3.7425	-34.9044	6.17	+1.34			
4.4487	1.6889	6.17	+0.94			
10.6296	58.7533	6.17	-0.01			
22.9129	-45.5756	6.17	+0.06			
25.3267	25.7458	6.17	+0.44			
25.3637	-38.1331	6.17	+0.42			
49.0037	-5.9186	6.17	-0.02			
53.5346	17.8328	6.17	+0.89			
57.4312	23.7117	6.17	-0.05			
61.6625	65.5208	6.17	+0.14			
65.2200	13.8642	6.17	+0.46			
76.3487	1.1775	6.17	+3.45			
76.9096	9.4719	6.17	+0.62		13	Ori
78.2633	61.8500	6.17	+0.02			
84.9321	75.0439	6.17	+1.57			
86.7817	-16.2378	6.17	+0.89			
87.8692	-22.9261	6.17	+1.02			
92.4008	-5.7111	6.17	+0.34			
99.4179	2.7042	6.17	+1.08			
105.4704	-1.3456	6.17	+1.28			
114.7996	24.2225	6.17	+0.01			
114.9754	32.0097	6.17	+0.35			
119.0996	4.4858	6.17	+0.98			
132.5900	-28.6181	6.17	-0.08			
134.2842	17.1439	6.17	+1.00			
136.7496	1.4628	6.17	+1.65			
144.1054	-48.7514	6.17	+0.27			
146.8250	79.1367	6.17	+0.25			
146.1529	64.9839	6.17				
164.8246	51.8822	6.17	+1.38			
174.5408	8.8842	6.17	+1.08			
176.7792	-35.9069	6.17	+0.96			
178.3617	-35.0667	6.17	+0.08			
179.7642	0.5306	6.17	+1.26			
180.0775	80.8531	6.17	+1.61			
182.5104	-34.7050	6.17	+0.03			
183.1950	-70.1519	6.17	+0.84			
193.9721	-15.3269	6.17	0.00			
202.5004	7.1789	6.17	+1.47			
211.4438	-54.6694	6.17	+0.23			
212.2163	-43.4711	6.17	-0.06			
216.8517	-6.1203	6.17	+0.09		104	Vir
226.9867	-65.2756	6.17	+1.47			
226.6129	-22.0319	6.17	+1.05			
228.6404	-17.7686	6.17	-0.05		26	Lib
227.6837	67.7814	6.17				
230.2237	-18.1586	6.17	+1.02		28	Lib
256.1721	19.5992	6.17	-0.01			
259.0592	2.1861	6.17	+0.22			
263.1021	-34.2797	6.17	+0.35			
263.3821	57.5589	6.17	+0.59			
266.1417	2.5794	6.17	+0.07		61	Oph
267.6812	11.9467	6.17	+1.25			
268.3317	-34.7306	6.17	-0.03			
276.0383	83.1753	6.17	+0.05			
281.6725	18.7058	6.17	+1.59			
291.0892	-43.7231	6.17	+1.60			
300.1054	-49.3511	6.17	+1.06			
299.8446	1.3778	6.17	+1.13			
306.2267	-83.3106	6.17	+0.20			
305.7179	14.5514	6.17	+0.51			
316.9358	-17.4553	6.17	+0.02			
318.5429	29.9011	6.17	+1.09			
325.5350	45.7658	6.17	+1.55			
326.9087	-5.9172	6.17	+0.22			
327.3292	61.2728	6.17	+1.67			
327.7704	39.5367	6.17	-0.08			
333.2396	-26.3278	6.17	+0.17			
334.2492	-23.1400	6.17	+1.05			
334.7342	37.7694	6.17	+0.28			
335.2325	8.1867	6.17	+0.44			
340.5921	-29.3608	6.17	+1.54		19	PsA
347.9550	26.8472	6.17	+0.94		60	Peg
350.1704	-5.9081	6.17	+1.07			
352.5308	49.1331	6.17	+1.46			
356.1204	-26.2464	6.17	+0.50			
1.7087	-23.1075	6.18	+0.38			
7.8554	66.5194	6.18	-0.10		13	Cas
21.3987	23.5117	6.18	+0.43			
24.1867	-58.2708	6.18	+1.61			
26.8200	-41.7600	6.18	+1.54			
36.1408	-40.8406	6.18	+0.66			
36.7792	27.0133	6.18	+1.43			
38.7671	7.4714	6.18	+1.06			
39.5742	37.7267	6.18	+0.47			
42.2313	69.6342	6.18	+0.18			
62.3433	54.8289	6.18				
79.6683	40.4650	6.18	+1.37			
80.2358	19.8142	6.18	+1.23			
83.4117	20.4742	6.18	-0.07			
86.8042	-54.3608	6.18	+1.40			
92.9321	-4.6656	6.18	-0.08			
99.5025	-61.5331	6.18	+0.62			
115.3483	-22.3372	6.18	+1.62			
114.0175	-77.6342	6.18	+1.73			
117.1400	23.1411	6.18			82	Gem
116.0542	-69.8214	6.18	-0.06			
117.6975	3.2772	6.18	+1.12			
125.0546	-0.9094	6.18	+0.60			
127.8329	37.2658	6.18	-0.03			
134.9162	-19.2081	6.18	+0.46			
142.6921	-31.8894	6.18	+0.03	ζ¹		Ant
143.3763	36.4869	6.18	+1.27		9	LMi
156.3217	-42.4681	6.18	+1.00			
200.1454	-59.7733	6.18	+0.43			
200.6488	-60.9722	6.18	+0.01			
207.5271	-29.0814	6.18	-0.03			
210.7571	-31.6839	6.18	+0.48			
222.7504	-0.2572	6.18	+1.40			
229.6721	-31.2094	6.18	+1.23			
234.8263	-77.9181	6.18	+1.20			
236.9733	-65.4425	6.18	+0.22			
244.2304	-3.9533	6.18	+0.31			
249.7196	-60.9903	6.18	-0.08			
250.2104	-60.4461	6.18	+0.48			
266.9400	-22.4781	6.18	+1.49			
268.2650	-10.8997	6.18	+1.11			
274.9175	-63.8869	6.18	+0.58			
282.8996	28.7836	6.18	+1.18			
287.8462	40.4292	6.18	+0.09			
294.6079	-57.9833	6.18	+0.97			
296.6458	32.8886	6.18	+1.13			
298.5737	-23.9411	6.18	+1.02			
302.1304	-10.0628	6.18	+0.06			
305.1267	53.5961	6.18	+1.56			
307.7421	20.6058	6.18	+0.15			
307.8379	52.3097	6.18	+1.01			
324.7342	-79.4425	6.18	+0.46			
324.4321	6.6183	6.18	+0.02		3	Peg
329.2592	-37.7469	6.18	+0.33			
332.5792	19.6169	6.18	+0.69			
344.4196	39.3089	6.18	-0.15			
352.2525	-9.2661	6.18	+1.44			
353.6946	38.0239	6.18	+1.58			
1.8258	-17.3864	6.19	+0.14			
2.1708	36.6267	6.19	+0.48			
6.6558	-0.0497	6.19	+0.90		10	Cet
7.6158	-40.9394	6.19	+0.33			
16.1150	29.6586	6.19	+0.43			
18.2479	30.0642	6.19	+1.00			
25.9783	-4.7656	6.19	+1.54			
37.3067	23.4689	6.19	+0.15			
45.5388	-6.4947	6.19	+0.60			
46.9621	-27.8311	6.19	+0.16			
54.8558	-10.4372	6.19	+1.03			
59.1579	-9.7508	6.19	+0.28			
65.7412	59.6164	6.19				
71.6075	-28.0875	6.19	+0.19			
75.7100	66.8228	6.19	+0.48			
76.0900	21.2781	6.19	+1.32			
82.5662	-63.9278	6.19	+0.22			
84.4725	-4.8136	6.19	-0.04			
85.5483	-30.5356	6.19	+0.01			
95.9000	-9.8744	6.19	+1.84			
98.3588	-52.3289	6.19	+1.09			
100.8075	37.1469	6.19	+1.03			
100.7771	3.0333	6.19	+1.37			
111.0717	-22.9128	6.19	-0.09			
114.6358	-38.7811	6.19	+1.02			
115.7725	0.1894	6.19	+1.02			
121.3350	-46.9789	6.19	-0.15			
128.2700	-24.6064	6.19	+0.27			
129.3629	-4.9336	6.19	+1.05			
134.4250	9.3878	6.19	+0.98			
142.3179	-38.4039	6.19	+0.22			
144.1929	-52.9442	6.19	+1.05			
150.7496	-60.1786	6.19	+0.17			
153.8371	-36.5181	6.19	+1.06			
156.1846	-73.9717	6.19	+0.07			
157.5362	-66.9850	6.19	+0.01			
164.8075	-84.5939	6.19	+0.11	η		Oct
174.9600	-16.6203	6.19	+1.62			
185.5450	24.7739	6.19	-0.01			
187.9112	-5.0525	6.19	+1.04			
190.3933	10.4264	6.19	+0.19		27	Vir
196.9733	27.5558	6.19	+1.36			
198.7904	-36.3711	6.19	+0.97			
199.6442	-51.2861	6.19	+0.01			
206.3963	-15.7675	6.19	+0.05		85	Vir
208.4675	-35.3144	6.19	+1.02			
208.7425	-8.0589	6.19	+0.53			
214.9204	0.3842	6.19	+0.20			
216.0763	8.0850	6.19	+1.20			
230.1733	44.4342	6.19	+0.39			
234.3688	-26.2800	6.19	+0.01			
238.3450	-62.6069	6.19	+1.47			
237.9100	-14.1336	6.19	+1.00			
240.7888	59.4108	6.19	+1.58			
242.3821	-32.6497	6.19	+0.79			
254.3587	-10.9633	6.19	+1.00			
256.4525	-44.1050	6.19	+0.28			
257.7633	24.2378	6.19	+0.23		63	Her
261.2758	-24.2436	6.19	+1.10			
261.7346	-51.9492	6.19	-0.03			
265.0492	-2.1525	6.19	+1.67			
266.0721	14.4103	6.19	+0.21			
274.3500	-28.6525	6.19	+0.18			
283.2604	-48.3600	6.19	+0.14			
283.2483	-46.5858	6.19	+0.03			
289.4508	2.0317	6.19	+0.02			
291.3575	24.9128	6.19	+0.51			
301.2908	38.4783	6.19	+0.64			
307.7467	36.9358	6.19	+1.01		44	Cyg
308.8842	-16.5258	6.19	+0.20			
307.2629	83.6256	6.19	+0.13			
315.6004	44.7911	6.19	+1.69			
319.3467	42.6833	6.19	-0.11			
329.0583	-57.8994	6.19	+0.21	π		Ind
331.5517	45.2486	6.19	+0.09			
342.1258	-10.5556	6.19	+0.28		70	Aqr
342.2529	68.5703	6.19				
343.6421	-7.2047	6.19	+1.28		78	Aqr
351.0325	-18.6875	6.19	+1.02			
0.1288	59.5597	6.19	+1.01			
13.8112	24.5569	6.20	+1.62			
20.6542	1.7264	6.20	+1.52			
22.0954	7.9614	6.20	+1.12			
50.8242	-7.7942	6.20	+0.70			
53.4867	-31.0803	6.20	+0.48			
76.7067	43.1747	6.20	+0.43			
78.6846	53.2139	6.20	+0.07			
88.2313	68.4714	6.20	+0.95			
82.5579	-84.7850	6.20	-0.02			
90.6408	-14.4972	6.20	+0.96			
97.7921	16.9386	6.20	+1.16			
97.7492	-40.9164	6.20	+1.40			
101.8479	18.1933	6.20	+0.07			
122.2925	-35.4550	6.20	+0.89			
123.0554	17.6478	6.20	+0.60	ζ²	16	Cnc
132.2058	66.7081	6.20	-0.11			
135.2975	-26.6639	6.20	+1.13			
141.6188	-40.5019	6.20	+0.25			
149.2488	-69.1019	6.20	-0.10			
150.4188	-53.3644	6.20	-0.13			
150.4917	-57.3497	6.20	+1.12			
157.7446	-7.6375	6.20	+1.38			
163.6758	25.4908	6.20	+0.28		48	LMi
164.9867	77.7700	6.20	+0.97			
172.9371	14.3644	6.20	+0.57		88	Leo
188.9942	-20.5272	6.20	+0.33			
195.1617	18.3731	6.20	+0.42			
199.1192	68.4081	6.20	-0.06			
202.1933	-69.6281	6.20	+0.02			
209.6300	-65.8006	6.20	+1.05			
210.6325	9.6864	6.20	+0.90			
211.5454	-43.0919	6.20	+0.98			
214.3379	51.3072	6.20	+0.04			
219.2492	-12.3053	6.20	+0.46			
224.9833	-75.0325	6.20	-0.04			
228.3983	38.2647	6.20	+1.20			
229.8817	-37.0967	6.20	+0.96			
230.3971	-40.7497	6.20	+0.07			
250.9396	-41.1189	6.20	+0.14			
268.2196	-41.9967	6.20	+0.54			
268.7250	-24.8872	6.20	+0.04			
276.9854	-17.8000	6.20	+0.01			
279.1900	43.2219	6.20	+0.24			
295.1808	-16.2933	6.20	+1.13		54	Sgr
294.8933	45.9581	6.20	+0.90			
295.4667	50.5175	6.20	+0.66			
297.8308	47.3772	6.20	+0.36			
300.3137	37.0989	6.20	+1.31			
299.9025	76.4814	6.20	+1.61		69	Dra
305.7312	42.9833	6.20	+0.95			
309.3483	38.3286	6.20	+0.99			
317.8363	-72.5442	6.20	+1.08			
324.5121	-64.8242	6.20	+0.03			
324.3663	44.6967	6.20	+0.19			
325.1804	54.8722	6.20	+1.16			
328.6496	-3.3011	6.20	+0.48			
345.3779	57.1056	6.20	+1.50			
351.7879	-50.1572	6.20	-0.08			
7.7292	77.0194	6.21	+0.84			
12.8904	51.5711	6.21				
14.0538	57.9967	6.21	+1.37			
15.6788	-65.4561	6.21	+1.64			
21.0104	-8.0075	6.21	+0.23		44	Cet
26.0746	57.5364	6.21	+0.10			
30.9275	18.2533	6.21	+1.42			
34.7954	46.4725	6.21				
38.4175	-20.0019	6.21	+1.10			
39.6538	3.4431	6.21	+1.00			
43.5271	-50.8714	6.21	+1.58			
56.9567	-36.1058	6.21	-0.10			
67.6596	32.4581	6.21	-0.04			
67.8579	-13.6450	6.21	+0.12			
78.4996	-14.6067	6.21	+0.37			
82.5825	4.2042	6.21	+1.27			
85.8313	23.2042	6.21	-0.06			
85.4229	-16.7256	6.21	-0.13			
99.6587	1.6136	6.21	+0.15			
101.5504	-37.7756	6.21	-0.13			
103.6754	-1.7564	6.21	+0.56			
103.4804	-24.5392	6.21	+0.01			
107.3346	-10.3472	6.21	+0.03			
113.3421	-14.3383	6.21	-0.04			
115.8425	22.3994	6.21	+0.93			
115.7221	-58.2300	6.21	+1.05			
121.4042	27.5297	6.21	+0.01			
123.9687	-30.9258	6.21	+0.78			
131.5992	-41.1256	6.21	-0.05			
131.2721	-58.7250	6.21	-0.09			
149.7754	-23.9503	6.21	-0.10			
151.6975	5.6114	6.21	+0.94		14	Sex
161.2650	-59.6842	6.21	+0.61	η		Car
168.7250	-43.7342	6.21	+1.61			
170.2242	67.1006	6.21	+1.01			
174.9629	-14.4686	6.21	0.00			
179.2654	-33.3153	6.21	-0.04			
185.1167	-65.8428	6.21	-0.04			
187.5121	51.5356	6.21	+0.51		7	CVn
187.7088	53.0767	6.21	+0.54			
200.3746	-19.4889	6.21	+0.09			
205.0650	31.0119	6.21	+0.96			
206.1904	-25.5008	6.21	+1.38			
215.8567	-11.7142	6.21	+0.99		2	Lib
238.8767	-31.0836	6.21	+1.37			
240.2238	-40.4353	6.21	+0.01			
240.9779	-24.7264	6.21	+1.38			
243.1046	67.1442	6.21	+0.99			
255.4175	75.2972	6.21				
258.9646	-30.2106	6.21	-0.03			
261.1546	-18.4458	6.21	+0.03			
261.7588	-12.5125	6.21	+0.51			
268.1617	-6.1436	6.21	+1.40			
270.0004	-20.3392	6.21	+1.40			
270.6254	22.9231	6.21	-0.10		97	Her
270.7875	48.4644	6.21	+0.03			
278.9717	16.9756	6.21	+0.53			
282.0113	4.2414	6.21	+1.51			
284.5992	6.2403	6.21	+0.46			
297.5904	-61.0614	6.21	-0.14			
301.3396	56.3414	6.21	+0.43			
304.8717	13.2169	6.21	+1.63			
307.0700	2.9369	6.21	+0.90			
312.3354	-18.0358	6.21	+1.42			
312.4963	5.5447	6.21	+0.98			
315.1408	-4.7303	6.21	+0.63		11	Aqr
318.8113	-40.5064	6.21	+1.14			
324.9987	-52.3592	6.21	+0.60			
326.7696	17.1942	6.21	+0.34			
333.9992	8.5494	6.21	+0.02			
339.9458	19.6811	6.21	0.00		41	Peg
342.5425	50.6769	6.21	+1.14			
345.1579	0.1858	6.21	+0.89		3	Psc
345.3483	-7.0611	6.21	+1.41		81	Aqr
346.9883	64.2225	6.21	+1.10			
358.7825	7.0711	6.21	-0.07		26	Psc
13.1013	-69.5044	6.22	+0.56	λ¹		Tuc
23.9433	14.6614	6.22	-0.04		101	Psc
35.7408	-18.3544	6.22	+0.94			
41.0854	-32.5250	6.22	+0.04			
44.2108	51.2608	6.22	+1.57			
58.3042	-18.4344	6.22	+0.88			
64.5342	42.1411	6.22	-0.08			
69.8462	25.2183	6.22	+0.16			
75.2042	-5.7533	6.22	+1.06			
82.8371	-6.7083	6.22	-0.17			
83.5162	-1.0356	6.22	-0.17			
85.1554	-2.8250	6.22	-0.20			
86.7696	-28.6392	6.22	-0.15			
89.4758	1.2244	6.22	+1.48			
90.0792	44.5919	6.22				
89.5488	-0.9942	6.22	+1.14			
90.0737	-12.8997	6.22	+0.36			
94.7829	-8.5864	6.22	-0.04			
96.9858	20.4961	6.22	+0.01		16	Gem
104.6742	-45.7681	6.22	0.00			
112.1971	15.1094	6.22	-0.05			
119.3333	-47.8903	6.22	-0.10			
120.4613	8.9139	6.22	+0.57			
130.7508	46.9011	6.22	+0.96			
146.4808	-58.7942	6.22	+0.46			
154.0129	-59.9033	6.22	+0.20			
174.6004	-2.4361	6.22	+1.12			
175.5146	-20.2939	6.22	+0.95			
179.2217	61.5492	6.22	+0.96			
180.7150	-7.6836	6.22	+1.49			
182.1025	-60.8472	6.22	+1.74			
183.5700	-64.4086	6.22	+0.12			
184.0979	-72.6147	6.22	-0.01			
186.9650	-4.6153	6.22	+0.44			
187.1063	-61.7953	6.22	+1.26			
188.8708	-61.8419	6.22	+0.73			
198.2121	-42.6997	6.22	+1.06			
200.7862	-33.1900	6.22	+1.65			
214.2658	-18.5853	6.22	+0.98			
215.7783	25.3381	6.22	+0.37			
220.4821	-58.6161	6.22	+0.45			
225.4921	-34.3589	6.22	+0.24			
232.6513	-20.7283	6.22	+0.17			
232.9308	-20.1647	6.22	+0.22			
233.0404	16.0561	6.22	-0.05	τ²	12	Ser
258.0825	-70.7211	6.22	+1.06			
267.0842	3.8042	6.22	+0.16			
275.7621	16.6881	6.22	+1.20			
278.2538	-39.8922	6.22	+0.42			
278.6300	-52.8919	6.22	+1.25			
281.3487	-56.8817	6.22	+1.38			
284.0946	-1.8000	6.22	-0.05			
283.4429	57.4869	6.22	+1.23			
284.6942	40.6792	6.22	-0.16			
283.3883	75.7875	6.22				
289.7550	37.4453	6.22	-0.03			
295.8108	58.0164	6.22	+0.56			
303.0996	-42.7806	6.22	+1.23			
302.7646	21.1347	6.22	+0.90			
304.3813	29.1481	6.22	+1.01			
306.5967	17.3156	6.22	+1.01			
309.9642	-62.9078	6.22	+1.10			
309.3263	0.0969	6.22	-0.08			
309.8050	-2.4128	6.22	-0.10			
310.4925	17.5214	6.22	+0.94			
325.8062	-19.6208	6.22	+0.27			
329.7292	-4.3731	6.22	+1.00			
335.9758	38.5736	6.22	+0.49			
0.3304	49.9817	6.22	+0.97			
2.2175	25.4628	6.23	+0.97			
5.6062	13.4825	6.23	+1.22		42	Psc
14.5933	-60.6964	6.23	+0.10			
20.1437	-3.2469	6.23	+1.02			
30.7937	73.8506	6.23				
32.8542	31.5264	6.23	+0.11		5	Tri
37.7267	17.7039	6.23	+0.90		27	Ari
54.9096	-3.3931	6.23	+1.04			
63.3950	10.2122	6.23	+0.05			
65.8996	42.4281	6.23	0.00			
66.7529	2.0794	6.23	+1.09			
74.3217	-1.0672	6.23	+0.42			
81.5100	-5.5183	6.23	-0.06			
85.3346	53.4811	6.23	+0.84			
91.3917	33.5992	6.23	-0.08			
97.1167	16.2383	6.23	+0.90			
104.4267	-27.5375	6.23	-0.14			
104.3233	-35.5075	6.23	+0.46			
107.5387	-18.6853	6.23	+0.40			
110.5771	-2.9789	6.23	+0.68			
117.3692	-13.3533	6.23	-0.09			
118.9200	35.4128	6.23	+0.28			
121.6146	-9.2450	6.23	-0.07			
122.7450	14.6294	6.23	+0.02			
133.1192	28.2592	6.23	+1.62		53	Cnc
146.3783	78.1347	6.23	+1.35			
158.5538	-60.9878	6.23	+1.40			
165.6017	-26.8314	6.23	+0.31			
181.4863	-35.6939	6.23	-0.08			
181.5825	-68.6508	6.23	+1.24			
182.8808	-51.3594	6.23	+0.82			
184.6317	30.2492	6.23	+0.30			
205.1629	28.0653	6.23	+1.28			
210.2937	27.3867	6.23	+0.17		11	Boo
222.2788	-56.6678	6.23	+1.13			
235.2429	-47.7356	6.23	+1.63			
245.6621	-2.0797	6.23	+0.07			
250.7642	-46.0706	6.23	+0.85			
266.4179	31.5047	6.23	0.00			
280.4650	-23.8333	6.23	+0.23		26	Sgr
281.2308	54.8967	6.23	+0.82			
285.5362	-41.9100	6.23	0.00			
287.0150	21.6989	6.23	+0.40			
295.4896	40.2539	6.23	+0.18			
298.0908	18.6719	6.23	+0.01		9	Sge
305.0633	39.4033	6.23	+0.06			
314.0708	56.8875	6.23	-0.18			
333.6608	-41.3817	6.23	+0.65			
338.9704	-57.8836	6.23	+0.20			
339.5925	-7.8978	6.23	+0.78			
355.1692	36.7208	6.23	+0.39			
3.7338	22.2842	6.24	-0.01			
19.2650	-66.3981	6.24	+0.05			
24.4071	-9.4039	6.24	+0.53			
28.7242	40.7019	6.24	+1.25			
38.4775	-51.0936	6.24	+0.52			
44.1033	64.3325	6.24	+2.03			
52.3592	46.9378	6.24	+0.13			
67.5404	-13.5922	6.24	+1.00			
75.5000	1.6089	6.24	-0.04			
82.4192	29.1864	6.24	+0.45			
83.8437	-4.4253	6.24	-0.15			
90.7296	32.6358	6.24	+0.42			
94.6688	9.0472	6.24	+0.87			
95.9417	-15.0717	6.24	+1.53			
96.3671	14.7219	6.24	+2.34			
99.4788	73.6956	6.24	+0.38			
98.1954	-11.1664	6.24	+1.11			
103.3437	10.9964	6.24	+0.97			
109.5171	30.9558	6.24	-0.03			
111.2113	-19.0122	6.24	+0.29			
112.7129	-5.2264	6.24	+1.18			
115.1971	13.7708	6.24				
128.1396	53.1147	6.24	+1.01			
128.3408	36.4364	6.24	+0.36		32	Lyn
128.3767	-46.9711	6.24	+1.56			
142.4579	-23.3453	6.24	+1.57			
143.3338	-7.1900	6.24	+1.17			
145.4104	25.9128	6.24	+1.25		13	Leo
147.6254	4.3436	6.24	+0.48		4	Sex
148.6321	-22.4883	6.24	+0.04			
152.0662	31.6042	6.24	+0.45			
152.4854	-12.0958	6.24	+0.18			
160.6304	-13.9750	6.24	+1.54			
172.9483	-20.7767	6.24	+0.54			
186.6008	71.9297	6.24	+1.06			
188.4475	33.3847	6.24	+1.05			
192.5817	-48.4597	6.24	+0.05			
193.1025	-53.8294	6.24	+1.13			
210.9825	4.9008	6.24	+0.39			
213.3050	-26.6122	6.24	+1.08			
213.5979	41.5189	6.24	+1.04			
234.0475	-33.0928	6.24				
236.6892	-6.1203	6.24	+1.17			
250.2979	-1.0006	6.24	+0.30			
262.0321	-63.0364	6.24	-0.09			
265.5163	-50.5106	6.24	+1.76			
265.8417	14.2950	6.24	+0.42			
267.5437	78.3067	6.24	+1.44			
285.4075	-22.6956	6.24	+1.66			
298.6683	-61.1708	6.24	+0.16			
313.6458	-50.7278	6.24	-0.12			
353.4279	45.0581	6.24	+0.98			
355.4771	57.2600	6.24				
357.3817	-15.8611	6.24	+1.22			
358.3367	-24.2292	6.24	+0.19			
0.8571	63.6419	6.24	+0.33			
3.5096	33.2061	6.25	-0.01			
19.0562	87.1453	6.25	+1.12			
17.0054	32.0122	6.25	+0.40		78	Psc
19.5425	47.4197	6.25	+1.35			
26.1921	57.0892	6.25	+0.04			
36.3167	56.6100	6.25	+0.31		10	Per
37.5692	33.8339	6.25	+1.07			
39.2767	32.8919	6.25	+0.48			
40.0654	6.1119	6.25	+0.40			
41.7429	35.9836	6.25	+0.93			
42.3783	57.0842	6.25	+0.89			
45.4679	5.3361	6.25	+1.05			
49.0079	34.6886	6.25	+0.28			
48.7508	-26.1003	6.25	+0.04			
53.6558	-9.8686	6.25	+0.02			
56.9537	32.1950	6.25	+0.47			
58.0179	31.1683	6.25	+0.20			
63.4579	12.7533	6.25	+1.16			
68.3871	18.0167	6.25	+0.07			
70.9342	-41.0647	6.25	+1.46			
77.7417	-2.2539	6.25	+0.98			
81.5238	16.7003	6.25	-0.08		113	Tau
85.8758	-39.4069	6.25	+0.37			
87.8571	32.1250	6.25	+1.75			
89.3958	66.0961	6.25	+1.36			
94.2446	23.7408	6.25	+0.45		9	Gem
96.3746	-35.0639	6.25	+1.36			
118.6221	47.3861	6.25	+1.15		25	Lyn
120.2000	19.8161	6.25	+1.11			
119.2113	-59.1264	6.25	+2.08			
131.5288	-11.0064	6.25	+1.61			
132.6342	33.2853	6.25	+0.49			
133.2746	59.0561	6.25				
134.8154	-28.8061	6.25	+1.00			
138.8108	-45.5556	6.25	-0.08			
143.4963	23.4539	6.25	+1.46			
152.8242	-7.3167	6.25	+0.01			
153.7821	59.9856	6.25	+1.60			
153.3308	-27.0289	6.25	+0.31			
161.5700	-60.6033	6.25	+0.04			
171.9737	-1.7000	6.25	+1.04			
186.1863	-41.3842	6.25	+1.18			
189.7187	-67.1931	6.25	+0.06			
193.4571	12.4186	6.25	+0.27		41	Vir
198.1058	80.4714	6.25	+0.94			
214.1367	20.1214	6.25	+0.49			
220.5133	61.2619	6.25	+0.41			
233.0183	-38.6231	6.25	+0.20			
235.0433	12.0531	6.25	+0.94			
240.7183	-62.5417	6.25	-0.04			
242.0204	17.0544	6.25	+1.14	κ	7	Her
243.2354	-4.2208	6.25	+0.13			
247.7617	35.2250	6.25	+1.64			
253.5442	-1.6122	6.25	+0.28			
259.1483	-74.5331	6.25	-0.01			
275.3808	-24.9150	6.25	+1.84			
279.8879	40.9350	6.25	-0.06			
282.4046	0.8358	6.25	+0.04			
287.4408	65.9786	6.25	0.00		55	Dra
288.8883	-24.1792	6.25	+0.54			
289.1367	-33.5217	6.25	+0.02			
291.0921	16.9378	6.25	+0.08		2	Sge
292.3250	0.2461	6.25	+1.32			
292.6954	36.2286	6.25	-0.04			
294.9250	-45.2781	6.25	+0.28			
297.2296	-52.8881	6.25	+1.13			
297.8238	9.6303	6.25	+0.10			
306.7208	-37.4031	6.25	+0.97			
307.0312	8.4375	6.25	+1.08			
309.4775	18.2692	6.25	+1.48			
314.9004	-19.0353	6.25	-0.13		20	Cap
315.7925	-27.7319	6.25	+0.95			
315.7625	1.5319	6.25	+0.48			
317.3875	-20.5564	6.25	+0.38		27	Cap
323.3246	45.8542	6.25	+1.81			
324.3908	-0.3903	6.25	+0.06			
341.3675	19.3667	6.25	+1.05		45	Peg
351.8117	1.1225	6.25	+1.02		9	Psc
352.3838	-4.5328	6.25	+1.09			
0.4325	42.3672	6.25	-0.03			
0.7400	-20.0461	6.25	+0.53			
1.2333	26.6489	6.25	+1.40			
7.2358	36.9000	6.26	+0.92			
7.1796	-50.5328	6.26	+1.09			
19.1279	79.9100	6.26	+0.42			
21.1746	-44.5283	6.26	+1.14			
28.2117	51.4747	6.26				
28.7396	37.1283	6.26	+1.17			
40.8608	-66.7144	6.26	+0.53			
43.3383	48.5694	6.26	+1.18			
47.8200	-16.0253	6.26	+1.20			
61.4854	-8.8561	6.26	+0.06			
67.8500	40.0103	6.26	+0.04			
72.0292	55.6025	6.26				
72.4258	-13.7697	6.26	+0.44			
84.3175	66.6961	6.26				
84.0429	-28.7078	6.26	+0.13			
96.0096	8.8847	6.26	-0.08			
103.2817	44.8394	6.26	+0.21			
103.5096	-50.6117	6.26	+0.99			
104.9138	-21.6033	6.26	-0.15			
113.3063	-40.0589	6.26	-0.12			
121.7913	43.2603	6.26	-0.02		28	Lyn
122.4487	-42.6406	6.26	-0.04			
133.8304	-45.0417	6.26	-0.16			
142.3850	-4.2472	6.26	+0.84			
146.7779	-65.0725	6.26	+0.08	υ		Car
160.3508	-1.7417	6.26	+0.88		33	Sex
161.0808	-70.8600	6.26	+0.20			
176.3025	-49.0697	6.26	+1.17			
177.0979	-10.3133	6.26	+0.58			
179.1829	-47.0725	6.26	+0.40			
183.8771	-41.9131	6.26	+1.01			
186.7008	-48.9133	6.26	+0.68			
188.2621	10.2956	6.26	+0.95		20	Vir
188.3433	-19.7919	6.26	+0.29			
189.9817	-66.5117	6.26	-0.05			
191.8892	-6.3019	6.26	+0.55			
193.5546	33.5344	6.26	+0.20			
196.2004	-41.1967	6.26	+1.68			
200.1733	2.9417	6.26	+0.10			
210.9033	7.5464	6.26	+0.94			
218.4096	79.6603	6.26	+1.30			
238.9158	18.6206	6.26	-0.11			
250.1437	-20.4086	6.26	+1.08			
255.4633	-18.8856	6.26	+1.38		29	Oph
264.3617	-38.0656	6.26	+1.25			
264.7854	2.0281	6.26	+1.03			
270.2383	15.0933	6.26	+0.69			
290.4046	-19.2342	6.26	-0.10			
289.9021	54.3761	6.26	+0.03			
295.0763	-54.4175	6.26	+1.00			
296.1421	13.3028	6.26	-0.03	ψ	48	Aql
301.8963	-55.0164	6.26	+0.53			
301.1858	63.8906	6.26	+0.10			
302.8379	21.8756	6.26	-0.02			
336.4196	18.4444	6.26	+1.22			
346.9488	63.6333	6.26	-0.02			
354.4158	16.8256	6.26	0.00		74	Peg
355.3621	49.5122	6.26	+0.19			
359.2846	-26.6236	6.26	+1.45			
359.5883	-15.8475	6.26	+1.08		1	Cet
12.2363	-46.6978	6.27	+0.90			
13.4483	52.6892	6.27	+0.19			
13.7717	48.6786	6.27	+1.68			
21.7758	34.3775	6.27	+0.46			
26.2325	20.0831	6.27	+0.75		109	Psc
47.0883	18.7950	6.27	+1.58		54	Ari
48.2563	-35.9439	6.27	-0.08			
54.8533	75.7397	6.27	+0.97			
65.1612	-6.2456	6.27	+0.91			
76.2525	-54.4075	6.27	+1.54			
76.5387	-73.0378	6.27	-0.01			
78.8654	22.2847	6.27	+0.08		108	Tau
81.1925	-52.3164	6.27	+0.07	θ		Pic
83.4083	34.7258	6.27	+0.15			
83.9813	27.6622	6.27	+1.54			
92.1442	-44.3561	6.27	-0.15			
92.4467	-26.7008	6.27	+1.01			
96.6871	-7.5114	6.27	-0.04			
95.7554	-63.6831	6.27	+1.60			
96.2317	-63.8278	6.27	-0.13			
101.0483	53.2964	6.27	+1.08			
104.3571	11.9075	6.27	+0.34			
104.6625	7.6219	6.27	+0.11			
104.6650	-55.7294	6.27	+1.16			
105.1775	-28.4894	6.27	+0.45			
114.0692	-8.3114	6.27	+1.54			
114.5604	24.3603	6.27				
122.3462	42.4306	6.27	+1.27			
122.1767	13.6408	6.27	+0.43		12	Cnc
124.5658	54.1436	6.27	+1.54			
135.5267	-39.4025	6.27	+1.00			
142.2592	-1.2569	6.27	+0.27			
142.8871	-66.7194	6.27	+1.35			
148.7642	61.1161	6.27	+1.05			
151.3133	-36.3839	6.27	+1.11			
152.1479	-15.6117	6.27	-0.01			
155.8046	-30.1622	6.27	+0.31			
155.9183	-41.9533	6.27	+0.88			
161.0604	19.7586	6.27	+0.17			
161.1104	-72.4439	6.27	+0.49			
169.2992	-38.0144	6.27	+0.10			
169.9013	-75.1425	6.27	-0.03			
174.6342	33.6256	6.27	+1.32			
175.4317	55.1725	6.27	+1.49			
177.7892	33.3750	6.27	+0.32			
181.1171	85.5872	6.27	+0.59			
184.8296	23.0347	6.27	+0.17		8	Com
192.1742	48.4669	6.27	+0.18		11	CVn
204.9200	-39.7481	6.27	+1.66			
210.5508	45.7536	6.27	+1.32			
215.8137	1.2417	6.27	+0.63			
216.3717	38.3931	6.27	+1.23			
217.9283	60.2256	6.27	+0.24			
226.5579	-36.2642	6.27	+1.65			
231.4721	19.4808	6.27	+0.60			
254.2667	-19.5400	6.27	+0.07			
259.8762	-50.0633	6.27	+0.41			
276.2437	27.3953	6.27	+0.05			
280.5587	-81.8078	6.27	-0.13			
277.0258	-26.7572	6.27	+0.16			
289.1187	-69.1906	6.27	+0.17	τ		Pav
288.8304	50.0708	6.27				
293.8900	-12.2528	6.27	+1.09			
295.9150	57.0425	6.27	+0.88			
303.1467	0.8675	6.27	+0.02			
304.7625	-63.2311	6.27	+1.04			
304.0142	38.8978	6.27	+0.01			
305.1346	-55.0508	6.27	+1.59			
305.4208	-49.9994	6.27	+0.55			
307.5029	72.5317	6.27	+1.35			
311.7650	-2.4867	6.27	+1.55			
311.9700	52.4072	6.27	+0.89			
317.6954	-9.3539	6.27	+1.16			
318.3700	15.9825	6.27	+0.24			
331.4633	48.2317	6.27	-0.06			
332.5879	-3.8942	6.27	-0.01			
12.3892	-23.3617	6.28	+0.13			
23.1512	-49.7278	6.28	+0.46			
31.6221	0.0350	6.28	+0.90			
35.9658	55.3644	6.28	+0.86			
47.1612	8.4708	6.28	+1.06			
51.8279	12.7350	6.28	-0.02			
62.3650	59.9081	6.28	+1.14			
73.2729	-72.4075	6.28	+0.52			
81.1596	31.2239	6.28	+1.24			
88.8975	-4.7883	6.28	+0.06			
100.3408	16.3975	6.28	-0.01			
102.0512	55.7044	6.28	+0.47			
107.0554	33.8322	6.28	+1.34			
113.5212	10.5683	6.28	-0.01			
113.6646	-51.4747	6.28	+0.08			
120.3812	-55.4550	6.28	-0.15			
122.1021	-63.8011	6.28	-0.06			
128.4379	13.2572	6.28	+1.17			
139.8858	-55.1867	6.28	-0.10			
141.4342	63.9408	6.28	+1.46			
149.1938	-26.5503	6.28	+0.22			
153.0121	-28.6064	6.28	+0.01			
159.0892	36.3269	6.28	+0.39		35	LMi
161.2892	2.4881	6.28	+1.21		36	Sex
172.4312	56.7375	6.28	+0.15			
180.1771	-21.8372	6.28	+1.22			
183.8346	87.7000	6.28	+0.35			
197.4250	38.5339	6.28	-0.12		15	CVn
198.3617	-18.8267	6.28	+0.09		54	Vir
201.8367	-49.3808	6.28	-0.12			
211.1125	-14.9717	6.28	+1.08			
211.1562	2.2975	6.28	+1.02			
221.3071	32.7883	6.28	+1.58			
227.3563	-63.6428	6.28	+0.06			
228.7113	-5.5028	6.28	+1.47			
229.5392	-41.0608	6.28	+0.18			
230.1696	-67.4814	6.28	-0.09			
230.5967	12.5675	6.28	-0.02		7	Ser
254.3792	25.3528	6.28	+0.90		57	Her
256.2721	-45.5017	6.28	+0.07			
261.1129	36.9519	6.28	+0.88			
263.8954	-59.8461	6.28	-0.08			
265.1717	31.2875	6.28	+1.05			
270.3462	-17.1569	6.28	+1.80		6	Sgr
271.7975	-21.4439	6.28	+0.12			
277.5596	-5.7242	6.28	+0.95			
279.9650	7.3583	6.28	+0.96			
283.0296	41.3833	6.28	-0.09			
295.9829	27.1356	6.28	+1.10			
299.7350	-30.5381	6.28	+1.05			
301.2221	68.0272	6.28	+1.65			
310.3504	-26.0000	6.28	+1.22			
312.9096	-62.4292	6.28	+0.15			
324.7754	-33.6792	6.28	+0.92			
326.6000	25.5633	6.28	+1.21			
330.5496	-17.9036	6.28	+1.01			
339.1221	-40.5828	6.28	+0.12	σ¹		Gru
341.8296	-34.1611	6.28	+1.16			
344.3867	3.8103	6.28	+1.12			
345.3458	-22.7908	6.28	+0.13			
358.2700	2.0906	6.28	-0.01		25	Psc
1.2658	-0.5031	6.29	+1.10			
15.8233	-29.5258	6.29	+0.93			
17.3012	80.0117	6.29				
20.9062	34.2458	6.29	+0.83			
33.3383	74.0278	6.29	+0.91			
44.3046	-29.8553	6.29	+0.47			
52.8725	49.2097	6.29	+0.09			
54.1250	-78.3231	6.29	+1.15			
66.0508	-57.0714	6.29	+0.66			
75.0550	-78.3003	6.29	+1.51			
82.6808	22.4625	6.29	+1.18			
86.8112	42.5267	6.29	+1.35			
87.7350	51.5147	6.29	+1.05			
97.5125	-65.5683	6.29	+0.33			
100.5683	-38.3986	6.29	+0.34			
102.6762	-8.0411	6.29	0.00			
103.8942	8.3247	6.29	+0.04			
104.1904	-35.3417	6.29	+1.29			
109.3821	-6.6800	6.29	+1.62			
120.8729	-42.9486	6.29	+1.01			
124.3821	8.8661	6.29	+0.98			
130.5871	-55.7742	6.29	+1.18			
134.4946	30.2336	6.29	+0.43		61	Cnc
138.3275	-42.2736	6.29	+1.25			
141.9650	75.0983	6.29	+0.07			
141.3854	16.5856	6.29	+0.97			
159.0192	-26.6750	6.29	+0.48			
174.2550	-32.9881	6.29	+0.46			
183.9225	72.5508	6.29	+1.14			
188.3925	24.2831	6.29	+0.11		22	Com
205.0887	57.2075	6.29	+0.10			
223.1379	-30.5769	6.29	+0.60			
224.3067	-29.1578	6.29	-0.04			
238.6679	8.5803	6.29	+0.18		40	Ser
239.0579	-31.7858	6.29	+0.43			
241.4075	8.0961	6.29	+0.08			
242.9154	33.3425	6.29	+1.20			
244.7821	-20.2178	6.29	+1.08			
247.1808	51.4078	6.29	+1.05			
252.6504	41.8967	6.29	+1.08			
256.7217	-26.5131	6.29	-0.04			
257.6275	52.4089	6.29	0.00			
260.7138	-2.3883	6.29	+0.68			
269.4908	-39.1369	6.29	+0.01			
269.2333	6.4878	6.29	0.00			
271.7229	50.8228	6.29	+1.04			
273.8858	45.2094	6.29	+0.62			
279.2875	16.1983	6.29	+0.90			
283.1187	-26.6503	6.29	+0.94			
284.9921	22.8147	6.29	+1.75			
286.7854	-18.7378	6.29	-0.04			
293.2921	60.1586	6.29	+1.57			
298.2550	47.8075	6.29	-0.11			
300.3600	-40.8142	6.29	+0.11			
304.3712	42.7219	6.29	+1.64			
310.7208	-39.5586	6.29	+1.08			
312.1779	51.9106	6.29	-0.07			
320.0583	22.0264	6.29	-0.08			
327.3621	20.4625	6.29	-0.10			
326.7542	70.1508	6.29				
336.5446	-23.6825	6.29	-0.03			
337.0821	64.0856	6.29	+1.08			
338.9725	50.0711	6.29	-0.05			
344.7929	52.6544	6.29	+1.42			
345.1025	-25.6267	6.29	+1.13			
350.6687	20.8286	6.29	-0.04		65	Peg
352.9254	-21.3694	6.29	+0.33		100	Aqr
0.0800	-44.2906	6.29	+0.76			
0.9662	66.7122	6.29	+1.67			
3.3500	26.9872	6.30	+0.65			
8.2046	28.2803	6.30	+1.00			
18.4388	7.5783	6.30	+0.49	ζ	86	Psc
38.0617	-36.4275	6.30	+1.02			
39.6158	38.0894	6.30	-0.03			
40.6204	10.7417	6.30	+0.06			
41.7646	35.5550	6.30				
54.5821	56.9328	6.30	-0.13			
56.1408	-54.2739	6.30	+1.04			
57.8158	13.0458	6.30	-0.07			
59.6213	38.8403	6.30	+1.08			
69.2121	-30.7167	6.30	-0.10			
92.9417	52.6472	6.30	+0.14			
100.8471	-39.1933	6.30	+0.26			
103.3058	38.4381	6.30	+0.49		60	Aur
103.0954	-5.3161	6.30	+0.99			
105.0750	-5.3669	6.30	+0.57			
109.8071	-33.7272	6.30	+1.31			
113.0929	-35.9614	6.30	-0.10			
113.9833	43.0311	6.30				
121.1787	-62.8361	6.30	-0.10			
126.6958	26.9353	6.30	+0.18	φ²	23	Cnc
127.6633	-44.7372	6.30	-0.02			
128.6221	-37.6114	6.30	+1.56			
130.1125	19.5450	6.30	+0.17	ε	41	Cnc
132.0008	-52.8506	6.30	-0.10			
140.8642	-60.3025	6.30	+1.48			
148.2417	-27.3322	6.30	+0.62			
149.4871	45.4144	6.30	+1.11			
149.6088	27.7589	6.30				
154.1675	-51.2050	6.30	+1.54			
154.6575	-36.8047	6.30	+1.28			
158.8533	-76.3092	6.30	+1.20			
163.9054	24.7489	6.30			54	Leo
166.5242	-51.2125	6.30	+0.95			
167.9321	14.4003	6.30	+0.21			
178.4596	0.5519	6.30	+0.20			
186.3221	-65.7706	6.30	+0.96			
193.1150	16.1225	6.30	+0.16			
205.6200	41.6742	6.30	+0.86			
210.9712	-22.4217	6.30	+0.45			
210.8846	10.7867	6.30	+0.74			
220.1367	-56.4408	6.30	+1.18			
221.8837	-43.5575	6.30	+1.08			
227.6858	-61.4225	6.30	+0.63			
228.3829	22.9833	6.30	+0.06			
230.2558	-15.5483	6.30	+0.41	ο	29	Lib
242.9942	-19.4497	6.30	+0.13	ν	14	Sco
249.1792	15.4981	6.30	-0.11			
247.8671	72.6119	6.30	+1.32			
254.0700	73.1278	6.30	+0.24			
256.1887	-20.4947	6.30	-0.02			
256.5492	-21.5647	6.30	+0.13			
258.0687	-38.8222	6.30	+1.05			
265.9458	-7.0794	6.30	+0.38			
269.3096	23.9958	6.30	+0.63			
270.4513	-36.3778	6.30	-0.03			
274.6667	-42.2883	6.30	-0.11			
274.5121	13.7769	6.30	-0.03			
274.9837	51.3478	6.30	+1.10			
276.4775	-33.9453	6.30	-0.08			
284.7483	50.8094	6.30	+0.98			
285.5900	8.3742	6.30	+1.67			
287.0608	-24.6569	6.30	+0.04			
287.8288	-29.5022	6.30	-0.04			
292.6437	-55.1100	6.30	+0.45	μ		Tel
303.9608	-30.0053	6.30	+1.51			
305.1171	-29.1972	6.30	+0.17			
305.7533	-9.6547	6.30	+0.91			
311.6604	46.5317	6.30	+0.03			
326.1229	-38.5525	6.30	+1.12			
332.9871	59.0847	6.30	+1.13			
339.2696	12.5772	6.30				
339.2029	35.6525	6.30	+1.37			
341.0688	-60.4994	6.30	+0.56			
341.9842	-25.9119	6.30	+0.91			
346.6329	19.9108	6.30	+0.49			
3.4342	-26.2847	6.31	+1.48			
20.0812	77.5706	6.31	+0.92			
21.5363	34.5797	6.31	+0.47			
22.3767	-46.7564	6.31	+1.66			
31.5513	8.2475	6.31	+1.65			
32.5325	53.8431	6.31	+0.95			
35.5492	-43.2000	6.31	+1.00			
43.2987	16.4833	6.31				
44.9096	-32.5072	6.31	0.00			
47.0162	52.2133	6.31	-0.01			
48.9458	32.8564	6.31	+0.37			
61.6525	54.0086	6.31	+0.99			
63.8717	6.1867	6.31	+0.59			
64.9062	10.1214	6.31	+1.43			
75.9750	-41.7450	6.31	+0.53			
84.2279	-66.5603	6.31	-0.07			
85.7887	-1.6131	6.31	+1.47			
88.5654	3.2253	6.31	+1.29			
92.6663	-45.2819	6.31	-0.03			
95.3575	2.2686	6.31	+0.24			
96.1854	-40.2842	6.31	-0.05			
101.0525	36.1097	6.31	+0.06			
105.0337	-20.1589	6.31	-0.15			
111.3413	81.2575	6.31	-0.04			
110.9929	-35.8378	6.31	-0.15			
111.4292	-31.7386	6.31	-0.17			
116.7742	-39.3314	6.31	-0.17			
118.0300	3.2772	6.31	+1.59			
120.4325	25.0897	6.31	+0.01	ω²	4	Cnc
128.2225	69.3200	6.31	+1.35			
129.2029	74.7236	6.31				
127.8525	-39.0642	6.31	-0.15			
138.3579	-38.6164	6.31	0.00			
141.2321	51.5739	6.31	+0.75			
143.8904	-19.5836	6.31	+0.06			
144.9475	-10.5703	6.31	-0.03		37	Hya
147.5987	65.5933	6.31	+0.28			
163.1504	-0.2014	6.31	+1.50			
169.1154	-45.8800	6.31	+0.40			
174.1700	-37.2378	6.31	+0.06			
180.2575	-1.7681	6.31	+1.21			
192.1958	24.8403	6.31	+0.70			
194.3883	-22.7539	6.31	+1.07			
196.2071	73.0253	6.31				
201.7762	-49.1439	6.31				
213.9117	-45.0008	6.31	+0.60			
235.8538	-15.0433	6.31	+1.16			
239.2658	-48.1622	6.31	+0.38			
239.6279	-37.5031	6.31	+1.01			
238.9571	58.9117	6.31	-0.02			
239.3746	39.6953	6.31	+1.07			
243.5563	5.9019	6.31	+1.15			
249.4500	13.6869	6.31	+0.41			
255.3875	14.9494	6.31	+0.04			
274.3508	-9.7586	6.31	+0.38			
276.1754	-7.0753	6.31	+1.16			
276.9325	-26.6347	6.31	+0.26			
280.9642	-6.8186	6.31	+0.48			
281.1675	23.5897	6.31	+0.40			
283.3004	-51.9311	6.31	-0.09			
284.3946	-39.8233	6.31	+0.20			
285.5292	52.2611	6.31	+1.00			
286.4463	29.9217	6.31	+1.65			
289.6571	49.5697	6.31	+1.12			
289.9121	37.3306	6.31	+0.68			
290.1379	35.1861	6.31	-0.12			
290.5863	-8.2011	6.31	-0.10			
291.3433	20.2714	6.31	-0.02			
302.1596	10.7258	6.31	-0.12			
304.7333	-47.7108	6.31	+1.67			
303.9308	50.2328	6.31				
315.7575	14.7300	6.31	+1.67			
319.5013	-64.6817	6.31	-0.07			
321.0867	-46.6150	6.31	+0.20			
323.8292	28.1972	6.31	+0.35			
327.4212	-12.7231	6.31	+0.22			
339.9333	-28.3253	6.31	+1.01			
340.2000	-3.5542	6.31	+0.52			
344.3217	-4.8100	6.31	+0.94			
348.5596	50.6178	6.31				
350.8829	0.2914	6.31	+1.61			
356.5050	-40.1825	6.31	+0.20			
359.1246	-24.7372	6.31	+0.92			
14.4771	13.6958	6.32	+0.89			
26.9500	46.2297	6.32	+0.43			
26.9492	-37.1597	6.32	+1.02			
32.5204	-43.8156	6.32	+0.90			
43.2104	-9.4411	6.32	+0.19			
52.5812	71.8639	6.32	+1.80			
51.5488	-41.6369	6.32	+0.06			
57.9242	68.5075	6.32	-0.08			
60.1538	17.2967	6.32	+0.06			
63.2150	68.5017	6.32	+1.18			
63.9429	15.4006	6.32	+0.40		48	Tau
66.7538	57.5853	6.32	+0.04			
75.1658	-2.0656	6.32	+0.28			
78.4467	0.5603	6.32	+1.46			
81.1508	2.3528	6.32	-0.15			
83.7400	-61.1758	6.32	+0.85			
86.8275	-35.6747	6.32	+1.18			
89.1408	28.9422	6.32	+0.30			
94.7575	17.3250	6.32	-0.07			
97.1763	-41.0744	6.32	+0.40			
103.6113	-42.3656	6.32	+2.24			
108.9479	-23.7406	6.32				
109.2383	-30.8967	6.32	+0.20			
117.3675	-44.7519	6.32	+0.96			
117.8354	-43.0956	6.32	-0.17			
119.8012	-49.9767	6.32				
122.2371	-11.3397	6.32	+0.01			
126.1371	82.4308	6.32	+0.01			
124.8129	-10.1658	6.32	+0.33			
125.8217	-38.2858	6.32	+1.63			
126.9033	45.6531	6.32	+0.62			
126.6950	26.9344	6.32	+0.18	φ²	23	Cnc
129.0321	15.3136	6.32				
130.9762	-68.2117	6.32	+1.50			
138.8958	-57.5781	6.32	+1.04			
149.2250	-27.4750	6.32	+0.17			
152.7454	40.6614	6.32	+1.25			
154.9975	-9.0589	6.32	+0.33			
156.0546	2.3681	6.32	+1.00			
157.4762	65.6261	6.32	+1.14		35	UMa
166.6142	-50.9567	6.32	+1.16			
171.6063	33.4506	6.32	+0.43			
186.2767	63.8028	6.32	+0.91			
193.0513	17.0739	6.32	+1.59		32	Com
197.3100	-9.5383	6.32	+1.02			
205.0967	50.5194	6.32	+0.54			
209.0437	32.0325	6.32	+0.37			
214.4550	48.0017	6.32	+0.44			
216.5558	-42.3192	6.32	+1.19			
228.2542	-61.7439	6.32	+1.90			
229.8758	32.5153	6.32	+0.24			
234.5654	-28.2067	6.32	+1.17			
241.7642	-14.0708	6.32	+0.66			
243.6629	-18.5353	6.32	+1.09			
253.0725	-67.6819	6.32	+1.28			
249.4704	78.9183	6.32	+1.14			
252.5929	-2.6539	6.32	+0.42			
253.4950	-41.9947	6.32	+0.50			
254.4262	24.3814	6.32	+1.10			
259.9979	-5.9172	6.32	+0.85			
259.1225	60.6706	6.32	+1.09			
271.7763	49.7106	6.32				
275.9492	53.3008	6.32	+0.16			
278.3471	-38.7203	6.32		κ¹		CrA
281.0321	-36.7186	6.32	+0.98			
285.3896	-15.2825	6.32	+1.00			
289.7196	9.6181	6.32	+1.05			
290.7692	-7.4003	6.32	+1.45			
291.8913	14.2825	6.32	-0.06			
294.0346	22.5858	6.32	-0.07			
299.6433	38.1056	6.32	-0.09			
304.0950	-12.3369	6.32	+0.01		3	Cap
309.3825	31.5725	6.32	-0.09		48	Cyg
310.8062	57.1142	6.32	+0.33			
315.9304	46.8619	6.32	+0.25			
321.0962	24.5289	6.32	+1.04			
323.5708	-42.9250	6.32	+1.09			
331.7900	58.8408	6.32	+0.88			
332.7150	30.5531	6.32	+0.18			
338.1954	15.8633	6.32	+1.19			
349.8642	34.7933	6.32	-0.08			
349.9233	48.3808	6.32	+1.12			
352.0029	-35.5444	6.32	+1.20			
0.6008	8.9569	6.32	+0.18		31	Psc
2.2600	-54.0019	6.33	+0.74			
4.6775	-43.2353	6.33	+1.21			
4.9233	40.7297	6.33	+1.18			
11.6625	69.3250	6.33				
25.3387	-79.1483	6.33	+0.94	τ¹		Hyi
33.9913	47.8114	6.33				
36.2433	-2.7800	6.33	0.00		71	Cet
48.1100	47.7258	6.33	+1.43			
55.0475	-15.2267	6.33	+0.88			
69.0067	-3.6119	6.33	-0.10			
71.6004	-2.9544	6.33	+0.04			
80.2471	27.9572	6.33	+0.04			
82.5862	-7.4347	6.33	-0.19			
84.4404	33.5592	6.33	+1.31			
92.7575	18.1294	6.33	+1.35			
96.2204	16.0569	6.33	+1.08			
102.0537	55.7044	6.33				
102.4333	-24.0758	6.33	+0.04			
102.6538	-25.7781	6.33	-0.18			
108.4883	-30.3400	6.33	-0.20			
116.2887	20.3164	6.33	0.00		79	Gem
117.0800	-56.4711	6.33	+1.01			
119.0950	-30.2853	6.33	+1.66			
120.6083	-6.3372	6.33	+0.62			
119.9175	-60.2075	6.33	-0.06			
126.8183	-31.6731	6.33	+0.90			
128.8538	2.7436	6.33	+1.02			
129.6679	-19.7369	6.33	+1.59			
131.0421	36.9181	6.33				
133.1008	5.3400	6.33	+0.12			
138.8383	84.1811	6.33	+0.30			
139.4262	-54.4953	6.33	+1.41			
140.2313	-15.6178	6.33	+0.46			
163.1146	-79.5594	6.33	+1.46			
168.4175	41.0886	6.33	+1.15			
175.2550	-83.1000	6.33	+1.08			
181.4717	-65.5472	6.33	+0.22			
183.4029	-33.7928	6.33	+0.08			
184.2142	86.4361	6.33	+0.43			
184.8733	28.1569	6.33	+0.50		9	Com
186.4062	-86.1506	6.33	+1.08			
189.5183	3.2825	6.33	+0.01			
190.5213	-69.4075	6.33	+0.78			
191.1129	44.1031	6.33	+0.43			
193.0221	-48.0942	6.33	+0.03			
197.9712	-63.3028	6.33	+0.44			
198.0350	24.2581	6.33	+0.98			
203.6204	-48.2722	6.33	-0.05			
206.7379	6.3506	6.33	+0.63			
214.9487	38.7939	6.33	+0.05			
218.5487	32.5344	6.33	+0.40			
221.4908	-15.4597	6.33	+1.19		5	Lib
228.1304	-48.2186	6.33	+1.12			
236.4154	0.8914	6.33	+1.19			
240.3312	-31.8894	6.33	+1.45			
241.9663	-24.4619	6.33	-0.06			
242.2621	57.9378	6.33				
244.3371	-53.0867	6.33	+0.27			
246.2258	-45.3492	6.33	+0.19			
254.0371	-50.6750	6.33	-0.02			
255.4963	8.4506	6.33	+0.09			
257.9383	7.8947	6.33	+1.04			
274.5038	-68.2292	6.33	-0.04			
275.7592	-10.2186	6.33	+0.14			
292.3371	20.2797	6.33	-0.10		7	Vul
299.6746	70.3669	6.33	+0.88			
306.4333	10.0564	6.33	+1.56			
311.5883	52.9953	6.33	+1.12			
312.4513	7.8642	6.33	+0.02		14	Del
312.4779	46.6611	6.33	-0.07			
313.2550	-23.7831	6.33	+0.88			
316.1892	2.2697	6.33	+0.97			
315.9671	41.6281	6.33	+0.38			
325.1400	-55.7375	6.33	+1.06			
329.5554	-5.4247	6.33	+0.37			
332.5925	14.6300	6.33	+1.08			
342.4963	-32.8053	6.33	+0.31			
344.6775	7.3397	6.33	+0.06			
346.7896	-49.6067	6.33	+1.45			
349.7837	-79.4728	6.33	+0.91			
357.3000	58.9631	6.33	+0.40			
19.2712	44.9019	6.34				
20.2717	64.6583	6.34	+0.09		35	Cas
25.7433	61.4217	6.34	+0.01			
25.8188	45.3222	6.34	+1.01			
25.9583	32.1917	6.34				
27.3313	-31.0728	6.34	+1.22			
34.7437	-25.9456	6.34	+0.73			
59.1258	71.8217	6.34	+0.30			
61.4446	-20.5122	6.34	+0.92			
76.1088	-35.7053	6.34	+0.30	γ²		Cae
79.8967	-1.4122	6.34	-0.11			
80.0858	-34.6989	6.34	+0.33			
84.8625	21.7628	6.34	+0.06			
85.3625	-33.4006	6.34	-0.04			
86.1183	-20.1264	6.34	+0.58			
86.5117	-4.2683	6.34	+1.05			
91.2846	59.3931	6.34	+1.10			
91.2608	37.9642	6.34				
95.8100	-31.7900	6.34	+0.89			
97.8958	-36.9400	6.34	+1.63			
99.2137	-41.5569	6.34	+1.15			
103.8133	45.8264	6.34	+0.94			
104.2504	-8.1789	6.34	+0.64			
106.5025	-30.6556	6.34	-0.16			
114.0325	-22.1606	6.34	+0.99			
116.9104	-15.9908	6.34	+1.78			
119.5692	43.9775	6.34	1.06			
120.2529	23.5831	6.34				
120.4796	35.4131	6.34	+1.56			
119.8058	-49.9736	6.34				
120.5258	-37.0506	6.34	+1.62			
119.8171	-73.2447	6.34	+0.14			
127.8733	-54.3942	6.34	+1.31			
130.1817	-57.5453	6.34	+0.20			
146.4808	63.6533	6.34	+0.31		28	UMa
161.5938	57.3658	6.34	+1.56		41	UMa
165.2383	-15.7928	6.34	+1.18			
165.9021	-13.4344	6.34	+0.88			
184.4346	15.1442	6.34	+1.37			
191.7596	5.9508	6.34	-0.05			
201.9979	52.7458	6.34	+0.23			
204.7996	-75.6839	6.34	+0.01			
210.4608	68.6786	6.34	+1.40			
212.2346	-59.2767	6.34	+0.05			
213.1021	-24.3642	6.34	+1.35			
234.8388	-23.1503	6.34	+0.02			
235.0642	-31.2136	6.34	+1.43			
247.6617	77.4467	6.34	+1.00			
253.8167	13.6197	6.34	+0.34			
254.4592	42.5125	6.34	+1.28			
256.9446	40.5161	6.34	+0.03			
265.2958	15.1781	6.34	+0.03			
265.7733	44.0844	6.34	+1.54			
270.2204	6.2683	6.34	-0.08			
271.1675	23.9425	6.34	+0.30			
271.5308	-0.4467	6.34	+1.06			
271.2533	41.9467	6.34	+0.26			
283.2579	-9.5761	6.34	+0.20			
287.4650	-0.4281	6.34	-0.04			
291.0225	-68.3711	6.34	+1.23			
290.5400	-42.0161	6.34	+1.14			
291.9021	37.9411	6.34	-0.14			
293.8742	-7.4603	6.34	+1.12			
294.9558	-23.4278	6.34	+0.03		53	Sgr
295.5533	12.1933	6.34	-0.03		46	Aql
296.2042	40.7167	6.34	+1.64			
296.6862	68.4383	6.34	+0.28			
301.2725	-11.5994	6.34	+0.52			
301.3604	15.5003	6.34	+1.64			
302.9913	-12.3925	6.34	+1.21	ξ¹	1	Cap
307.9925	25.8044	6.34	+0.26			
313.2808	29.6494	6.34	+1.09			
316.8900	15.6586	6.34	+1.01			
335.1508	-57.5100	6.34	+1.37			
338.3208	70.3739	6.34	0.00			
340.3808	30.9658	6.34				
342.3225	-70.3478	6.34	+0.07			
343.2971	40.1672	6.34	-0.08			
349.4167	-11.7131	6.34	+0.05			
357.2246	59.9789	6.34	-0.01			
3.7942	27.2831	6.35	-0.02			
4.0583	76.9508	6.35	-0.07			
16.4550	4.9083	6.35	+0.38		77	Psc
20.6271	-19.0814	6.35	+0.48			
26.1104	46.1397	6.35				
29.6113	-33.0667	6.35	+1.02			
40.9633	25.6381	6.35	+0.08			
50.5679	-25.5878	6.35	+0.01			
71.4271	23.6281	6.35	+0.06			
74.5450	-2.2125	6.35	+0.10			
80.8796	5.3225	6.35	+0.12			
81.7700	-11.9008	6.35	+0.51			
82.1450	13.6789	6.35	+0.15			
87.6192	-52.7678	6.35	+0.76			
91.1183	-45.0367	6.35	+0.52			
92.3346	-18.1261	6.35	-0.03			
95.3579	17.7636	6.35				
96.4463	-3.8892	6.35	+1.02			
98.9750	-36.0889	6.35	+0.48			
99.1704	-22.6150	6.35	-0.11			
104.8337	7.3169	6.35	-0.11			
108.4921	71.8167	6.35	+1.12			
110.5717	59.9019	6.35			47	Cam
110.2629	42.6556	6.35	+1.46			
119.3175	1.1269	6.35	+0.50			
137.9817	5.4683	6.35	+0.32			
138.8538	-15.0247	6.35	+0.02			
148.0500	0.0756	6.35	+0.94			
149.0404	-71.3894	6.35	-0.08			
153.4858	-40.3106	6.35	+0.94			
155.9621	-57.9539	6.35	+1.52			
157.1521	45.2122	6.35	+1.32			
164.1433	25.5000	6.35	+1.03		50	LMi
167.8729	-71.4364	6.35	+1.37			
169.6429	-79.6686	6.35	+0.26			
172.6042	46.6575	6.35	+1.27			
177.7304	12.2789	6.35	+0.27			
177.8412	-12.1878	6.35	+0.40			
182.4471	74.6614	6.35	+0.50			
183.4821	-78.5736	6.35	+1.24			
186.9558	-16.6319	6.35	+0.84			
187.5200	-13.3931	6.35	+0.56			
200.5158	43.9031	6.35	+0.24			
207.9025	-36.4333	6.35	+0.48			
216.7079	-39.8739	6.35	-0.08			
217.4033	41.7958	6.35	+0.70			
221.9787	-12.8397	6.35	+1.10			
224.5367	-48.8631	6.35	+0.71			
226.6463	36.4556	6.35	+0.52			
230.1962	-2.4133	6.35	+1.06			
249.9129	-9.5544	6.35	+0.48			
252.0371	13.5906	6.35	+0.87			
253.6500	-30.5872	6.35	+0.21			
255.9696	19.6906	6.35	+1.52			
260.3892	16.7308	6.35	+1.61			
260.3800	28.7581	6.35	+0.70			
261.1408	15.6061	6.35	-0.02			
267.1158	-26.9750	6.35	+0.12			
271.3612	-81.4864	6.35	+1.50			
267.9979	-1.2367	6.35	+1.12			
280.7300	-19.2839	6.35	+1.75			
290.7017	9.9131	6.35	+0.44			
294.7042	3.3817	6.35	+0.04			
313.3542	-30.7186	6.35	+1.09			
321.1025	10.1742	6.35	+0.47			
329.4625	74.9967	6.35	+1.56			
331.8750	18.0006	6.35	+1.64			
336.6433	-16.7425	6.35	+0.61		53	Aqr
337.8925	29.5428	6.35	+0.19			
338.0783	54.0375	6.35				
348.2667	29.4417	6.35	+0.93			
352.2733	23.0478	6.35				
354.1271	32.9042	6.35	+0.46			
358.5892	-27.0422	6.35	+0.20			
24.6321	45.4000	6.36	+0.04			
32.8708	57.6458	6.36	+0.33		5	Per
38.8663	39.6644	6.36	-0.10			
40.8346	-40.5275	6.36	-0.02			
43.2167	52.9978	6.36	+0.07			
42.6996	-39.9317	6.36	+0.05			
45.8762	28.2697	6.36				
49.3817	65.6586	6.36	+0.09			
65.9992	24.3011	6.36	+0.17		62	Tau
68.9279	19.8817	6.36				
79.8229	-18.5200	6.36	-0.16			
85.5163	22.6603	6.36				
88.5588	-29.1478	6.36	+0.37			
87.8458	-64.0336	6.36	+0.86			
89.1438	-23.2156	6.36	+1.07			
92.0958	41.0556	6.36	+1.05			
103.9783	-31.7900	6.36				
108.4513	-22.9064	6.36	-0.21			
117.9204	-12.8194	6.36	+0.39		8	Pup
122.1812	-20.3631	6.36	+0.16			
127.4013	-55.1911	6.36	+0.80			
128.2504	24.0847	6.36	+1.02	υ²	32	Cnc
128.2442	-34.6339	6.36	+0.95			
129.8050	-60.3172	6.36	0.00			
131.9188	-41.7372	6.36	+0.58			
135.4192	39.7133	6.36	+0.30			
143.9704	14.3797	6.36	+0.01		7	Leo
152.0071	-37.3336	6.36	+0.98			
161.9112	-57.4678	6.36	+1.62			
185.8075	-67.6317	6.36	+0.89			
213.5887	-5.9475	6.36	+0.60			
216.4146	-66.1733	6.36	+0.13			
224.1492	-39.4161	6.36	+0.06			
233.5871	-39.3494	6.36	-0.03			
238.2342	17.4036	6.36				
255.5717	31.8847	6.36	+1.13			
257.2271	-3.8828	6.36	+0.69			
259.5850	-32.5533	6.36	+0.15			
265.2729	24.5133	6.36	+1.20			
265.8242	-27.8842	6.36	+0.47			
269.3621	11.0442	6.36	+0.11			
268.6108	75.1708	6.36	+0.98			
272.8117	-19.8422	6.36	+0.16			
273.1775	41.1469	6.36	+1.03			
273.9917	-3.6175	6.36	+0.20			
275.9892	38.7392	6.36				
277.3038	-43.8458	6.36	+0.90			
278.3454	-5.9114	6.36	+0.02			
280.0083	30.8494	6.36				
281.3279	-21.0014	6.36	+0.45			
285.1033	-24.9422	6.36	+1.25			
287.7575	-39.0050	6.36	+0.01			
287.8788	26.7358	6.36	+0.41			
291.0254	36.4519	6.36				
295.3121	22.4528	6.36	+1.53			
306.5979	56.6389	6.36	0.00			
308.2183	-24.9439	6.36	-0.01			
309.4671	-25.1089	6.36	+0.33			
312.6963	-32.0544	6.36	+1.54			
321.2154	-3.3983	6.36	+0.33		20	Aqr
324.0579	30.0556	6.36				
341.8467	58.4828	6.36	-0.04			
348.6521	24.1031	6.36				
355.9563	-15.2844	6.36	+1.58			
12.8262	3.3850	6.37	+1.07			
14.2317	68.7761	6.37	+0.38			
14.5787	21.4044	6.37	+0.09			
16.8046	-23.9964	6.37	+0.23			
25.5742	58.6278	6.37	-0.02			
27.4533	-38.4039	6.37	+0.52			
29.4733	-65.4247	6.37	+0.90			
34.8446	48.9553	6.37				
34.8529	-41.8483	6.37	+1.16			
37.0183	-64.2997	6.37	-0.04			
53.4217	57.8689	6.37	+0.51			
59.9196	10.3308	6.37	+0.42			
63.3987	-40.3578	6.37	+1.46			
64.0879	-60.9486	6.37	+0.07			
64.7625	-33.9050	6.37	+0.13			
68.8083	-9.7367	6.37	+0.11			
72.6517	70.9417	6.37	-0.08			
71.9567	-30.0203	6.37	+1.07	ζ		Cae
73.7429	19.4853	6.37	+0.29			
74.0650	24.5922	6.37	+0.33			
78.6483	76.4728	6.37	-0.02			
78.3888	-8.1478	6.37	-0.13			
82.6879	39.8258	6.37	+0.97			
84.7392	26.6178	6.37				
90.4233	22.4008	6.37	-0.07			
93.9750	1.1692	6.37	+0.46			
100.4971	6.3450	6.37	-0.05			
100.9033	-73.1181	6.37	+0.96			
104.5317	-27.1647	6.37	-0.19			
111.6162	10.6083	6.37	+0.09			
114.3200	-23.7750	6.37	+0.54			
122.1567	-37.6814	6.37	-0.04			
123.4213	-33.5692	6.37	+1.14			
130.9988	4.3347	6.37	-0.06			
131.7050	-34.6228	6.37	-0.13			
136.5317	-64.4997	6.37	+1.35			
145.0838	-10.7692	6.37	+0.08			
147.4638	-36.2686	6.37	+1.01			
152.1429	83.9183	6.37	+1.52			
149.0913	-51.3361	6.37	-0.17			
151.4204	15.7575	6.37	+0.37			
154.8842	-5.1058	6.37	+0.90			
160.2150	-35.7417	6.37	+0.92			
161.5238	6.3731	6.37	+1.12			
171.4583	3.8600	6.37	+0.33		80	Leo
175.1142	57.9706	6.37	-0.12			
181.4992	-3.1317	6.37	+1.00			
182.0200	-50.7633	6.37	-0.05			
186.9254	8.6103	6.37	+0.93			
189.6929	40.8744	6.37	+0.18		9	CVn
198.8571	-69.6797	6.37	+1.21			
199.3746	-0.6767	6.37	+0.26			
203.3988	-65.6325	6.37	-0.02			
203.5908	38.7892	6.37	+0.21			
209.3837	61.4928	6.37				
220.4629	-30.9333	6.37	-0.09			
225.1612	47.2778	6.37	-0.14			
232.6163	36.8042	6.37				
239.0600	-14.3994	6.37	+0.48			
253.9908	-33.5072	6.37	+1.71			
254.0075	-16.8061	6.37	+0.92			
254.3833	13.8842	6.37	+0.94			
256.5404	9.7333	6.37	+1.45			
256.5546	10.4542	6.37	+0.87			
262.0096	-8.2083	6.37	+0.58			
262.4475	-5.9197	6.37	+0.93			
264.7071	32.7394	6.37				
270.0646	0.6294	6.37	+0.15			
272.1404	14.2847	6.37	+0.17			
273.6712	56.5883	6.37	+0.34			
276.4808	14.9667	6.37	+0.01			
278.0867	-14.6442	6.37	+0.22			
278.9987	-29.6992	6.37	+1.27			
280.5938	-64.6431	6.37	+0.15			
284.8617	-18.5669	6.37	+0.99			
285.7792	-19.1033	6.37	+0.48			
290.8917	33.2222	6.37	+0.81			
292.8067	55.7319	6.37	+1.16			
302.7800	-57.5239	6.37	+0.06			
310.0488	-23.7739	6.37	+0.72			
315.3671	-68.2097	6.37	+0.10			
315.8583	50.3519	6.37	+0.98			
327.9054	65.7528	6.37				
330.6108	-16.9642	6.37	+0.42		29	Aqr
330.5058	10.9739	6.37	-0.10			
332.1779	-33.1256	6.37	+0.20			
332.5638	72.1111	6.37	-0.06			
334.1237	27.8042	6.37	+0.99			
337.5725	-14.5858	6.37	-0.04		56	Aqr
342.0892	-61.6842	6.37	+1.06			
344.5987	-1.4103	6.37	+0.35			
349.9300	-33.7081	6.37	+1.30			
352.0217	-11.4497	6.37	+0.90			
16.7896	53.4983	6.38				
20.4963	76.2389	6.38	+0.28			
23.9688	41.0764	6.38	+1.11			
47.6475	-23.7383	6.38	+0.93			
50.9129	4.8819	6.38	+0.86			
52.9746	-25.6142	6.38	+0.12			
59.9167	38.8206	6.38	+0.10			
61.8400	-64.2225	6.38	+0.64			
83.8796	-4.3647	6.38	-0.14			
84.8179	-17.8494	6.38	-0.12			
87.3921	-44.8753	6.38	+1.27			
94.5704	46.3606	6.38	+1.11		43	Aur
99.4038	10.8531	6.38				
99.8808	24.6000	6.38	+0.53			
102.9137	3.0417	6.38	+0.04			
106.2875	47.7750	6.38	-0.04			
112.2137	-31.8483	6.38	-0.17			
114.3242	40.0253	6.38				
114.4383	-38.0106	6.38	+1.48			
116.1829	-66.0719	6.38	+0.95			
118.1525	55.2094	6.38				
118.7521	-52.5831	6.38	-0.01			
123.5875	13.0483	6.38				
128.1387	-15.0294	6.38	+0.27			
128.2146	-31.5008	6.38	+0.79			
132.7562	15.3506	6.38	+0.64		54	Cnc
133.7250	-58.2400	6.38	-0.11			
134.7950	18.1347	6.38	+1.55			
136.0413	27.8983	6.38	0.00		70	Cnc
153.3533	-33.0319	6.38	+0.59			
163.0571	1.0253	6.38	+0.08			
163.3871	-15.4456	6.38	+1.16			
168.0617	-32.4339	6.38	+1.70			
172.8125	-61.2783	6.38	+0.52			
188.4967	-49.9094	6.38	+0.46			
189.7587	22.6594	6.38	+1.10			
190.7675	61.1556	6.38	+1.26			
200.7608	-48.5628	6.38	-0.07			
207.4375	36.6328	6.38				
214.1008	39.7447	6.38	+0.36			
219.0288	23.2503	6.38	+1.06			
220.4758	21.1236	6.38				
225.2183	22.0456	6.38				
232.3383	62.0997	6.38				
232.8433	36.6164	6.38	+0.50			
256.7204	-1.6564	6.38	+0.20			
264.0329	28.1847	6.38				
268.4396	-34.7858	6.38	0.00			
268.0042	46.6433	6.38	+1.09			
268.5592	11.1306	6.38	+0.45			
272.4900	-59.0400	6.38	+1.55			
272.2925	30.4694	6.38	+1.19			
276.0146	-3.5833	6.38	+0.34			
279.9037	5.2642	6.38	+0.78			
289.5392	-53.3867	6.38	+0.49			
259.2367	89.0378	6.38	+1.57	λ		UMi
291.6104	62.5572	6.38	+1.39			
293.8550	2.9133	6.38	+0.41			
294.0658	14.3917	6.38	+1.04			
294.8558	16.5714	6.38	+2.07			
297.4775	28.4406	6.38	-0.06			
311.3675	18.0903	6.38	+1.68			
313.2733	-11.5736	6.38	+0.67			
318.6542	0.0922	6.38	+1.61			
320.3183	-49.9378	6.38	+1.32			
323.4767	-82.6831	6.38	+0.13			
321.0329	-22.7469	6.38	+1.02			
327.5546	-16.8447	6.38	+1.42			
331.1433	32.9419	6.38	+1.10			
337.9221	-10.9056	6.38	+0.28		58	Aqr
338.9658	56.0700	6.38	+0.12			
349.3288	75.2992	6.38	+0.03			
352.9900	-1.0858	6.38	+1.18		13	Psc
0.1821	45.2533	6.38	-0.07			
5.7158	-12.2094	6.39	+0.66		9	Cet
9.3771	3.1353	6.39	+1.33			
11.6767	59.5744	6.39	+1.09			
12.7392	51.5081	6.39	+0.28			
15.1292	70.9831	6.39	+0.13			
23.0317	34.8000	6.39	-0.12			
25.0546	53.8683	6.39	+1.61			
26.5042	-27.3492	6.39	+0.36			
39.5033	7.6953	6.39	+0.44			
50.1883	-26.6064	6.39	+0.54			
50.3888	-47.7769	6.39	+1.00			
51.4825	-35.9208	6.39	+0.08	χ¹		For
52.9546	49.4008	6.39	+0.09			
54.4492	15.4308	6.39	+0.17			
61.0363	-16.5889	6.39	+1.26			
65.7821	-35.5450	6.39	+1.24			
66.3296	-44.1608	6.39	+0.44			
68.0200	5.4100	6.39	+0.42			
80.1100	-5.3667	6.39	-0.03			
82.2362	-3.3075	6.39	-0.01			
85.9213	-45.8331	6.39	+0.29			
91.6633	63.4536	6.39				
93.0796	22.9083	6.39	+2.24		6	Gem
93.4379	-23.8619	6.39	+0.72			
94.0992	17.1814	6.39	+1.58			
96.1829	-28.7800	6.39	+0.62			
112.2137	-64.5100	6.39	+1.56			
114.0071	-55.8875	6.39	+1.18			
116.6871	-12.6753	6.39	-0.02			
127.1217	-2.5172	6.39	+0.33			
127.7950	-47.8667	6.39	-0.15			
130.0267	20.0078	6.39	+0.98		39	Cnc
132.4683	-39.1417	6.39	+0.23			
133.1700	-52.1292	6.39	0.00			
133.9829	-23.8183	6.39	+0.16			
139.9496	-34.1033	6.39	-0.10			
145.6796	48.4311	6.39	-0.01			
155.9242	29.6158	6.39	+1.09			
162.2083	65.1322	6.39	-0.02			
165.2742	63.4211	6.39	+0.16			
175.7308	-79.3064	6.39	+0.90			
182.6317	16.8092	6.39	+0.06		3	Com
190.9946	-36.3492	6.39	-0.06			
211.0608	-5.3814	6.39	+1.32			
213.8383	-53.5097	6.39	+1.57			
214.1425	-59.9139	6.39	+2.04			
213.6708	21.8733	6.39	+0.18			
217.7354	-40.8450	6.39	+1.44			
219.8529	-49.0556	6.39	+0.44			
227.0813	50.0550	6.39	+1.03			
230.2788	24.9578	6.39	+1.23			
236.9737	-65.4425	6.39	+0.24			
243.1342	75.2106	6.39			20	UMi
257.5263	-61.6756	6.39	-0.04			
262.3571	-38.5167	6.39	+0.09			
262.5933	11.9250	6.39	+0.06			
265.9525	-13.5086	6.39	+0.37			
272.4308	-13.9344	6.39	+1.42			
281.9558	-77.8672	6.39	+0.60			
281.4087	79.9425	6.39	+0.28			
285.2729	19.3097	6.39				
285.4513	33.6214	6.39	-0.12			
294.9671	-66.6856	6.39	+0.02			
299.0063	-81.3497	6.39	+1.40			
299.7208	-68.7622	6.39	+0.16			
304.0987	-36.4544	6.39	+1.54			
305.5125	41.1314	6.39	+1.07			
306.7821	34.3289	6.39	+0.48			
307.7367	-29.1125	6.39	+0.21			
318.4275	64.4039	6.39	+0.60			
322.2513	-53.7058	6.39	+1.14			
328.5725	19.7183	6.39	+0.97			
331.5563	56.3431	6.39	-0.10			
333.1825	-4.7208	6.39	+0.50			
334.5179	-0.2378	6.39	+0.44			
340.7687	47.1686	6.39	+0.47			
345.6883	44.0589	6.39	0.00			
346.3233	1.3069	6.39	+0.94			
350.1442	62.2131	6.39	+1.61			
352.7546	-6.2883	6.39	+1.26			
353.8838	-7.4644	6.39	+0.88			
358.1046	75.5447	6.39	+0.98			
8.7304	13.3711	6.40				
9.9471	82.4939	6.40	+0.55			
17.5500	-8.9061	6.40	+1.04		32	Cet
42.9804	-30.8144	6.40	+0.48			
53.3837	58.7650	6.40	+0.14			
53.6396	-31.8747	6.40	+1.40			
67.2163	30.3614	6.40	+0.52			
83.8992	-3.2528	6.40	-0.12			
91.2887	75.5858	6.40				
95.8271	3.7644	6.40	-0.15			
96.4950	-7.8942	6.40	+0.14			
97.9058	15.9033	6.40			19	Gem
98.3608	-20.9239	6.40	+0.83			
103.2504	-26.9575	6.40	+1.53			
104.8662	25.9142	6.40	-0.11		40	Gem
105.2075	-33.4653	6.40	+1.05			
110.5558	38.9961	6.40	+1.22			
115.9288	-38.2019	6.40	-0.16			
120.6283	63.0903	6.40	+0.59			
135.7717	-53.5497	6.40	-0.09			
136.8621	22.9811	6.40				
144.4646	-9.4244	6.40	-0.04		34	Hya
152.8967	-58.8281	6.40	+1.66			
154.5046	73.0733	6.40	+0.23			
154.7529	24.7117	6.40				
168.0458	68.2719	6.40				
168.1442	-21.7492	6.40	+1.38			
173.4846	36.8156	6.40	+1.05			
185.6333	5.3056	6.40	+0.60		17	Vir
185.9037	-39.3031	6.40	+0.29			
190.8675	-58.9031	6.40	+1.09			
191.1083	80.6211	6.40	+0.12			
201.8113	-40.1631	6.40	+0.98			
207.7467	68.3153	6.40	+1.17			
209.9554	-3.5497	6.40	+0.49			
212.0596	-63.2081	6.40	+1.02			
218.8217	-60.0158	6.40	+1.26			
221.5454	-21.1761	6.40	+0.58			
223.3471	15.7044	6.40	+0.57			
238.0533	-29.8867	6.40	+0.98			
245.7354	32.3331	6.40	+0.08			
254.7608	69.1864	6.40				
262.6825	57.8764	6.40				
263.6133	16.5039	6.40				
265.7787	-33.0511	6.40	+1.81			
272.4062	38.4575	6.40	+0.87			
274.3487	-28.2892	6.40	+0.54			
275.2796	49.7256	6.40	+1.07			
278.6979	10.8917	6.40	+0.08			
279.5875	8.8339	6.40	+1.32			
281.9167	49.0750	6.40				
285.2679	-37.0619	6.40	-0.03			
285.4563	22.2639	6.40	+0.16			
290.9454	20.2644	6.40	+0.01			
308.6975	-30.4736	6.40	-0.08			
311.9492	3.3067	6.40	-0.02			
311.8367	45.5797	6.40	+1.61			
319.3063	-13.2789	6.40	+0.04			
319.7267	-28.7656	6.40	+0.97			
320.2558	40.3456	6.40	+0.53			
322.1033	8.1956	6.40	+1.64			
323.8162	-23.4542	6.40	+1.10			
326.4354	35.8572	6.40	+1.00			
329.1000	21.2397	6.40	+1.70			
337.5063	-12.9150	6.40	+0.32			
337.5271	49.3561	6.40	+1.15			
339.1517	11.6969	6.40	0.00			
339.5729	45.1831	6.40				
342.6629	19.1408	6.40				
343.8121	-36.3886	6.40	+1.31			
346.7933	59.7275	6.40	-0.01			
355.6312	61.6794	6.40	+1.24			
1.0846	-29.2686	6.40	0.00			
8.9779	13.2067	6.41	+0.52			
9.3254	-54.3942	6.41	+1.00			
17.5308	-57.6944	6.41	+0.89			
18.2913	61.7058	6.41	+0.01			
21.6137	-0.3986	6.41	+1.24			
36.3596	-66.4947	6.41	+1.54			
44.3863	-38.1911	6.41	-0.03			
46.9475	47.3083	6.41	+0.12			
53.1629	44.8556	6.41	+0.03			
53.2150	-61.0169	6.41	+1.04			
60.3112	36.9900	6.41	-0.01			
55.6337	-85.2622	6.41	-0.01			
73.2908	52.8408	6.41				
73.3771	-66.6756	6.41	+1.63			
77.4029	69.6394	6.41	+1.11			
75.9667	-14.3694	6.41	-0.18			
77.4354	64.9194	6.41	+0.40			
77.6854	-25.9094	6.41	+1.25			
82.0067	1.2983	6.41	-0.18			
94.4654	-52.7331	6.41	+1.46			
99.9917	44.0139	6.41				
103.5354	-5.8525	6.41	+0.17			
103.1892	-59.3411	6.41	+0.18			
108.8304	-0.1614	6.41	+0.90		24	Mon
113.6654	80.8967	6.41				
111.1154	15.5172	6.41	-0.18			
111.6721	11.0092	6.41	-0.13			
115.3408	-44.6322	6.41	0.00			
119.5242	7.2136	6.41	-0.04			
121.4567	-0.5736	6.41	+1.05			
125.6838	60.6311	6.41	+0.97			
131.3367	-2.6008	6.41	+0.52			
139.4642	11.5011	6.41	+0.07			
140.8825	25.1831	6.41	+0.82			
145.6725	-35.5017	6.41	-0.06			
149.0225	-40.8247	6.41	+1.61			
153.3383	-61.6589	6.41	-0.11			
166.6008	-64.8397	6.41	+0.12			
168.1342	35.8136	6.41	+0.61			
170.0163	-71.9944	6.41	+0.05			
172.5538	54.3617	6.41				
191.9642	3.5728	6.41	+1.60		35	Vir
192.8454	-10.3383	6.41	+1.02			
205.7275	-50.7906	6.41	+1.67			
226.1787	-40.8614	6.41	+1.46			
240.2946	-63.7767	6.41	+0.78			
241.4992	-6.1394	6.41	+1.03			
243.4404	-24.4219	6.41	+0.04			
243.6200	-21.1075	6.41	-0.01			
244.5392	68.5544	6.41				
248.8596	17.0572	6.41	+0.05			
254.1050	65.0392	6.41	+0.38		20	Dra
260.6642	-37.8050	6.41	+0.64			
261.5038	26.8789	6.41	+0.10			
271.9513	-64.5500	6.41	+1.26			
280.4221	31.6178	6.41	-0.04			
284.8012	39.2178	6.41	-0.17			
288.1167	-21.6581	6.41	+1.13			
289.7121	0.3392	6.41	+1.05		24	Aql
306.5050	19.8650	6.41	+1.02			
307.1817	-15.7417	6.41	+0.99			
307.4996	45.9286	6.41	+1.13			
309.0346	25.8825	6.41	+0.21		26	Vul
311.1379	69.7519	6.41				
313.5283	-27.9256	6.41	+1.60			
321.0696	-69.7342	6.41	+2.82			
323.3238	-52.7375	6.41	+1.48			
323.7208	-29.6961	6.41	-0.11			
328.9817	-30.6064	6.41	+0.93			
330.4671	-77.6625	6.41	+0.22			
335.4621	42.0783	6.41	-0.08			
340.8096	-6.9628	6.41	-0.04		67	Aqr
346.0042	6.6167	6.41	+0.39			
348.0500	-80.9128	6.41	+1.50			
348.5904	29.7717	6.41	+0.45			
352.9296	28.4036	6.41	+0.01			
357.1625	64.8764	6.41	+0.06			
8.3304	70.9817	6.42	-0.01			
9.1558	-65.1247	6.42	+1.26			
30.6171	-29.6650	6.42	+0.14			
32.1400	44.4594	6.42				
47.5367	27.8200	6.42	+0.01			
54.5008	42.5831	6.42	-0.06			
72.7346	-53.4597	6.42		ι		Pic
79.1713	1.9472	6.42	-0.02			
81.6617	6.8692	6.42	-0.02			
85.4179	-2.8961	6.42	+0.30			
90.7233	43.3786	6.42				
98.4279	33.0242	6.42	+0.03			
100.3375	28.1964	6.42	+1.09		25	Gem
102.8867	-48.2925	6.42	+1.21			
104.6825	-30.9978	6.42	-0.14			
124.4825	-59.1669	6.42	+0.39			
129.7500	52.9250	6.42				
130.7375	-35.9433	6.42	+0.02			
133.1608	-36.5456	6.42	+0.56			
144.4842	73.0806	6.42				
147.8400	-6.1817	6.42	+0.58			
150.7058	-62.1564	6.42	+1.72			
160.3233	-59.6769	6.42	+0.08			
172.7204	47.9292	6.42	+0.88			
174.7517	-24.7211	6.42	+0.82			
179.5300	32.2739	6.42	+0.29			
180.6192	-71.4889	6.42	+1.17			
186.1112	25.5828	6.42	+0.27			
187.8196	-57.0811	6.42	+0.16	γ		Cru
204.5317	-58.4150	6.42	+1.12			
211.6046	-59.7156	6.42	+0.12			
216.0971	-82.8486	6.42	+0.02			
233.9554	38.3739	6.42				
236.8558	-40.1942	6.42	+0.88			
263.0625	11.9303	6.42	-0.01			
264.1654	69.5708	6.42	+0.58			
268.4921	-34.8317	6.42	+0.01			
278.3471	8.2683	6.42	-0.03			
279.3025	11.4217	6.42	-0.02			
280.4271	-14.5642	6.42	+0.81			
281.5050	-19.6064	6.42	+1.65			
302.0271	16.6642	6.42	+1.91			
309.9658	11.2497	6.42	+0.55			
316.1737	2.9419	6.42	+1.05			
319.3283	58.6117	6.42	+0.20			
329.2592	48.6686	6.42	-0.08			
332.0687	49.7964	6.42				
335.1650	50.9808	6.42				
338.1479	20.2300	6.42	+0.32		39	Peg
347.4567	-14.5106	6.42	+0.01			
357.4567	-25.3314	6.42	+0.12			
1.9338	-2.5489	6.43	-0.14			
7.0879	-20.3350	6.43	+0.59			
16.7508	56.9350	6.43	+1.18			
18.5208	28.5297	6.43	+1.70			
32.3462	17.2244	6.43				
56.5121	24.5281	6.43	-0.02		22	Tau
83.4350	-54.9022	6.43	+0.55			
85.3375	29.4875	6.43	-0.11			
95.3004	29.5411	6.43	+0.06			
94.0771	-59.2136	6.43	+0.59			
96.8979	32.5631	6.43	+1.26			
105.5650	-43.4042	6.43	-0.04			
107.5279	21.2469	6.43	+0.89			
108.2042	27.2247	6.43	+0.49			
110.5083	-8.9792	6.43	-0.19			
116.0583	12.8594	6.43				
115.5425	-58.6308	6.43	-0.10			
116.9383	-16.0144	6.43	+1.70			
123.2146	-37.9244	6.43	+0.10			
124.8725	-34.5903	6.43	-0.08			
127.0821	-8.8161	6.43	+1.20			
128.6321	-32.5986	6.43	+0.75			
132.0367	-42.4639	6.43	-0.20			
143.2825	-39.1289	6.43	+0.33			
151.0975	-39.9758	6.43	+1.30			
154.7458	46.7608	6.43				
157.6633	-61.3561	6.43	+1.76			
165.1067	51.5019	6.43				
170.4554	57.0750	6.43	+0.15			
170.4879	-77.6083	6.43	+0.20			
179.7267	-25.9089	6.43	+0.03			
182.9371	57.0544	6.43			68	UMa
192.5725	22.8633	6.43	+1.00			
196.3783	-52.1150	6.43	+1.70			
202.3121	-1.3644	6.43	+1.11			
202.1904	50.7183	6.43	+0.37			
212.8800	1.3622	6.43	+0.48			
218.3346	36.9594	6.43				
232.2367	55.1950	6.43	+0.08			
256.2708	43.8122	6.43	+0.09			
259.5800	-16.3119	6.43	+1.66			
260.1400	48.1883	6.43	+0.43			
261.2508	67.3064	6.43	+0.76			
262.6679	38.8822	6.43	+0.49			
266.7804	-38.1117	6.43	-0.02			
266.7838	47.6122	6.43	+0.11			
269.2325	-40.3056	6.43	+1.43			
272.4996	-32.7197	6.43	+1.02			
276.9262	59.5492	6.43				
278.0292	3.6597	6.43	-0.04			
286.2912	49.9233	6.43				
290.3558	57.7669	6.43				
294.2892	29.3336	6.43	-0.09			
296.4150	36.0911	6.43	-0.03			
299.1879	50.9025	6.43	-0.01			
299.4842	42.2608	6.43				
301.9596	9.3997	6.43	+0.46			
319.1233	42.2514	6.43				
323.1388	-24.5906	6.43	+0.20			
329.2962	66.1561	6.43	-0.05			
332.4917	-48.1072	6.43	+1.39			
337.7237	-26.0736	6.43	+1.08	ζ		PsA
340.7312	37.8028	6.43	-0.09			
344.6463	9.3569	6.43	+0.64			
344.7875	59.8147	6.43	+0.03			
345.8400	58.5647	6.43	+0.90			
349.3192	45.1642	6.43	+1.07			
352.2533	-44.4978	6.43	+1.18			
33.4229	58.5611	6.44	+0.60			
36.0838	-25.8475	6.44	+1.32			
62.6908	-35.2739	6.44	+1.07			
63.4092	-1.1497	6.44	-0.13			
67.0392	-41.9600	6.44	+1.64			
69.7679	-51.6728	6.44	+1.32			
76.3837	19.8064	6.44	+0.21			
89.9404	55.3208	6.44	+0.31			
89.2042	-31.9761	6.44	+1.07			
98.2929	-38.6253	6.44	+1.00			
99.3633	24.5908	6.44	+0.10			
106.5054	59.8019	6.44				
118.8071	-30.9175	6.44				
119.5892	-51.4486	6.44	+0.25			
122.7567	-37.2922	6.44	-0.01			
123.8471	-50.4494	6.44	+1.49			
126.4142	-17.4394	6.44				
130.0921	19.6700	6.44	+1.02			
135.1283	37.6044	6.44				
136.2000	-57.8525	6.44	+0.25			
152.9092	13.3550	6.44	+0.46		34	Leo
153.1575	-19.1536	6.44	+0.50			
157.0158	48.7847	6.44	+0.60			
163.1329	52.5036	6.44	+1.11			
163.7983	-20.6650	6.44	+1.10			
174.6871	45.1086	6.44	+0.56			
175.2850	-29.1964	6.44	+0.66			
180.9346	-74.2139	6.44	+1.23			
190.8596	-40.1778	6.44	+0.25			
191.9737	-24.8517	6.44	-0.06			
193.4087	-4.2239	6.44	+1.10			
201.1271	12.4319	6.44	+1.06			
203.6817	-33.3108	6.44	+1.26			
207.5808	-39.9011	6.44	+0.99			
214.0896	-6.6219	6.44	+0.28			
215.0363	30.4292	6.44	+0.15			
227.8954	-45.2775	6.44	+1.04			
235.0479	-70.2278	6.44	+0.08			
237.0083	31.7358	6.44				
261.4913	-1.6517	6.44	+0.46			
261.7300	-25.9433	6.44	-0.06			
262.9475	-33.7028	6.44	+1.19			
278.3729	-58.7092	6.44	+0.68			
280.7925	70.7928	6.44				
297.1267	10.6942	6.44	+0.96			
297.2108	33.4372	6.44	+0.20			
306.2713	59.6000	6.44	+0.09			
308.7312	-38.0897	6.44	+0.26			
313.0012	32.8492	6.44	-0.15			
313.4933	-6.8897	6.44	+0.37			
322.2496	17.9058	6.44	+1.39			
331.4608	45.1122	6.44	-0.03			
332.5004	-28.2925	6.44	+0.15			
346.2763	16.5631	6.44	+0.83			
357.5929	51.6217	6.44	+0.37			
0.7821	-24.1453	6.44	+1.18			
3.7792	31.5358	6.45				
4.3858	-19.0511	6.45	+0.37			
9.0125	-14.9736	6.45	+1.06			
15.7563	47.3761	6.45	+0.25			
20.8400	58.1431	6.45				
28.4521	55.5981	6.45	+0.18			
37.0000	1.9608	6.45	+0.97			
42.3629	37.3261	6.45	+0.43			
42.9396	58.3147	6.45	+0.10			
49.2975	40.4833	6.45				
56.0258	-40.6603	6.45	+1.06			
63.4983	37.9669	6.45				
70.9513	32.8653	6.45				
88.1646	39.5744	6.45	+0.09			
87.9979	-29.4486	6.45	+1.48			
89.3100	-53.4261	6.45	+1.48			
91.1213	51.5733	6.45	+0.18			
90.5383	-60.0969	6.45	+1.58			
93.3025	10.6275	6.45	+0.67			
98.6367	55.3531	6.45			7	Lyn
98.6933	7.5725	6.45	-0.02		14	Mon
101.2163	-27.3414	6.45	+0.54			
104.6508	-56.3947	6.45	+0.39			
105.9887	-10.1242	6.45	-0.08			
110.0287	15.1428	6.45	-0.02			
117.7500	-24.5283	6.45	-0.01			
117.6767	-44.5797	6.45	+0.90			
123.9604	60.3806	6.45	+0.20			
124.4929	-30.0033	6.45	+1.04			
129.8525	8.0172	6.45	+1.08			
130.5408	-11.9661	6.45	+0.16			
136.6796	59.3444	6.45	+0.04			
142.4483	55.7456	6.45				
146.3408	-30.2028	6.45	-0.13			
146.8579	11.5683	6.45	+0.43		19	Leo
151.0350	3.2011	6.45	+0.40		13	Sex
155.0617	53.7792	6.45	+0.54			
158.4317	53.4975	6.45				
169.4133	-34.7372	6.45	+0.40			
171.9937	-35.3286	6.45				
173.7658	20.4414	6.45	+1.01			
178.2450	37.7186	6.45	+0.75			
189.8204	35.9519	6.45	+0.06			
199.0596	19.0517	6.45	+0.98			
199.1346	19.7853	6.45	+0.25			
203.1438	-29.5653	6.45	+0.44			
207.8350	-24.3908	6.45	+0.69			
211.7350	74.5936	6.45	+0.14		3	UMi
213.7208	3.3361	6.45	+1.60			
217.1813	-59.1978	6.45	+0.14			
228.3696	-25.3092	6.45	+0.70		23	Lib
231.6354	54.0200	6.45	+0.05			
233.4700	17.1378	6.45				
234.7896	57.9244	6.45	+1.09			
247.5250	48.9608	6.45	+0.03		34	Her
253.5492	-41.8503	6.45	+0.20			
255.4421	-51.1308	6.45	+0.27			
259.3996	23.0908	6.45				
270.3921	-85.2147	6.45	+0.44			
268.2329	-35.0186	6.45	+0.02			
275.2304	-37.4875	6.45	+1.31			
280.0508	38.3672	6.45	+0.21			
280.8196	39.3003	6.45	+1.59			
284.3225	62.3967	6.45	+0.93			
297.4721	-66.8128	6.45	+1.48			
300.9346	-22.5956	6.45	+0.50			
302.0854	-66.3547	6.45	+1.58			
301.2442	23.2103	6.45				
303.5208	36.6053	6.45	0.00			
304.7067	46.3228	6.45	-0.13			
310.1883	19.9353	6.45	+0.63			
312.3225	64.0422	6.45	+0.07			
317.4929	2.9433	6.45	+0.37			
323.0175	-84.8100	6.45	+1.40			
326.3292	-49.4986	6.45	+1.15			
340.7646	-8.3117	6.45	+0.17			
350.0596	61.9700	6.45				
351.7800	-66.5811	6.45	+1.47			
353.9829	24.5611	6.45	+1.73			
4.6742	-8.0528	6.46	+0.68			
13.3017	-24.7769	6.46	+0.44			
23.4600	89.0156	6.46	+0.11			
19.6958	37.3861	6.46	+0.23			
21.8608	41.1006	6.46	+0.27			
34.7417	23.1678	6.46	+0.34			
41.0796	17.7639	6.46	+1.07		36	Ari
53.7533	60.0411	6.46	+0.39			
57.3317	57.1181	6.46	+0.06			
58.6417	-52.6906	6.46	+0.16			
60.8529	-20.1442	6.46	-0.18			
66.4054	15.9408	6.46	+0.49		70	Tau
71.2413	-63.2297	6.46	+1.08			
80.8454	28.9367	6.46	-0.04		22	Aur
83.2800	-1.7183	6.46	-0.09			
96.1096	-63.4289	6.46	+0.66			
100.4071	35.9319	6.46	+0.49			
101.4758	12.6936	6.46			32	Gem
101.6729	-54.6947	6.46	+0.86			
103.1963	-43.9758	6.46	-0.10			
106.3187	-50.3603	6.46				
109.4496	-26.7975	6.46	-0.15			
128.1662	10.0661	6.46	-0.02		34	Cnc
136.2300	32.3769	6.46	+0.24			
144.0283	74.3178	6.46	-0.10			
143.0771	-28.6281	6.46	+0.33			
146.4188	-57.1856	6.46	-0.11			
147.7583	13.0661	6.46	+1.58		23	Leo
153.7763	31.4681	6.46			22	LMi
161.1337	-70.8550	6.46	+0.23			
165.8171	-31.9608	6.46	+1.62			
166.9154	23.3236	6.46	+0.16		64	Leo
174.7050	64.3469	6.46				
178.6075	-37.7489	6.46	+0.52			
188.0188	-32.5336	6.46	+0.20			
207.6154	58.5394	6.46	+0.09			
212.1917	59.3378	6.46	+1.02			
232.9596	-32.8811	6.46	+0.09			
232.5946	31.2861	6.46	+0.19			
248.7829	-45.2447	6.46	+1.34			
250.9112	-32.1061	6.46	-0.08			
257.0713	50.8422	6.46	0.00			
260.2196	-10.6961	6.46	+0.33			
267.9938	15.3258	6.46				
267.8083	40.0725	6.46				
284.3683	58.2253	6.46	+0.08			
287.4154	-39.8281	6.46	+1.06			
298.7713	-33.0464	6.46	+1.48			
305.2162	-35.6736	6.46	+1.31			
317.6292	47.6919	6.46	-0.01			
318.9033	47.9736	6.46	-0.15			
321.4646	0.5344	6.46	+0.16			
330.1117	33.0061	6.46				
332.6258	20.9781	6.46	+0.12		28	Peg
336.6904	37.4439	6.46	-0.13			
342.9371	-59.8814	6.46	+1.13			
343.2179	50.4119	6.46	-0.04			
357.2054	2.2142	6.46	+0.44			
0.0996	26.9183	6.46	+0.50			
4.1771	-20.2106	6.47	-0.09			
9.2800	24.0142	6.47				
11.4237	-16.4242	6.47	+0.31			
15.5767	51.0350	6.47				
35.0183	30.1883	6.47				
41.7967	-22.4856	6.47	+0.39			
69.6233	26.9400	6.47				
89.2704	49.0294	6.47	+0.99			
97.2358	26.9678	6.47				
106.5588	-68.8372	6.47	+1.04			
111.8575	66.3317	6.47	-0.09			
101.7446	-87.0250	6.47	+0.42			
116.0308	2.4050	6.47	+0.20			
123.5462	17.6758	6.47	+0.30			
128.8025	-39.9700	6.47	+0.58			
129.6871	-53.0906	6.47	-0.10			
132.4371	-21.0486	6.47	+0.23			
133.4613	-40.4475	6.47	+0.96			
145.7792	54.3636	6.47	+0.13			
202.1092	40.7297	6.47	+0.92			
202.8888	-28.1128	6.47	+0.10			
206.0662	-51.0131	6.47	-0.13			
212.2525	-10.3344	6.47	+1.00		96	Vir
214.2288	-77.6639	6.47	+1.42			
214.5025	-7.5425	6.47	+0.73			
224.8079	-37.8814	6.47	-0.08			
228.3229	-24.0083	6.47	-0.04			
242.4800	-18.3408	6.47	+0.44			
245.9863	-33.1994	6.47	+0.01			
252.6496	-50.0456	6.47	+0.31			
260.6583	-35.9100	6.47	+0.54			
267.3288	1.9611	6.47	+1.24			
273.5675	-63.6894	6.47	+1.41			
279.5192	-14.0047	6.47	+0.21			
280.5337	34.7467	6.47	-0.13			
282.1887	-18.6014	6.47				
294.4863	49.2844	6.47	+0.99			
301.5508	-4.0783	6.47	+1.16			
310.8508	35.5878	6.47	+1.23			
320.9513	37.3514	6.47				
323.3358	-80.0392	6.47	+0.04			
323.6417	22.7547	6.47	+0.51			
327.0346	36.5806	6.47				
331.0996	-29.9167	6.47	+1.63		13	PsA
335.2504	26.9353	6.47	+1.59			
339.6862	-28.7478	6.47	+1.04			
345.6417	-36.4208	6.47	+0.94			
347.5488	-66.8575	6.47	+0.95			
349.2075	-41.1944	6.47	+1.08			
359.3896	60.0236	6.47	+0.01			
8.6037	66.7503	6.48	-0.08		16	Cas
12.5154	-43.3947	6.48	+0.29			
32.3950	-24.3458	6.48	+0.29			
34.2154	57.0553	6.48	+0.28			
40.7579	48.2656	6.48				
67.5100	10.2625	6.48	+1.03			
83.1408	57.2211	6.48	+0.57		18	Cam
83.3646	32.8011	6.48	+0.09			
95.9454	-58.5439	6.48	+0.12			
97.0700	1.9122	6.48	-0.07			
96.7812	-37.8956	6.48	+0.39			
103.4875	38.5050	6.48	-0.05	ψ8	61	Aur
106.8542	28.1772	6.48	-0.09			
106.6496	-12.3939	6.48	-0.10			
129.7925	59.9394	6.48				
129.3738	-33.7458	6.48	+0.33			
137.4433	11.5644	6.48	+0.34			
137.4379	-49.4247	6.48	+0.17			
138.4054	21.2833	6.48	+0.02			
140.9367	-37.7572	6.48	+0.18			
148.2500	-55.3733	6.48	-0.14			
176.8154	-30.2869	6.48	+0.68			
177.6546	-27.2778	6.48	+0.98			
184.7587	26.0078	6.48	+0.18			
200.9679	-49.8231	6.48	+0.96			
203.3117	-77.5683	6.48	+0.48			
204.4292	50.7147	6.48	+1.55			
204.7596	18.2653	6.48	+1.20			
216.4487	-26.8525	6.48	+0.94			
218.5662	57.0653	6.48	+0.49			
232.0796	-88.1331	6.48	+0.30			
230.3754	-38.2192	6.48	-0.06			
234.6671	-8.7911	6.48	+0.52			
235.9796	-60.2872	6.48	+1.05			
235.7942	13.6678	6.48	+0.86			
247.2037	-8.1289	6.48	+0.40			
263.9292	-37.4400	6.48	+0.01			
263.4283	14.8417	6.48	+1.60			
269.7179	45.4761	6.48	-0.08			
278.8388	-20.8408	6.48	+0.28			
284.2279	-62.8011	6.48	+1.53			
287.1675	16.8514	6.48	+0.52			
290.3746	-34.9839	6.48	+0.63			
294.5729	20.7828	6.48	+1.08			
295.5171	55.4633	6.48	+1.61			
296.4675	-2.8833	6.48	+0.05			
298.2767	-14.6031	6.48	+0.14			
299.2508	20.9981	6.48	+0.07			
302.4858	20.9153	6.48	+0.38	θ	17	Sge
304.1175	37.0564	6.48	-0.09			
308.5417	20.9853	6.48	-0.14			
309.7508	56.0050	6.48				
315.7021	45.8489	6.48	-0.15			
317.9221	-14.4722	6.48	+0.28			
319.1650	-1.6078	6.48	+0.98			
327.4171	41.1489	6.48	+0.42			
341.6179	-49.6858	6.48	+1.14			
344.1000	-31.5656	6.48	+1.10			
349.4837	45.4889	6.48	-0.03			
3.9800	-75.9114	6.49	+1.00			
10.1192	-16.5169	6.49	+0.92			
20.6450	-0.4497	6.49	+1.08		43	Cet
21.4438	70.9800	6.49				
39.6033	-37.9906	6.49	+0.52			
41.6883	-21.6397	6.49	+0.38			
46.1696	15.8561	6.49				
52.0983	60.2556	6.49	+0.02			
53.7050	6.4178	6.49	+0.63			
55.3075	-11.8031	6.49	+0.36			
56.2108	-48.0614	6.49	+1.02			
71.5012	76.6111	6.49	+0.51			
79.8483	33.9856	6.49	+0.24		18	Aur
78.9121	-52.1819	6.49	+1.21			
80.8000	-26.7058	6.49	+0.50			
84.1258	25.9394	6.49	+0.43			
89.0600	51.8039	6.49				
92.3471	-49.5628	6.49	+0.52			
105.1637	-9.2031	6.49	+0.21			
106.4571	-10.6611	6.49	-0.05			
116.6142	62.8306	6.49	+0.26		49	Cam
124.2242	84.0578	6.49	+0.03			
120.6492	57.2736	6.49	+0.62			
125.1213	53.5744	6.49	+0.28			
128.3329	-38.3711	6.49	-0.18			
143.7992	-35.8239	6.49	+0.42			
154.1171	28.6825	6.49	+0.60		24	LMi
158.9121	-18.5692	6.49	+0.20			
167.0658	-29.9728	6.49	+0.03			
178.8088	36.7564	6.49	+1.58			
183.0050	28.5361	6.49	+0.36			
189.8104	-75.3694	6.49	+0.08			
203.8888	10.2047	6.49	+1.03			
204.1658	49.4867	6.49				
210.0721	-61.4814	6.49	+0.33			
216.1704	-11.6697	6.49	+0.42			
224.2650	21.5553	6.49	-0.01			
239.9917	-40.6528	6.49	+1.52			
242.3583	55.8289	6.49				
244.7163	-57.8997	6.49	+1.00			
253.0796	-41.8544	6.49	+0.23			
261.0092	38.5828	6.49	+0.73			
266.0821	-72.2208	6.49	+0.48			
268.3267	-65.4892	6.49	+1.08			
272.7796	60.4094	6.49	0.00			
279.5987	-3.1936	6.49	+0.55			
280.3775	-48.0950	6.49	+1.22			
284.7962	-39.5347	6.49	-0.04			
287.2171	-55.7203	6.49	+1.10			
286.5708	41.4139	6.49	-0.15			
288.4337	5.5158	6.49	+0.09			
295.7046	29.3317	6.49	+0.33			
298.6587	-8.2372	6.49	-0.04		57	Aql
302.7921	-8.8422	6.49	-0.15			
308.4517	41.7722	6.49	+1.00			
309.3858	31.5219	6.49	+0.34			
311.5775	-36.1203	6.49	+0.39			
325.4421	-25.1019	6.49	+1.19			
348.9429	28.2478	6.49	+0.85		61	Peg
352.8812	-4.0872	6.49	+0.54			
9.0833	27.2547	6.50	-0.09			
34.9200	-4.3456	6.50	+0.08			
39.2521	24.6475	6.50	+0.41		30	Ari
50.9358	-32.7072	6.50	+1.37			
52.0479	-35.8533	6.50	+0.13	χ³		For
54.7504	20.9158	6.50	+0.15			
70.8254	59.5208	6.50				
73.9933	5.3992	6.50	+0.02			
78.3804	62.6914	6.50	+0.21		14	Cam
79.3242	53.5861	6.50	+1.66			
84.8783	-9.7067	6.50	-0.10			
106.4658	70.7319	6.50				
114.8621	-26.8631	6.50	-0.10			
125.3342	-1.6022	6.50	+0.02			
133.1088	-32.5092	6.50	+1.46			
137.0171	32.5406	6.50	+0.36			
139.9825	74.0164	6.50				
146.1250	18.8636	6.50				
155.3696	-23.7108	6.50	+0.20			
169.0167	52.7731	6.50	+0.43			
171.6887	3.0131	6.50	+0.79		83	Leo
179.9883	34.0350	6.50	+0.22			
183.3042	-34.1256	6.50	+1.66			
197.9133	-26.5517	6.50	+0.19			
201.4996	63.2611	6.50	+0.74			
204.2104	-34.4678	6.50	+1.03			
206.3050	55.8794	6.50	+0.47			
218.7113	-20.4392	6.50	+0.14			
226.0267	5.4925	6.50	+0.31			
231.1288	37.3478	6.50	+0.59	μ²	51	Boo
231.9200	62.2756	6.50	+0.14			
234.6667	-8.7944	6.50	+0.53			
243.1887	26.6708	6.50	+0.39			
247.6246	-7.5150	6.50	+0.37			
270.1154	19.5058	6.50	-0.06			
270.8113	19.6131	6.50	+0.01			
277.2392	-26.5817	6.50	+0.11			
277.6733	20.8153	6.50	+0.79			
284.6879	19.7942	6.50	-0.04			
294.2358	38.3839	6.50	-0.15			
295.1179	20.4767	6.50	+0.39			
298.1625	-54.9767	6.50	+0.10			
304.9837	46.8375	6.50	-0.06			
311.3050	-27.2472	6.50	+0.94			
315.7483	-0.9247	6.50	-0.10			
322.2658	-31.2386	6.50	+0.03		5	PsA
345.1433	45.3750	6.50				
345.6825	55.2364	6.50	-0.08			
349.7600	45.1372	6.50				
