# id	type	ra	dec	mag	band	majax	minax	pa	name
# OpenNGC (Mattia Verga), CC-BY-SA-4.0. J2000. Axes in arcminutes, angles in degrees.
# mag is V where measured and B otherwise; `band` says which. See NOTICE.txt.
IC0002	G	2.75367	-12.82286	15.46	B	0.98	0.32	142	
IC0003	G	3.02538	-0.41522	14.78	B	0.93	0.67	53	
IC0004	G	3.36225	17.48644	14.14	B	1.17	0.84	12	
IC0005	G	4.39554	-9.54336	14.57	B	0.99	0.66	9	
IC0006	G	4.72933	-3.27608	14.57	B	1.23	1.08	146	
IC0007	G	4.72150	10.59469	14.63	B	0.90	0.63	174	
IC0008	G	4.76133	-3.22208	15.16	B	0.82	0.34	129	
IC0009	G	4.93325	-14.12189	15.41	B	0.59	0.46	122	
IC0010	G	5.07225	59.30378	10.35	V	6.76	6.03	129	
IC0012	G	5.06271	-2.65311	15.08	B	0.96	0.32	20	
IC0013	G	5.08371	7.70050	14.93	B	1.29	0.53	162	
IC0015	G	6.98996	-0.06128	15.90	B	0.44	0.38	91	
IC0016	G	7.03188	-13.09392	15.15	B	0.58	0.32	62	
IC0017	G	7.12408	2.64861	14.77	B	0.67	0.54	102	
IC0018	G	7.14567	-11.58669	15.03	B	1.08	0.41	29	
IC0019	G	7.16450	-11.64078	15.15	B	0.79	0.67	30	
IC0020	G	7.16533	-13.01031	14.88	B	0.91	0.77	18	
IC0021	G	7.29346	-0.16378	15.54	B	0.49	0.45	6	
IC0022	G	7.38821	-9.08075	14.73	B	0.81	0.44	45	
IC0023	G	7.71167	-12.72025	15.05	B	0.85	0.77	20	
IC0025	G	7.80038	-0.40736	15.29	B	0.86	0.44	34	
IC0027	G	8.27600	-13.37150	15.82	B	0.58	0.34	148	
IC0028	G	8.28633	-13.45628	15.56	B	0.30	0.22	85	
IC0029	G	8.54500	-2.17764	15.79	B	0.66	0.49	160	
IC0030	G	8.56133	-2.08458	15.17	B	0.69	0.39	23	
IC0031	G	8.60262	12.26817	15.62	B	1.16	0.23	90	
IC0032	G	8.75704	-2.14169	16.15	B	0.62	0.39	1	
IC0033	G	8.77150	-2.13769	15.29	B	0.78	0.58	123	
IC0034	G	8.90175	9.12425	13.77	B	2.81	1.05	156	
IC0035	G	9.41617	10.35797	14.96	B	0.90	0.74	18	
IC0036	G	9.45688	-15.44128	15.54	B	0.31	0.30	60	
IC0037	G	9.64242	-15.35869	16.23	B	0.67	0.38	158	
IC0038	G	9.66150	-15.41983	15.02	B	0.77	0.57	65	
IC0040	G	9.83917	2.45622	15.04	B	1.05	0.43	14	
IC0041	G	9.91821	-14.17433	15.20	B	0.71	0.45	162	
IC0042	G	10.27433	-15.42808	15.38	B	0.76	0.53	56	
IC0043	G	10.59192	29.64164	13.25	V	1.26	1.15	87	
IC0045	Other	10.65142	29.65525						
IC0046	G	10.74154	27.25347	14.28	B	0.80	0.61	82	
IC0047	G	10.72921	-13.74072	16.09	B	0.41	0.24	100	
IC0048	G	10.89363	-8.18650	13.16	V	1.12	0.92	172	
IC0049	G	10.98387	1.85028	13.78	V	1.28	1.04	77	
IC0050	G	11.52379	-9.50300	14.74	B	1.02	0.87	169	
IC0051	G	11.60092	-13.44236	13.75	B	1.70	1.11	55	
IC0052	G	12.09908	4.09186	15.31	B	0.95	0.41	96	
IC0053	G	12.66988	10.60028	15.33	B	0.87	0.62	94	
IC0055	G	12.92662	7.71853	15.01	B	0.55	0.28	175	
IC0056	G	12.87475	-12.84431	15.14	B	0.82	0.74	116	
IC0057	G	13.70208	11.84119	15.48	B	1.03	0.96	10	
IC0058	G	13.76017	-13.67808	15.51	B	0.84	0.50	105	
IC0059	RfN	14.36921	61.14367			10.00	5.00		
IC0060	G	14.01763	-13.35792	15.75	B	1.04	0.76	48	
IC0061	G	14.28000	7.50708	15.23	B	1.34	1.29	175	
IC0062	G	14.68308	11.80800	14.97	B	0.76	0.46	25	
IC0063	HII	14.87017	60.91169	13.33	B	10.00	3.00		
IC0064	G	14.85175	27.05906	13.96	V	1.03	0.65	148	
IC0065	G	15.23092	47.68197	13.60	B	2.56	0.73	154	
IC0066	G	15.13542	30.79722	14.10	V	1.23	0.42	124	
IC0069	G	15.34858	31.04083	14.65	B	0.76	0.41	71	
IC0070	G	15.26646	0.05075	16.77	B	0.42	0.24	147	
IC0073	G	16.22062	4.76714	15.38	B	0.62	0.48	149	
IC0074	G	16.48312	4.09025	15.59	B	0.57	0.46	5	
IC0075	G	16.79838	10.83689	14.98	B	0.66	0.51	31	
IC0076	G	17.04879	-4.55450	15.44	B	0.81	0.36	116	
IC0077	G	17.18229	-15.42092	15.04	V	0.52	0.44	90	
IC0078	G	17.19875	-15.84508	15.24	B	1.75	0.75	126	
IC0079	G	17.20713	-15.94858	14.93	B	1.24	0.91	158	
IC0080	GPair	17.21208	-15.40750			1.20			
IC0080 NED01	G	17.21125	-15.40894	14.83	B	1.50	1.03	83	
IC0080 NED02	G	17.21304	-15.40631	12.90	V	1.50	1.06	50	
IC0081	G	17.34275	-1.69586	14.53	B	1.17	0.91	145	
IC0082	G	17.27413	-16.00031	14.85	B	0.91	0.83	93	
IC0083	G	17.62408	1.68936	15.16	B	0.68	0.45	114	
IC0084	G	17.85667	1.64019	15.21	B	0.67	0.43	12	
IC0086	G	18.36883	-16.24167	15.31	B	0.72	0.34	142	
IC0087	G	18.56579	0.76533	15.37	B	0.69	0.63	66	
IC0088	G	18.63042	0.79175	18.07	V	0.53	0.44	129	
IC0090	G	19.12646	-7.97714	14.85	B	1.25	1.12	146	
IC0091	G	19.66429	2.55367	16.48	B	0.71	0.26	64	
IC0093	G	19.75975	-17.06039	13.57	V	1.21	0.56	171	
IC0095	G	19.82450	-12.57414	16.20	B	0.61	0.50	54	
IC0096	G	20.13842	29.61725	14.65	B	0.78	0.30	44	
IC0098	G	20.22867	-12.60472	16.30	B	0.68	0.61	55	
IC0099	G	20.61400	-12.95256	15.82	B	0.58	0.52	54	
IC0100	G	20.72483	-4.64303	14.48	B	1.04	0.77	88	
IC0101	G	21.03562	9.93053	15.03	B	1.24	0.59	124	
IC0102	G	21.10971	9.88656	15.57	B	0.75	0.37	111	
IC0103	G	21.15183	2.04425	15.36	B	0.95	0.67	128	
IC0105	G	21.19271	2.07528	15.59	B	0.58	0.29	47	
IC0107	G	21.35275	14.86461	14.25	B	1.62	1.31	6	
IC0108	G	21.16233	-12.63558	15.48	B	1.30	0.36	4	
IC0109	G	21.30454	2.06622	14.87	B	0.76	0.57	70	
IC0110	Other	21.44417	33.51469						
IC0111	Other	21.50054	33.49711						
IC0112	G	21.51258	11.44297	14.17	B	0.72	0.37	127	
IC0113	G	21.60625	19.19197			0.35	0.26	160	
IC0114	G	21.59408	9.90994	15.62	B	1.40	0.56	154	
IC0115	G	21.72683	19.21469	14.03	V	0.76	0.76	80	
IC0116	G	21.71071	-4.98228	14.62	B	0.87	0.56	125	
IC0118	G	21.90017	-4.99747	15.81	B	0.72	0.55	31	
IC0119	G	21.97925	-2.04047	15.18	B	1.19	0.58	77	
IC0120	G	22.05400	-1.91553	15.12	B	0.92	0.33	138	
IC0121	G	22.09075	2.51303	14.25	B	1.00	0.62	108	
IC0122	G	22.05500	-14.83889	15.96	B	0.65	0.32	14	
IC0123	G	22.21442	2.44644	15.16	V	0.67	0.47	44	
IC0125	G	22.32646	-13.27983	16.18	B	0.61	0.59	53	
IC0126	G	22.44942	-1.98375	15.66	B	0.89	0.81	30	
IC0127	G	22.44838	-6.98006	9.20	V	1.69	0.45	110	
IC0128	G	22.84946	-12.62439	15.35	B	0.82	0.61	165	
IC0129	G	22.88025	-12.65439	15.28	B	1.23	0.60	63	
IC0130	G	22.86975	-15.59161	15.49	B	0.75	0.64	27	
IC0131	HII	23.31075	30.75325	12.52	B	0.30			
IC0132	HII	23.31633	30.94561	14.82	V	0.67	0.55		
IC0133	HII	23.31325	30.88839	18.45	V	0.45	0.45		
IC0135	HII	23.56471	30.62008			0.40			
IC0136	*Ass	23.56683	30.56206	11.04	B				
IC0137	*Ass	23.41212	30.52250						
IC0138	G	23.25825	-0.68983	14.72	B	1.12	0.74	23	
IC0139	*Ass	23.49683	30.56744	13.10	B				
IC0140	*Ass	23.49237	30.55014						
IC0141	G	23.21546	-14.81461	14.33	B	1.23	0.91	5	
IC0142	HII	23.48137	30.75781	14.20	V	0.50			
IC0143	HII	23.54554	30.77642	11.40	B	0.30			
IC0144	G	24.42021	-13.31467	15.74	B	0.74	0.67	46	
IC0145	G	24.66033	0.74150	15.40	B	0.69	0.50	6	
IC0147	G	24.99896	-14.86264	15.23	B	0.76	0.42	58	
IC0148	G	25.61238	13.97703	13.84	B	1.82	0.57	45	
IC0149	G	25.60575	-16.30042	14.40	B	1.27	0.41	82	
IC0150	G	25.73967	4.20017	14.86	B	0.88	0.50	137	
IC0151	Other	25.98946	13.20261						
IC0152	Other	26.03079	13.03586						
IC0153	Other	26.15087	12.62894						
IC0154	G	26.31779	10.64919	14.83	B	1.19	0.23	66	
IC0155	Other	26.88471	60.61083						
IC0156	G	26.37171	10.55272	14.92	B	1.51	1.33	105	
IC0157	Other	26.42667	12.87333						
IC0158	G	26.47300	-6.93569	15.88	B	0.70	0.53	140	
IC0159	G	26.60438	-8.63661	14.18	B	1.35	0.75	28	
IC0160	G	26.62317	-13.24772	14.88	B	1.28	0.86	85	
IC0161	G	27.18225	10.50789	14.27	B	0.90	0.54	67	
IC0162	G	27.22263	10.52161	14.46	B	1.32	1.28	85	
IC0163	G	27.31246	20.71131	13.26	V	1.62	0.73	90	
IC0164	G	27.28504	-3.90439	14.04	B	1.58	1.35	167	
IC0166	OCl	28.09925	61.85261	11.70	V	7.50			
IC0167	G	27.78567	21.91281	13.26	V	1.60	0.94	107	
IC0168	G	27.61513	-8.52294	14.85	B	1.12	0.39	104	
IC0169	G	27.66400	-12.67961	15.79	B	0.74	0.51	76	
IC0170	G	27.98967	-8.51761	15.34	B	0.78	0.60	92	
IC0171	G	28.79254	35.28189	13.69	B	2.26	1.90	107	
IC0172	G	28.72596	0.81122	14.74	B	0.48	0.37	95	
IC0173	G	28.98813	1.28517	14.09	V	0.92	0.72	90	
IC0174	G	29.06700	3.76186	14.52	B	1.49	0.99	97	
IC0175	G	29.07858	1.33242	15.70	B	0.52	0.46	9	
IC0176	G	29.22250	-2.01897	14.90	B	1.78	0.38	94	
IC0177	G	29.25242	-0.08986	15.47	B	0.51	0.47	11	
IC0178	G	29.72863	36.67469	13.28	V	0.94	0.79	159	
IC0179	G	30.04792	38.02133	12.56	V	1.12	0.90	111	
IC0180	G	30.00171	23.60433	15.30	B	0.83	0.34	150	
IC0181	G	30.00971	23.65864	15.85	B	0.57	0.49	55	
IC0182	G	29.96588	7.41183	14.54	B	1.06	0.70	36	
IC0183	G	29.89188	-5.34714	14.89	B	1.19	0.37	98	
IC0184	G	29.96346	-6.84039	13.89	V	1.12	0.59	178	
IC0185	G	30.02517	-1.52833	15.72	B	0.79	0.33	82	
IC0186	GTrpl	30.10208	-1.55172			1.10			
IC0186A	G	30.10000	-1.55286	14.87	B	1.21	0.76	33	
IC0186B	G	30.10604	-1.54981	15.80	B	0.69	0.47	0	
IC0186 NED03	G	30.10583	-1.55083			0.25	0.20	101	
IC0187	G	30.37817	26.48097	13.79	B	2.23	0.73	70	
IC0188	G	30.44375	26.54689	14.40	B	0.54	0.28	46	
IC0189	G	30.47046	23.55150	14.85	B	0.78	0.67	86	
IC0190	G	30.53033	23.54983	15.03	B	0.25	0.20	95	
IC0192	G	30.63496	16.01417	14.75	B	0.95	0.67	148	
IC0193	G	30.62908	11.09308	14.62	B	1.36	0.97	154	
IC0194	G	30.77175	2.61425	15.18	B	1.85	0.33	14	
IC0195	G	30.93587	14.70928	13.15	V	1.46	0.72	135	
IC0196	G	30.95750	14.73914	14.11	B	2.47	0.67	9	
IC0197	G	31.02054	2.78683	14.25	B	1.01	0.53	54	
IC0198	G	31.51300	9.29556	14.81	B	1.01	0.56	51	
IC0199	G	31.58083	9.22742	15.33	B	1.28	0.56	24	
IC0200	G	31.36100	31.17533	12.82	V	1.38	1.06	92	
IC0201	G	31.81371	9.11506	16.77	B	0.54	0.50	60	
IC0202	G	31.86942	9.16831	15.22	B	1.35	0.36	131	
IC0203	G	31.87354	9.12264	16.90	B	0.60	0.51	10	
IC0204	G	31.86283	-1.43019	15.82	B	0.55	0.36	155	
IC0205	G	31.86429	-2.09128	14.76	B	0.92	0.82	40	
IC0206	G	32.37783	-6.96839	14.34	B	1.22	0.39	130	
IC0207	G	32.41396	-6.92219	14.53	B	1.81	0.45	98	
IC0208	G	32.11558	6.39492	14.73	B	1.32	1.13	168	
IC0209	G	32.24462	-7.05892	13.80	B	1.51	1.03	82	
IC0210	G	32.36783	-9.68033	13.82	B	2.35	0.65	66	
IC0211	G	32.78333	3.85250	14.07	B	1.66	0.76	56	
IC0212	G	33.40942	16.59394	15.75	B	0.79	0.54	84	
IC0213	G	33.51783	16.45589	13.20	V	1.43	1.01	148	
IC0214	G	33.52329	5.17325	14.16	V	0.58	0.45	65	
IC0215	G	33.53942	-6.80633	15.62	B	0.84	0.19	78	
IC0216	G	33.98133	-2.01511	15.87	B	0.50	0.32	25	
IC0217	G	34.04350	-11.92672	15.08	B	2.00	0.45	35	
IC0218	G	34.28021	1.28233	15.63	B	0.91	0.30	75	
IC0219	G	34.66179	-6.90333	14.44	B	1.56	1.19	177	
IC0220	G	34.79887	-12.78164	15.08	B	0.67	0.32	34	
IC0221	G	35.67042	28.25697	13.81	B	1.54	1.19	16	
IC0222	G	35.69937	11.63833	15.14	B	0.84	0.65	42	
IC0223	G	35.50458	-20.74592	14.09	B	1.15	0.59	143	
IC0224	G	36.18808	-12.56447	15.00	B	0.86	0.59	130	
IC0225	G	36.61788	1.16053	14.83	B	1.01	0.90	158	
IC0226	G	36.94138	28.20883	16.00	B	0.81	0.72	55	
IC0227	G	37.01504	28.17533	15.39	B	2.01	1.77	80	
IC0229	Other	36.84204	-23.81300						
IC0230	G	37.19704	-10.83136	15.54	B	0.64	0.42	87	
IC0231	G	37.48496	1.17908	15.14	B	0.74	0.33	162	
IC0232	G	37.79842	1.26564	14.30	B	1.10	0.67	154	
IC0233	G	37.91958	2.80992	15.53	B	0.33	0.26	100	
IC0234	G	37.90717	-0.14025	15.22	B	0.69	0.35	158	
IC0235	G	38.21162	20.64125	14.35	V	0.39	0.30	35	
IC0236	G	38.23254	-0.13125	15.97	B	0.74	0.37	23	
IC0237	G	38.38154	1.13989	14.71	B	0.54	0.51	11	
IC0238	G	38.84450	12.83772	14.02	B	1.38	0.79	35	
IC0239	G	39.11617	38.96992	11.20	V	4.25	4.01	75	
IC0240	Other	39.74404	41.71942						
IC0241	G	39.47708	2.32803	14.48	B	0.90	0.59	152	
IC0243	G	39.63400	-6.90214	15.46	B	1.22	0.70	20	
IC0244	G	39.85304	2.72881	15.26	B	0.70	0.47	176	
IC0245	G	39.72767	-14.30556	15.00	B	1.11	0.29	25	
IC0246	G	40.11917	2.47864	15.39	B	0.69	0.61	48	
IC0247	G	40.03658	-11.73378	14.74	B	0.88	0.64	45	
IC0248	G	40.35763	17.81222	14.35	B	0.99	0.74	147	
IC0250	G	40.22612	-13.31356	15.05	B	0.91	0.73	178	
IC0251	G	40.30771	-14.95783	15.00	B	0.84	0.74	96	
IC0252	G	40.43804	-14.84825	15.35	B	1.01	0.62	26	
IC0253	G	40.52396	-15.04683	14.87	B	0.95	0.74	162	
IC0254	G	40.52075	-15.10664	14.91	B	0.26	0.25	55	
IC0255	G	41.76337	16.28803	15.68	B	0.59	0.40	45	
IC0256	G	42.41792	46.95467	14.31	B	0.46	0.29	30	
IC0257	G	42.43933	46.97619	12.68	V	1.93	1.19	154	
IC0258	G	42.44208	41.05167	15.52	B	1.48	1.23	170	
IC0259	G	42.42033	41.05511	15.38	B	0.69	0.53	130	
IC0260	G	42.75367	46.95478	15.12	B	1.53	0.75	170	
IC0262	G	42.93029	42.82828	14.69	B	2.10	1.74	36	
IC0263	G	42.41650	-0.06986	14.72	B	0.65	0.44	168	
IC0264	G	42.19842	-0.10919	16.88	V	0.50	0.37	28	
IC0265	G	43.68325	41.65533	15.49	B	0.71	0.63	60	
IC0266	G	43.77013	42.26233	15.65	B	0.74	0.31	136	
IC0267	G	43.45938	12.84922	13.09	V	1.86	0.69	170	
IC0268	G	43.86229	-14.10300	15.31	B	0.97	0.55	68	
IC0269	G	43.86037	-14.06681	15.34	B	1.19	0.35	126	
IC0270	G	43.93412	-14.20789	14.14	B	1.80	1.43	51	
IC0271	G	43.99771	-12.00786	14.70	B	1.06	0.61	131	
IC0272	G	44.02683	-14.18664	14.86	B	0.96	0.67	30	
IC0273	G	44.29492	2.77506	14.32	B	1.49	0.46	32	
IC0274	Other	45.02179	44.21317						
IC0275	GTrpl	45.23875	44.34833			1.00			
IC0275 NED01	G	45.23279	44.34631			0.32	0.23	16	
IC0275 NED02	G	45.23292	44.35036	14.44	B	1.38	1.20	25	
IC0275 NED03	G	45.24446	44.35017	16.56	B	0.30	0.30	0	
IC0276	G	44.67108	-15.70311	13.97	B	1.67	0.61	62	
IC0277	G	44.96083	2.77136	13.12	V	1.00	0.89	44	
IC0278	G	45.37683	37.76600	14.69	B	2.17	2.17	125	
IC0279	G	45.30087	16.20922	15.19	B	0.54	0.45	166	
IC0280	Other	45.76504	42.35931						
IC0283	G	45.96025	-0.20444	17.93	V	0.71	0.54	5	
IC0284	G	46.54129	42.37192	11.59	V	4.29	2.15	14	
IC0285	G	46.02592	-12.01544	15.02	B	1.45	0.36	117	
IC0286	Other	46.19675	-6.48453						
IC0287	G	46.24092	-12.07044	15.36	B	0.81	0.59	9	
IC0288	G	46.88713	42.38756	14.95	B	1.01	0.28	41	
IC0289	PN	47.58025	61.31678	13.20	V	0.58			
IC0290	G	47.42808	40.97422	15.43	B	1.24	0.32	129	
IC0291	G	46.86021	-12.58744	14.65	B	1.19	0.52	91	
IC0292	G	47.55383	40.76567	13.47	V	1.19	0.65	73	
IC0293	G	47.73400	41.13711	15.48	B	1.05	0.76	108	
IC0294	G	47.76296	40.62211	15.52	B	1.49	1.17	106	
IC0295	Other	47.75308	40.61525						
IC0296	Other	47.76987	40.62686						
IC0298	GPair	47.82875	1.31472			0.80			
IC0298A	G	47.82708	1.31503	16.12	B	0.54	0.34	35	
IC0298B	G	47.83137	1.31339	15.10	B	0.43	0.33	5	
IC0299	G	47.76062	-13.10958	15.79	B	0.87	0.68	30	
IC0300	G	48.56675	42.41533	16.06	B	0.65	0.60	115	
IC0301	G	48.69879	42.22264	14.95	B	1.26	1.11	177	
IC0302	G	48.21363	4.70703	12.89	V	1.84	1.20	22	
IC0303	G	48.17029	-11.68994	16.16	B	0.59	0.46	47	
IC0304	G	48.75571	37.88183	14.74	B	1.06	0.65	29	
IC0305	G	48.76583	37.86000	15.57	B	0.79	0.64	74	
IC0306	G	48.25088	-11.71569	15.50	B	0.71	0.58	79	
IC0307	G	48.43838	-0.24144	14.50	B	1.60	0.60	67	
IC0308	G	49.06596	41.18075	14.22	V	1.16	0.93	4	
IC0309	G	49.02621	40.80456	14.81	B	1.02	0.95	30	
IC0310	G	49.17908	41.32497	12.71	V	1.50	1.42	25	
IC0311	G	49.19471	40.00361	15.65	B	1.00	1.00	100	
IC0312	G	49.53587	41.75411	14.64	B	1.19	0.57	125	
IC0313	G	50.24125	41.89383	14.79	B	1.26	0.87	42	
IC0315	G	49.78892	4.03856	15.49	B	0.68	0.33	45	
IC0316	GPair	50.33292	41.93056			0.80			
IC0316 NED01	G	50.33313	41.92894	15.24	B	0.45	0.17	116	
IC0316 NED02	G	50.33292	41.93192	15.03	B	1.06	0.79	64	
IC0317	G	49.73129	-12.74019	14.87	B	0.88	0.71	58	
IC0318	G	50.18263	-14.56822	14.72	B	1.08	0.45	134	
IC0320	G	51.49658	40.78903	15.34	B	1.12	0.91	99	
IC0321	G	51.12329	-14.98547	14.79	B	1.03	0.95	25	
IC0322	G	51.50196	3.68056	15.35	B	0.76	0.38	6	
IC0323	Other	52.38979	41.85508						
IC0325	G	52.70358	-7.04672	15.58	B	0.83	0.74	80	
IC0326	G	52.65254	-14.42556	15.41	B	1.13	0.84	101	
IC0327	G	52.79158	-14.69214	15.21	B	0.80	0.47	70	
IC0328	G	52.79563	-14.63786	14.59	B	0.67	0.48	16	
IC0329	G	53.00571	0.27944	15.14	B	1.00	0.48	63	
IC0330	G	53.03346	0.35339	14.98	B	1.02	0.32	73	
IC0331	G	53.07950	0.28256	14.83	B	0.91	0.91	105	
IC0332	G	53.15592	1.38256	15.32	B	0.97	0.50	44	
IC0333	Other	53.51408	-4.58489						
IC0334	G	56.32117	76.63831	11.50	V	2.34	1.85	58	
IC0335	G	53.87933	-34.44706	12.99	B	2.62	0.80	83	
IC0336	Neb	54.48767	23.36314						
IC0337	Other	54.26792	-6.72119						
IC0338	G	54.40875	3.11878	14.94	B	0.84	0.68	176	
IC0340	G	54.87129	-13.11511	14.76	B	1.61	0.58	90	
IC0341	Neb	55.23204	21.96019			134.90			
IC0342	G	56.70208	68.09636	9.68	B	19.77	18.79	0	
IC0343	G	55.02975	-18.44347	13.20	V	1.51	0.66	113	
IC0344	G	55.37304	-4.66586	14.92	B	0.89	0.47	42	
IC0345	G	55.28804	-18.31414	14.71	B	0.88	0.73	37	
IC0346	G	55.43608	-18.26697	12.64	V	1.95	1.47	69	
IC0347	G	55.63604	-4.29864	13.99	B	1.37	1.02	138	
IC0348	Cl+N	56.14246	32.16283			10.00	10.00		omi Per Cloud
IC0349	RfN	56.58379	23.93981			25.70			Barnard's Merope Nebula
IC0350	G	56.15271	-11.80075	14.95	B	1.09	0.79	165	
IC0351	PN	56.88754	35.04692	11.90	V	0.12			
IC0352	G	56.90596	-8.73183	15.65	B	0.70	0.48	119	
IC0353	Neb	58.25446	25.84800			181.97	30.20		
IC0354	Neb	58.49129	23.14700			128.82			
IC0355	G	58.44275	19.97392	15.40	V	0.67	0.56	161	
IC0356	G	61.94546	69.81244	10.24	V	4.02	3.73	90	
IC0357	G	60.93333	22.15911	14.60	B	0.94	0.61	147	
IC0358	G	60.92867	19.89494	15.21	B	1.18	0.28	63	
IC0359	G	63.11817	27.70197	15.39	B	1.30	1.30	105	
IC0359A	RfN	64.67083	28.29000			15.00	10.00		
IC0360	Neb	62.26071	26.13119			180.00	100.00		
IC0361	OCl	64.71125	58.24950	11.70	V	7.20			
IC0362	G	64.17679	-12.20011	14.18	B	1.77	1.03	5	
IC0363	G	64.73092	3.03303	15.20	B	0.33	0.31	25	
IC0364	G	64.77792	3.18894	15.27	B	0.78	0.49	72	
IC0365	G	64.80892	3.34833	14.84	B	0.88	0.56	34	
IC0366	G	64.92308	2.35981	15.66	B	0.34	0.20	20	
IC0367	G	65.17079	-14.78106	14.47	B	1.74	0.61	140	
IC0368	G	65.67800	-12.61517	15.08	B	0.99	0.83	164	
IC0369	G	65.86758	-11.79008	15.37	B	0.76	0.76	35	
IC0370	G	66.00696	-9.39483	14.94	B	0.99	0.89	123	
IC0372	G	67.51767	-5.00997	15.32	B	0.97	0.45	30	
IC0373	G	67.67817	-4.87025	15.04	B	0.98	0.76	109	
IC0374	G	68.13646	16.63417	15.81	B	0.23	0.19	80	
IC0375	G	67.76308	-12.97397	15.24	B	0.82	0.54	59	
IC0376	G	67.80746	-12.43336	16.05	B	0.59	0.48	50	
IC0377	G	67.81892	-12.45508	14.84	B	1.00	0.83	99	
IC0378	G	67.86633	-12.29975	15.60	B	0.79	0.48	69	
IC0379	G	67.96221	-7.23836	14.70	B	0.93	0.82	35	
IC0380	G	67.92217	-12.92703	15.25	B	0.76	0.46	75	
IC0382	G	69.48146	-9.51933	13.53	B	1.99	1.18	173	
IC0383	G	69.74179	9.89253	15.60	B	0.63	0.56	36	
IC0384	G	69.82617	-7.83911	15.14	B	0.49	0.48	94	
IC0385	G	69.88108	-7.09747	15.41	B	1.15	0.58	107	
IC0387	G	70.43421	-7.08619	12.99	V	1.60	1.11	84	
IC0388	GPair	70.47221	-7.30553			1.00			
IC0388 NED01	G	70.46842	-7.30464	16.20	B	0.54	0.44	54	
IC0388 NED02	G	70.47633	-7.30647	15.91	B	0.89	0.40	10	
IC0389	G	70.49842	-7.31147	15.07	B	1.09	0.82	20	
IC0390	G	70.51613	-7.20644	15.48	B	1.14	0.40	35	
IC0391	G	74.33804	78.18883	12.68	V	1.39	1.33	25	
IC0392	G	71.60733	3.50556	13.47	B	1.45	1.00	168	
IC0393	G	71.96583	-15.52519	14.87	B	0.81	0.77	7	
IC0394	Other	72.21129	-6.28019						
IC0396	G	74.49579	68.32339	13.08	B	2.38	1.45	86	
IC0397	Other	75.27763	40.42489						
IC0398	G	74.55233	-7.78025			1.18	0.34	2	
IC0399	G	75.43337	-4.28875	14.80	V	0.54	0.45	81	
IC0400	G	75.94017	-15.81908	16.70	B	1.55	0.17	117	
IC0401	G	76.08183	-10.07653	13.94	B	1.75	0.58	55	
IC0402	G	76.56179	-9.10742	14.40	B	1.26	0.56	146	
IC0403	Other	78.81538	39.97211						
IC0404	G	78.33167	9.75492	15.50	B	0.73	0.53	130	
IC0405	Neb	79.12283	34.35617	10.00	B	50.00	30.00		Flaming Star Nebula
IC0406	Other	79.45417	39.88603						
IC0407	G	79.42754	-15.52344	14.20	B	1.93	0.36	164	
IC0408	G	79.93692	-25.06433	13.85	B	1.95	0.97	162	
IC0409	GPair	79.88979	3.31839			0.95	0.72	19	
IC0410	Neb	80.67500	33.36667			40.00	30.00		
IC0411	G	80.07754	-25.32450	14.13	B	1.36	1.00	129	
IC0412	G	80.48625	3.48639	14.62	B	1.17	0.65	0	
IC0413	G	80.49492	3.48217	14.68	B	1.08	0.80	140	
IC0414	G	80.47900	3.34203	14.40	V	0.60	0.44	140	
IC0415	G	80.34012	-15.54258	15.45	B	0.76	0.58	148	
IC0416	G	80.98492	-17.26042	13.90	B	1.41	0.70	71	
IC0417	HII	82.02500	34.42394			13.00	10.00		
IC0418	PN	81.86746	-12.69728	9.44	V	0.20			
IC0419	Other	82.71675	30.11792						
IC0420	Neb	83.03958	-4.50475			6.03			
IC0421	G	83.03575	-7.91833	12.60	B	2.96	2.22	108	
IC0422	G	83.07729	-17.22386			1.04	0.93	130	
IC0423	Neb	83.34171	-0.61450			6.00	3.50	90	
IC0424	Neb	83.40517	-0.41314			2.50	1.70		
IC0425	Other	84.29133	32.42967						
IC0426	Neb	84.13075	-0.29831			10.00	3.00		
IC0427	Neb	84.07508	-6.61644						
IC0428	Neb	84.10088	-6.45156						
IC0429	Neb	84.57858	-7.04050						
IC0430	Neb	84.64987	-7.08311	14.40	V	10.96			
IC0431	RfN	85.05846	-1.46281			8.00	5.00		
IC0432	RfN	85.23325	-1.50700			10.00	10.00		
IC0433	G	85.13063	-11.66558			1.42	1.12	138	
IC0434	HII	85.25367	-2.45378	11.00	B	90.00	30.00		Flame Nebula
IC0435	RfN	85.75238	-2.31261			3.98	3.02		
IC0436	Other	88.41700	38.62478						
IC0437	G	87.90583	-12.56497	15.25	B	0.97	0.46	7	
IC0438	G	88.25033	-17.87608	12.07	V	2.80	1.82	63	
IC0439	Other	89.16463	32.02269						
IC0440	G	94.80546	80.06847	14.20	B	1.77	1.00	36	
IC0441	G	90.67762	-12.49914	14.40	B	1.22	1.13	40	
IC0442	G	99.04954	82.96825	14.04	B	1.25	1.25	5	
IC0443	SNR	94.15588	22.53167	12.00	B	50.00	40.00		Gem A
IC0444	RfN	94.64167	23.31333	7.03	B	8.00	4.00		
IC0445	G	99.33854	67.85986	14.28	B	0.87	0.70	20	
IC0446	Cl+N	97.77575	10.45928			5.00	4.00		
IC0447	HII	97.75133	9.89744	7.70	B	25.00	20.00		
IC0448	HII	98.18892	7.38864			15.00	10.00		
IC0449	G	101.42129	71.34383	13.65	B	1.77	1.34	83	
IC0450	G	103.05104	74.42708	14.12	V	1.38	0.80	130	
IC0451	G	103.21671	74.48072	14.83	B	1.34	1.07	144	
IC0454	G	102.77625	12.92203	14.50	B	1.69	0.88	138	
IC0455	G	113.74033	85.53719	14.27	B	1.06	0.65	78	
IC0456	G	105.07308	-30.16378	13.04	B	2.33	1.60	4	
IC0458	G	107.64229	50.11892	14.38	B	0.90	0.39	173	
IC0459	G	107.66121	50.17733	15.76	B	0.59	0.49	1	
IC0460	G	107.68446	50.20244	15.34	B	0.85	0.49	178	
IC0461	G	107.68767	50.08142	15.67	B	0.63	0.48	36	
IC0463	G	107.75371	50.11769			0.28	0.20	95	
IC0464	G	107.76979	50.13689	14.74	B	0.80	0.37	60	
IC0466	HII	107.16167	-4.31800	12.06	V	1.00			
IC0467	G	112.57662	79.87253	12.57	V	1.99	0.94	73	
IC0468	Other	109.32917	-13.21869						
IC0469	G	118.99617	85.15892	13.48	B	2.35	0.91	88	
IC0471	G	115.90188	49.66756	14.22	B	0.66	0.66	23	
IC0472	G	115.95975	49.61419	14.33	B	1.61	1.15	166	
IC0473	Other	115.60258	9.25528						
IC0474	G	116.53046	26.50511	14.91	B	1.27	0.40	113	
IC0475	G	116.78846	30.48881	14.79	B	0.75	0.45	133	
IC0476	G	116.81804	26.95097	15.45	B	0.62	0.48	99	
IC0477	G	118.02887	23.48303	15.39	B	1.15	1.15	30	
IC0478	G	118.42321	26.49269	15.29	B	0.66	0.48	12	
IC0479	G	118.59258	27.00883	15.02	B	0.61	0.51	171	
IC0480	G	118.84663	26.74333	15.04	B	1.75	0.33	167	
IC0481	G	119.76192	24.16064	15.05	B	0.93	0.26	4	
IC0482	G	119.94700	25.35697	14.98	B	0.63	0.52	151	
IC0484	G	120.00442	26.66586	15.34	B	0.89	0.40	43	
IC0485	G	120.08237	26.70144	15.33	B	1.17	0.24	154	
IC0486	G	120.08742	26.61353	13.20	V	0.87	0.66	138	
IC0488	Other	120.20629	25.90186						
IC0490	G	120.83383	25.81142	15.66	B	0.59	0.47	95	
IC0491	G	120.97917	26.52061	15.30	B	0.65	0.28	115	
IC0492	G	121.41108	26.16819	17.19	V	1.02	0.77	31	
IC0493	G	121.86496	25.13403	14.76	B	0.81	0.61	18	
IC0494	G	121.60050	1.03606	14.26	B	1.32	0.64	48	
IC0495	G	122.08092	9.01389	15.49	B	0.47	0.40	88	
IC0496	G	122.43400	25.88161	15.36	B	0.63	0.39	30	
IC0497	G	122.52529	24.92208	14.26	V	0.78	0.39	177	
IC0498	G	122.37613	5.28069	14.57	B	1.21	1.08	66	
IC0499	G	131.32208	85.74003	13.83	B	1.88	0.90	77	
IC0500	G	123.16500	-16.05081			1.77	0.71	54	
IC0501	G	124.69829	24.53742	15.51	B	0.73	0.55	125	
IC0502	G	125.51504	8.75261	15.43	B	0.56	0.54	62	
IC0503	G	125.54450	3.26806	14.10	B	1.33	1.03	110	
IC0504	G	125.67167	4.26242	14.25	B	1.51	1.09	139	
IC0505	G	125.84029	4.37247	14.57	B	1.38	0.99	144	
IC0506	G	125.87804	4.29950	14.69	B	1.19	0.86	171	
IC0508	G	127.09296	25.12472	14.71	B	0.79	0.70	97	
IC0509	G	128.01458	24.01092	13.22	V	1.02	0.92	57	
IC0510	GPair	128.04417	-2.16222			0.80			
IC0510 NED01	G	128.04246	-2.16211			0.33	0.18	132	
IC0510 NED02	G	128.04554	-2.16239	15.09	B	0.91	0.52	137	
IC0511	G	130.21021	73.48667	14.43	B	1.22	0.46	142	
IC0512	G	135.95763	85.50169	13.11	B	1.72	1.34	174	
IC0513	G	128.27108	-12.35556	14.59	B	1.49	1.00	39	
IC0514	G	128.84283	-2.04706	15.29	B	0.57	0.34	160	
IC0515	G	128.88038	-1.90111	15.63	B	1.04	0.58	34	
IC0516	G	128.96154	-1.87122	15.88	B	0.59	0.30	65	
IC0517	G	129.09208	-2.05556	15.44	B	0.61	0.34	29	
IC0518	Other	129.02896	0.69258						
IC0519	G	130.14337	2.61133	15.39	B	0.50	0.48	28	
IC0520	G	133.42608	73.49094	11.83	V	2.10	1.63	175	
IC0521	G	131.68317	2.53742	14.75	B	0.93	0.67	80	
IC0522	G	133.64546	57.16672	13.87	B	1.24	1.02	165	
IC0523	G	133.29717	9.14817	14.99	B	0.86	0.56	95	
IC0524	G	134.55346	-19.19192	15.07	B	0.94	0.63	21	
IC0525	G	135.34363	-1.85397	15.02	B	0.95	0.33	10	
IC0526	G	135.66992	10.84164	14.93	B	0.77	0.45	41	
IC0527	G	137.42408	37.60158	14.72	B	1.37	1.13	71	
IC0528	G	137.34396	15.79617	15.01	B	1.39	0.62	162	
IC0529	G	139.63667	73.75933	12.30	V	3.21	1.53	142	
IC0530	G	138.82071	11.88569	14.16	B	1.93	0.31	87	
IC0531	G	139.46171	-0.27847	14.79	B	0.79	0.42	60	
IC0532	Other	139.76567	-16.75494						
IC0533	G	140.09750	-3.99203	15.72	B	0.95	0.27	155	
IC0534	G	140.31438	3.15114	15.12	B	1.19	0.31	148	
IC0535	G	140.56758	-1.04033	15.84	B	0.65	0.53	5	
IC0536	G	141.16708	25.11019	15.09	B	1.09	0.22	24	
IC0537	G	141.34421	-12.39178	14.15	B	1.32	1.22	160	
IC0539	G	142.28433	-2.54914	14.31	B	0.97	0.73	130	
IC0540	G	142.54304	7.90275	14.69	B	1.07	0.27	171	
IC0541	Other	142.62829	-4.25367						
IC0542	G	142.77592	-13.18136	15.02	B	1.21	0.39	95	
IC0543	Other	142.78792	-14.77250						
IC0544	G	143.97242	24.89486	15.44	B	0.80	0.25	24	
IC0545	G	144.02233	24.94894	14.79	B	0.56	0.42	44	
IC0546	G	143.70933	-16.38442	14.83	B	1.27	0.70	103	
IC0548	G	144.58042	9.44597	15.28	B	0.76	0.19	166	
IC0549	G	145.18013	3.95975	15.00	B	0.60	0.37	180	
IC0550	G	145.11908	-6.94606	14.74	B	1.07	0.70	34	
IC0551	G	145.25046	6.93608	14.56	B	0.81	0.53	155	
IC0552	G	145.31904	10.64700	14.42	B	1.12	0.63	2	
IC0553	G	145.18804	-5.43536	14.45	B	1.07	0.85	118	
IC0554	G	145.48704	12.29628	14.36	B	1.29	0.57	18	
IC0557	G	146.01000	10.98811	14.66	B	1.11	0.64	38	
IC0558	G	146.25146	29.45231	13.90	V	0.93	0.72	165	
IC0559	G	146.18287	9.61500	14.82	B	1.09	0.92	87	
IC0560	G	146.47267	-0.26831	14.38	B	1.41	0.54	20	
IC0561	G	146.49504	3.14519	15.13	B	0.51	0.42	6	
IC0562	G	146.51625	-3.97117	15.00	B	1.22	0.28	162	
IC0563	G	146.58479	3.04558	14.81	B	0.97	0.40	111	
IC0564	G	146.58783	3.07136	14.16	B	1.64	0.45	68	
IC0565	GPair	146.96150	15.85256			1.00			
IC0565 NED01	G	146.95696	15.85203	16.74	B	0.68	0.16	178	
IC0565 NED02	G	146.96054	15.85189	15.03	B	1.24	0.27	51	
IC0566	G	147.48496	-0.23136	15.32	B	0.60	0.53	84	
IC0568	G	147.78471	15.73044	14.68	B	1.07	0.64	106	
IC0569	G	147.86729	10.92006	15.33	B	0.78	0.54	164	
IC0570	G	147.96242	15.75575	16.00	B	0.46	0.34	61	
IC0571	G	148.13154	15.77544	15.29	B	0.71	0.54	133	
IC0572	G	148.13671	15.82686	14.83	B	0.54	0.53	130	
IC0574	G	148.61263	-6.95339	14.79	B	1.05	0.87	4	
IC0575	G	148.63721	-6.85756	14.31	B	1.52	1.17	50	
IC0576	G	148.77933	11.03956	15.46	B	0.59	0.51	168	
IC0577	G	149.01654	10.49886	14.58	B	0.62	0.57	117	
IC0578	G	149.06729	10.48608	14.71	B	1.25	0.54	66	
IC0579	G	149.16425	-13.77489	15.15	B	1.12	0.41	132	
IC0581	G	149.54825	15.94697	14.95	B	1.00	0.71	129	
IC0582	G	149.75096	17.81714	14.57	B	0.97	0.91	85	
IC0583	G	149.77117	17.82144	15.16	B	0.89	0.19	113	
IC0584	G	149.77137	10.36114	14.99	B	0.50	0.43	149	
IC0585	G	149.93383	12.98858	14.82	B	1.21	0.86	123	
IC0586	G	149.95958	-6.92283	15.16	B	0.76	0.70	55	
IC0587	G	150.77154	-2.40003	14.31	B	1.25	0.56	106	
IC0588	G	150.52933	3.05769	14.25	V	0.90	0.53	164	
IC0589	G	151.09958	-5.67892	15.34	B	0.69	0.51	20	
IC0590	GPair	151.45929	0.63294			0.90			
IC0590 NED01	G	151.45763	0.63336	14.49	B	1.06	0.78	105	
IC0590 NED02	G	151.46113	0.63181	14.84	B	0.79	0.76	33	
IC0591	G	151.86538	12.27450	14.13	B	0.93	0.60	164	
IC0592	G	151.99479	-2.49725	14.22	B	0.92	0.75	26	
IC0593	G	152.07504	-2.52681	14.43	B	0.81	0.58	97	
IC0594	G	152.13333	-0.66686	14.80	B	1.11	0.56	131	
IC0595	G	152.40883	11.00025	15.21	B	0.81	0.58	172	
IC0596	G	152.63062	10.04239	15.09	B	0.96	0.31	18	
IC0597	G	152.54983	-6.89925	15.66	B	0.50	0.23	170	
IC0598	G	153.20237	43.14553	13.72	B	1.65	0.41	7	
IC0599	G	153.30212	-5.62900	15.10	B	1.17	0.29	36	
IC0600	G	154.29546	-3.49778	13.70	B	1.92	1.03	13	
IC0601	G	154.56371	7.03883	15.38	B	0.47	0.22	37	
IC0602	G	154.58221	7.04931	13.58	B	0.97	0.50	173	
IC0603	G	154.85438	-5.65617	14.89	B	1.31	0.79	174	
IC0605	G	155.60054	1.19825	14.63	B	0.77	0.54	9	
IC0607	G	156.03575	16.74189	14.73	B	1.27	0.96	87	
IC0608	G	156.08804	-6.03931	14.77	B	0.95	0.54	108	
IC0609	G	156.39762	-2.21522	14.33	B	1.35	0.39	19	
IC0610	G	156.61821	20.22819	14.59	B	1.89	0.33	28	
IC0612	G	156.77442	11.05489	15.36	B	0.42	0.25	174	
IC0613	G	156.78246	11.01072	15.02	B	0.77	0.70	12	
IC0614	G	156.71604	-3.46475	14.80	V	0.78	0.53	18	
IC0615	G	156.84158	11.07997	15.34	B	1.22	0.36	143	
IC0616	G	158.19817	15.86083	14.56	B	0.93	0.75	160	
IC0619	G	158.45825	12.87836	14.77	B	0.84	0.65	177	
IC0620	G	158.38929	11.87139	15.28	B	0.73	0.60	88	
IC0621	G	158.33767	2.61614	15.16	B	0.90	0.62	82	
IC0623	G	158.83754	3.55839	14.95	B	0.94	0.32	151	
IC0624	G	159.06325	-8.33394	14.27	B	2.42	0.55	39	
IC0625	G	160.65854	-23.93561	13.79	B	2.25	0.53	105	
IC0626	G	159.23792	-7.02386	15.19	B	1.21	0.95	137	
IC0627	G	159.33288	-3.35781	14.61	B	0.72	0.57	175	
IC0628	G	159.40079	5.60369	14.77	B	0.89	0.67	120	
IC0630	G	159.64004	-7.17053	12.98	B	2.12	1.67	150	
IC0631	G	159.74542	-7.05239	16.19	B	0.67	0.59	147	
IC0632	G	159.79913	-0.40947	14.18	V	0.98	0.57	30	
IC0633	G	159.85158	-0.38931	14.62	V	0.65	0.27	103	
IC0634	G	160.22871	5.99183	15.05	B	1.00	0.38	116	
IC0635	G	160.43875	15.64333	15.09	B	1.09	0.33	7	
IC0636	G	160.46079	4.33078	14.88	B	0.95	0.41	49	
IC0637	G	160.59133	15.35961	15.32	B	0.75	0.50	17	
IC0638	G	160.94992	15.89514	15.51	B	0.77	0.38	2	
IC0639	G	161.46675	16.93044	14.85	B	1.41	0.42	180	
IC0640	Other	161.71021	34.76764						
IC0641	Other	161.95588	34.67283						
IC0642	G	162.03388	18.18869	13.89	B	1.45	1.36	19	
IC0643	G	162.36325	12.20100	15.07	B	1.34	0.46	73	
IC0645	G	162.53896	-6.04289	15.43	B	0.48	0.42	59	
IC0646	G	162.89658	55.46583	15.39	B	0.84	0.43	147	
IC0647	G	162.64371	-12.85481	15.79	B	0.68	0.39	62	
IC0648	G	162.75133	12.28739	14.88	B	0.94	0.74	158	
IC0649	GPair	162.71750	1.16389			0.70			
IC0649 NED01	G	162.71704	1.16533	15.70	B	0.70	0.56	15	
IC0649 NED02	G	162.71750	1.16167	14.90	B	0.32	0.21	0	
IC0650	G	162.66896	-13.44206	14.90	B	0.93	0.67	10	
IC0651	G	162.74338	-2.15036	13.09	B	0.72	0.71	20	
IC0653	G	163.02825	-0.56078	14.12	B	2.07	0.71	57	
IC0654	G	163.45996	-11.72558	15.14	B	1.20	0.44	133	
IC0655	G	163.59267	-0.36497	15.31	B	1.00	0.27	48	
IC0656	Other	163.78392	17.61289						
IC0657	G	164.47321	-4.90494	15.29	B	1.14	0.43	169	
IC0658	G	164.56775	8.24167	14.63	B	1.08	0.85	43	
IC0659	G	164.51608	-6.26053	15.43	B	1.24	0.86	60	
IC0660	G	164.61108	1.38292	15.51	B	0.79	0.52	31	
IC0661	G	164.71458	1.65064	15.35	B	0.77	0.55	31	
IC0662	G	164.83562	1.59883	15.57	B	0.78	0.58	71	
IC0663	G	165.15529	10.43719	15.42	B	0.85	0.57	172	
IC0664	G	165.18896	10.55306	14.68	B	1.87	1.30	53	
IC0665	G	165.12471	-13.86681	15.18	B	1.03	0.35	148	
IC0666	G	165.31171	10.48111	15.23	B	0.58	0.33	147	
IC0667	G	166.65229	15.08872	15.63	B	0.68	0.58	32	
IC0668	G	166.66483	15.04092	15.37	B	0.66	0.39	95	
IC0669	G	166.81904	6.30247	14.28	B	1.08	0.67	169	
IC0670	G	166.87004	6.71425	14.55	B	1.11	0.98	65	
IC0671	G	166.88167	0.78311	14.62	B	1.21	0.95	21	
IC0672	G	167.01346	-12.48417			0.75	0.33	155	
IC0673	G	167.35546	-0.09772	14.65	B	1.29	0.59	168	
IC0674	G	167.77650	43.63300	14.36	B	1.37	0.41	121	
IC0676	G	168.16592	9.05583	13.41	B	1.85	1.31	0	
IC0677	G	168.48542	12.30108	13.67	B	1.43	0.60	45	
IC0678	G	168.52658	6.57719	15.38	B	0.78	0.50	141	
IC0679	G	169.15254	-13.97208	15.39	B	0.53	0.37	125	
IC0680	G	169.47792	-1.94644	14.59	B	0.81	0.56	154	
IC0681	G	169.63304	-12.14022	14.79	B	0.87	0.45	35	
IC0683	G	170.38242	2.75181	15.50	B	0.69	0.49	175	
IC0685	G	170.52717	17.75342	16.33	B	0.68	0.43	176	
IC0686	G	170.77196	5.64467	15.55	B	0.51	0.26	42	
IC0687	G	171.07221	47.84753	14.87	B	1.08	1.03	121	
IC0688	G	170.91767	-9.79556	15.01	B	0.98	0.49	98	
IC0690	G	171.08588	-8.34197	15.26	B	1.17	0.46	170	
IC0691	G	171.68467	59.15542	13.74	V	1.14	0.72	148	
IC0692	G	171.47279	9.98750	14.22	B	0.85	0.56	118	
IC0693	G	171.70258	-5.00400	14.65	B	0.98	0.48	90	
IC0694	G	172.11375	58.57847	18.20	B	0.21	0.18	51	
IC0695	G	171.99287	-11.71533	15.29	B	0.65	0.21	85	
IC0696	G	172.16633	9.09869	14.50	B	0.92	0.85	16	
IC0697	G	172.14354	-1.62958	15.43	B	0.67	0.47	131	
IC0698	G	172.26600	9.11206	14.43	B	1.04	0.50	147	
IC0699	G	172.27704	8.98858	14.53	B	1.21	0.34	12	
IC0700	GGroup	172.31450	20.58492			1.10			
IC0700 NED01	G	172.30900	20.58111	16.31	B	0.20	0.13	0	
IC0700 NED02	G	172.31375	20.58317	14.09	B	0.94	0.46	71	
IC0700 NED03	G	172.31817	20.58658	17.23	B	0.30	0.28	25	
IC0700 NED04	G	172.31958	20.58786	18.73	B	0.25	0.11	54	
IC0701	G	172.75283	20.46894	14.63	V	0.74	0.55	77	
IC0702	G	172.72796	-4.92200	15.57	B	0.75	0.42	130	
IC0705	G	173.23479	50.24186	15.05	B	0.77	0.50	34	
IC0706	G	173.30258	-13.33806	14.98	B	1.52	0.27	111	
IC0707	G	173.43600	21.38006	13.84	V	0.65	0.52	5	
IC0708	G	173.49675	49.06206	14.13	B	1.50	0.98	140	
IC0709	G	173.56058	49.04317	14.96	B	1.05	0.93	25	
IC0710	G	173.61421	25.87647	15.65	B	0.80	0.49	180	
IC0711	G	173.69400	48.95611	15.17	B	0.87	0.81	27	
IC0712	G	173.70546	49.07769	14.39	B	3.02	0.89	91	
IC0715	GPair	174.22762	-8.37739			1.00			
IC0715NW	G	174.22588	-8.37581	15.03	B	0.87	0.40	157	
IC0715SE	G	174.22892	-8.37872			0.33	0.23	23	
IC0716	G	174.76388	-0.20600	14.81	B	1.59	0.30	123	
IC0718	G	174.96988	8.87453	14.56	B	1.15	0.57	180	
IC0719	G	175.07712	9.00989	13.76	B	1.22	0.39	52	
IC0720	GPair	175.59292	8.76778			1.30			
IC0720 NED01	G	175.59292	8.76547	14.95	B	1.05	0.93	8	
IC0720 NED02	G	175.59308	8.76986	14.82	B	0.75	0.52	172	
IC0721	G	175.62033	-8.34033	15.22	B	1.63	0.29	99	
IC0722	G	175.68233	8.97422	14.82	B	0.92	0.57	76	
IC0723	G	175.74000	-8.33250	14.62	B	0.80	0.62	149	
IC0724	G	175.89446	8.94247	13.65	B	2.39	0.73	59	
IC0725	G	175.87225	-1.66797	14.94	B	0.74	0.66	125	
IC0726	G	175.93875	33.39194	15.91	B	0.87	0.77	103	
IC0727	G	176.11917	10.78381	14.89	B	1.65	0.28	161	
IC0728	G	176.21029	-1.60133	14.46	B	1.20	0.58	63	
IC0729	G	176.32633	33.33581	15.27	B	0.57	0.25	4	
IC0731	G	176.32533	49.57042	15.78	B	0.70	0.36	83	
IC0732	GPair	176.49833	20.44278			1.10			
IC0732N	G	176.49762	20.44703	15.42	V	0.65	0.27	155	
IC0732S	G	176.49946	20.43892	15.39	B	0.74	0.39	128	
IC0733	G	176.49400	-8.15583	16.10	B	0.72	0.19	90	
IC0734	GPair	176.51583	-8.26778			1.10			
IC0734 NED01	G	176.51563	-8.27103	15.75	B	0.95	0.47	15	
IC0734 NED02	G	176.51617	-8.26497	15.65	B	0.83	0.71	12	
IC0735	G	177.05333	13.20939	14.93	B	1.16	0.69	154	
IC0736	G	177.08383	12.71658	15.57	B	0.66	0.63	82	
IC0737	G	177.11467	12.72739	14.81	B	0.82	0.70	108	
IC0738	G	177.22862	-4.68194	14.88	B	0.80	0.47	99	
IC0739	G	177.88038	23.86286	14.93	B	1.09	0.76	151	
IC0741	G	177.63237	-4.83589	14.98	B	1.03	0.52	136	
IC0742	G	177.75937	20.79972	13.93	V	1.07	0.86	121	
IC0743	G	178.34275	-13.26486	15.18	B	1.19	0.31	144	
IC0744	G	178.51979	23.19222	15.91	B	0.63	0.38	52	
IC0745	G	178.55112	0.13664	13.52	V	0.78	0.76	10	
IC0746	G	178.89638	25.88944	14.51	B	1.01	0.46	169	
IC0747	G	179.27042	-8.29233	15.35	B	0.65	0.30	40	
IC0748	G	179.36129	7.46094	15.09	B	0.85	0.67	78	
IC0749	G	179.64187	42.73403	12.28	V	2.13	1.71	159	
IC0750	G	179.71750	42.72247	11.82	V	2.11	1.02	40	
IC0751	G	179.71917	42.57033	14.39	V	1.10	0.41	30	
IC0752	G	179.81250	42.56683	15.34	B	0.58	0.43	91	
IC0753	G	179.80367	-0.52383	14.45	B	1.07	0.69	24	
IC0754	G	179.84812	-1.65453	14.27	B	0.96	0.74	29	
IC0756	G	180.74087	4.84586	17.54	V	1.70	0.70	99	
IC0758	G	181.04950	62.50536	14.25	B	1.75	0.80	28	
IC0759	Other	181.28888	20.26000						
IC0760	G	181.47296	-29.29208	13.51	B	1.82	0.53	149	
IC0761	G	181.47375	-12.67333	15.44	B	1.00	0.38	108	
IC0762	G	182.04983	25.75714	14.80	B	0.79	0.50	144	
IC0763	G	182.06379	25.81150	15.43	B	0.91	0.45	86	
IC0764	G	182.55912	-29.73681	12.41	V	4.84	1.14	177	
IC0765	Other	182.62904	16.13519						
IC0766	G	182.72333	-12.65525	14.88	B	1.77	0.31	168	
IC0767	G	182.76138	12.10400	14.43	B	0.93	0.68	75	
IC0768	G	182.94842	12.14372	14.46	B	1.29	0.57	112	
IC0769	G	183.13471	12.12381	13.39	B	2.20	1.51	37	
IC0770	G	183.25971	-4.55336	16.01	B	0.46	0.43	40	
IC0771	G	183.80517	13.18453	14.69	B	0.72	0.58	92	
IC0772	G	183.81621	23.95817	15.38	B	0.78	0.36	96	
IC0773	G	184.53371	6.13956	14.49	B	0.78	0.65	9	
IC0774	G	184.71358	-6.76656	15.73	B	0.80	0.47	142	
IC0775	G	184.72362	12.91267	13.26	V	1.05	0.77	11	
IC0776	G	184.76208	8.85611	14.35	B	1.12	0.62	93	
IC0777	G	184.84900	28.30994	14.49	B	0.84	0.40	144	
IC0779	G	184.91137	29.88319	14.96	B	0.97	0.93	50	
IC0780	G	184.99325	25.77169	14.36	B	1.18	0.83	8	
IC0781	G	185.01375	14.96153	14.17	B	1.30	1.24	30	
IC0782	G	185.40404	5.76575	14.31	B	1.14	0.64	61	
IC0783	G	185.41163	15.74511	14.09	B	1.23	1.13	100	
IC0784	G	185.62521	-4.65269	14.12	B	2.11	0.60	96	
IC0785	G	185.75867	-13.22364	14.65	V	1.13	0.49	70	
IC0786	G	185.79563	-13.20467	14.04	V	1.03	0.89	176	
IC0787	G	186.35467	16.12419	14.89	B	1.06	0.44	180	
IC0789	G	186.58550	7.46017	14.78	B	1.01	0.58	140	
IC0791	G	186.74783	22.63958	14.39	B	1.05	0.97	78	
IC0792	G	186.78654	16.32539	14.76	B	1.02	0.45	56	
IC0794	G	187.03588	12.09331	13.53	V	1.32	0.94	103	
IC0795	G	187.13058	23.30494	15.15	B	0.66	0.33	155	
IC0796	G	187.35979	16.40478	13.79	B	1.46	0.46	145	
IC0797	G	187.97817	15.12394	13.56	B	1.10	0.75	105	
IC0798	G	188.13921	15.41539	14.26	V	0.90	0.87	36	
IC0800	G	188.48608	15.35483	13.74	B	1.51	1.10	151	
IC0801	G	188.43729	52.25481	14.74	B	1.10	0.92	55	
IC0803	GGroup	189.90421	16.58803			1.20			
IC0803 NED01	G	189.89942	16.58783	16.35	B	1.00	0.32	75	
IC0803 NED02	G	189.90629	16.58853	15.32	B	0.89	0.14	125	
IC0804	G	190.31654	-5.00911	14.53	B	1.03	0.49	64	
IC0806	G	190.53512	-17.34936	15.47	B	0.94	0.61	107	
IC0807	G	190.55204	-17.40356	14.61	B	1.13	0.70	67	
IC0808	Other	190.47729	19.93211						
IC0809	G	190.53608	11.75428	13.72	V	0.97	0.91	4	
IC0810	G	190.53783	12.59681	14.26	B	1.62	0.58	167	
IC0812	G	191.21192	-4.43461	14.85	B	0.90	0.56	118	
IC0813	G	191.29933	23.03614	13.42	V	0.94	0.74	21	
IC0814	G	191.39225	-8.09219	15.84	B	0.85	0.35	170	
IC0815	G	191.59446	11.87661	15.43	B	0.85	0.74	138	
IC0816	G	191.69308	9.85056	14.87	B	1.10	0.70	34	
IC0817	G	191.73667	9.85711	14.89	B	0.73	0.66	91	
IC0818	G	191.68563	29.73528	15.06	B	0.89	0.25	47	
IC0821	G	191.85900	29.78778	13.80	V	1.00	0.92	121	
IC0822	G	191.93987	30.07719	15.44	B	0.74	0.55	98	
IC0825	G	192.57987	-5.36300	15.49	B	0.62	0.45	79	
IC0826	G	192.83304	31.05964	14.74	B	0.69	0.48	62	
IC0827	G	192.97942	16.28286	14.93	B	0.89	0.42	103	
IC0828	G	193.06513	-8.13286	15.02	B	0.69	0.27	145	
IC0829	G	193.11429	-15.51853	13.46	V	0.38	0.38	105	
IC0830	G	192.81883	53.69631	14.16	B	1.16	0.60	164	
IC0831	G	193.18363	26.47042	15.17	B	0.86	0.41	96	
IC0832	G	193.49629	26.44406	14.94	B	0.78	0.74	2	
IC0833	G	194.15917	-6.73342	16.70	B	0.43	0.34	138	
IC0834	G	194.07750	26.35892	15.06	B	0.91	0.54	96	
IC0835	G	194.21783	26.48772	14.87	B	0.76	0.70	144	
IC0836	G	193.97508	63.61233	14.53	B	1.23	0.24	74	
IC0837	G	194.38004	26.51217	15.54	B	0.92	0.33	12	
IC0838	G	194.55654	26.42689	15.44	B	0.67	0.60	4	
IC0839	G	194.56271	28.12592	14.56	V	0.48	0.28	84	
IC0840	G	194.67513	10.61650	14.97	B	0.82	0.65	161	
IC0841	G	194.94725	21.81322	15.12	B	0.96	0.55	130	
IC0842	G	195.16479	29.01942	13.93	V	1.14	0.57	56	
IC0844	G	195.82592	-30.52108	13.70	B	1.77	0.54	100	
IC0845	G	196.23925	12.07906	15.34	B	0.84	0.64	129	
IC0846	G	196.33796	23.09556	15.13	B	0.73	0.62	154	
IC0848	G	196.75650	16.00711	15.40	B	0.73	0.54	165	
IC0849	G	196.91121	-0.94247	14.09	B	1.02	0.90	91	
IC0850	G	196.95929	-0.86844	14.97	B	0.95	0.26	68	
IC0851	G	197.14308	21.04978	13.91	V	1.13	0.41	152	
IC0852	G	196.90317	60.15719	14.76	B	1.17	0.98	24	
IC0853	G	197.17387	52.77428	13.57	V	1.03	0.96	14	
IC0854	G	197.45821	24.57756	14.30	V	0.92	0.69	122	
IC0855	G	197.65375	-4.48453	14.84	B	0.72	0.63	15	
IC0856	G	197.67337	20.53678	15.19	B	0.73	0.21	64	
IC0857	G	198.45904	17.07625	14.57	B	0.99	0.74	100	
IC0858	G	198.71642	17.22678	14.71	B	1.56	1.09	100	
IC0859	G	198.73867	17.22517	15.17	B	0.68	0.61	142	
IC0860	G	198.76471	24.61886	14.47	B	0.96	0.60	19	
IC0861	G	198.78092	34.32878	15.57	B	0.84	0.58	76	
IC0862	G	199.06408	20.04767	15.26	B	0.54	0.54	80	
IC0863	G	199.30167	-17.25447	14.27	B	1.14	0.79	45	
IC0864	G	199.28537	20.69172	16.99	B	0.58	0.27	23	
IC0865	G	199.39787	-5.83389	15.27	B	0.73	0.61	40	
IC0866	G	199.31979	20.69100	15.48	B	0.67	0.37	34	
IC0867	G	199.33246	20.63808	14.92	B	1.27	0.90	18	
IC0868	G	199.36892	20.61233	14.79	B	0.79	0.74	9	
IC0869	GPair	199.37817	20.68108			1.00			
IC0869 NED01	G	199.37483	20.68419	15.90	B	0.55	0.44	80	
IC0869 NED02	G	199.38183	20.67758	16.57	B	0.33	0.29	80	
IC0870	G	199.37875	20.60011	15.16	B	0.79	0.48	45	
IC0871	G	199.49442	4.40342	14.48	B	1.57	0.79	70	
IC0872	G	199.25667	6.35708	15.07	B	1.16	0.93	117	
IC0873	G	199.56783	4.46431	15.20	B	0.94	0.86	120	
IC0874	G	199.75217	-27.62856	13.51	B	1.29	1.05	56	
IC0875	G	199.28154	57.53944	13.00	V	1.55	1.14	149	
IC0876	G	199.64408	4.48631	14.63	B	0.90	0.76	174	
IC0877	Other	199.48904	6.08206						
IC0878	Other	199.50150	6.12042						
IC0879	G	199.91904	-27.42897	14.07	B	0.84	0.34	136	
IC0880	Other	199.53067	6.11211						
IC0881	G	199.98479	15.85053	14.61	B	1.53	0.35	12	
IC0882	G	200.02892	15.89814	14.83	B	0.81	0.70	66	
IC0883	G	200.14725	34.13950	14.71	B	0.79	0.47	152	
IC0884	Other	200.47879	-12.72972						
IC0885	G	200.62883	21.31642	14.53	B	1.01	0.89	170	
IC0886	G	200.98954	-4.39544	15.98	B	0.66	0.54	58	
IC0887	Other	201.04975	-12.46042						
IC0889	G	201.65642	11.86950	15.19	B	0.89	0.76	13	
IC0890	G	202.10663	-16.09233	15.21	B	1.16	0.47	146	
IC0891	G	202.49967	0.30511	14.60	B	0.78	0.73	30	
IC0892	G	202.94117	-2.71306	14.29	B	1.60	0.84	19	
IC0893	G	202.94742	-2.61161	14.76	B	1.01	0.20	52	
IC0894	G	203.02008	17.04897	16.37	V	1.14	0.50	79	
IC0896	G	203.54258	4.86847	14.86	B	1.04	0.71	29	
IC0897	G	203.58104	17.84806	15.62	B	0.75	0.32	56	
IC0898	G	203.53921	13.28083	15.46	B	0.61	0.43	163	
IC0899	G	203.74775	-8.09164	15.06	B	0.85	0.71	91	
IC0900	G	203.67921	9.33686	13.10	V	1.28	0.85	29	
IC0901	G	203.92667	13.33092	15.23	B	0.74	0.53	91	
IC0902	G	204.00508	49.96083	14.48	B	2.18	0.55	162	
IC0903	G	204.60862	-0.22764	13.62	V	1.64	0.62	178	
IC0904	G	204.63421	0.54019	14.21	V	1.05	0.54	129	
IC0905	G	205.01221	23.14297	14.94	B	0.86	0.70	130	
IC0906	G	205.04162	23.34108	15.52	B	0.84	0.29	145	
IC0907	G	204.84588	51.05106	14.26	V	1.11	0.21	20	
IC0908	G	205.32892	-4.34419	14.42	B	0.90	0.55	82	
IC0909	G	205.21317	24.47328	14.74	B	0.73	0.67	2	
IC0910	G	205.28275	23.28206	15.10	V	0.68	0.56	120	
IC0911	G	205.35571	23.24747	15.44	B	0.56	0.40	99	
IC0912	G	205.37025	23.24544	15.25	B	0.72	0.35	100	
IC0913	G	205.37358	23.16694	15.46	B	0.72	0.49	63	
IC0914	G	205.41921	23.18903	15.19	B	0.79	0.65	165	
IC0915	G	205.86396	-17.33281	15.07	B	0.45	0.41	110	
IC0916	G	205.65896	24.46506	15.42	B	0.86	0.83	85	
IC0918	G	205.65754	55.52956	17.97	B	0.63	0.23	102	
IC0919	G	205.69792	55.52139	15.66	B	0.54	0.32	25	
IC0920	G	206.35279	-12.57417	14.33	B	0.87	0.77	10	
IC0921	G	205.78333	55.65122			0.29	0.20	104	
IC0922	G	205.73483	55.60389	18.05	B	0.78	0.47	120	
IC0923	G	205.80912	55.60314	16.37	B	0.56	0.50	101	
IC0924	G	206.40662	-12.45508	15.20	B	0.78	0.47	77	
IC0925	G	205.81708	55.61581	17.49	B	0.54	0.17	106	
IC0926	G	205.91362	55.63153	17.46	B	0.35	0.18	94	
IC0927	G	206.46829	-12.46450	15.44	B	0.87	0.74	75	
IC0928	G	205.95000	55.56786	18.67	B	0.34	0.25	11	
IC0929	G	205.93758	55.63378	17.83	B	0.46	0.37	81	
IC0930	G	205.93979	55.64653	17.10	B	0.40	0.33	99	
IC0931	G	205.95496	55.62397			0.25	0.19	61	
IC0932	G	205.96333	55.64675	18.13	B	0.47	0.23	64	
IC0933	G	206.31733	23.21894	14.48	B	1.19	0.85	150	
IC0934	G	205.96829	55.65681	17.38	B	0.36	0.28	174	
IC0936	G	206.03563	55.70611	17.39	B	0.41	0.21	93	
IC0937	G	206.12054	55.63019	17.50	B	0.52	0.47	114	
IC0938	G	206.13021	55.62739	16.50	B	0.76	0.29	156	
IC0939	G	206.92971	3.41147	14.42	B	1.02	0.93	121	
IC0940	G	206.99046	3.44964	15.35	B	0.67	0.38	124	
IC0941	G	207.14850	24.01508	15.23	B	0.90	0.49	112	
IC0942	G	206.92142	56.62158	15.22	B	1.00	0.66	96	
IC0943	G	207.63387	3.19417	14.67	B	0.86	0.82	1	
IC0944	G	207.87862	14.09222	14.46	B	1.53	0.74	107	
IC0945	G	206.78250	72.07039	15.05	B	1.00	0.59	118	
IC0946	G	208.03483	14.11622	14.35	B	0.90	0.70	104	
IC0947	G	208.14958	0.81836	13.83	B	1.67	1.09	65	
IC0948	G	208.11129	14.09128	14.23	B	1.18	0.66	151	
IC0949	G	208.06983	22.52158	15.24	B	1.27	0.44	137	
IC0950	GPair	208.10917	14.48972			0.80			
IC0950 NED01	G	208.10683	14.48872	16.28	B	1.23	0.38	124	
IC0950 NED02	G	208.11138	14.49089	15.12	B	0.99	0.89	152	
IC0951	G	207.94671	50.97833	14.33	B	1.05	1.00	5	
IC0952	G	208.42467	3.37739	14.69	B	1.25	0.47	94	
IC0953	Other	208.73842	-30.28331						
IC0954	G	207.48708	71.16456	14.45	B	0.96	0.53	80	
IC0955	Other	208.93050	-30.26119						
IC0956	GPair	208.66950	20.72147			0.80			
IC0956 NED01	G	208.66783	20.71981	16.14	B	0.47	0.41	129	
IC0956 NED02	G	208.66900	20.71700	15.95	B	0.59	0.49	29	
IC0957	Other	209.03483	-30.23764						
IC0959	G	209.01417	13.50583	14.34	B	1.50	0.88	2	
IC0960	GPair	208.99821	17.50583			1.80			
IC0960A	G	208.99621	17.49922	15.50	B	0.64	0.34	110	
IC0960B	G	209.00050	17.51156	15.12	B	0.89	0.34	24	
IC0961	G	208.94496	25.84036	15.46	B	0.81	0.74	10	
IC0962	G	209.30500	12.02133	13.98	B	0.85	0.84	85	
IC0963	G	209.35425	17.40775	15.15	B	0.64	0.53	5	
IC0964	G	209.42229	17.50872	15.45	B	0.64	0.56	134	
IC0965	G	209.44792	17.51053	15.22	B	0.80	0.61	64	
IC0966	G	209.55833	5.40828	14.75	B	0.92	0.77	155	
IC0967	G	209.59563	14.45725	14.70	B	0.97	0.42	26	
IC0968	GPair	210.15508	-2.90758			1.10			
IC0968 NED01	G	210.15254	-2.90911	15.28	B	0.69	0.43	123	
IC0968 NED02	G	210.15817	-2.90631	15.88	B	0.68	0.34	7	
IC0969	G	210.44250	-4.18039	15.92	B	0.60	0.39	176	
IC0970	G	210.64254	14.55256	14.56	B	1.26	0.35	54	
IC0971	G	210.96996	-10.14058	12.88	V	2.26	1.29	129	
IC0972	PN	211.10796	-17.22819	13.90	V	0.70			
IC0975	G	211.78683	15.31808	15.52	B	0.75	0.57	174	
IC0976	G	212.18037	-1.16164	14.01	B	1.52	0.62	174	
IC0977	G	212.17521	-3.00244	15.16	B	0.69	0.53	132	
IC0978	G	212.24208	-2.97378	15.22	B	0.97	0.51	25	
IC0979	G	212.38487	14.83183	14.37	B	1.09	0.66	172	
IC0980	G	212.59338	-7.34258	15.23	B	0.83	0.73	64	
IC0981	G	212.61725	-4.17144	15.01	B	0.86	0.43	73	
IC0982	G	212.49621	17.69611	14.53	B	0.95	0.90	35	
IC0983	G	212.51821	17.73383	11.96	V	2.32	2.01	125	
IC0984	G	212.53233	18.36467	14.41	B	1.90	0.47	36	
IC0985	G	212.88696	-3.21975	14.61	B	0.75	0.42	58	
IC0986	G	212.85929	1.28653	14.67	B	0.81	0.76	52	
IC0987	G	212.88283	19.17228	15.37	B	0.61	0.38	79	
IC0988	G	213.63358	3.19025	14.69	B	0.61	0.40	41	
IC0989	G	213.71392	3.13089	13.07	V	0.98	0.84	72	
IC0990	G	213.95496	39.79792	15.27	B	0.54	0.43	54	
IC0991	G	214.45242	-13.87294	13.75	B	1.56	0.97	104	
IC0992	G	214.56213	0.89108	14.82	B	0.88	0.67	114	
IC0993	G	214.57758	11.21639	15.44	B	0.77	0.48	169	
IC0994	G	214.59429	11.19517	14.62	B	1.46	0.60	13	
IC0995	G	214.12963	57.81011	14.50	B	1.67	0.43	147	
IC0996	G	214.34196	57.62986	14.62	B	1.35	0.21	153	
IC0997	GPair	214.99687	-4.45125			1.50			
IC0997 NED01	G	214.99687	-4.45119	14.32	B	1.41	0.83	10	
IC0997 NED02	G	214.99896	-4.45231	15.71	B	1.00	0.50	163	
IC0998	G	215.08038	-4.41644	15.67	B	0.93	0.26	55	
IC0999	G	214.88612	17.87531	14.55	B	0.85	0.69	144	
IC1000	G	214.91796	17.85469	14.47	B	1.01	0.50	20	
IC1001	G	215.16529	5.42736	15.01	B	0.81	0.32	94	
IC1002	G	215.17617	5.48578	15.43	B	0.59	0.23	90	
IC1003	G	215.37400	5.07319	15.33	B	1.04	0.33	36	
IC1004	G	215.25950	17.70058	15.82	B	0.95	0.58	180	
IC1006	G	215.74625	23.79433	15.12	B	0.89	0.61	99	
IC1007	G	216.15246	4.55917	15.04	B	0.75	0.55	86	
IC1008	GPair	215.92746	28.34786			0.80			
IC1008 NED01	G	215.92608	28.34608	15.33	B	0.57	0.36	17	
IC1008 NED02	G	215.92979	28.34742	15.11	B	0.86	0.56	18	
IC1009	G	216.57333	12.35292	15.16	B	0.87	0.48	69	
IC1010	G	216.83483	1.02586	14.56	B	1.52	1.28	169	
IC1011	G	217.01887	1.00631	14.69	B	0.84	0.56	114	
IC1012	G	216.78958	30.94822	14.73	B	1.09	0.66	112	
IC1013	G	216.99525	25.86633	16.62	B	0.95	0.44	136	
IC1014	G	217.07679	13.78022	13.90	B	2.00	1.11	82	
IC1015	GTrpl	217.07979	15.42011			1.00			
IC1015 NED01	G	217.07867	15.41636	15.56	B	0.59	0.23	40	
IC1015 NED02	G	217.08213	15.42194	16.54	B	0.72	0.30	82	
IC1015 NED03	G	217.08025	15.42117	16.10	B	0.74	0.40	66	
IC1017	G	217.03012	25.86878	14.64	B	1.07	0.60	129	
IC1018	G	217.05333	25.83053	16.08	B	0.57	0.46	179	
IC1019	G	217.05617	25.94742	15.05	B	0.60	0.44	134	
IC1020	G	217.20621	26.03228	14.95	B	1.06	0.23	175	
IC1021	G	217.32137	20.65453	15.04	B	0.62	0.26	133	
IC1022	G	217.50767	3.77286	15.16	B	0.97	0.33	163	
IC1023	OCl	218.10475	-35.80358			5.10			
IC1024	G	217.86333	3.00908	13.98	B	1.11	0.47	29	
IC1025	G	217.86783	7.06392	15.35	B	0.58	0.36	130	
IC1027	G	217.45208	53.96503	15.24	B	1.35	1.05	180	
IC1028	G	218.31846	41.65039	14.74	B	1.04	0.56	15	
IC1029	G	218.11358	49.90461	11.29	V	2.78	0.45	151	
IC1031	G	218.59992	48.03744	15.43	B	0.79	0.60	57	
IC1032	G	218.66450	47.96797	15.68	B	0.65	0.56	93	
IC1033	G	218.67396	47.93781	15.02	B	1.05	0.98	0	
IC1034	G	219.30721	14.66514	15.55	B	0.59	0.47	5	
IC1035	G	219.54254	9.33603	14.95	B	1.07	0.89	150	
IC1036	G	219.59496	18.11122	15.66	B	0.58	0.30	43	
IC1037	G	219.60571	18.18403	14.82	B	0.99	0.66	107	
IC1038	G	219.86429	11.92864	15.43	B	0.63	0.49	171	
IC1039	G	220.12250	3.43275	15.72	B	0.68	0.34	41	
IC1040	G	220.09471	9.47614	15.44	B	0.50	0.45	153	
IC1041	G	220.15792	3.37703	14.90	B	0.87	0.63	52	
IC1042	G	220.16258	3.46972	14.70	B	1.13	1.10	98	
IC1043	G	220.18062	3.37403	15.76	B	0.74	0.37	19	
IC1044	G	220.37092	9.43092	14.77	B	1.51	0.84	1	
IC1046	G	219.47258	69.01447	14.65	B	0.78	0.45	86	
IC1047	G	220.58321	19.19183	15.53	B	0.72	0.61	9	
IC1048	G	220.74167	4.88947	13.89	B	2.08	0.50	163	
IC1049	G	219.88800	62.00294	14.70	B	0.92	0.80	66	
IC1050	G	221.02967	18.01264	15.24	B	0.83	0.42	31	
IC1051	G	221.04829	19.02022	15.36	B	0.74	0.61	54	
IC1052	G	221.05879	20.61400	15.38	B	1.02	0.28	31	
IC1053	G	221.43013	16.94692	15.17	B	0.55	0.34	27	
IC1054	G	221.63017	1.27475	14.79	B	1.03	0.75	10	
IC1055	G	221.85704	-13.71614	13.12	B	2.26	0.76	5	
IC1056	G	221.45437	50.39406	14.32	B	1.51	0.94	22	
IC1058	G	222.30163	17.02094	14.87	B	1.49	0.39	115	
IC1059	G	222.67733	-0.87581	15.23	B	0.88	0.77	120	
IC1060	G	222.94729	-7.23264	15.13	B	1.22	0.66	93	
IC1061	G	222.80933	18.75756	16.00	B	0.49	0.39	146	
IC1062	G	222.82358	18.68697	15.28	B	0.94	0.78	114	
IC1063	G	223.04592	4.68206	14.87	B	0.74	0.57	145	
IC1065	G	222.33988	63.27056	13.71	V	0.88	0.70	95	
IC1066	G	223.26192	3.29603	14.13	B	1.21	0.66	69	
IC1067	G	223.27187	3.33178	13.52	B	1.82	1.48	128	
IC1068	G	223.38717	3.07731	14.64	B	0.92	0.69	138	
IC1069	G	222.69383	54.41117	14.88	B	1.47	0.76	50	
IC1070	G	223.46367	3.48467	15.88	B	0.78	0.31	121	
IC1071	G	223.55208	4.75003	14.46	B	1.09	0.69	153	
IC1072	G	223.55475	4.84156	15.28	B	0.87	0.53	152	
IC1073	G	223.55979	4.79439	15.49	B	0.52	0.41	159	
IC1074	G	222.98883	51.26489	15.05	B	0.92	0.33	116	
IC1075	G	223.70521	18.10597	14.87	B	1.19	0.52	155	
IC1076	G	223.74842	18.03733	13.69	V	0.91	0.49	9	
IC1077	G	224.34050	-19.21369	13.46	B	1.31	1.08	61	
IC1078	G	224.12092	9.35453	14.72	B	0.99	0.81	19	
IC1079	G	224.15067	9.36975	14.65	B	1.46	0.85	81	
IC1080	G	224.49925	-6.72331	14.98	B	1.22	0.92	33	
IC1081	G	224.72942	-19.23908	14.75	B	1.66	0.58	153	
IC1082	G	224.71871	7.00731	15.28	B	0.86	0.70	43	
IC1083	G	223.88921	68.40858	15.16	B	0.72	0.57	94	
IC1084	G	225.31200	-7.47492	14.23	V	0.87	0.60	156	
IC1085	G	225.68071	17.25253	14.91	B	0.94	0.84	24	
IC1086	G	225.87154	17.11442	15.32	B	0.69	0.47	165	
IC1087	G	226.68287	3.77683	15.47	B	0.74	0.33	74	
IC1089	G	226.85829	7.11675	15.24	B	0.97	0.64	140	
IC1090	Other	226.42979	42.68236						
IC1091	G	227.05629	-11.14092	14.34	B	1.09	0.82	132	
IC1092	G	226.90050	9.35822	15.04	B	1.01	1.00	72	
IC1093	G	226.89850	14.54800	14.99	B	1.00	0.74	90	
IC1094	GTrpl	226.92583	14.62500			0.80			
IC1094 NED01	G	226.92421	14.62189	16.57	B	0.55	0.51	155	
IC1094 NED02	G	226.92579	14.62797	16.30	B	0.54	0.41	105	
IC1094 NED03	G	226.92746	14.62675	17.14	B	0.52	0.32	141	
IC1095	G	227.14604	13.67061	15.30	B	0.65	0.60	82	
IC1096	G	227.08988	19.19211	15.69	B	0.56	0.38	76	
IC1097	G	227.13042	19.18433	14.83	B	0.91	0.42	55	
IC1099	G	226.72771	56.50900	14.78	B	1.12	0.81	4	
IC1101	G	227.73375	5.74478	15.34	B	1.20	0.60	25	
IC1102	G	227.77062	4.29386	15.50	V	1.04	0.58	18	
IC1103	G	227.89946	19.20778	15.81	B	0.91	0.50	178	
IC1105	G	228.30796	4.28756	14.94	B	0.95	0.52	92	
IC1106	G	228.48450	4.71097	15.13	B	0.91	0.43	34	
IC1107	G	228.53733	4.71442	15.91	B	0.70	0.57	142	
IC1109	G	229.26658	5.25611	15.37	B	0.81	0.69	52	
IC1110	G	228.02112	67.36258	14.83	B	1.26	0.50	76	
IC1112	G	229.44729	7.21828	15.07	B	1.02	0.60	124	
IC1113	G	229.56296	12.48867	15.28	B	0.87	0.77	17	
IC1116	G	230.48029	8.42378	14.53	B	1.07	0.68	3	
IC1117	G	231.09542	15.48858	15.68	B	0.73	0.35	117	
IC1118	G	231.24804	13.44508	14.91	B	1.23	1.23	73	
IC1119	GPair	231.43450	-3.65631			1.00			
IC1119 NED01	G	231.43396	-3.65394	16.50	B	0.52	0.33	179	
IC1119 NED02	G	231.43592	-3.65806	15.28	B	0.62	0.43	17	
IC1120	G	231.54600	18.87233	16.23	B	0.67	0.29	32	
IC1121	G	231.93358	6.80389	15.42	B	1.05	0.82	54	
IC1122	G	232.34612	7.61742	15.58	B	0.60	0.56	55	
IC1124	G	232.50362	23.63842	14.45	B	1.10	0.42	77	
IC1125	G	233.27338	-1.62825	14.32	B	1.61	0.86	153	
IC1129	G	233.00342	68.24633	13.50	V	1.01	0.86	3	
IC1130	G	234.43346	17.24442	15.56	B	0.74	0.52	37	
IC1131	G	234.71542	12.08064	14.73	B	0.85	0.65	153	
IC1132	G	235.02817	20.68061	14.37	B	1.05	0.97	48	
IC1133	G	235.29996	15.57342	14.73	B	1.27	0.39	131	
IC1134	G	236.24375	16.96211	15.41	B	0.87	0.54	164	
IC1135	G	236.39463	17.70008	15.14	B	0.85	0.31	63	
IC1136	G	236.89329	-1.54528	15.21	B	0.75	0.70	50	
IC1137	G	237.13583	8.58792	14.71	B	0.86	0.79	115	
IC1138	G	237.06571	26.20622	15.27	B	1.04	0.21	41	
IC1139	G	232.35875	82.58386	15.62	B	0.65	0.28	54	
IC1140	Other	237.35525	19.11344						
IC1141	G	237.44558	12.39933	14.52	B	0.47	0.45	69	
IC1142	G	237.60800	18.13958	14.96	B	1.03	0.77	160	
IC1143	G	232.73317	82.45578	14.62	B	1.45	1.38	150	
IC1144	G	237.84037	43.41767	14.69	B	0.74	0.52	107	
IC1145	G	236.03563	72.43117	15.12	B	1.45	0.43	168	
IC1146	G	237.09200	69.38558	14.65	B	1.29	0.94	90	
IC1147	G	237.54838	69.56006	15.52	B	0.45	0.45	125	
IC1149	G	239.53325	12.07028	14.05	B	1.07	0.85	164	
IC1150	Other	239.57733	15.87453						
IC1151	G	239.63475	17.44147	12.92	V	2.23	0.88	32	
IC1152	G	239.18050	48.09500	14.21	B	1.15	1.03	19	
IC1153	G	239.26254	48.16839	13.57	B	1.20	1.00	0	
IC1154	G	238.11921	70.37508	14.67	B	1.77	1.12	142	
IC1155	G	240.14900	15.68564	14.35	V	0.79	0.74	11	
IC1156	G	240.15567	19.72322	13.44	V	1.10	1.01	10	
IC1157	G	240.23442	15.52644	15.56	B	0.82	0.41	135	
IC1158	G	240.39200	1.70783	13.09	V	1.89	0.94	134	
IC1159	G	240.25608	15.41997	15.66	B	0.76	0.52	30	
IC1160	G	240.26046	15.49469	15.59	B	0.77	0.49	143	
IC1161	G	240.32008	15.64542	15.15	B	0.71	0.52	96	
IC1162	G	240.31804	17.67783	14.68	V	0.72	0.56	161	
IC1163	G	240.37729	15.50392	14.93	B	0.79	0.73	11	
IC1165	GPair	240.53417	15.69389			0.90			
IC1165 NED01	G	240.53346	15.69656	14.95	B	0.69	0.64	41	
IC1165 NED02	G	240.53600	15.69317	15.63	B	0.63	0.54	171	
IC1166	GPair	240.53708	26.32722			0.60			
IC1166 NED01	G	240.53717	26.32933	16.77	V	0.53	0.31	52	
IC1166 NED02	G	240.53679	26.32533	17.07	B	0.41	0.28	152	
IC1167	G	240.97025	14.94644	15.50	B	0.62	0.55	117	
IC1168	G	240.98204	14.90242	15.62	B	1.32	0.56	169	
IC1169	G	241.05596	13.74403	14.06	B	1.06	0.72	10	
IC1170	G	241.13204	17.72147	17.41	B	0.50	0.28	84	
IC1173	G	241.30233	17.42286	14.57	V	0.92	0.45	63	
IC1174	G	241.36175	15.02533	14.37	B	1.03	0.75	51	
IC1177	G	241.33246	18.31536	16.23	B	0.54	0.41	164	
IC1178	G	241.38800	17.60144	13.92	V	1.34	0.66	145	
IC1181	G	241.39104	17.59369	14.79	V	1.01	0.73	58	
IC1182	G	241.40333	17.80214	14.65	V	0.84	0.68	80	
IC1184	Other	241.42833	17.79000						
IC1185	G	241.43621	17.71703	13.84	V	0.74	0.54	8	
IC1186	G	241.43425	17.36217	14.69	V	0.78	0.48	5	
IC1187	G	239.79242	70.55697	15.43	B	0.35	0.22	100	
IC1188	GPair	241.53200	17.46000			0.70			
IC1188A	G	241.53042	17.46081	15.65	B	0.55	0.41	8	
IC1188B	G	241.53450	17.46164	17.42	B	0.28	0.18	47	
IC1189	G	241.56179	18.18289	14.43	V	0.79	0.56	179	
IC1190	G	241.46837	18.22053	14.68	V	1.28	0.35	119	
IC1191	GPair	241.61979	18.26789			0.70			
IC1191 NED01	G	241.62079	18.26786	16.63	B	0.71	0.16	163	
IC1191 NED02	G	241.62375	18.26786	17.00	B	0.40	0.21	153	
IC1192	G	241.63804	17.77564	14.89	V	0.91	0.43	114	
IC1193	G	241.63417	17.71386	14.38	V	0.78	0.65	2	
IC1194	G	241.66396	17.76119	14.30	V	0.64	0.49	20	
IC1195	G	241.67033	17.19181	14.83	V	0.61	0.43	13	
IC1196	G	241.99321	10.77964	14.69	B	1.04	0.51	5	
IC1197	G	242.07196	7.53850	14.36	B	2.56	0.54	57	
IC1198	G	242.15154	12.33094	14.94	V	0.79	0.41	111	
IC1199	G	242.64313	10.04036	14.54	B	1.19	0.42	158	
IC1201	G	241.42354	69.59381	15.58	B	0.68	0.22	114	
IC1203	*Ass	243.81667	-22.37058			3.50	2.00		
IC1204	G	241.81450	69.93147	15.30	B	0.65	0.30	65	
IC1205	G	243.56633	9.53719	14.55	B	0.69	0.59	110	
IC1206	G	243.80446	11.29739	14.81	B	1.12	0.64	2	
IC1207	*Ass	244.86133	-29.65111			2.00	0.50		
IC1208	G	243.94954	36.52733	15.03	B	1.25	0.32	95	
IC1209	G	244.66508	15.55836	14.88	B	1.36	0.88	3	
IC1210	G	243.62563	62.53669	14.56	V	1.38	0.42	169	
IC1211	G	244.21658	53.00603	13.76	B	1.34	1.25	65	
IC1212	G	243.87812	64.22481	15.32	B	0.77	0.66	5	
IC1214	G	244.04875	65.96878	14.95	B	1.05	0.44	17	
IC1215	G	243.89638	68.39767	13.70	V	0.91	0.68	163	
IC1216	G	243.98075	68.34989	14.87	B	0.75	0.63	49	
IC1217	Other	244.01708	69.67650						
IC1218	G	244.15458	68.20264	15.30	V	0.92	0.92	60	
IC1219	G	246.11437	19.48258	15.13	B	1.31	0.52	122	
IC1220	G	247.40958	8.45072	14.73	B	1.24	1.17	142	
IC1221	G	248.67346	46.39206	14.59	B	1.00	0.92	35	
IC1222	G	248.78833	46.21392	13.37	V	1.51	1.12	49	
IC1223	G	248.92692	49.22053	15.30	B	0.82	0.60	20	
IC1224	G	250.73454	19.25436	15.37	B	1.28	0.84	87	
IC1225	G	249.21883	67.62942	15.42	B	1.37	0.45	71	
IC1226	G	250.27738	46.00406	15.30	B	0.57	0.50	53	
IC1228	G	250.52700	65.58550	14.43	B	1.32	0.71	122	
IC1229	G	251.24508	51.30808	15.96	B	0.44	0.17	106	
IC1230	GPair	251.25617	51.25958			0.92	0.59	159	
IC1231	G	251.74592	58.42317	13.20	V	1.88	0.86	153	
IC1235	G	253.01513	63.11581	15.04	B	0.76	0.53	13	
IC1236	G	254.62333	20.04147	13.64	V	1.17	1.07	146	
IC1237	G	254.06687	55.02647	14.60	B	1.97	0.58	22	
IC1240	Other	255.24529	61.05044						
IC1241	G	255.36758	63.69111	13.72	V	1.16	0.93	59	
IC1242	G	257.17867	4.04989	14.86	B	0.84	0.51	120	
IC1243	Other	257.60229	10.76661						
IC1244	G	257.64046	36.30331	14.52	B	1.13	1.13	130	
IC1245	G	258.15250	38.02044	14.90	B	1.85	0.97	126	
IC1248	G	257.91742	59.99561	14.59	B	0.82	0.64	17	
IC1249	G	258.72967	35.52011	14.83	B	0.24	0.22	147	
IC1250	G	258.62154	57.41678	15.95	B	0.59	0.30	70	
IC1251	G	257.55375	72.41050	14.33	B	1.21	0.64	67	
IC1252	G	258.95992	57.36681	15.64	B	1.06	0.32	141	
IC1254	G	257.88921	72.40200	13.95	V	0.91	0.54	38	
IC1255	G	260.77246	12.69544	14.15	B	0.98	0.48	11	
IC1256	G	260.94712	26.48653	13.55	V	1.28	0.75	93	
IC1257	GCl	261.78492	-7.09308			3.30			
IC1258	G	261.82242	58.48547	14.43	B	0.91	0.72	65	
IC1259	GPair	261.85750	58.51667			0.90			
IC1259 NED01	G	261.85296	58.51692	15.22	B	0.91	0.59	152	
IC1259 NED02	G	261.86158	58.51656	14.11	B	1.11	1.06	35	
IC1260	G	261.88217	58.47586	15.70	B	0.42	0.34	138	
IC1261	GPair	260.84733	71.26364			1.10			
IC1261 NED01	G	260.85883	71.26281	15.98	B	0.84	0.68	63	
IC1261 NED02	G	260.83700	71.26436	14.90	B	0.69	0.61	0	
IC1262	G	263.25842	43.75961	13.65	V	1.64	0.82	84	
IC1263	G	263.28000	43.82208	14.71	B	1.63	0.68	178	
IC1264	G	263.32017	43.62922	15.52	B	1.37	1.22	60	
IC1265	G	264.16429	42.08842	14.04	B	1.85	0.81	78	
IC1266	PN	266.39708	-46.08986	11.20	V	0.16			
IC1267	G	264.69121	59.37314	13.42	V	1.38	0.95	55	
IC1268	G	267.66371	17.20944	15.21	B	0.66	0.49	90	
IC1269	G	268.02500	21.56964	12.82	V	1.32	0.85	135	
IC1271	Neb	271.30462	-24.41053						
IC1272	Other	271.23229	25.12919						
IC1274	HII	272.46263	-23.64822			20.00	5.00		
IC1275	Neb	272.52996	-23.76122						
IC1276	GCl	272.68446	-7.20758			9.60			
IC1277	G	272.61371	31.00317	14.95	B	0.98	0.67	21	
IC1278	Other	272.67354	31.14992						
IC1279	G	272.81408	36.00778	14.38	B	2.34	0.59	159	
IC1281	GPair	272.90875	35.99222			1.30			
IC1281 NED01	G	272.90842	35.98742	16.39	B	0.54	0.31	26	
IC1281 NED02	G	272.90900	35.99725	15.58	B	0.57	0.38	15	
IC1282	Other	273.52188	21.10219						
IC1283	HII	274.32021	-19.76222			15.00	15.00		
IC1284	Neb	274.41512	-19.67203	7.70	B	16.98	15.14		
IC1285	Other	274.04237	25.10033						
IC1286	G	274.05946	55.59100	14.72	B	1.42	0.44	86	
IC1287	RfN	277.85704	-10.79581	6.10	B	20.00	10.00		
IC1288	G	277.34358	39.71336	14.24	B	1.09	0.61	5	
IC1289	G	277.50954	39.96403	15.27	B	0.66	0.33	145	
IC1290	*Ass	279.64712	-24.09683						
IC1291	G	278.46904	49.27861	13.03	V	1.33	1.15	17	
IC1292	Other	281.16854	-27.81628						
IC1293	Other	280.40271	56.31778						
IC1294	Other	282.46021	40.20939						
IC1295	PN	283.65471	-8.82703	12.50	V	1.50			
IC1296	G	283.32846	33.06658	15.35	B	0.99	0.53	69	
IC1297	PN	289.34750	-39.61306	10.70	V	0.12			
IC1298	Other	289.64871	-1.59619						
IC1299	OCl	290.67513	20.73956	14.00	B	2.00	1.00		
IC1301	G	291.63325	50.12528	14.25	B	1.44	0.69	19	
IC1302	G	292.72037	35.78525	13.35	V	0.95	0.51	50	
IC1303	G	292.87525	35.87661	14.83	B	1.18	0.73	104	
IC1304	*Ass	293.89371	41.11183						
IC1305	Other	294.82125	20.19428						
IC1306	*Ass	295.42163	37.68519						
IC1307	*Ass	295.63375	27.75264						
IC1308	HII	296.27183	-14.72025						
IC1309	G	300.75633	-17.23208	15.06	B	0.87	0.64	58	
IC1310	Cl+N	302.50408	34.96889			15.00	3.00		
IC1311	OCl	302.69925	41.17394	13.10	V	6.30			
IC1312	Other	304.21458	18.04597						
IC1313	G	304.68192	-16.94597	15.00	B	1.61	1.02	26	
IC1314	*Ass	304.45833	25.08978						
IC1315	Other	304.34146	30.68908						
IC1316	Other	305.60767	6.50169						
IC1317	G	305.81496	0.66472	13.73	V	0.76	0.57	98	
IC1319	G	306.50804	-18.50408	14.84	B	0.79	0.49	8	
IC1320	G	306.60692	2.90972	14.44	B	1.07	0.61	87	
IC1321	G	307.04604	-18.29150	15.24	B	1.10	0.71	96	
IC1322	G	307.53533	-15.22783	15.47	B	1.10	0.56	114	
IC1324	G	308.05129	-9.05611	14.29	B	1.25	1.12	55	
IC1327	G	308.92196	-0.00578	14.92	B	0.93	0.90	15	
IC1328	G	310.48767	-19.63306	14.88	B	0.89	0.36	50	
IC1329	Other	310.92546	15.59742						
IC1330	G	311.56225	-14.02322			1.25	0.41	109	
IC1331	G	311.95321	-9.99594	14.69	B	1.75	0.49	85	
IC1332	G	312.96413	-13.71153	15.88	B	1.16	0.69	64	
IC1333	G	313.07167	-16.28575	15.46	B	1.37	0.73	83	
IC1335	G	313.27550	-16.33544	15.96	B	0.89	0.64	16	
IC1336	G	313.77050	-18.03872	15.29	B	0.86	0.49	44	
IC1337	G	314.21958	-16.58583	14.68	B	0.84	0.61	16	
IC1338	G	314.24100	-16.49261	15.59	B	0.76	0.50	6	
IC1339	G	314.48133	-17.94283	14.17	B	1.51	0.94	49	
IC1340	SNR	314.03438	31.04786			25.12	19.95		
IC1341	G	315.06950	-13.97633	15.24	B	0.95	0.53	61	
IC1342	G	315.10600	-14.49586			1.08	0.41	74	
IC1343	G	315.25275	-15.40369	15.16	B	1.02	0.43	173	
IC1344	G	315.31854	-13.38028	14.57	B	1.15	0.52	50	
IC1345	G	315.34250	-13.39761	15.58	B	0.48	0.41	158	
IC1346	G	315.40425	-13.96069	14.92	B	1.23	0.62	98	
IC1347	G	315.43496	-13.31331	15.62	B	1.42	0.65	2	
IC1348	G	315.43379	-13.35800	15.58	B	0.37	0.26	155	
IC1349	G	315.46021	-13.26550	15.47	B	0.72	0.43	51	
IC1350	G	315.46787	-13.85267	14.79	B	0.91	0.56	160	
IC1351	G	315.46850	-13.20186	15.65	B	0.74	0.23	25	
IC1352	G	315.47875	-13.38408	16.38	B	0.50	0.30	30	
IC1353	G	315.48467	-13.27283	16.38	B	0.45	0.35	134	
IC1355	G	315.49329	-13.17300	15.66	B	0.40	0.34	50	
IC1356	G	315.72083	-15.81158	15.20	B	0.82	0.58	163	
IC1357	G	316.48879	-10.71625	15.85	B	1.28	0.48	38	
IC1358	G	316.62254	-16.20444	15.65	B	0.50	0.23	38	
IC1359	G	317.17925	12.48428	14.74	B	1.16	0.49	171	
IC1360	G	317.70967	5.07136	15.40	B	0.80	0.40	20	
IC1361	G	317.87142	5.05433	15.39	B	0.78	0.55	48	
IC1362	G	317.96938	2.32897	15.88	B	0.62	0.45	167	
IC1363	OCl	317.66842	46.87006						
IC1364	G	318.35283	2.76972	13.41	V	1.07	0.78	124	
IC1365	GGroup	318.48296	2.56539			1.00			
IC1365 NED01	G	318.48300	2.56539	14.95	B	1.66	0.85	57	
IC1365 NED02	G	318.47775	2.56381	15.81	V	1.38	0.81	74	
IC1366	G	318.53342	1.77611	15.79	B	0.81	0.41	23	
IC1367	G	318.54042	2.99381	15.52	B	0.65	0.50	152	
IC1368	G	318.55246	2.17800	14.30	V	1.36	0.52	47	
IC1369	OCl	318.03767	47.76850			5.10			
IC1370	G	318.80946	2.19203	15.07	B	0.66	0.49	54	
IC1371	G	320.06521	-4.87653	14.98	B	1.42	0.83	13	
IC1372	G	320.07121	-5.60458	15.04	B	0.83	0.63	127	
IC1373	G	320.15521	1.09242	15.34	B	0.89	0.61	38	
IC1374	G	320.26104	1.71297	15.78	B	0.63	0.44	113	
IC1375	G	320.24912	3.98542	15.17	B	0.58	0.37	125	
IC1376	Other	321.17125	-5.74244						
IC1377	G	321.36096	4.31422	14.77	B	0.73	0.56	118	
IC1378	Other	320.71546	55.46431						
IC1379	G	321.50525	3.09739	15.68	B	0.59	0.47	132	
IC1380	G	321.79587	2.71767	15.65	B	0.68	0.58	145	
IC1381	G	321.89042	-1.18861	15.49	B	0.90	0.59	69	
IC1383	G	321.91517	-1.10217	15.94	B	0.62	0.22	126	
IC1384	G	321.97112	-1.36856	15.36	B	0.77	0.63	63	
IC1385	G	322.21329	-1.07011	18.25	V	0.59	0.53	141	
IC1386	G	322.40596	-21.19569	13.12	V	0.97	0.77	131	
IC1387	G	322.39363	-1.35092	15.04	B	0.48	0.46	15	
IC1388	G	322.46742	-0.63128	15.02	B	0.82	0.41	137	
IC1389	G	323.03267	-18.01836	15.46	B	0.81	0.49	119	
IC1390	G	323.10325	-1.86253	15.07	B	0.65	0.61	102	
IC1391	G	323.75167	-0.51144	15.85	B	0.64	0.49	84	
IC1392	G	323.88621	35.39833	12.95	B	1.53	1.22	73	
IC1393	G	325.05938	-22.41139	15.60	B	0.74	0.48	175	
IC1394	G	325.05429	14.63303	14.84	B	1.23	1.15	37	
IC1395	G	325.42254	4.10453	15.44	B	0.74	0.68	85	
IC1396	Cl+N	324.74008	57.48906			14.00	4.00		
IC1397	G	326.00963	-4.88481	15.29	B	0.85	0.52	172	
IC1398	G	326.46429	9.47533	15.35	B	0.76	0.43	70	
IC1399	G	326.53713	4.40222	15.62	B	0.68	0.46	162	
IC1400	*Ass	326.06783	52.96703						
IC1401	G	326.74788	1.71275	13.72	V	1.68	0.56	180	
IC1402	*Ass	326.24571	53.26250						
IC1403	G	327.62117	-2.71617	16.42	B	0.49	0.35	153	
IC1404	G	327.73492	-9.26658	14.63	B	0.97	0.81	47	
IC1405	G	327.70767	2.02081	15.12	B	0.87	0.63	117	
IC1406	G	327.77029	1.98706	15.57	B	0.62	0.47	65	
IC1407	G	328.09767	3.42717	15.05	B	0.76	0.56	84	
IC1408	G	328.28758	-13.34678	14.92	B	1.00	0.52	33	
IC1409	G	328.33167	-7.49986	15.62	B	0.69	0.43	28	
IC1410	G	329.00892	-2.90028	15.50	B	0.83	0.54	132	
IC1411	G	329.00246	-1.51706	14.38	B	0.87	0.56	36	
IC1412	G	329.57692	-17.17617	14.55	B	1.27	0.71	102	
IC1413	G	329.61087	-3.10242	15.72	B	0.93	0.26	74	
IC1414	G	329.57521	8.42381	15.20	B	0.47	0.40	5	
IC1415	Other	329.67767	1.35036						
IC1416	Other	329.70617	1.45156						
IC1417	G	330.09004	-13.14736	14.00	V	1.65	0.54	110	
IC1418	G	330.49967	4.38433	15.23	B	0.86	0.86	160	
IC1419	G	330.74517	-9.92097	16.06	B	0.54	0.30	164	
IC1420	GPair	330.63321	19.75011			1.30			
IC1420 NED01	G	330.63042	19.75036	14.35	B	1.32	1.07	0	
IC1420 NED02	G	330.63450	19.75011	15.02	B	0.86	0.60	90	
IC1421	G	330.76679	-9.97817	15.45	B	0.63	0.57	5	
IC1422	G	330.75025	2.59889	15.85	B	0.46	0.30	142	
IC1423	G	330.80288	4.29758	14.76	B	0.92	0.44	40	
IC1425	G	330.85213	2.59492	15.10	B	0.79	0.62	98	
IC1427	G	330.89650	15.10678	15.19	B	1.14	0.83	103	
IC1428	G	331.11529	2.63086	15.56	B	0.71	0.37	61	
IC1430	G	331.87425	-13.58119	15.63	B	0.56	0.47	55	
IC1431	G	331.91500	-13.51339	15.27	B	0.75	0.70	20	
IC1432	G	332.51654	3.68958	16.75	B	0.44	0.28	30	
IC1433	GTrpl	333.04250	-12.76528			1.00			
IC1433 NED01	G	333.04433	-12.76558	15.64	B	0.83	0.41	99	
IC1433 NED02	G	333.04104	-12.76561			0.18	0.15	90	
IC1433 NED03	G	333.03842	-12.76314	17.74	B	0.21	0.19	111	
IC1434	OCl	332.67567	52.85008			4.80			
IC1435	G	333.35954	-22.09669	13.89	B	1.07	0.65	9	
IC1436	G	333.46433	-10.19178	16.06	B	0.56	0.42	57	
IC1437	G	333.93746	2.06594	14.84	B	1.08	0.94	52	
IC1438	G	334.12121	-21.43069	12.75	B	2.33	2.16	119	
IC1439	G	334.16725	-21.48594	14.75	B	1.25	0.65	28	
IC1440	G	334.13842	-16.01644	14.91	B	1.67	0.48	76	
IC1441	G	333.82975	37.30150	15.37	B	1.07	0.58	38	
IC1442	OCl	334.00554	53.99133	9.10	V	4.20			
IC1443	G	334.76525	-20.93992	13.53	B	1.55	1.21	42	
IC1444	G	335.59967	5.13917	15.81	B	0.58	0.37	5	
IC1445	G	336.37637	-17.24331	12.74	V	1.41	1.15	87	
IC1446	G	337.26958	-1.18492	15.50	B	0.78	0.49	29	
IC1447	G	337.49917	-5.11989	13.71	B	1.48	0.77	95	
IC1449	G	338.77917	-8.76533	15.23	B	0.57	0.34	48	
IC1451	G	341.53108	-10.36942	15.00	B	0.91	0.87	46	
IC1453	G	341.72596	-13.44961	15.10	B	0.84	0.71	158	
IC1454	PN	340.60421	80.44222	14.00	V	0.47			
IC1455	G	343.44192	1.37197	14.62	B	1.00	0.56	40	
IC1456	G	343.82579	-12.73200	15.91	B	0.95	0.21	125	
IC1457	Other	343.84900	-5.56275						
IC1459	G	344.29421	-36.46222	10.54	V	4.61	3.23	43	
IC1460	G	344.26700	4.67703	14.30	V	0.61	0.48	158	
IC1461	G	344.64292	15.17278	15.01	B	0.60	0.55	12	
IC1464	GPair	345.79833	-8.99083			1.20			
IC1464A	G	345.80033	-8.99297	15.32	B	0.26	0.15	81	
IC1464B	G	345.79600	-8.98917	15.50	V	0.68	0.45	135	
IC1465	Other	345.72167	16.58247						
IC1466	G	345.91271	-2.77544	14.55	B	0.60	0.50	124	
IC1467	G	346.20713	-3.22994	14.75	B	0.79	0.38	3	
IC1468	G	346.28154	-3.20450	15.25	B	1.06	0.49	171	
IC1469	G	346.61946	-13.53658			0.45	0.36	105	
IC1470	HII	346.29254	60.24408	11.50	B	1.80	1.80	90	
IC1471	G	347.18687	-12.63944	14.63	B	1.07	0.65	169	
IC1472	G	347.27783	17.25914	15.21	B	1.01	0.60	60	
IC1473	G	347.77254	29.64344	14.16	B	1.74	0.85	176	
IC1474	G	348.21362	5.80636	13.94	V	1.04	0.48	149	
IC1475	Other	348.50925	-28.42244						
IC1476	G	348.56813	30.55147	15.53	B	0.91	0.91	165	
IC1479	G	349.69338	-10.39925	14.60	B	1.16	0.96	25	
IC1481	G	349.85467	5.90617	14.40	V	0.73	0.65	45	
IC1482	G	350.20633	1.73903	15.08	B	0.81	0.63	135	
IC1484	G	350.66642	11.38447	17.78	B	0.62	0.32	49	
IC1488	G	351.41063	15.35442	15.73	B	1.08	0.24	172	
IC1489	G	351.63388	-12.51650	15.11	B	0.54	0.52	25	
IC1490	G	359.79467	-4.12700	14.50	V	1.45	0.84	83	
IC1491	G	352.35288	-16.31661	15.03	B	0.77	0.42	150	
IC1492	G	352.65042	-3.03992	14.37	B	1.47	1.11	32	
IC1493	G	352.61463	14.45886	16.55	B	0.52	0.29	135	
IC1494	G	352.69225	-12.72453	15.83	B	0.73	0.34	125	
IC1495	G	352.69892	-13.48544	13.00	V	1.33	0.83	25	
IC1496	G	352.72296	-2.93431	14.41	B	1.65	1.22	65	
IC1497	Other	352.20871	11.98700						
IC1498	G	352.97354	-5.00697	14.03	B	2.24	0.57	3	
IC1500	G	353.28900	4.55253	15.20	B	0.47	0.38	20	
IC1501	G	353.66692	-3.15283	14.60	B	1.48	0.67	133	
IC1502	G	354.08550	75.64814	14.66	B	1.01	0.58	51	
IC1503	G	354.61296	4.80142	14.26	B	0.90	0.43	71	
IC1504	G	355.33121	4.01747	14.41	B	1.64	0.49	92	
IC1505	G	355.40463	-3.56508	14.67	B	0.60	0.60	150	
IC1506	G	356.20171	4.73567	15.52	B	0.91	0.56	135	
IC1507	G	356.38821	1.68875	14.73	B	1.29	0.47	130	
IC1508	G	356.47946	12.06175	13.40	V	0.76	0.37	169	
IC1509	G	356.81950	-15.30642	15.21	B	1.29	0.22	11	
IC1510	GGroup	357.63667	2.07333			1.00			
IC1510 NED01	G	357.63542	2.07472	16.08	B	0.51	0.35	139	
IC1510 NED02	G	357.63767	2.07236	15.16	B	0.68	0.49	16	
IC1513	G	358.37242	11.31761	15.04	B	1.10	0.40	106	
IC1515	G	359.01629	-0.98853	14.40	V	1.31	1.08	4	
IC1516	G	359.02954	-0.91653	14.08	B	1.19	1.00	3	
IC1517	G	359.07837	-0.30561	14.62	B	1.01	0.75	172	
IC1518	G	359.27550	12.46497	15.93	B	0.50	0.37	88	
IC1519	G	359.28487	12.45756	15.95	B	0.63	0.50	140	
IC1520	G	359.47692	-14.03933	14.69	B	0.55	0.55	20	
IC1521	G	359.74858	-7.14678	15.04	B	0.92	0.55	108	
IC1522	G	359.76438	1.71989	15.25	B	0.76	0.29	13	
IC1523	G	359.77750	6.87306	16.28	B	0.36	0.26	15	
IC1525	G	359.81563	46.88967	13.20	B	1.79	1.24	26	
IC1526	G	0.38133	11.34589	15.07	B	0.74	0.51	136	
IC1527	G	0.59000	4.08975	15.42	B	0.91	0.65	132	
IC1528	G	1.27238	-7.09342	13.59	B	2.15	0.85	73	
IC1529	G	1.30488	-11.50281	14.51	B	1.15	0.94	22	
IC1531	G	2.39825	-32.27700	13.52	B	1.89	1.31	124	
IC1532	G	2.47000	-64.37208	14.84	B	1.83	0.54	73	
IC1533	Other	2.65171	-7.41514						
IC1534	G	3.43933	48.15136	15.06	B	1.02	0.44	70	
IC1535	G	3.48892	48.15797	15.15	B	0.99	0.29	170	
IC1536	G	3.57921	48.14328	15.53	B	0.81	0.53	172	
IC1537	Other	3.96362	-39.26208	16.04	B	1.32	0.59	80	
IC1538	Other	4.50650	30.02928						
IC1540	G	4.95312	23.77261	14.89	B	0.97	0.41	28	
IC1541	G	5.00817	21.99975	15.59	B	0.72	0.28	36	
IC1542	G	5.17162	22.59244	15.00	B	0.53	0.43	70	
IC1543	G	5.23104	21.86603	14.17	B	0.80	0.68	36	
IC1544	G	5.32292	23.09086	14.05	V	1.10	0.77	143	
IC1545	G	5.33713	21.98344	16.67	B	0.45	0.36	14	
IC1547	Other	5.39871	22.50644						
IC1548	G	5.47983	22.00631	15.63	B	0.68	0.42	78	
IC1549	G	5.70762	6.96428	14.97	B	1.45	1.45	150	
IC1550	G	6.11521	38.18564	15.03	B	0.91	0.91	150	
IC1551	G	6.89788	8.87750	14.88	B	2.42	0.68	3	
IC1552	G	7.43213	21.47683	15.35	B	0.94	0.27	126	
IC1553	G	8.16717	-25.60753	14.44	B	1.36	0.34	15	
IC1554	G	8.28063	-32.25836	13.81	B	1.38	0.80	27	
IC1555	G	8.63600	-30.01786	14.35	B	1.31	0.74	129	
IC1556	G	8.76212	-9.36842	15.21	B	0.84	0.34	40	
IC1557	G	8.89383	-2.87642	15.54	B	0.69	0.24	116	
IC1558	G	8.94613	-25.37442	12.46	V	2.80	1.52	143	
IC1560	Other	9.41346	2.67156						
IC1561	G	9.63537	-24.33994	15.16	B	1.41	0.51	103	
IC1562	G	9.64150	-24.27406	13.60	B	1.50	1.41	49	
IC1564	G	9.77138	6.02106	14.75	B	1.01	0.50	84	
IC1565	G	9.85946	6.73425	14.50	B	1.80	1.76	20	
IC1566	G	9.88900	6.81514	15.45	B	0.91	0.74	125	
IC1568	G	9.98317	6.84858	15.72	B	1.15	0.87	76	
IC1569	G	10.11675	6.71969	15.69	B	0.72	0.60	12	
IC1570	G	10.14208	6.75267	16.45	B	0.58	0.27	4	
IC1571	G	10.15771	-0.33067	14.58	B	1.05	0.84	14	
IC1572	Other	10.30042	16.23750						
IC1573	G	10.54358	-23.59158	16.69	B	1.29	0.17	68	
IC1574	G	10.76592	-22.24689	13.86	V	1.83	0.70	176	
IC1575	G	10.88900	-4.11783	14.85	V	0.87	0.77	140	
IC1576	G	11.05896	-25.10928	15.56	B	0.76	0.46	143	
IC1578	G	11.10804	-25.07683	15.28	B	0.84	0.37	18	
IC1579	G	11.38521	-26.56544	14.78	B	1.02	0.53	6	
IC1580	Other	11.58887	29.93661						
IC1581	G	11.44300	-25.92017	16.23	B	1.00	0.20	48	
IC1582	G	11.57008	-24.27933	15.80	B	1.21	0.30	47	
IC1583	G	11.79292	23.07383	15.33	B	0.60	0.46	28	
IC1584	G	11.82742	27.82767	15.02	B	1.38	1.20	95	
IC1585	G	11.80958	23.05356	15.11	B	0.75	0.55	110	
IC1586	G	11.98467	22.37289	14.70	B	0.28	0.23	20	
IC1587	G	12.18042	-23.56167	15.55	B	1.16	0.44	30	
IC1588	G	12.74046	-23.55794	16.37	B	0.69	0.35	153	
IC1590	Cl+N	13.20917	56.64303			6.30			
IC1592	G	13.36267	5.77039	15.36	B	0.86	0.68	167	
IC1594	G	13.43887	-47.64747	15.17	B	1.25	0.39	129	
IC1595	G	13.44604	-45.18664	15.38	B	1.45	0.26	12	
IC1596	G	13.67846	21.52264	15.00	B	1.88	0.75	118	
IC1597	G	13.38371	-58.10714	15.02	B	1.61	0.42	152	
IC1598	G	13.67404	5.77381	14.97	B	1.01	0.51	3	
IC1599	G	13.63671	-23.49492	15.53	B	1.19	0.28	107	
IC1600	G	13.76767	-23.52489	15.52	B	0.80	0.47	92	
IC1601	G	13.89517	-24.15339	14.47	B	0.92	0.44	116	
IC1602	G	13.96621	-9.98567	15.44	B	1.08	0.80	149	
IC1603	G	14.24867	-45.41294	14.63	B	1.41	0.55	112	
IC1604	Other	14.49563	-16.23006						
IC1605	G	14.40683	-48.90267	12.94	V	1.68	1.35	143	
IC1606	Other	14.59238	-12.17850						
IC1607	G	14.70358	0.58725	14.41	B	0.94	0.76	138	
IC1608	G	14.85154	-34.32894	13.71	B	2.05	0.68	171	
IC1609	G	14.94425	-40.33356	13.73	B	1.13	0.99	44	
IC1610	G	15.42742	-15.56778	13.86	B	1.59	1.41	110	
IC1611	OCl	14.94958	-72.33233	11.96	V	1.50	1.50		
IC1612	OCl	14.99421	-72.37072	12.31	V	1.20	0.80	20	
IC1613	G	16.19912	2.11778	9.54	V	18.32	17.14	50	
IC1614	G	16.27900	33.18981	17.62	B	0.62	0.51	60	
IC1615	G	16.02933	-51.13306	14.30	B	1.33	0.60	148	
IC1616	G	16.23408	-27.42936	12.89	V	1.63	1.50	5	
IC1617	G	16.07000	-51.03281	14.60	B	1.35	0.49	124	
IC1618	G	16.48325	32.41217	15.59	B	0.86	0.46	156	
IC1619	G	16.84350	33.06728	15.18	B	0.75	0.60	93	
IC1620	G	16.80937	13.95511	14.60	B	0.96	0.68	87	
IC1621	G	16.59429	-46.72550	14.62	B	1.38	0.43	3	
IC1622	G	16.90279	-17.53864	14.64	B	0.70	0.56	160	
IC1623	GPair	16.94658	-17.50703			1.20			
IC1623A	G	16.94458	-17.50722	14.26	B	1.05	0.87	63	
IC1623B	G	16.94817	-17.50697	13.89	B	0.80	0.60	12	
IC1624	OCl	16.34100	-72.04253	12.42	V	0.90	0.90		
IC1625	G	16.92754	-46.90758	12.08	V	1.80	1.41	9	
IC1626	OCl	16.55596	-73.29611	13.82	V	1.00	1.00		
IC1627	G	17.04517	-46.09406	13.72	B	1.62	0.64	139	
IC1628	G	17.19804	-28.58233	12.52	V	1.65	1.53	112	
IC1629	G	17.32583	2.56747	15.97	B	0.78	0.63	56	
IC1630	G	17.06987	-46.75403	15.19	B	1.65	0.28	64	
IC1631	G	17.18696	-46.47581	14.23	B	0.81	0.52	85	
IC1632	G	17.68075	17.68325	16.48	B	0.23	0.22	5	
IC1633	G	17.48158	-45.93119	11.39	V	2.90	2.16	97	
IC1634	G	17.76579	17.66306	15.66	B	0.83	0.72	153	
IC1635	G	17.76471	17.65203	15.64	B	1.15	0.65	148	
IC1636	G	17.89567	33.36539	15.00	B	0.55	0.44	103	
IC1637	G	17.75475	-30.43853	12.88	V	1.69	1.30	90	
IC1638	G	18.09087	33.36453	14.92	B	0.75	0.68	105	
IC1639	G	17.94396	-0.66436	14.37	B	0.76	0.70	100	
IC1640	G	17.96375	-0.63036	15.45	B	0.18	0.18	20	
IC1641	OCl	17.41329	-71.76897	14.99	V	0.75	0.65	40	
IC1643	G	18.03596	-0.41019	15.15	B	0.90	0.67	79	
IC1644	HII	17.30421	-73.19411	11.70	V	0.80	0.65	40	
IC1645	G	18.11392	15.75008	14.40	V	0.86	0.77	11	
IC1646	G	18.18263	15.70781	15.10	V	0.65	0.61	17	
IC1647	G	18.31087	38.88528	15.13	B	0.90	0.40	40	
IC1648	G	18.42550	33.21822	15.14	B	0.40	0.40	155	
IC1649	G	17.96225	-55.85733	14.72	B	1.90	0.31	136	
IC1650	G	18.07954	-50.40172	13.64	V	1.32	0.65	62	
IC1651	Other	18.36483	2.06917						
IC1652	G	18.73442	31.94850	14.23	B	1.32	0.17	170	
IC1654	G	18.79950	30.19483	14.52	B	0.99	0.46	50	
IC1655	OCl	17.97542	-71.33061	14.00	V	1.70	1.50	50	
IC1657	G	18.52925	-32.65089	13.14	B	2.32	0.52	170	
IC1659	G	19.02508	30.34908	14.56	B	0.83	0.74	18	
IC1660	OCl	18.15696	-71.76175	13.51	V	1.10	1.10		
IC1662	OCl	18.13646	-73.45675	14.03	V	1.20	1.20		
IC1664	Other	18.57712	-69.81153						
IC1665	Other	19.43712	34.70167						
IC1666	G	19.97246	32.46733	14.35	B	0.93	0.86	73	
IC1667	G	19.67646	-17.05022	15.41	B	0.96	0.68	45	
IC1668	G	19.72125	33.17306	15.75	B	0.34	0.24	50	
IC1669	G	20.02850	33.18475	15.65	B	0.77	0.26	5	
IC1670	GPair	19.71167	-16.80278			3.00			
IC1670A	G	19.70350	-16.80344	14.77	B	1.60	0.56	114	
IC1670B	G	19.72021	-16.80344	14.50	B	1.99	0.44	102	
IC1672	G	20.15917	29.69883	13.92	B	1.42	1.00	138	
IC1673	G	20.19312	33.04494	14.79	B	0.54	0.54	70	
IC1674	G	19.82683	-50.96358	14.92	B	0.52	0.29	23	
IC1675	G	20.24958	34.24861	14.27	B	0.72	0.23	58	
IC1676	G	20.24413	30.25947	15.58	B	0.59	0.44	179	
IC1677	G	20.27954	33.21614	15.17	B	0.65	0.30	129	
IC1678	G	20.26054	5.56053	15.30	B	0.34	0.24	145	
IC1679	G	20.43583	33.49361	15.48	B	0.60	0.51	46	
IC1680	G	20.46333	33.28250	14.86	B	0.70	0.53	103	
IC1681	G	20.33883	0.09039	14.89	B	1.00	0.49	101	
IC1682	G	20.55542	33.26028	14.26	B	0.86	0.40	119	
IC1683	G	20.66250	34.43694	14.13	B	1.32	0.57	173	
IC1684	G	20.72167	33.41361	15.77	B	0.68	0.45	124	
IC1685	G	20.77750	33.18944			0.40	0.30	165	
IC1687	G	20.82958	33.27528	14.77	B	0.68	0.48	0	
IC1688	G	20.86708	33.08306	16.42	B	0.38	0.31	64	
IC1689	G	20.94942	33.05533	14.78	B	0.62	0.41	171	
IC1690	G	20.95642	33.15628	14.98	B	0.49	0.26	130	
IC1691	G	21.10750	33.40694	16.26	B	0.46	0.39	122	
IC1692	G	21.16483	33.23581	15.60	B	0.50	0.36	144	
IC1693	G	21.01000	-1.65703	15.99	B	0.65	0.27	162	
IC1694	G	21.19917	1.60717	14.80	B	1.12	0.71	4	
IC1695	G	21.28179	8.69950	15.30	B	1.84	1.08	86	
IC1696	G	21.21817	-1.61706	13.61	V	0.83	0.75	16	
IC1697	G	21.26225	0.44436	15.02	B	0.81	0.46	104	
IC1698	G	21.34225	14.83872	14.82	B	1.87	0.76	117	
IC1701	G	21.46000	18.18447	15.31	B	0.79	0.60	92	
IC1702	G	21.48454	16.60181	14.44	B	1.13	0.68	172	
IC1704	G	21.78971	14.77628	14.26	B	1.08	0.76	162	
IC1705	G	21.68683	-3.50147	14.38	B	0.63	0.48	107	
IC1706	G	21.87925	14.81956	15.56	B	0.50	0.48	85	
IC1707	Other	22.00133	37.11706						
IC1708	OCl	21.23367	-71.18444	14.30	B	1.20	1.20		
IC1711	G	22.73025	17.18856	14.68	B	2.49	0.48	42	
IC1714	G	23.22154	-13.02497	16.57	B	0.62	0.50	94	
IC1715	G	23.39225	12.58544	14.48	B	0.65	0.50	95	
IC1717	Other	23.12637	-67.53683						
IC1718	G	24.61146	33.36653	14.96	B	0.68	0.38	120	
IC1719	G	24.39967	-33.92408	13.96	B	1.49	1.08	173	
IC1720	G	25.08996	-28.91275	13.81	B	1.21	0.91	155	
IC1721	G	25.35183	8.52553	14.59	B	1.05	0.46	100	
IC1722	G	25.76129	-34.18772	14.81	B	1.52	0.39	51	
IC1723	G	25.80908	8.88936	14.08	B	2.45	0.50	28	
IC1724	G	25.79033	-34.24189	14.22	B	1.29	0.50	126	
IC1725	G	26.29929	21.77656	15.30	B	0.52	0.45	60	
IC1726	G	26.33196	4.61853	14.62	B	0.30	0.30	35	
IC1727	G	26.87454	27.33336	11.57	V	6.52	2.44	150	
IC1728	G	26.93537	-33.60150	13.35	V	1.29	0.80	6	
IC1729	G	26.98025	-26.89214	12.53	V	2.22	1.25	142	
IC1730	G	27.49142	22.01211	15.64	B	0.75	0.48	64	
IC1731	G	27.55142	27.19617	14.12	B	1.45	0.80	134	
IC1732	G	27.69958	35.93275	14.82	B	1.32	0.38	61	
IC1733	G	27.67871	33.08203	13.01	V	1.54	1.43	70	
IC1734	G	27.32104	-32.74261	12.86	V	1.63	1.52	21	
IC1735	G	27.71558	33.09233	15.07	B	0.85	0.69	157	
IC1736	G	27.72167	18.30278	14.95	B	1.04	0.28	35	
IC1737	Other	27.92800	36.25119						
IC1738	G	27.78292	-9.79203	14.70	B	0.93	0.69	76	
IC1739	G	27.62333	-34.05558	14.75	B	0.88	0.55	86	
IC1741	G	27.98638	-16.78803	15.52	B	1.05	0.58	168	
IC1742	G	28.30929	22.72139	15.16	B	0.68	0.46	48	
IC1745	G	28.24621	-16.66900	16.07	B	0.75	0.31	138	
IC1746	G	28.60129	4.80389	15.01	B	1.58	0.47	95	
IC1747	PN	29.39888	63.32178	12.00	V	0.22			
IC1748	G	29.03692	17.64128	14.68	B	0.69	0.49	122	
IC1749	G	29.04625	6.74494	14.69	B	1.06	0.69	150	
IC1750	G	29.07733	4.07628	15.35	B	1.02	0.18	64	
IC1752	G	29.31425	28.61350	16.29	B	0.62	0.28	123	
IC1753	G	29.33046	28.58925	14.94	B	0.84	0.57	140	
IC1754	G	29.20783	4.02561	15.36	B	0.92	0.92	80	
IC1755	G	29.29079	14.54989	14.71	B	1.46	0.37	155	
IC1756	G	29.27225	-0.46825	15.56	B	1.31	0.24	154	
IC1757	G	29.29733	-0.47397	16.74	B	0.40	0.24	55	
IC1758	G	29.21871	-16.54206	15.22	B	0.56	0.20	50	
IC1759	G	29.48067	-32.98706	13.94	B	1.47	1.26	11	
IC1760	G	29.35283	-31.98833	16.61	B	0.62	0.41	172	
IC1761	G	29.71787	0.56831	15.54	B	0.63	0.28	47	
IC1762	G	29.45267	-33.23981	14.30	B	1.69	0.55	43	
IC1763	G	29.79896	-27.81069	14.64	B	1.09	0.92	45	
IC1764	G	30.09738	24.58056	14.43	B	1.20	0.87	10	
IC1767	G	29.99742	-11.07897	14.77	B	1.69	0.56	75	
IC1768	G	30.20779	-25.02669	14.80	V	1.45	1.20	47	
IC1769	G	30.22883	-31.91978	15.51	B	0.93	0.26	76	
IC1770	G	30.55996	9.98094	15.32	B	1.41	1.36	50	
IC1771	G	30.56608	9.96858	15.35	B	0.75	0.75	175	
IC1772	G	30.67888	7.74553			0.68	0.68	0	
IC1774	G	30.99583	15.31806	13.61	V	1.41	0.66	127	
IC1775	G	31.32308	13.50572	15.52	B	0.75	0.67	167	
IC1776	G	31.31342	6.10683	14.33	B	1.26	1.00	172	
IC1777	G	31.53625	15.20947	15.40	B	0.91	0.91	130	
IC1779	G	31.60804	3.70597	15.20	B	0.37	0.28	105	
IC1780	G	31.71317	14.72192	15.53	B	0.64	0.37	9	
IC1781	G	31.71996	-0.51808	15.95	B	0.68	0.52	126	
IC1783	G	32.52554	-32.93986	12.48	V	1.98	0.80	4	
IC1784	G	34.05329	32.64950	13.14	V	1.40	0.74	94	
IC1785	G	34.08767	32.66653	15.59	B	0.81	0.44	146	
IC1786	G	34.02346	5.14547	15.47	B	0.66	0.43	154	
IC1788	G	33.95817	-31.20100	12.37	V	2.53	1.07	28	
IC1789	G	34.46325	32.39603	14.70	B	1.95	0.42	30	
IC1790	G	34.40746	12.50897	15.66	B	0.82	0.28	63	
IC1791	G	34.42225	12.47061	14.54	B	1.09	1.08	95	
IC1792	G	34.75454	34.46239	14.92	B	1.39	0.96	26	
IC1793	G	35.38500	32.54450	14.79	B	1.28	0.63	36	
IC1794	G	35.37571	15.76164	15.04	B	0.93	0.71	90	
IC1795	HII	36.63317	62.04164			12.00	12.00		
IC1796	G	35.69717	-41.37108	13.67	V	1.07	0.70	86	
IC1797	G	36.36621	20.39533	15.25	B	0.97	0.37	142	
IC1798	G	36.56463	13.43078			0.31	0.21	100	
IC1799	G	37.19129	45.97064	14.89	B	0.79	0.37	40	
IC1800	Other	37.12983	31.40967						
IC1801	G	37.05313	19.58333	13.98	V	1.18	0.54	30	
IC1802	G	37.30825	23.08269	13.37	V	0.98	0.79	105	
IC1803	G	37.45808	23.10858	15.72	B	0.46	0.46	35	
IC1804	G	37.47675	23.09708	15.81	B	0.97	0.86	136	
IC1805	Cl+N	38.17296	61.45689	6.50	V	60.00	60.00		
IC1806	G	37.39562	22.94322	15.69	B	0.63	0.47	156	
IC1807	G	37.62917	22.94972	15.56	B	0.56	0.49	24	
IC1809	G	37.91812	22.91719	14.96	B	0.85	0.51	50	
IC1810	G	37.36179	-43.07633	14.15	B	1.37	0.97	150	
IC1811	G	37.65913	-34.26417	14.42	B	1.15	0.68	7	
IC1812	G	37.38242	-42.81136	12.21	V	2.08	1.60	35	
IC1813	G	37.70621	-34.22089	14.30	B	1.13	0.75	100	
IC1815	G	38.58333	32.42947	14.26	B	1.35	1.20	123	
IC1816	G	37.96250	-36.67206	14.26	V	1.26	1.22	125	
IC1817	GPair	38.45917	11.20333			0.90			
IC1817 NED01	G	38.45667	11.20331	16.43	B	0.49	0.25	12	
IC1817 NED02	G	38.46158	11.20350	15.18	B	0.67	0.43	161	
IC1818	G	38.52975	-11.04075	15.27	B	0.83	0.71	78	
IC1819	G	38.92429	4.05181	15.03	B	2.01	0.62	25	
IC1820	G	38.96946	6.04061	15.20	B	0.53	0.28	65	
IC1821	GPair	39.10887	13.77956			1.00			
IC1821 NED01	G	39.10587	13.78017	15.65	B	0.70	0.30	45	
IC1821 NED02	G	39.11125	13.77892			0.26	0.20	0	
IC1823	G	39.65408	32.06969	13.28	V	1.38	0.83	78	
IC1825	G	39.73179	9.09736	14.84	B	1.15	0.79	22	
IC1826	G	39.76479	-27.44314	12.76	V	2.06	1.81	107	
IC1827	G	39.94358	1.55828	14.44	B	1.09	0.23	154	
IC1829	G	40.13662	14.29794	15.83	B	0.94	0.73	26	
IC1831	Neb	40.98500	62.41164			120.23			
IC1832	G	40.49025	19.03008	15.17	B	0.74	0.69	140	
IC1833	G	40.41125	-28.17128	14.14	B	1.43	0.74	64	
IC1834	G	40.70038	3.08417	15.18	B	0.69	0.61	16	
IC1835	GGroup	40.95479	14.88958			0.72	0.58	28	
IC1836	G	40.84775	3.10539	15.57	B	0.63	0.50	42	
IC1838	G	41.17912	19.45511	15.17	B	0.64	0.23	175	
IC1839	G	41.17879	15.24008	15.25	B	0.97	0.40	96	
IC1841	G	41.40096	18.92892	15.07	B	0.64	0.48	50	
IC1842	G	41.34758	11.45811	15.61	B	1.07	0.30	20	
IC1843	G	41.35258	2.88053	14.15	B	1.04	0.63	74	
IC1844	G	41.45583	3.23031	14.99	B	0.94	0.37	97	
IC1847	G	41.97362	14.50511	15.98	B	0.56	0.47	131	
IC1848	Cl+N	42.79413	60.40247	6.50	V	40.00	10.00		
IC1849	G	41.93596	9.35681	15.44	B	0.83	0.46	90	
IC1853	G	42.01779	-13.99311	14.36	V	1.39	0.39	94	
IC1854	G	42.33633	19.30392	14.81	V	0.52	0.43	154	
IC1855	G	42.26796	13.44289	16.27	B	0.45	0.31	40	
IC1856	G	42.21167	-0.76739	14.38	B	1.14	0.51	56	
IC1857	G	42.41217	14.61981	15.07	B	0.79	0.43	149	
IC1858	G	42.28504	-31.28958	14.20	B	1.88	0.86	174	
IC1859	G	42.26633	-31.17250	14.30	V	1.30	0.85	15	
IC1860	G	42.39046	-31.18911	12.59	V	2.64	1.80	4	
IC1861	G	43.27908	25.49039	14.63	B	1.28	0.80	150	
IC1862	G	42.99500	-33.34017	14.59	B	2.67	0.59	4	
IC1863	G	43.71142	8.78439	15.70	B	0.60	0.60	180	
IC1864	G	43.41379	-34.19764	12.72	V	1.30	0.76	63	
IC1865	G	43.83408	8.82817	14.93	B	1.30	1.01	91	
IC1866	G	43.72079	-15.65256	15.22	B	1.01	0.81	84	
IC1867	G	43.96762	9.31183	14.60	V	1.52	1.17	17	
IC1868	G	44.02438	9.37883	15.86	B	0.40	0.36	35	
IC1869	G	44.54871	5.83658	15.56	B	0.70	0.27	124	
IC1870	G	44.47304	-2.34708	13.50	B	1.55	0.90	133	
IC1871	HII	44.34079	60.67236			4.00	4.00		
IC1872	Other	46.14421	42.81067						
IC1873	G	45.97033	9.61325	15.30	B	1.17	0.46	26	
IC1874	G	46.59158	36.01453	14.69	B	0.94	0.66	85	
IC1875	G	45.98600	-39.44042	12.55	V	1.57	0.87	19	
IC1876	G	46.13454	-27.46050	14.12	V	1.16	1.12	7	
IC1877	G	45.78992	-50.51192	16.32	B	0.90	0.20	153	
IC1878	G	45.91750	-52.10803	15.18	B	0.58	0.39	180	
IC1879	G	45.96854	-52.11775	15.96	B	1.21	0.23	137	
IC1880	G	46.61925	-9.73147	14.86	B	1.85	1.09	34	
IC1882	G	46.95542	3.14789	15.04	B	1.14	0.39	22	
IC1885	G	46.66846	-32.86364	14.88	B	1.45	0.46	137	
IC1886	G	47.01350	-4.39983	14.81	B	1.11	0.88	1	
IC1890	G	47.49346	19.20806	15.63	B	1.02	1.02	150	
IC1891	G	47.55008	19.60656	16.61	B	0.44	0.34	44	
IC1892	G	47.11346	-23.05578	13.84	B	1.78	0.98	12	
IC1893	G	47.56904	19.61686	17.13	B	0.39	0.25	54	
IC1894	G	47.60612	19.60661	15.83	B	0.78	0.52	3	
IC1895	G	47.40092	-25.25358	13.29	V	1.40	1.05	164	
IC1896	G	46.96883	-54.21447	15.82	B	0.81	0.31	18	
IC1897	G	47.69137	-10.79606	14.67	B	0.99	0.57	31	
IC1898	G	47.58246	-22.40486	13.62	B	3.66	0.65	73	
IC1899	G	48.05463	-25.30492	14.39	B	1.32	0.39	161	
IC1900	G	48.98013	37.15411	13.86	V	0.83	0.65	92	
IC1901	G	49.01087	37.11244	16.76	V	0.91	0.27	164	
IC1902	G	49.05175	37.17744	15.60	B	0.69	0.43	67	
IC1903	GPair	48.29313	-50.56983			1.90			
IC1903 NED01	G	48.28567	-50.56261	17.32	B	0.48	0.15	60	
IC1903 NED02	G	48.30229	-50.57775	16.60	B	0.65	0.23	0	
IC1904	G	48.75321	-30.70803	14.42	B	1.37	0.61	102	
IC1905	Other	49.70000	41.36544						
IC1906	G	49.02354	-34.36064	14.46	B	1.21	0.51	64	
IC1908	G	48.77208	-54.81997	14.08	V	1.23	0.68	68	
IC1909	G	49.33342	-33.69006	14.52	B	1.25	0.68	60	
IC1910	Other	49.49079	-21.43475						
IC1912	G	49.18096	-50.65489	15.83	B	1.05	0.21	6	
IC1913	G	49.89392	-32.46503	14.44	B	1.96	0.41	149	
IC1914	G	49.85517	-49.59972	13.04	V	1.95	1.45	112	
IC1915	G	49.96646	-50.69119	16.17	B	0.61	0.52	29	
IC1916	G	50.06883	-49.04192	15.40	B	0.86	0.55	81	
IC1917	G	50.55150	-53.18519	16.17	B	0.83	0.47	12	
IC1918	G	51.57454	4.54103	15.57	B	0.60	0.20	150	
IC1919	G	51.50933	-32.89456	13.79	B	1.73	1.08	84	
IC1920	G	51.10167	-52.71358	16.00	B	0.56	0.41	148	
IC1921	Other	51.17546	-50.69800						
IC1922	G	51.17929	-50.74053	16.90	B	0.41	0.28	31	
IC1923	Other	51.21933	-50.55583						
IC1923 NED01	G	51.22046	-50.55556	17.60	B	0.30	0.19	91	
IC1924	G	51.28196	-51.70344	16.69	B	0.74	0.30	76	
IC1925	Other	51.31537	-51.25689						
IC1926	G	51.32929	-51.70106	16.59	B	0.55	0.21	81	
IC1928	G	51.87158	-21.56017	14.13	B	1.77	0.46	30	
IC1929	G	51.35771	-51.26719	14.16	V	0.94	0.59	139	
IC1930	G	52.19275	4.38356	15.81	B	0.76	0.62	14	
IC1931	G	52.24050	1.75072	15.44	B	0.80	0.76	78	
IC1932	G	51.47512	-51.34317	14.59	V	0.94	0.41	15	
IC1933	G	51.41621	-52.78550	12.57	V	2.27	1.21	54	
IC1934	G	52.80842	42.79228	16.00	B	0.99	0.51	135	
IC1935	G	51.55542	-50.01044	14.26	V	1.00	0.71	67	
IC1936	G	51.61683	-51.32319	16.04	B	0.64	0.30	146	
IC1937	G	51.69850	-48.70256	14.89	B	0.89	0.54	58	
IC1938	G	51.79350	-53.00989	15.51	B	0.82	0.61	82	
IC1939	Other	51.93571	-51.07092						
IC1940	G	51.92642	-52.13944	14.78	B	0.96	0.87	37	
IC1941	Other	53.06225	24.38372						
IC1942	GPair	51.97208	-52.67694			0.70			
IC1942 NED01	G	51.96979	-52.67747	17.28	B	0.39	0.12	179	
IC1942 NED02	G	51.97463	-52.67581	15.37	B	0.89	0.69	10	
IC1944	G	52.41667	-47.99617	15.75	B	0.50	0.36	15	
IC1945	G	52.31900	-52.62717	15.31	V	0.81	0.26	127	
IC1946	G	52.34246	-52.61933	14.44	V	0.91	0.45	64	
IC1947	G	52.63675	-50.33853	14.78	V	0.58	0.49	131	
IC1948	G	52.70854	-47.96486	15.69	B	0.83	0.64	162	
IC1949	G	52.72008	-47.97925	13.15	V	1.18	0.87	16	
IC1950	G	52.76883	-50.43342	14.47	V	1.56	0.42	153	
IC1951	G	52.73471	-53.12619	17.13	B	0.54	0.16	56	
IC1952	G	53.36112	-23.71278	13.52	B	2.58	0.55	140	
IC1953	G	53.42446	-21.47864	11.96	V	2.26	1.19	125	
IC1954	G	52.88079	-51.90483	11.58	V	2.99	1.71	60	
IC1955	G	52.85283	-57.24186	15.77	B	0.68	0.55	176	
IC1956	G	53.88821	5.06700	15.53	B	1.32	0.47	33	
IC1957	G	53.05617	-52.45664	16.54	B	1.02	0.18	33	
IC1958	G	53.19337	-51.44169	16.03	B	0.46	0.27	79	
IC1959	G	53.30246	-50.41425	12.83	V	3.05	0.72	148	
IC1960	G	53.13737	-57.20661	15.21	B	1.13	0.27	111	
IC1961	G	53.38896	-48.95064	15.48	B	0.63	0.42	19	
IC1962	G	53.90621	-21.29406	14.76	B	2.25	0.50	1	
IC1964	G	53.37533	-53.17314	16.61	B	0.55	0.34	92	
IC1965	G	53.29600	-56.55408	15.09	V	0.96	0.63	117	
IC1966	G	53.51412	-51.32225	15.61	B	0.58	0.25	114	
IC1967	G	54.44883	3.27103	14.94	B	0.83	0.44	64	
IC1968	G	53.65746	-50.65128	16.20	B	0.46	0.35	97	
IC1969	G	54.05775	-45.17961	14.88	V	1.32	0.35	39	
IC1970	G	54.13133	-43.95683	12.44	V	2.99	0.76	75	
IC1971	G	53.98913	-52.65125	15.90	B	0.78	0.38	173	
IC1972	G	54.08883	-51.96814	16.41	B	0.69	0.20	152	
IC1973	G	54.08758	-51.99417	16.71	B	0.50	0.19	10	
IC1974	G	54.17600	-49.55028	15.91	B	0.78	0.36	159	
IC1975	G	54.76479	-15.50014	15.57	B	0.42	0.38	65	
IC1976	G	54.28650	-47.43792	15.78	B	0.80	0.59	128	
IC1977	G	55.18800	17.74117	14.56	B	0.85	0.62	180	
IC1978	G	54.27329	-50.15083	15.70	B	1.21	0.20	8	
IC1980	G	54.24579	-57.97386	14.94	B	1.27	0.41	21	
IC1982	G	54.42696	-57.77628	15.66	B	0.49	0.39	61	
IC1984	G	54.95929	-47.07583	16.39	B	0.75	0.25	139	
IC1986	G	55.14646	-45.35581	14.63	V	1.27	0.23	102	
IC1987	GGroup	55.04696	-55.05481			1.40			
IC1987 NED01	G	55.04037	-55.05489	16.50	B	0.56	0.32	147	
IC1987 NED02	G	55.04808	-55.05908	15.95	B	0.78	0.28	11	
IC1987 NED03	G	55.05017	-55.05344	16.39	B	0.79	0.79	0	
IC1987 NED04	G	55.05087	-55.05628			0.20	0.19	28	
IC1988	Other	55.69004	-39.88711						
IC1989	G	55.47779	-50.95781	14.61	B	1.37	0.76	132	
IC1990	Neb	56.80763	24.33389						
IC1991	G	56.19496	-51.52342	16.18	B	0.84	0.28	40	
IC1992	Other	56.28350	-51.00469						
IC1993	G	56.77004	-33.70986	11.90	V	2.81	2.48	57	
IC1994	G	56.47937	-51.64333	16.02	B	0.73	0.22	4	
IC1995	Neb	57.57725	25.58078			2.00	2.00	90	
IC1996	G	56.28204	-57.32481	16.32	B	0.92	0.21	102	
IC1997	G	56.21625	-59.13767	13.47	V	1.01	0.70	76	
IC1998	G	57.88050	1.18981	15.69	B	0.77	0.61	12	
IC1999	G	56.92850	-56.95208	15.08	V	0.79	0.68	148	
IC2000	G	57.28225	-48.85819	12.38	V	4.88	0.85	82	
IC2003	PN	59.09179	33.87486	11.40	V	0.14			
IC2004	G	57.94054	-49.41961	14.99	B	0.91	0.68	46	
IC2005	G	59.41475	36.78747	15.76	B	0.34	0.23	47	
IC2006	G	58.61854	-35.96714	11.34	V	2.36	1.98	35	
IC2007	G	58.84483	-28.15833	13.73	B	1.29	0.60	48	
IC2009	G	58.39521	-48.98947	14.90	B	1.50	0.99	66	
IC2010	G	57.99179	-59.92936	13.71	V	1.19	0.48	71	
IC2012	GPair	58.23050	-58.65100			0.70			
IC2012 NED01	G	58.23025	-58.64956	16.28	B	0.51	0.42	18	
IC2013	Other	59.18358	-17.10950						
IC2014	G	58.84033	-56.74631	15.67	B	0.63	0.47	18	
IC2015	G	59.54758	-40.38914	15.66	B	0.59	0.44	102	
IC2016	G	60.49946	20.24044	15.70	B	0.51	0.25	2	
IC2017	G	59.16404	-59.39475	15.00	B	1.11	0.74	21	
IC2018	G	59.47721	-52.78111	14.78	V	0.79	0.55	137	
IC2019	G	60.47354	5.63944	15.24	B	0.84	0.47	64	
IC2020	G	59.72142	-54.05761	15.62	B	0.67	0.53	58	
IC2021	G	59.84971	-52.65672	15.76	B	0.65	0.49	123	
IC2022	G	59.66671	-59.04367	16.14	B	1.10	0.24	1	
IC2023	G	59.91929	-52.68114	15.86	B	0.59	0.44	43	
IC2024	G	60.01725	-53.37100	15.55	B	1.10	0.26	30	
IC2025	G	60.09658	-53.06561	15.30	V	1.16	0.25	124	
IC2027	G	61.66496	37.11575	16.00	B	0.94	0.78	100	
IC2028	G	60.32596	-52.70744	14.22	V	0.86	0.52	54	
IC2029	G	60.32479	-52.80078	15.74	B	1.03	0.40	180	
IC2030	Other	61.23454	-19.23147						
IC2031	G	61.56133	-5.65189	15.80	B	0.56	0.48	103	
IC2032	G	61.76267	-55.32383	14.73	V	1.12	0.41	75	
IC2033	G	61.81008	-53.68092	14.99	B	1.19	0.47	127	
IC2034	G	61.65346	-57.96139	15.90	B	1.35	0.20	119	
IC2035	G	62.25779	-45.51753	11.75	V	1.41	1.17	84	
IC2036	G	62.47958	-39.68869	14.45	B	1.12	0.73	84	
IC2037	G	62.07917	-58.75117	14.78	B	1.74	0.30	90	
IC2038	G	62.22396	-55.98956	14.68	V	1.85	0.49	155	
IC2039	G	62.25988	-56.01169	14.26	V	1.09	0.93	124	
IC2040	G	63.24904	-32.55328	13.68	B	1.35	0.66	68	
IC2041	G	63.14542	-32.81736	14.68	B	1.07	0.74	136	
IC2043	G	62.78938	-53.68664	14.51	V	1.43	0.27	12	
IC2044	G	62.80821	-54.53256	16.51	B	0.62	0.38	54	
IC2045	G	63.65004	-13.17492	15.49	B	0.91	0.68	126	
IC2046	G	62.85225	-54.67319	15.15	B	0.82	0.56	104	
IC2049	G	63.01783	-58.55700	14.74	V	1.06	0.80	10	
IC2050	G	63.48387	-53.47536	13.80	V	1.17	0.82	36	
IC2051	G	58.00346	-83.83069	11.23	V	2.86	1.72	68	
IC2052	G	63.74383	-54.33619	15.37	B	1.06	0.39	165	
IC2053	G	63.98175	-49.35833	15.27	B	0.53	0.48	73	
IC2054	G	61.85975	-78.25331	16.38	B	0.46	0.42	115	
IC2055	Other	64.45217	-48.92411						
IC2056	G	64.10225	-60.20681	11.87	V	1.85	1.61	14	
IC2057	G	65.48371	4.04864	15.18	B	0.63	0.52	65	
IC2058	G	64.47646	-55.93289	13.76	B	3.40	0.48	18	
IC2059	G	65.10958	-31.72458	13.98	B	1.34	0.55	170	
IC2060	G	64.47233	-56.61625	13.91	V	1.25	0.82	158	
IC2061	Other	66.00054	21.08319						
IC2063	G	65.66800	-15.66050	14.83	B	0.87	0.48	174	
IC2064	G	65.86142	-15.68517	15.75	B	0.53	0.47	47	
IC2065	G	65.36658	-55.93331	14.61	B	1.19	0.39	36	
IC2066	G	65.88471	-54.73339	15.27	B	0.86	0.64	133	
IC2067	Neb	67.71263	35.44617	11.49	V				
IC2068	G	66.65367	-42.09372	14.27	B	1.29	0.91	171	
IC2069	Other	66.48392	-48.20806						
IC2070	G	66.14871	-57.98089	14.50	B	1.44	0.67	88	
IC2071	GGroup	66.55496	-53.15211			1.20			
IC2072	Other	66.72750	-48.37750						
IC2073	G	66.64100	-53.18733	13.72	V	1.43	0.58	50	
IC2074	Other	67.84596	7.70261						
IC2076	Other	67.03254	-48.22886						
IC2079	G	67.12842	-53.73792	14.00	V	1.40	0.39	125	
IC2080	G	67.96729	-5.75683	15.84	B	0.78	0.47	15	
IC2081	G	67.25375	-53.61369	13.27	V	1.00	0.77	75	
IC2082	GPair	67.28167	-53.82722			1.40			
IC2082 NED01	G	67.28421	-53.82794	12.79	V	1.23	0.58	125	
IC2082 NED02	G	67.27925	-53.82669	13.77	V	1.02	0.55	123	
IC2083	G	67.68446	-53.98083	14.93	B	0.95	0.51	102	
IC2084	Other	68.02571	-48.28831						
IC2085	G	67.85100	-54.41683	13.18	V	2.45	0.54	112	
IC2086	G	67.88404	-53.64764	15.71	B	0.64	0.57	141	
IC2087	Neb	69.99988	25.74222			4.00	4.00		
IC2088	Neb	67.76900	26.60703						
IC2089	G	68.21017	-75.53944	15.13	B	0.99	0.88	36	
IC2090	Other	71.18362	-33.99408						
IC2091	Other	71.66342	-4.67181						
IC2092	Other	71.69842	-4.94336						
IC2094	G	72.10346	-5.35264	15.82	B	1.04	0.27	71	
IC2095	G	72.19012	-5.12481	16.13	B	1.46	0.20	55	
IC2096	Other	72.42025	-4.97864						
IC2097	G	72.60092	-5.08122	15.33	B	1.16	0.29	116	
IC2098	G	72.68462	-5.41867	14.66	B	2.45	0.33	96	
IC2101	G	72.92600	-6.23144	14.42	B	1.76	0.38	152	
IC2102	G	72.98050	-4.95161	14.52	B	1.28	1.14	65	
IC2103	G	69.95021	-76.83681	14.67	B	2.02	0.34	88	
IC2104	G	74.07900	-15.79789	13.79	B	2.11	1.14	100	
IC2105	Cl+N	72.36108	-69.20092	11.30	V	0.65	0.60	170	
IC2106	G	74.14121	-28.50392	13.79	B	1.79	1.04	156	
IC2111	Cl+N	72.96717	-69.39217			0.65	0.55	130	
IC2112	G	75.12562	4.38653	15.36	B	0.32	0.21	26	
IC2116	HII	74.31775	-66.38903	14.21	V	0.60	0.60		
IC2117	Cl+N	74.31338	-68.44147			1.00	0.90	110	
IC2119	G	76.71229	-20.34519	14.69	B	1.20	0.63	54	
IC2120	Other	79.79292	38.18500						
IC2122	G	79.75583	-37.08939	13.93	B	1.75	1.51	66	
IC2125	G	81.11717	-27.01606	14.50	B	1.02	0.75	126	
IC2128	Cl+N	80.68404	-68.06108	11.10	V	4.80	3.60	40	
IC2129	G	82.96029	-23.14506	13.85	B	1.82	0.88	103	
IC2132	G	83.11946	-13.92711	14.15	B	1.88	0.62	175	
IC2134	GCl	80.77433	-75.44683	13.94	V	1.40	1.40		
IC2135	G	83.30375	-36.39883	13.28	B	3.24	0.66	110	
IC2137	G	83.59033	-23.53333	13.94	B	1.29	0.81	83	
IC2139	*Ass	83.81762	-17.93367						
IC2140	GCl	83.34129	-75.37536	13.48	V	2.30	2.30		
IC2141	*Ass	85.59308	-51.03286						
IC2142	G	83.28817	-78.01942	15.53	B	0.86	0.48	27	
IC2143	G	86.71921	-18.72639	13.42	B	1.90	0.92	99	
IC2144	HII	87.55787	23.87242			1.00	1.00	0	
IC2145	Neb	85.10313	-69.67031	12.00	V	0.19			
IC2146	GCl	84.44554	-74.78319	12.41	V	3.30	3.30		
IC2147	G	85.86692	-30.49503	13.62	B	1.56	1.29	86	
IC2148	GCl	84.79942	-75.56244	14.23	V	1.30	1.30		
IC2149	PN	89.09954	46.10478	10.78	V	0.14			
IC2150	G	87.82733	-38.32047	12.94	V	2.90	0.80	83	
IC2151	G	88.15179	-17.78728	14.17	B	1.24	0.64	93	
IC2152	G	89.47254	-23.18078	13.49	B	1.65	1.15	50	
IC2153	GPair	90.02158	-33.91975			1.00			
IC2153 NED01	G	90.01762	-33.92008	14.26	B	1.15	0.89	68	
IC2153 NED02	G	90.02267	-33.91819	14.33	B	1.08	0.84	69	
IC2155	G	90.16012	-33.99733	16.54	B	0.37	0.23	3	
IC2156	OCl	91.21837	24.15844						
IC2157	OCl	91.19825	24.07103	8.40	V	2.70			
IC2158	G	91.32483	-27.85697	12.91	B	1.36	1.08	115	
IC2159	Neb	92.49008	20.43139						
IC2160	G	88.86900	-76.92025	13.11	V	1.80	0.89	108	
IC2161	GCl	89.35358	-75.13947	14.24	V	1.60	1.60		
IC2162	HII	93.26958	17.98008			4.00	4.00		
IC2163	G	94.11658	-21.37586	11.11	V	3.37	0.95	103	
IC2164	G	91.71775	-75.36469	14.57	B	1.15	0.97	122	
IC2165	PN	95.42792	-12.98722	10.50	V	0.15			
IC2166	G	96.73183	59.08008	12.45	V	2.20	1.08	116	
IC2170	Other	98.52046	44.68844						
IC2171	G	101.11538	-17.93247	15.19	B	1.63	0.34	91	
IC2174	G	107.27338	75.35303	13.55	V	0.78	0.78	125	
IC2176	G	106.88263	32.46975	15.12	B	0.93	0.76	180	
IC2177	RfN	106.15379	-10.47106			20.00	20.00		
IC2178	G	106.90692	32.51239	16.01	B	0.59	0.35	140	
IC2179	G	108.88462	64.92619	12.51	V	0.85	0.79	95	
IC2180	G	107.83158	26.37153	14.96	B	0.90	0.79	10	
IC2181	G	108.29313	18.99583	14.78	B	1.02	0.56	140	
IC2182	G	108.54596	18.94503	14.89	B	1.51	0.78	103	
IC2183	Other	109.23450	-20.41047						
IC2184	GGroup	112.35583	72.12889			1.10			
IC2184 NED01	G	112.35067	72.12789	14.29	B	0.86	0.40	145	
IC2184 NED02	G	112.36258	72.13097	14.00	B	0.73	0.30	15	
IC2185	G	110.81683	32.49533	14.88	B	0.60	0.36	125	
IC2186	G	110.69908	21.52925	16.09	B	0.33	0.22	30	
IC2187	G	110.68046	21.48336	15.10	B	0.20	0.20	175	
IC2188	G	110.67992	21.51303	15.05	B	1.10	0.72	112	
IC2189	Other	111.23996	8.92069						
IC2190	G	112.47625	37.45175	14.68	B	0.93	0.61	19	
IC2191	G	112.57275	24.32772	15.18	B	0.81	0.53	20	
IC2192	G	113.33462	31.36139	15.56	B	0.52	0.41	134	
IC2193	G	113.34879	31.48356	14.62	B	1.47	0.96	87	
IC2194	G	113.41746	31.33442	14.96	B	1.51	0.38	50	
IC2195	Other	112.11513	-51.25742						
IC2196	G	113.54058	31.40567	13.92	B	1.67	0.86	153	
IC2197	G	113.60546	31.42200	17.07	B	0.50	0.33	138	
IC2198	G	113.54637	23.96633	15.27	B	0.65	0.62	60	
IC2199	G	113.73225	31.27625	13.55	B	1.03	0.58	26	
IC2200	G	112.07296	-62.35292	13.16	V	1.33	0.78	59	
IC2201	G	114.07004	33.12272	14.91	B	1.16	0.29	66	
IC2202	G	111.97808	-67.57422	13.60	V	2.16	0.67	164	
IC2203	G	115.14004	34.23006	14.58	B	0.90	0.70	154	
IC2204	G	115.32542	34.23217	16.26	V	0.89	0.82	138	
IC2205	G	116.72737	26.87233	14.98	B	0.71	0.35	52	
IC2207	G	117.46204	33.96228	15.15	B	1.71	0.28	124	
IC2208	G	118.03267	27.48392	15.18	B	0.43	0.33	12	
IC2209	G	119.05921	60.30408	13.80	V	0.84	0.75	145	
IC2211	G	119.44025	32.55811	14.56	B	0.82	0.45	139	
IC2212	G	119.73833	32.61225	15.70	B	0.73	0.64	103	
IC2213	G	119.77729	27.46400	15.44	B	0.73	0.61	71	
IC2214	G	119.97421	33.29053	14.45	B	0.92	0.81	40	
IC2215	Other	119.88813	24.92897						
IC2217	G	120.20721	27.50031	14.30	B	0.59	0.42	87	
IC2218	G	120.41038	24.43244	15.57	B	0.85	0.30	19	
IC2219	G	120.65221	27.43750	14.41	B	1.16	0.55	176	
IC2220	RfN	119.21229	-59.12578			5.00			Toby Jug Nebula
IC2221	G	121.28313	37.45064	16.22	B	0.64	0.45	23	
IC2222	G	121.31154	37.47258	15.43	B	0.79	0.41	121	
IC2223	G	121.45963	37.46006	16.31	B	0.46	0.30	71	
IC2225	G	121.36717	35.94669	14.76	B	1.07	0.75	87	
IC2226	G	121.54675	12.54350	13.43	V	1.05	0.78	142	
IC2227	G	121.77992	36.23347	14.19	V	1.11	0.58	30	
IC2230	G	122.73562	25.68469	15.67	B	0.57	0.46	159	
IC2231	G	122.75667	5.08733	14.91	B	1.67	1.67	120	
IC2233	G	123.49546	45.74214	12.61	V	2.88	0.40	172	
IC2234	G	123.46508	35.49292	15.98	B	0.54	0.51	124	
IC2239	G	123.52829	23.86636	15.24	B	0.84	0.71	140	
IC2247	G	123.99625	23.19961	14.04	B	1.82	0.27	149	
IC2248	G	124.02004	23.13403	15.03	B	0.79	0.46	52	
IC2249	G	124.14346	24.49372	16.54	B	0.31	0.25	122	
IC2250	G	124.13400	23.63297	16.58	B	0.41	0.31	122	
IC2253	G	124.14117	21.40989	14.70	B	0.95	0.58	168	
IC2254	G	124.18963	24.78022	15.28	B	0.70	0.43	119	
IC2256	G	124.22679	24.17683	15.13	B	0.79	0.40	8	
IC2267	G	124.50671	24.73533	15.20	B	1.85	0.24	152	
IC2268	G	124.52733	24.79644	15.47	B	0.38	0.37	90	
IC2269	G	124.53650	23.04758	15.60	B	0.98	0.21	30	
IC2271	G	124.58208	24.52692	15.42	B	0.40	0.31	150	
IC2274	Other	124.55837	18.66583						
IC2276	Other	124.62238	18.47772						
IC2278	Other	124.64354	18.46153						
IC2282	G	124.81471	24.79264	13.93	V	0.88	0.77	45	
IC2288	G	124.84325	23.74731	15.62	B	0.53	0.31	68	
IC2290	G	124.81608	19.31325	15.34	B	0.58	0.42	149	
IC2293	G	124.88379	21.39431	14.37	V	0.89	0.67	125	
IC2307	G	125.17842	19.44067	15.40	B	0.85	0.36	162	
IC2308	GTrpl	125.18854	19.36228			0.63	0.32	93	
IC2308 NED01	G	125.18688	19.36222	17.10	B	0.28	0.11	87	
IC2309	G	125.18171	18.39783	15.97	B	0.76	0.25	6	
IC2311	G	124.69158	-25.36975	11.52	V	2.14	1.99	47	
IC2312	GPair	125.22242	18.51089			0.70			
IC2312 NED01	G	125.22192	18.50853	16.68	B	0.44	0.27	175	
IC2312 NED02	G	125.22313	18.51239	18.21	B	0.25	0.17	55	
IC2325	Other	125.53638	18.91214						
IC2326	Other	125.55058	19.01208						
IC2327	G	125.36654	3.16928	13.95	B	1.21	0.39	169	
IC2328	Other	125.57242	19.61644						
IC2329	G	125.58117	19.41597	14.89	B	2.00	0.36	116	
IC2335	G	125.77933	19.40803	16.77	B	0.45	0.29	164	
IC2337	G	125.83454	18.53522	16.06	B	0.48	0.26	46	
IC2338	G	125.88612	21.33808	14.75	V	0.55	0.40	32	
IC2339	G	125.89254	21.34764	14.01	V	0.89	0.45	61	
IC2340	G	125.87521	18.74944	14.44	B	1.07	0.73	160	
IC2341	G	125.92267	21.43489	14.64	B	1.18	0.57	3	
IC2348	G	126.08438	20.53325	14.98	V	0.66	0.32	91	
IC2350	Other	126.11825	19.55206						
IC2361	G	126.43542	27.87458	14.76	B	1.56	0.50	78	
IC2363	G	126.43925	19.44928	14.87	B	0.83	0.70	5	
IC2365	G	126.57525	27.84014	14.53	B	1.21	0.85	44	
IC2367	G	126.04200	-18.77556	12.05	V	2.45	1.30	60	
IC2373	G	126.70408	20.36483	14.88	V	0.59	0.48	160	
IC2374	G	127.09225	30.44319	15.26	V	0.53	0.48	161	
IC2375	G	126.58196	-13.30314			2.18	0.35	84	
IC2376	G	127.10887	30.40769	14.58	V	0.89	0.60	64	
IC2377	G	126.60867	-13.30617	14.76	B	1.05	0.62	21	
IC2378	G	127.13188	30.43133	13.23	V	1.31	0.92	23	
IC2379	G	126.61583	-13.29286			0.96	0.49	35	
IC2380	G	127.18287	30.40453	14.15	V	0.80	0.72	162	
IC2382	G	127.19217	22.05347	14.59	B	0.89	0.58	165	
IC2383	G	127.42229	30.68797	14.45	V	0.61	0.45	93	
IC2384	G	128.59783	32.43478	15.38	B	0.88	0.65	73	
IC2385	G	128.79317	37.26597	15.07	B	0.79	0.52	27	
IC2387	G	129.64167	30.79869	14.73	B	1.16	0.53	18	
IC2388	G	129.98550	19.64531	15.81	B	0.57	0.33	150	
IC2389	G	131.99071	73.53919	13.32	V	1.30	0.30	125	
IC2391	OCl	130.13283	-53.03547	2.50	V	29.10			omi Vel Cluster
IC2392	G	131.12833	18.28614	14.58	B	0.61	0.46	5	
IC2393	G	131.70496	28.17131	14.33	B	1.18	0.80	27	
IC2394	G	131.77879	28.23656	15.07	B	0.68	0.59	98	
IC2395	OCl	130.62546	-48.15056	4.60	V	6.00			
IC2398	G	131.68571	17.75492	15.30	B	0.64	0.33	6	
IC2399	G	131.95721	18.91189	15.73	B	0.53	0.50	3	
IC2400	G	131.99646	38.06981	15.09	B	0.90	0.38	112	
IC2401	G	132.04292	37.75536	14.90	B	1.12	0.74	101	
IC2402	G	131.99600	31.78564	15.40	B	0.82	0.75	120	
IC2403	G	131.53888	-15.35700	15.42	B	0.70	0.38	120	
IC2404	G	132.04354	29.49136	14.75	V	0.76	0.55	109	
IC2405	G	132.17817	37.21864	14.86	B	0.76	0.57	7	
IC2406	G	132.01921	17.70239	14.21	B	1.64	0.77	173	
IC2407	G	132.03813	17.61147	15.12	B	1.25	0.23	86	
IC2409	G	132.10275	18.33114	14.30	B	0.92	0.73	148	
IC2414	G	132.45883	18.79242	15.67	B	0.58	0.39	46	
IC2418	G	132.85450	17.94525	16.42	B	0.39	0.33	111	
IC2420	G	132.89067	3.10069	14.85	B	0.84	0.72	141	
IC2421	G	133.59000	32.68086	13.31	V	1.41	0.95	53	
IC2422	G	133.60129	20.22481	15.66	B	0.66	0.62	130	
IC2423	G	133.69617	20.22028	14.57	B	0.84	0.64	114	
IC2426	G	134.62700	2.92550	15.17	B	0.61	0.44	119	
IC2427	G	135.25708	37.87544	15.56	B	0.74	0.61	98	
IC2428	G	135.81125	30.59133	14.60	B	1.61	0.41	76	
IC2429	G	135.92721	29.29600	14.61	V	0.59	0.41	146	
IC2430	G	136.09512	27.95300	14.38	B	0.96	0.50	40	
IC2431	GGroup	136.14729	14.59408			1.00			
IC2431 NED01	G	136.14400	14.59789	17.47	B	0.04	0.02	134	
IC2431 NED02	G	136.14467	14.59578	14.04	V	0.60	0.48	32	Browning
IC2431 NED03	G	136.14508	14.59342			0.45	0.33	5	
IC2431 NED04	G	136.14767	14.59506	17.44	B	0.28	0.23	98	
IC2432	G	136.16475	5.51206	15.59	B	0.82	0.30	131	
IC2433	G	136.36971	22.60222	15.22	B	0.82	0.40	109	
IC2434	G	136.81692	37.21528	14.49	B	1.30	0.63	19	
IC2435	G	136.70746	26.27544	14.96	B	0.88	0.39	116	
IC2437	G	136.38796	-19.20711	12.92	V	1.79	1.23	119	
IC2438	Other	138.53679	73.41736						
IC2439	G	137.16025	32.59294	16.06	V	1.40	0.42	31	
IC2441	GPair	137.50958	22.85333			0.90			
IC2441 NED01	G	137.50758	22.85506	15.29	B	0.63	0.24	155	
IC2441 NED02	G	137.51208	22.85178	15.78	B	0.66	0.47	162	
IC2442	G	137.52154	22.83833	15.33	B	0.83	0.78	155	
IC2443	G	137.87871	28.82658	14.21	V	0.66	0.57	12	
IC2444	G	138.21192	30.21228	15.23	B	0.82	0.71	48	
IC2445	G	138.30250	31.80786	15.25	B	0.76	0.41	18	
IC2446	G	138.38075	28.95175	13.64	V	1.49	0.61	147	
IC2448	PN	136.77608	-69.94183	10.40	V	0.15			
IC2450	G	139.27200	25.42917	13.93	B	1.35	0.72	156	
IC2451	G	138.94908	23.49642	15.77	B	0.93	0.71	105	
IC2452	G	138.98992	23.47225	15.68	B	0.68	0.31	132	
IC2453	G	138.97721	20.92889	15.37	B	0.72	0.41	62	
IC2454	G	139.00738	17.82069	14.44	B	0.97	0.68	100	
IC2456	G	139.35100	34.67439	15.65	B	0.63	0.45	54	
IC2457	G	139.26725	20.09350	16.21	B	0.55	0.40	75	
IC2459	G	139.74779	34.86219	15.78	B	0.66	0.38	118	
IC2461	G	139.99179	37.19125	14.77	B	2.41	0.51	143	
IC2462	G	140.73438	22.68636	16.06	B	0.69	0.25	62	
IC2463	G	140.75104	22.61856	15.79	B	0.54	0.44	103	
IC2464	G	140.84279	22.63025	15.25	B	0.80	0.54	147	
IC2465	G	140.88129	24.44569	15.09	B	0.97	0.56	89	
IC2466	G	140.93762	24.51844	15.44	B	0.83	0.49	92	
IC2467	G	141.21967	38.35175	14.77	B	0.95	0.92	45	
IC2468	G	141.25621	38.34403	16.09	B	0.51	0.47	60	
IC2469	G	140.75442	-32.44975	11.09	V	5.79	1.17	37	
IC2470	G	141.42217	23.36161	15.21	B	1.01	0.94	105	
IC2471	G	141.30071	-6.82992	14.40	B	1.08	0.52	151	
IC2472	G	141.64050	21.38503	15.49	B	0.62	0.51	4	
IC2473	G	141.84792	30.44081	14.69	B	1.08	0.74	92	
IC2474	G	141.79754	23.03428	15.75	B	0.59	0.22	96	
IC2475	G	141.97637	29.79186	15.61	B	1.01	0.34	111	
IC2476	G	141.97012	29.98575	14.24	B	1.30	1.04	40	
IC2477	G	142.07429	29.70606	14.65	V	0.60	0.43	172	
IC2478	G	142.00387	30.03697	15.56	B	0.57	0.42	140	
IC2479	G	142.01704	29.99144	15.50	B	0.58	0.33	152	
IC2481	G	141.87004	3.92961	14.48	B	0.83	0.47	161	
IC2482	G	141.74675	-12.10892	13.92	B	2.84	1.84	145	
IC2483	G	142.35746	30.99472	15.64	B	0.66	0.45	103	
IC2484	Other	141.70950	-42.84281						
IC2485	Other	141.79950	-39.28472						
IC2486	G	142.57237	26.64128	14.98	B	0.92	0.62	135	
IC2487	G	142.53821	20.09086	14.13	B	1.84	0.46	164	
IC2488	OCl	141.90929	-57.00694	7.40	V	7.20			
IC2489	Other	142.79846	-5.88417						
IC2490	G	143.26521	29.92836	14.60	B	0.97	0.65	177	
IC2491	G	143.80925	34.73167	14.90	B	0.87	0.61	74	
IC2492	G	143.31196	-37.86633	15.72	B	0.76	0.31	48	
IC2493	G	144.07308	37.36400	14.75	B	0.97	0.72	1	
IC2495	G	144.53079	28.05767	14.74	B	0.73	0.30	11	
IC2496	G	144.68542	34.72678	15.44	B	0.73	0.43	33	
IC2497	G	145.26704	34.73272	15.78	B	0.72	0.38	115	
IC2498	G	145.34142	28.11447	15.30	B	0.83	0.31	25	
IC2499	G	145.35262	27.89525	16.21	B	0.63	0.26	125	
IC2500	G	145.59737	36.34969	14.94	B	1.35	0.43	164	
IC2501	PN	144.69658	-60.09186	10.40	V	0.03			
IC2502	G	145.81417	35.16053	15.57	B	0.55	0.52	75	
IC2503	G	145.81600	35.20622	16.49	B	0.42	0.28	100	
IC2504	Other	144.64092	-69.08511						
IC2505	G	146.27896	27.26858	15.82	B	0.75	0.55	18	
IC2506	G	146.30321	27.25200	15.71	B	0.55	0.41	79	
IC2507	G	146.14125	-31.79000	13.34	B	1.74	0.86	48	
IC2508	G	146.77950	33.50806	15.78	B	0.69	0.44	19	
IC2510	G	146.93117	-32.83744	15.50	B	1.59	0.86	148	
IC2511	G	147.35229	-32.83919	13.09	B	4.22	0.81	43	
IC2513	G	147.50329	-32.88283	13.30	B	3.39	0.68	63	
IC2515	G	148.66425	37.40858	14.95	B	1.13	0.40	174	
IC2516	G	148.70150	37.68694	14.89	B	0.97	0.87	13	
IC2517	G	148.21113	-33.74194	15.45	B	0.68	0.56	98	
IC2518	G	148.99387	37.15553	15.77	B	0.70	0.53	110	
IC2519	G	148.99504	34.03658	15.48	B	0.35	0.25	90	
IC2520	G	149.08383	27.22758	14.31	B	0.88	0.74	57	
IC2521	G	149.31562	33.97631	15.63	B	0.61	0.57	15	
IC2522	G	148.78733	-33.13714	12.00	V	2.30	1.74	180	
IC2523	G	148.78967	-33.21022	13.63	B	1.43	0.86	30	
IC2524	G	149.38692	33.61972	14.76	B	0.74	0.44	64	
IC2525	G	149.60400	37.10186	15.81	B	0.65	0.61	55	
IC2526	G	149.26262	-32.25686	13.66	B	2.07	0.70	56	
IC2527	G	150.02704	38.17219	15.55	B	0.57	0.48	123	
IC2530	G	150.37942	37.20394	14.96	B	0.97	0.94	20	
IC2531	G	149.98237	-29.61697	12.22	V	6.55	0.60	74	
IC2532	G	150.02250	-34.22828	14.04	B	2.04	1.12	36	
IC2533	G	150.13196	-31.24500	11.97	V	2.04	1.45	180	
IC2534	G	150.37442	-34.11242	13.41	B	1.84	1.25	98	
IC2535	G	151.13262	38.00603	14.77	B	0.85	0.74	75	
IC2536	G	150.87592	-33.94975	14.55	B	1.88	0.40	45	
IC2537	G	150.96621	-27.57086	12.22	V	2.61	1.82	17	
IC2538	G	150.98538	-34.80753	15.00	B	1.49	0.75	180	
IC2539	G	151.06754	-31.36294	14.06	B	1.98	0.56	25	
IC2540	G	151.69463	31.47572	15.20	B	0.91	0.59	158	
IC2541	G	151.45004	-17.43456	13.88	B	1.47	0.64	4	
IC2542	G	151.96058	34.31531	14.53	B	1.04	0.77	171	
IC2543	GPair	152.09917	37.84278			0.80			
IC2543 NED01	G	152.09817	37.84153	15.73	B	0.74	0.29	134	
IC2543 NED02	G	152.09987	37.84422	17.51	B	0.20	0.14	6	
IC2544	G	152.12387	33.34639	15.32	B	0.52	0.40	65	
IC2546	G	151.77467	-33.26136	15.60	B	0.83	0.60	95	
IC2547	G	152.51871	36.50244	15.62	B	0.82	0.36	121	
IC2548	G	151.97896	-35.22961	14.04	B	2.17	1.42	70	
IC2549	G	152.54233	36.46486	15.88	B	0.47	0.32	143	
IC2550	G	152.61633	27.95611	14.48	B	0.93	0.68	109	
IC2551	G	152.66800	24.41414	14.53	B	0.76	0.56	36	
IC2552	G	152.69225	-34.84469	12.06	V	1.87	1.68	89	
IC2553	PN	152.33696	-62.61369	10.30	V	0.15			
IC2554	G	152.21067	-67.03086	11.70	V	3.31	1.29	8	
IC2556	G	153.15679	-34.72886	14.26	B	1.83	0.95	119	
IC2557	G	154.02446	38.10922	15.60	B	0.60	0.41	95	
IC2558	G	153.68392	-34.33872	13.74	V	1.01	0.61	17	
IC2559	G	153.68912	-34.05881	14.42	B	1.69	0.53	17	
IC2560	G	154.07800	-33.56381	12.06	V	3.55	1.67	46	
IC2561	G	154.78587	34.67503	14.81	B	0.89	0.55	14	
IC2562	G	154.72708	16.15553	14.97	B	0.66	0.44	166	
IC2563	G	154.71637	-32.59656	15.56	B	0.91	0.38	110	
IC2564	G	155.36542	36.45206	15.83	B	0.71	0.60	50	
IC2565	G	155.32446	27.93008	15.14	B	0.67	0.42	70	
IC2566	G	155.58079	36.58303	14.72	B	0.98	0.64	6	
IC2567	G	155.49083	24.65522	15.36	B	0.79	0.59	57	
IC2568	G	155.62504	36.59931	14.93	B	1.10	0.55	93	
IC2569	G	155.72329	24.60642	15.46	B	0.67	0.57	146	
IC2570	G	155.39292	-33.62322	16.05	B	0.82	0.44	172	
IC2572	G	156.28033	28.09481	15.47	B	0.90	0.43	26	
IC2573	G	155.87575	-35.45558	15.38	B	1.50	0.33	2	
IC2574	G	157.09783	68.41214	10.46	V	12.91	5.57	48	Coddington's Nebula
IC2575	G	156.35000	-32.63625	15.95	B	0.63	0.58	55	
IC2576	G	156.49575	-32.90347	14.86	B	0.94	0.63	42	
IC2577	G	157.00604	32.76389	15.35	B	0.70	0.41	103	
IC2578	G	156.84454	-33.87733	15.06	B	1.51	0.35	143	
IC2580	G	157.07492	-31.51803	12.72	V	2.05	1.75	128	
IC2581	OCl	156.87146	-57.61731	4.30	V	6.00			
IC2582	G	157.29583	-30.34250	12.91	V	1.29	1.25	150	
IC2583	G	157.79350	26.05506	14.92	B	0.59	0.49	124	
IC2584	G	157.46454	-34.91164	12.67	V	1.44	0.59	134	
IC2586	G	157.76000	-28.71664	12.52	V	1.53	1.19	85	
IC2587	G	157.74833	-34.56294	12.35	V	1.98	1.47	36	
IC2588	G	157.95892	-30.38453	12.53	V	1.65	1.31	154	
IC2589	G	158.08675	-24.03756	14.31	B	0.82	0.39	11	
IC2590	G	159.06908	26.96247	14.73	B	0.97	0.97	10	
IC2591	G	159.16112	35.05292	14.45	B	1.00	0.62	134	
IC2593	G	159.06646	-12.72581	15.54	B	0.87	0.58	88	
IC2594	G	159.01737	-24.32308	13.48	B	1.66	1.39	112	
IC2595	Other	159.38800	-11.11672						
IC2596	G	158.55192	-73.24014	13.87	B	1.32	0.81	179	
IC2597	G	159.44771	-27.08169	11.68	V	2.62	1.73	8	
IC2598	G	159.92638	26.72756	15.29	B	0.66	0.39	152	
IC2599	HII	159.36288	-58.73339			20.00	20.00		
IC2600	G	161.66167	72.32044	15.58	B	0.62	0.45	115	
IC2601	G	161.80550	72.32303	15.46	B	0.35	0.28	165	
IC2602	OCl	160.73946	-64.39419			48.00			tet Car Cluster
IC2603	Other	162.10567	32.92731						
IC2604	G	162.35446	32.77272	14.86	B	1.18	1.03	40	
IC2605	Other	162.44808	32.97319	15.39	B	0.40	0.20	0	
IC2606	G	162.57354	37.95622	14.58	B	1.07	0.40	112	
IC2607	G	162.57892	37.99394	15.27	B	0.75	0.48	63	
IC2608	G	162.56467	32.76817	15.45	B	0.79	0.31	121	
IC2610	Other	163.03363	33.08317						
IC2612	G	163.40483	32.76764	15.78	B	0.82	0.56	108	
IC2614	G	165.39083	38.80367	16.50	B	0.24	0.24	16	
IC2615	G	165.50950	37.94525	15.45	B	0.38	0.34	80	
IC2616	G	165.52400	38.78725	15.35	B	0.66	0.48	69	
IC2617	G	165.53179	38.66425	14.80	B	0.89	0.45	97	
IC2619	G	165.56358	37.96608	15.66	B	0.33	0.22	67	
IC2620	G	165.59979	38.50503	14.22	V	1.04	0.94	110	
IC2621	PN	165.08329	-65.24936	11.20	V	0.08			
IC2623	G	165.96233	-20.09306	13.50	V	1.06	0.73	64	
IC2626	G	167.26613	26.90417	15.80	B	0.77	0.34	50	
IC2627	G	167.47246	-23.72594	12.00	V	2.40	1.70	43	
IC2628	G	167.90779	12.12197	15.72	B	0.75	0.69	110	
IC2629	G	168.15392	12.10494	16.20	B	0.70	0.34	28	
IC2631	Neb	167.46996	-76.61431						
IC2632	G	168.27475	11.67328	17.07	B	0.41	0.37	55	
IC2633	G	168.29183	11.60100	16.53	B	0.62	0.36	17	
IC2634	G	168.36771	10.48597	15.00	B	0.90	0.82	110	
IC2636	G	168.39183	11.45617	16.60	B	0.67	0.37	73	
IC2637	G	168.45729	9.58631	14.17	V	0.97	0.86	62	
IC2638	G	168.46629	10.56339	15.04	B	0.97	0.65	100	
IC2639	G	168.48142	9.64281	16.43	B	0.57	0.42	100	
IC2640	G	168.52287	10.99767	16.65	B	0.43	0.35	105	
IC2642	Other	168.56583	12.26567						
IC2644	G	168.62421	10.76847	16.52	B	0.61	0.36	76	
IC2645	G	168.62842	11.88678	15.71	B	0.79	0.29	92	
IC2646	G	168.65667	12.52850	16.91	B	0.45	0.34	2	
IC2648	G	168.69012	10.22483	16.14	B	0.58	0.46	16	
IC2649	G	168.69354	11.12769	15.35	B	0.85	0.74	74	
IC2650	G	168.71942	13.85247	16.74	B	0.48	0.43	21	
IC2651	G	168.71783	12.23978	16.27	B	0.52	0.39	84	
IC2652	G	168.71800	12.44806	16.32	B	0.67	0.64	45	
IC2654	G	168.76192	12.49947	16.85	B	0.41	0.35	93	
IC2655	G	168.77150	12.16439	17.44	B	0.36	0.30	68	
IC2656	G	168.77242	12.37914	16.88	B	0.64	0.30	128	
IC2657	G	168.78629	13.69472	17.27	B	0.29	0.17	131	
IC2660	G	168.86850	12.43719	16.78	B	0.40	0.31	158	
IC2661	G	168.87154	13.60867	15.79	B	0.68	0.26	110	
IC2662	Other	168.87829	12.77106						
IC2665	G	168.91992	11.72414	17.51	B	0.59	0.21	103	
IC2666	G	168.93238	13.78225	14.26	B	1.07	0.72	167	
IC2667	G	168.93350	12.11683	16.68	B	0.63	0.51	173	
IC2668	G	168.88450	-14.17108	14.59	B	1.55	0.54	140	
IC2670	G	168.99817	11.78336	16.57	B	0.46	0.29	166	
IC2673	G	169.01721	10.16256	15.35	B	0.85	0.55	35	
IC2674	G	169.03438	11.04864	15.40	B	1.12	0.65	23	
IC2676	G	169.07713	9.82183	17.69	B	0.14	0.11	155	
IC2677	G	169.08042	12.21586	18.16	B	0.23	0.19	10	
IC2678	G	169.09017	11.94911	16.39	B	0.67	0.26	121	
IC2679	G	169.09667	12.01539	15.67	B	0.87	0.56	23	
IC2680	G	169.10638	9.80714	15.87	B	0.79	0.28	132	
IC2681	Other	169.13854	11.20719						
IC2683	G	169.22625	12.09928	17.01	B	0.42	0.28	87	
IC2684	G	169.25438	13.09964	17.03	B	0.76	0.57	171	
IC2689	G	169.33125	12.95994	16.94	B	0.66	0.24	31	
IC2690	G	169.33996	12.97542	18.03	B	0.28	0.26	47	
IC2692	G	169.38842	10.76806	16.62	B	0.52	0.39	100	
IC2694	G	169.41083	13.37611	15.62	B	0.76	0.36	86	
IC2695	G	169.45237	13.72767	16.53	B	0.51	0.39	58	
IC2698	G	169.46258	11.88578	15.81	B	0.70	0.48	43	
IC2700	G	169.47575	12.05419	17.03	B	0.38	0.31	120	
IC2701	G	169.48758	11.11806	17.20	B	0.44	0.22	78	
IC2702	G	169.48846	9.41247	17.00	B	0.40	0.34	117	
IC2703	G	169.52138	17.64953	15.81	B	0.93	0.82	19	
IC2704	G	169.51671	12.45419	15.71	B	0.65	0.40	70	
IC2707	G	169.62850	9.47486	16.51	B	0.46	0.38	148	
IC2708	G	169.64421	12.71111	15.06	B	0.92	0.77	63	
IC2709	G	169.67567	12.56169	17.47	B	0.54	0.38	153	
IC2712	G	169.71992	9.62689	16.55	B	0.46	0.41	44	
IC2713	G	169.79258	12.16481	16.29	B	0.59	0.57	40	
IC2714	OCl	169.36396	-62.72511	8.20	V	7.20			
IC2715	G	169.80996	11.95217	21.01	B	0.74	0.37	100	
IC2716	G	169.81808	11.69856	17.70	B	0.38	0.19	81	
IC2718	G	169.83708	12.02228	15.84	B	0.59	0.26	99	
IC2719	G	169.88417	12.05978	17.87	B	0.22	0.21	83	
IC2720	G	169.89854	12.07658	15.64	B	0.79	0.59	24	
IC2721	Other	169.92838	12.31064						
IC2722	GTrpl	169.93483	13.96292			0.70			
IC2722 NED01	G	169.93308	13.96392	16.10	B	0.69	0.48	70	
IC2722 NED03	G	169.93483	13.96292	17.08	B	0.11	0.07	80	
IC2723	G	169.94958	12.03344	17.38	B	0.47	0.25	104	
IC2724	G	169.95183	10.71656	16.84	B	0.48	0.44	85	
IC2725	G	169.98933	13.42928	17.20	B	0.48	0.42	116	
IC2726	Other	169.99350	13.41558						
IC2727	G	170.00029	12.03333	16.70	B	0.43	0.38	70	
IC2729	G	170.02821	13.40931	17.65	B	0.43	0.23	177	
IC2732	G	170.05158	12.40403	17.17	B	0.40	0.34	114	
IC2734	G	170.09925	12.44303	16.51	B	0.84	0.30	12	
IC2735	G	170.26625	34.34394	15.10	B	1.18	0.25	100	
IC2738	G	170.34608	34.35667	15.06	B	0.85	0.75	144	
IC2739	G	170.30179	11.91475	16.86	B	0.37	0.31	65	
IC2740	G	170.32108	8.75231	17.39	B	0.37	0.30	57	
IC2741	G	170.32279	9.15236	16.65	B	0.42	0.31	122	
IC2742	G	170.32804	10.44672	17.46	B	0.34	0.16	38	
IC2744	G	170.42712	34.36281	14.77	V	1.12	0.74	38	
IC2745	G	170.38233	13.42661	15.21	B	0.62	0.21	70	
IC2746	G	170.40175	11.73708	16.72	B	0.53	0.34	166	
IC2748	G	170.43350	8.80497	16.63	B	0.54	0.43	91	
IC2749	G	170.43833	8.57478	15.80	B	0.60	0.34	84	
IC2750	G	170.46162	9.65844	17.37	B	0.43	0.20	43	
IC2751	G	170.53079	34.36636	15.40	B	0.63	0.54	133	
IC2752	G	170.50808	14.12450	16.73	B	0.63	0.19	100	
IC2753	G	170.49879	9.87806	16.66	B	0.32	0.31	80	
IC2754	G	170.50992	14.14406	16.97	B	0.52	0.24	82	
IC2756	G	170.50379	9.96017	17.10	B	0.51	0.19	101	
IC2757	G	170.50875	8.39383	15.25	B	0.72	0.52	79	
IC2758	G	170.51388	7.81353	15.45	B	0.65	0.23	34	
IC2759	G	170.55533	24.31717	15.10	B	0.73	0.65	178	
IC2760	G	170.55333	12.66542	17.39	B	0.45	0.33	108	
IC2761	G	170.57154	14.17758	16.79	B	0.40	0.34	175	
IC2762	G	170.57467	12.72253	15.82	B	0.92	0.31	145	
IC2763	G	170.57733	13.06506	14.89	B	1.44	0.39	98	
IC2764	G	171.77096	-28.98022	12.26	V	2.20	1.18	179	
IC2765	G	170.59633	14.19906	17.17	B	0.31	0.21	90	
IC2766	G	170.59608	12.90347	17.12	B	0.53	0.35	149	
IC2767	G	170.59663	13.07781	17.03	B	0.87	0.30	90	
IC2768	G	170.59817	12.52892	17.32	B	0.40	0.30	46	
IC2769	G	170.60688	14.19589	15.95	B	0.43	0.32	166	
IC2770	G	170.60317	9.22067	16.64	B	0.39	0.38	169	
IC2771	G	170.61687	12.51917	18.11	B	0.28	0.20	22	
IC2775	G	170.66483	12.51200	17.73	B	0.32	0.25	60	
IC2776	G	170.66663	13.33053	15.15	B	0.87	0.44	160	
IC2777	G	170.66896	12.02558	15.33	B	0.79	0.59	154	
IC2778	Other	170.67471	12.52631						
IC2779	G	170.68546	13.34531	17.47	B	0.30	0.26	179	
IC2780	G	170.70054	10.14956	16.53	B	0.65	0.41	5	
IC2781	G	170.71113	12.34489	17.19	B	0.36	0.34	146	
IC2782	G	170.73067	13.44128	15.20	B	0.94	0.84	19	
IC2783	G	170.72346	8.88406	16.36	B	0.70	0.27	162	
IC2784	G	170.79846	13.11772	16.36	B	0.65	0.38	17	
IC2785	G	170.81400	13.39125	15.54	B	0.87	0.72	2	
IC2786	G	170.82292	13.39200	16.55	B	0.95	0.34	115	
IC2787	G	170.82950	13.62978	15.53	B	0.80	0.74	34	
IC2788	G	170.86237	12.69803	18.15	B	0.42	0.25	156	
IC2789	G	170.88608	14.18803	18.04	B	0.05	0.03	132	
IC2790	G	170.89192	9.55536	16.91	B	0.46	0.32	15	
IC2791	G	170.90675	12.89578	17.08	B	0.57	0.36	156	
IC2792	G	170.92296	11.40483	17.06	B	0.49	0.29	82	
IC2793	GPair	170.94746	9.44978			0.50			
IC2793 NED01	G	170.94700	9.45133	17.65	B	0.35	0.27	94	
IC2793 NED02	G	170.94808	9.44844	17.69	B	0.36	0.20	83	
IC2795	G	171.01696	12.13511	17.36	B	0.36	0.33	37	
IC2796	GPair	171.03479	9.34414			0.60			
IC2796 NED01	G	171.03496	9.34572	17.44	B	0.51	0.26	5	
IC2796 NED02	G	171.03508	9.34292	18.19	B	0.37	0.17	17	
IC2797	G	171.08775	11.70594	16.41	B	0.76	0.47	136	
IC2798	G	171.09996	12.41561	16.93	B	0.77	0.26	173	
IC2799	G	171.11113	13.84911	17.18	B	0.45	0.32	137	
IC2800	G	171.11283	12.20881	17.35	B	0.63	0.19	92	
IC2801	G	171.12096	10.18383	16.34	B	0.50	0.32	84	
IC2802	G	171.12650	12.20875	17.80	B	0.28	0.23	61	
IC2803	G	171.14754	9.85003	17.30	B	0.43	0.21	65	
IC2804	G	171.23221	13.22206	15.11	B	0.87	0.23	18	
IC2807	G	171.32104	11.53006	17.47	B	0.32	0.18	30	
IC2810	G	171.43771	14.67658	15.24	B	1.03	0.41	33	
IC2811	G	171.43604	9.17053	16.70	B	0.73	0.35	89	
IC2812	G	171.48258	11.52992	16.94	B	0.52	0.23	24	
IC2813	G	171.52708	11.25575	16.75	B	0.48	0.40	71	
IC2814	G	171.53546	9.66181	16.70	B	0.40	0.29	58	
IC2815	G	171.56896	12.80383	17.09	B	0.50	0.35	116	
IC2816	G	171.57617	10.63650	16.58	B	0.74	0.27	180	
IC2818	G	171.61196	12.92094	17.31	B	0.46	0.34	94	
IC2819	G	171.61433	13.84489	16.05	B	0.59	0.28	59	
IC2820	G	171.61188	10.23847	16.55	B	0.54	0.25	24	
IC2821	G	171.64533	13.96292	16.82	B	0.25	0.18	32	
IC2822	G	171.64187	11.44008	15.12	B	1.35	0.60	118	
IC2823	G	171.68613	12.84842	15.80	B	0.89	0.31	12	
IC2826	G	171.77533	13.23872	15.17	B	0.73	0.70	56	
IC2828	G	171.79558	8.73106	14.88	B	1.01	0.44	52	
IC2829	G	171.81242	10.32236	15.66	B	0.88	0.52	175	
IC2830	G	171.83992	7.81431	15.54	B	0.50	0.44	58	
IC2834	G	171.88258	13.57033	17.47	B	0.45	0.37	17	
IC2835	G	171.88162	12.14289	16.86	B	0.59	0.30	149	
IC2837	G	171.92483	10.31306	16.48	B	0.43	0.37	39	
IC2838	G	171.93850	14.01125	16.82	B	0.22	0.19	173	
IC2839	G	171.93925	10.81975	17.15	B	0.54	0.24	0	
IC2840	G	171.94833	13.42589	17.28	B	0.43	0.29	154	
IC2842	G	171.94871	9.65197	17.12	B	0.45	0.24	63	
IC2843	G	171.99204	13.18392	15.54	B	0.73	0.68	15	
IC2844	G	171.99208	11.45328	16.38	B	0.70	0.35	127	
IC2845	G	172.00192	12.52975	16.75	B	0.71	0.50	81	
IC2846	G	172.00204	11.15828	15.01	B	0.89	0.74	119	
IC2847	G	172.01412	13.93039	17.20	B	0.17	0.12	15	
IC2848	G	172.05696	13.03047	17.12	B	0.47	0.39	9	
IC2850	G	172.05400	9.06225	14.99	B	0.80	0.28	126	
IC2851	G	172.06088	11.39439	17.27	B	0.44	0.23	46	
IC2852	G	172.05854	9.80047	16.73	B	0.49	0.31	119	
IC2853	G	172.06192	9.14703	14.48	B	0.91	0.44	172	
IC2855	G	172.10412	9.68775	18.49	B	0.34	0.19	121	
IC2856	G	172.06796	-12.89069	14.60	B	0.99	0.43	45	
IC2857	G	172.12933	9.10442	15.31	B	1.79	0.32	160	
IC2858	G	172.14983	13.66150	16.95	B	0.21	0.17	111	
IC2860	G	172.18583	14.04189	16.64	B	0.29	0.20	157	
IC2861	G	172.24571	38.85128	15.33	B	0.83	0.74	113	
IC2862	G	172.18050	10.12728	16.91	B	0.54	0.30	31	
IC2864	G	172.24863	12.36772	16.80	B	0.61	0.39	157	
IC2867	G	172.25225	9.08939	15.92	B	0.45	0.36	88	
IC2870	G	172.30175	11.86550	18.00	B	1.05	0.95	0	
IC2871	G	172.33621	8.60236	15.22	B	0.91	0.66	81	
IC2872	Neb	172.03346	-62.98894			15.14	6.03		
IC2873	GPair	172.36429	13.21831			0.70			
IC2873 NED01	G	172.36446	13.21569	17.39	B	0.42	0.37	98	
IC2873 NED02	G	172.36517	13.22011	15.08	B	0.82	0.58	2	
IC2874	G	172.36479	10.62917	16.85	B	0.45	0.27	50	
IC2876	G	172.39000	9.01617	16.74	B	0.62	0.32	176	
IC2877	G	172.40725	12.85328	16.05	B	0.58	0.45	110	
IC2878	G	172.40921	9.96758	16.54	B	0.53	0.25	119	
IC2879	G	172.43454	9.01386	16.84	B	0.44	0.33	170	
IC2881	G	172.47671	12.51122	18.52	B	0.32	0.21	90	
IC2883	G	172.56579	10.91092	17.23	B	0.33	0.28	94	
IC2884	*Ass	171.92104	-79.73439						
IC2886	G	172.60183	11.56267	17.06	B	0.32	0.25	15	
IC2888	Other	172.64629	9.90850						
IC2889	G	172.62079	-13.09100	14.70	B	1.22	0.69	151	
IC2891	G	172.70058	12.67772	16.65	B	0.46	0.35	118	
IC2892	G	172.70379	10.58856	16.95	B	0.68	0.23	118	
IC2893	GPair	172.72200	13.39103			0.50			
IC2893 NED01	G	172.72171	13.39197	17.75	B	0.06	0.05	73	
IC2893 NED02	G	172.72275	13.38992	15.96	B	0.45	0.28	180	
IC2894	G	172.73958	13.23536	15.97	B	0.62	0.32	70	
IC2896	G	172.80596	12.35006	16.56	B	0.47	0.31	159	
IC2898	G	172.83504	13.33622	16.63	B	0.48	0.33	146	
IC2900	G	172.87371	13.16731	17.30	B	0.33	0.28	114	
IC2901	G	172.88388	12.69972	16.97	B	0.61	0.37	114	
IC2903	G	172.91983	12.64258	16.81	B	0.44	0.27	34	
IC2909	G	172.96204	11.47022	17.77	B	0.24	0.21	35	
IC2910	G	172.97796	-9.72536	14.63	B	1.28	0.88	139	
IC2912	G	173.02963	11.70975	17.11	B	0.55	0.19	84	
IC2913	G	172.96396	-30.41078	13.83	B	1.00	0.79	143	
IC2914	G	173.05179	13.49247	15.54	B	0.65	0.34	179	
IC2917	G	173.08054	10.94544	18.00	B	0.26	0.19	38	
IC2919	G	173.14542	14.18922	15.93	B	0.55	0.31	45	
IC2921	G	173.20533	10.29647	16.94	V	0.59	0.25	124	
IC2923	G	173.22313	13.16397	16.79	B	0.41	0.29	12	
IC2925	G	173.30513	34.26511	15.34	B	0.48	0.18	21	
IC2928	G	173.37483	34.31625	14.67	B	0.90	0.74	143	
IC2929	G	173.38113	12.13733	16.21	B	0.53	0.43	118	
IC2930	G	173.43392	10.08867	15.75	B	0.69	0.29	58	
IC2933	G	173.55312	34.31250	14.95	B	1.18	0.36	7	
IC2934	G	173.58146	13.32200	15.24	B	0.74	0.38	153	
IC2936	G	173.73675	13.00881	16.48	B	0.39	0.35	109	
IC2938	G	173.90125	13.68072	15.26	B	0.89	0.62	130	
IC2940	Other	174.01142	21.96167						
IC2941	G	174.04154	10.05558	14.96	B	0.85	0.59	73	
IC2942	G	174.05088	11.81589	16.18	B	0.66	0.35	68	
IC2943	G	174.17629	54.84603	15.14	B	0.41	0.33	25	
IC2944	Cl+N	173.94554	-63.01983	4.50	B	7.20			lam Cen Nebula
IC2945	GPair	174.26788	12.92658			1.00			
IC2945 NED01	G	174.26792	12.92644	15.21	B	0.96	0.70	115	
IC2946	G	174.37371	32.25247	15.03	B	0.46	0.27	154	
IC2947	G	174.37904	31.36233	14.21	V	0.75	0.56	3	
IC2948	Cl+N	174.77475	-63.44386			6.00			
IC2950	G	175.40800	37.99211	14.88	B	0.65	0.56	81	
IC2951	G	175.85233	19.74981	13.57	V	1.54	0.43	81	
IC2952	G	176.07137	33.35136	15.78	B	0.35	0.28	161	
IC2955	G	176.26629	19.62061	14.19	V	0.38	0.37	5	
IC2956	G	176.32317	26.76739	14.83	B	0.94	0.80	56	
IC2957	G	176.40392	31.29956	14.91	B	0.79	0.47	23	
IC2958	G	176.42633	33.15444	15.70	B	0.71	0.58	55	
IC2960	G	176.58208	35.00375	15.37	B	0.83	0.72	104	
IC2961	G	176.95654	31.34475	15.66	B	0.48	0.29	21	
IC2962	Other	177.27496	-12.31136						
IC2964	Other	177.46863	12.05031						
IC2966	RfN	177.55646	-64.87294			3.00	2.00	130	
IC2967	G	177.72971	30.85069	14.70	B	0.85	0.63	17	
IC2968	G	178.12721	20.62547	15.59	B	0.89	0.39	80	
IC2969	G	178.13029	-3.87225	13.78	B	1.30	0.74	95	
IC2970	Other	178.29062	-23.12328						
IC2971	G	178.36475	30.69692	15.73	B	0.70	0.48	150	
IC2973	G	178.46150	33.36550	14.42	B	1.42	0.82	120	
IC2974	G	178.45304	-5.16783	14.00	B	2.19	0.47	100	
IC2977	G	178.81108	-37.69631	12.24	V	2.14	1.17	121	
IC2978	G	179.09679	32.03872	15.36	B	1.00	0.42	130	
IC2979	G	179.22600	32.15881	14.46	B	0.84	0.54	174	
IC2980	G	179.37567	-73.68450	13.26	B	2.04	1.29	41	
IC2981	G	178.92758	32.18889	14.95	B	0.53	0.42	3	
IC2983	Other	179.56971	-2.11006						
IC2984	G	179.78012	30.69694	15.49	B	0.73	0.49	77	
IC2985	G	179.80312	30.73122	15.10	B	0.90	0.43	139	
IC2986	G	179.95671	30.84442	14.76	B	0.99	0.91	15	
IC2987	G	180.85225	38.81331	15.32	B	0.60	0.42	64	
IC2988	Other	180.92583	3.42925						
IC2990	G	181.16083	11.05006	15.09	B	0.73	0.32	15	
IC2991	G	181.30213	10.64036	15.83	B	0.67	0.24	35	
IC2992	G	181.31596	30.85564	14.83	B	0.63	0.52	161	
IC2993	G	181.40971	32.82219	16.01	B	0.35	0.31	6	
IC2994	G	181.36613	12.70289	15.65	B	0.47	0.39	62	
IC2995	G	181.44546	-27.94014	12.57	V	3.37	0.85	114	
IC2996	G	181.45263	-29.97192	14.37	B	1.78	0.44	23	
IC2997	Other	181.43529	20.28086						
IC2998	Other	181.48017	20.75336						
IC2999	G	181.48975	31.34850	15.72	B	0.67	0.26	51	
IC3000	Other	181.53563	-29.67339						
IC3001	G	181.57004	33.52586	15.46	B	0.73	0.37	73	
IC3002	G	181.76746	33.38283	15.59	B	0.61	0.47	86	
IC3003	G	181.88592	32.81300	14.91	B	0.80	0.58	145	
IC3004	G	181.79267	13.24753	15.77	B	0.61	0.40	24	
IC3005	G	181.80904	-30.02464	13.83	B	2.42	0.66	160	
IC3006	Other	181.85142	12.99339						
IC3007	G	181.87825	31.34811	15.55	B	0.69	0.42	75	
IC3008	G	181.96583	13.57731	14.74	B	0.93	0.51	22	
IC3009	Other	182.00046	12.64647						
IC3010	G	181.98921	-30.33947	12.22	V	2.09	1.91	84	
IC3012	G	182.09975	11.17661	15.89	B	0.59	0.26	46	
IC3013	G	182.10658	10.01667	15.28	B	0.58	0.41	159	
IC3014	G	182.15417	38.83178	14.46	B	0.82	0.58	20	
IC3015	G	182.25117	-31.51989	13.15	B	0.72	0.23	164	
IC3016	G	182.32725	11.43022	15.23	B	0.49	0.45	16	
IC3017	G	182.34512	13.61817	16.43	B	0.60	0.35	50	
IC3018	G	182.35400	13.57444	15.88	B	0.66	0.25	176	
IC3019	G	182.34275	13.99242	13.98	B	1.26	0.99	130	
IC3020	G	182.36342	14.22450	16.42	B	0.36	0.28	77	
IC3021	G	182.47738	13.04997	15.53	B	1.29	0.81	178	
IC3022	G	182.50992	38.73997	14.30	B	0.20	0.20	179	
IC3023	G	182.50729	14.36686	15.92	B	1.04	0.64	138	
IC3024	G	182.54971	12.32567	15.06	B	0.90	0.29	168	
IC3025	G	182.59621	10.18856	14.94	B	0.73	0.43	102	
IC3026	Other	182.64292	-29.92322						
IC3027	Other	182.62529	14.19353						
IC3028	G	182.64871	11.76081	15.72	B	0.55	0.31	152	
IC3029	G	182.67442	13.33128	14.84	B	1.26	0.43	30	
IC3030	Other	182.77513	14.14356						
IC3031	G	182.76742	13.30844	16.98	B	0.61	0.22	31	
IC3032	G	182.78233	14.27481	15.25	B	0.59	0.52	40	
IC3033	G	182.79146	13.58750	15.09	B	1.03	0.47	3	
IC3034	G	182.94917	14.20114	16.23	B	0.74	0.23	150	
IC3036	G	183.06296	12.48839	14.77	B	0.88	0.47	165	
IC3037	G	183.08533	9.98644	15.26	B	0.48	0.44	40	
IC3038	G	183.13587	11.35283	15.30	B	0.41	0.30	106	
IC3039	G	183.13571	12.30989	15.06	B	0.91	0.37	22	
IC3040	G	183.14388	11.07503	15.29	B	0.77	0.69	171	
IC3041	G	183.17775	12.76283	16.96	B	0.62	0.17	60	
IC3043	G	183.19658	10.00967	16.60	B	0.93	0.22	170	
IC3044	G	183.20217	13.97647	14.28	B	1.26	0.50	70	
IC3045	Other	183.24862	12.77950						
IC3046	G	183.28279	12.91822	15.31	B	1.34	0.29	132	
IC3047	G	183.31096	12.99767	16.54	B	0.58	0.35	37	
IC3049	G	183.39042	14.48028	15.66	B	0.90	0.60	0	
IC3052	G	183.45112	12.69056	17.15	B	0.49	0.33	131	
IC3053	G	183.46637	14.22297	15.27	B	0.56	0.35	4	
IC3054	G	183.56012	13.54294	16.33	B	0.68	0.54	158	
IC3055	GTrpl	183.59292	12.09139			0.50			
IC3055 NED01	G	183.59112	12.09056	17.47	B	0.52	0.26	61	
IC3055 NED02	G	183.59212	12.09189			0.12	0.10	88	
IC3055 NED03	G	183.59421	12.09164	16.46	B	0.42	0.29	69	
IC3056	G	183.65392	12.81186	14.84	V	1.30	0.50	62	
IC3057	Other	183.76112	-44.47297						
IC3058	G	183.69771	14.09550	16.29	B	0.54	0.35	127	
IC3059	G	183.72925	13.46053	14.27	V	1.69	1.39	3	
IC3060	G	183.75871	12.54711	14.82	B	0.72	0.53	178	
IC3061	G	183.76850	14.02897	13.61	V	2.22	0.40	120	
IC3062	G	183.77238	13.59475	14.60	B	0.81	0.67	175	
IC3063	G	183.77804	12.01672	14.76	B	0.98	0.49	18	
IC3065	G	183.80233	14.43289	14.39	B	1.24	0.88	179	
IC3066	G	183.81908	13.47314	15.72	B	0.97	0.32	138	
IC3068	G	183.84667	11.51089	16.52	B	0.46	0.21	44	
IC3069	G	183.83279	10.16081	16.58	B	0.50	0.21	111	
IC3073	G	183.89833	13.61917	15.15	B	0.88	0.67	103	
IC3074	G	183.94246	10.69919	14.81	B	0.34	0.29	157	
IC3075	G	183.97954	23.59556	15.13	B	0.93	0.55	62	
IC3077	G	183.98475	14.43303	14.60	B	1.07	0.73	179	
IC3078	G	184.00017	12.68731	15.70	V	0.58	0.50	31	
IC3079	G	184.01721	11.53486	15.29	B	0.71	0.44	22	
IC3080	G	184.01113	14.18939	15.00	B	0.73	0.60	55	
IC3081	G	184.03775	12.69131	15.00	V	0.77	0.40	86	
IC3082	G	184.05042	23.84208	15.91	B	0.67	0.19	8	
IC3083	G	184.08850	12.52778	17.14	B	0.47	0.40	21	
IC3084	G	184.09775	23.91789	15.65	B	0.45	0.34	0	
IC3089	G	184.12375	23.82772	15.67	B	0.73	0.73	58	
IC3091	G	184.12154	14.01236	14.47	B	1.08	0.50	125	
IC3092	G	184.13454	10.04642	16.38	B	0.37	0.26	159	
IC3093	G	184.17650	14.27781	14.79	B	0.37	0.26	177	
IC3094	G	184.23337	13.62542	14.53	B	0.54	0.46	108	
IC3095	G	184.23142	23.95792	15.77	B	0.53	0.36	77	
IC3096	G	184.21817	14.51458	15.18	B	1.11	0.37	96	
IC3097	G	184.25463	9.40756	15.26	B	0.79	0.53	26	
IC3099	G	184.28862	12.45403	14.97	B	1.85	0.33	174	
IC3100	G	184.27312	12.28983	15.09	B	1.41	0.44	58	
IC3101	G	184.33187	11.94347	15.75	B	0.63	0.49	37	
IC3104	G	184.69192	-79.72606	13.66	B	2.40	1.32	42	
IC3105	G	184.39062	12.38811	14.81	B	1.55	0.31	28	
IC3107	G	184.44554	10.84464	14.30	B	1.25	0.55	130	
IC3108	G	184.42792	13.37992	14.76	B	0.77	0.21	93	
IC3109	G	184.43379	13.17103	14.86	B	0.67	0.51	160	
IC3110	G	184.43683	37.39969	16.39	B	0.27	0.22	44	
IC3111	G	184.46171	8.43028	14.99	B	0.62	0.30	18	
IC3112	G	184.45150	26.03072	15.00	B	1.14	0.57	174	
IC3116	G	184.48821	25.07653	16.19	B	0.45	0.41	19	
IC3118	G	184.54604	9.49981	14.74	B	1.29	0.52	171	
IC3119	G	184.53533	24.68831	15.40	B	0.57	0.51	146	
IC3120	G	184.56396	13.74914	15.80	B	0.64	0.54	134	
IC3121	GPair	184.57292	13.25722			0.50			
IC3121 NED01	G	184.57371	13.25644	17.33	B	0.53	0.27	129	
IC3121 NED02	G	184.57233	13.25828	17.50	B	0.49	0.43	158	
IC3122	G	184.58925	25.21681	14.59	B	1.27	0.57	150	
IC3126	G	184.65483	13.81517	16.18	B	0.50	0.38	26	
IC3127	G	184.64679	11.87042	15.30	B	0.52	0.45	24	
IC3128	GTrpl	184.66750	11.73361			1.40			
IC3128A	G	184.67446	11.73183	15.00	B	0.65	0.34	156	
IC3128B	G	184.66067	11.73503	18.27	B	0.33	0.17	179	
IC3131	G	184.71204	7.86189	14.09	B	1.00	0.99	50	
IC3133	Other	184.72733	7.63967						
IC3134	G	184.73383	8.96161	14.73	B	0.80	0.33	169	
IC3135	G	184.71908	27.49150	17.05	B	0.33	0.24	117	
IC3136	G	184.73904	6.18439	14.89	B	1.22	0.46	33	
IC3137	G	184.72779	12.47006	16.89	B	0.67	0.17	43	
IC3138	GPair	184.73417	12.44389			0.50			
IC3138 NED01	G	184.73400	12.44528	16.53	B	0.44	0.32	72	
IC3138 NED02	G	184.73417	12.44211			0.17	0.10	173	
IC3141	G	184.74350	24.18628	15.34	B	0.89	0.51	36	
IC3142	GPair	184.76458	13.98139			1.40			
IC3142 NED01	G	184.75825	13.98244	15.39	B	0.67	0.58	33	
IC3142 NED02	G	184.77146	13.98053	15.20	B	0.86	0.37	140	
IC3143	G	184.77246	27.29842	15.63	B	0.63	0.44	146	
IC3144	G	184.79067	25.29697	16.77	B	0.38	0.29	29	
IC3146	G	184.80208	25.71503	16.77	B	0.51	0.47	54	
IC3147	GPair	184.82458	12.01722			1.00			
IC3147 NED01	G	184.82163	12.01619	16.12	B	0.66	0.39	74	
IC3147 NED02	G	184.82779	12.01819	16.17	B	0.51	0.33	71	
IC3148	G	184.84008	7.87033	15.61	B	0.62	0.41	42	
IC3149	G	184.85087	12.30139	15.20	B	0.64	0.62	85	
IC3150	G	184.86871	7.79822	15.44	B	0.36	0.23	37	
IC3151	G	184.88700	9.41422	14.78	B	0.90	0.39	115	
IC3152	G	184.89996	-26.14550	12.43	V	1.66	1.45	41	
IC3153	G	184.90350	5.39781	15.00	B	0.54	0.45	44	
IC3154	G	184.89163	25.58592	15.99	B	0.61	0.44	105	
IC3155	G	184.93879	6.00575	14.42	B	1.00	0.46	34	
IC3156	G	184.93392	9.14858	14.66	B	0.72	0.49	64	
IC3157	G	184.94967	12.42194	15.09	B	0.96	0.54	109	
IC3159	G	184.97171	11.67447	16.60	B	0.50	0.35	29	
IC3165	G	185.01988	27.97533	14.75	B	1.00	0.63	9	
IC3166	Other	184.97500	60.69428						
IC3167	G	185.07825	9.54536	14.72	B	1.35	0.78	110	
IC3168	G	185.07725	27.92039	15.66	B	0.72	0.43	58	
IC3169	G	185.08913	25.59950	16.57	B	0.48	0.33	136	
IC3170	G	185.11062	9.42425	14.63	B	0.58	0.57	55	
IC3171	G	185.10025	25.56058	14.63	B	0.92	0.68	56	
IC3172	G	185.10229	27.81878	16.29	B	0.68	0.49	6	
IC3173	G	185.12575	11.34094	15.30	B	0.72	0.54	85	
IC3174	G	185.12304	10.24517	15.25	B	0.63	0.40	149	
IC3175	G	185.13896	9.85342	15.00	B	0.83	0.39	53	
IC3176	G	185.12533	25.51542	16.33	B	0.67	0.26	151	
IC3177	Other	185.14304	14.12761						
IC3179	G	185.15721	26.16539	16.62	B	0.32	0.32	123	
IC3180	Other	185.09892	60.69433						
IC3184	G	185.19500	24.91558	15.64	B	0.77	0.39	42	
IC3185	G	185.21950	25.42969	15.90	B	0.68	0.22	106	
IC3186	G	185.23283	24.66858	14.44	V	0.53	0.41	155	
IC3187	G	185.22783	11.16181	15.47	B	0.69	0.42	101	
IC3188	G	185.22958	11.00889	14.81	B	0.77	0.55	54	
IC3189	G	185.23467	25.42653	16.24	B	0.60	0.30	111	
IC3192	G	185.27004	11.75461	16.11	B	0.58	0.45	170	
IC3193	G	185.25533	27.89878	15.65	B	0.98	0.38	132	
IC3194	G	185.28750	25.13350	16.37	B	0.57	0.43	172	
IC3195	G	185.32263	25.80828	16.38	B	0.52	0.46	44	
IC3196	G	185.36096	11.75778	16.43	B	0.53	0.41	88	
IC3199	G	185.44000	10.59564	15.03	B	1.00	0.52	2	
IC3200	G	185.40496	26.76078	16.46	B	0.53	0.39	6	
IC3201	G	185.41821	25.72600	17.05	B	0.40	0.25	111	
IC3202	G	185.43471	27.05711	16.69	B	0.67	0.55	130	
IC3203	G	185.44012	25.88467	15.43	B	1.31	0.22	146	
IC3204	G	185.46012	24.24911	16.79	B	0.52	0.30	108	
IC3205	G	185.46225	26.34100	15.55	B	0.62	0.52	113	
IC3206	G	185.46379	26.36358	15.79	B	0.53	0.31	106	
IC3207	G	185.46762	24.35456	16.36	B	0.79	0.31	91	
IC3208	G	185.48158	11.96683	15.96	B	0.98	0.40	78	
IC3209	G	185.52562	11.75472	14.97	B	1.00	0.36	151	
IC3210	G	185.50408	28.43108	15.38	B	0.66	0.50	85	
IC3212	G	185.51417	28.18600	15.53	B	0.71	0.65	110	
IC3213	G	185.53196	23.86961	15.50	B	0.49	0.28	175	
IC3215	G	185.54325	26.05194	15.53	B	1.27	0.35	93	
IC3216	G	185.54921	25.28669	16.52	B	0.52	0.40	104	
IC3217	G	185.55446	26.38803	17.53	B	0.41	0.23	40	
IC3218	G	185.58133	6.92792	15.66	B	0.64	0.56	74	
IC3219	G	185.56262	25.95133	16.45	B	0.84	0.25	5	
IC3220	G	185.58996	10.60197	15.95	B	1.05	0.48	4	
IC3221	G	185.58396	25.28378	17.14	B	0.57	0.27	128	
IC3222	G	185.58113	28.83158	15.10	V	0.59	0.36	16	
IC3223	Other	185.62754	9.48725						
IC3224	G	185.64963	12.15803	16.30	B	0.38	0.31	51	
IC3225	G	185.66246	6.67706	14.38	B	0.91	0.40	34	
IC3227	G	185.64858	24.08514	16.52	B	0.46	0.22	169	
IC3228	G	185.66408	24.33008	16.19	B	1.11	0.25	141	
IC3229	G	185.72000	6.67986	15.25	B	1.23	0.41	43	
IC3230	G	185.66533	27.74697	16.41	B	0.44	0.32	101	
IC3231	G	185.68242	24.82047			0.65	0.47	0	
IC3233	G	185.72871	12.56678	16.56	B	0.69	0.34	90	
IC3234	G	185.71733	28.11253	16.93	B	0.42	0.38	82	
IC3235	G	185.74125	13.54578	16.55	B	0.62	0.33	146	
IC3236	G	185.75096	10.10122	16.46	B	0.42	0.23	132	
IC3237	G	185.74171	28.49417	15.89	B	0.47	0.32	67	
IC3238	G	185.77658	14.45833	14.67	B	0.67	0.47	11	
IC3239	G	185.78987	11.72600	16.16	B	0.78	0.30	147	
IC3240	G	185.78050	10.36228	16.54	B	0.46	0.31	77	
IC3241	G	185.78517	26.90528	16.33	B	0.67	0.49	17	
IC3242	G	185.79350	26.24889	16.48	B	0.63	0.38	158	
IC3243	G	185.79721	27.76569	15.66	B	0.75	0.36	62	
IC3244	G	185.80108	14.38897	15.00	B	0.77	0.61	80	
IC3245	Other	185.82379	9.12956						
IC3246	G	185.82146	13.05183	16.32	B	0.54	0.48	43	
IC3247	G	185.80829	28.89375	15.40	B	1.86	0.26	174	
IC3249	G	185.82471	25.44467	16.79	B	0.37	0.21	13	
IC3253	G	185.93842	-34.62219	12.12	V	3.02	1.20	24	
IC3255	G	185.89475	9.64861	14.73	B	0.60	0.49	101	
IC3257	Other	185.93629	7.25378						
IC3258	G	185.93529	12.47833	13.30	V	1.35	1.09	88	
IC3259	G	185.95217	7.18683	13.52	V	1.64	0.83	18	
IC3261	G	185.96875	11.48131	17.21	B	0.47	0.24	110	
IC3262	G	185.95071	27.39428	15.23	B	0.77	0.38	149	
IC3263	G	185.96079	28.19950	14.40	V	0.60	0.57	57	
IC3264	G	185.96646	25.55739	16.72	B	0.59	0.36	145	
IC3267	G	186.02304	7.04128	13.42	V	1.21	1.17	30	
IC3268	G	186.03100	6.60747	13.77	B	1.00	0.80	12	
IC3269	G	186.01833	27.43478	16.48	B	0.75	0.43	167	
IC3270	G	186.02438	27.57789	16.34	B	0.61	0.52	128	
IC3271	G	186.05804	7.95297	14.57	B	0.79	0.71	102	
IC3272	G	186.03879	23.28464	16.81	B	0.51	0.25	153	
IC3275	G	186.08117	10.44633	16.49	B	0.53	0.35	89	
IC3276	G	186.05875	25.81878	16.48	B	0.57	0.43	102	
IC3277	Other	186.06546	25.56400						
IC3278	GTrpl	186.06233	27.42081			0.90			
IC3278 NED01	G	186.05979	27.42347	17.69	B	0.36	0.32	9	
IC3278 NED02	G	186.06275	27.42325	16.71	B	0.54	0.49	10	
IC3278 NED03	G	186.06433	27.41847	16.75	B	0.43	0.30	86	
IC3280	G	186.11142	13.23344	15.06	B	0.70	0.57	38	
IC3281	Other	186.11629	7.81914						
IC3283	G	186.11675	27.21125	16.47	B	0.68	0.32	46	
IC3284	G	186.15650	10.83903	15.25	B	0.55	0.50	137	
IC3286	G	186.14367	23.74789	16.11	B	0.49	0.40	69	
IC3287	G	186.15400	24.59472	17.60	B	0.21	0.19	16	
IC3288	G	186.16421	24.94986	16.31	B	0.55	0.36	131	
IC3289	G	186.23938	-26.03072	14.17	B	1.15	1.08	28	
IC3290	G	186.28733	-39.77550	13.57	B	2.22	1.49	36	
IC3291	G	186.20171	12.01850	16.46	B	0.57	0.37	80	
IC3292	G	186.20150	18.19511	15.03	B	1.09	0.82	134	
IC3293	G	186.22296	17.43242	16.31	B	0.69	0.44	65	
IC3294	G	186.20721	25.59747	17.28	B	0.38	0.29	2	
IC3295	Other	186.20408	28.70783						
IC3296	G	186.24100	24.38286	15.54	B	0.49	0.35	101	
IC3298	G	186.26583	17.01533	15.26	B	1.28	0.37	156	
IC3299	G	186.26308	27.37447	17.20	B	0.60	0.41	36	
IC3300	G	186.27075	25.95756	15.20	B	1.15	0.30	80	
IC3301	G	186.32308	14.17256	16.12	B	0.52	0.40	31	
IC3302	G	186.29346	25.87981	16.98	B	0.37	0.35	29	
IC3303	G	186.31333	12.71461	14.37	V	0.95	0.55	70	
IC3304	G	186.29883	25.42428	18.61	B	0.24	0.17	92	
IC3305	G	186.31042	11.84961	14.90	B	1.08	0.44	41	
IC3306	G	186.30200	27.40236	16.14	B	0.94	0.32	142	
IC3308	G	186.32587	26.71511	14.96	V	0.58	0.28	64	
IC3309	G	186.33388	28.38100	15.65	B	1.00	0.37	87	
IC3311	G	186.38796	12.26033	14.68	B	1.85	0.44	134	
IC3312	G	186.37458	23.58164	17.05	B	0.50	0.30	157	
IC3313	G	186.40183	15.82983	14.22	B	1.34	1.27	179	
IC3314	G	186.38121	23.59106	16.25	B	0.53	0.47	19	
IC3315	G	186.41221	12.31375	15.90	B	0.60	0.49	85	
IC3316	G	186.40062	26.16325	16.55	B	0.46	0.40	96	
IC3317	G	186.41213	25.34392	17.16	B	0.52	0.48	14	
IC3319	Other	186.46221	10.39100						
IC3321	G	186.44242	26.08253	16.55	B	0.71	0.32	8	
IC3322	G	186.47542	7.55478	14.08	B	2.33	0.65	156	
IC3322A	G	186.42733	7.21667	13.56	B	3.58	0.52	156	
IC3324	G	186.45483	26.73989	17.06	B	0.30	0.27	171	
IC3325	G	186.46446	23.89592	15.85	B	0.71	0.59	26	
IC3326	G	186.46979	23.76844	16.66	B	0.44	0.22	168	
IC3327	G	186.51158	14.88036	15.09	B	0.90	0.78	42	
IC3328	G	186.49137	10.05378	14.38	B	0.88	0.82	45	
IC3329	HII	186.48300	27.56411						
IC3330	G	186.48462	30.84358	14.97	B	1.14	0.50	101	
IC3331	G	186.52217	11.81222	15.04	B	1.02	0.54	51	
IC3332	G	186.52163	25.27983			0.28	0.12	135	
IC3334	G	186.53971	28.46583	16.22	B	0.75	0.65	2	
IC3335	G	186.57971	26.12931	17.25	B	0.34	0.25	10	
IC3336	G	186.58288	26.83844	15.40	B	0.64	0.29	74	
IC3337	G	186.58946	25.31153	16.93	B	0.55	0.47	44	
IC3338	G	186.59283	25.88622	15.94	B	0.83	0.36	67	
IC3340	G	186.63629	16.84467	15.41	B	0.70	0.36	24	
IC3341	G	186.59663	27.74553	16.69	B	0.46	0.26	72	
IC3344	G	186.63496	13.57878	14.91	V	0.80	0.44	60	
IC3345	G	186.63892	24.36886	17.19	B	0.33	0.30	106	
IC3346	G	186.68512	11.37972	15.78	B	0.65	0.50	147	
IC3347	G	186.68571	10.91858	16.31	B	0.55	0.36	141	
IC3348	G	186.65879	25.62489	17.30	B	0.41	0.36	66	
IC3349	G	186.69608	12.45397	14.08	V	0.90	0.85	25	
IC3352	Other	186.69917	8.75750						
IC3353	G	186.68783	27.91233	16.82	B	0.83	0.15	98	
IC3355	G	186.71308	13.17572	15.06	V	1.09	0.43	166	
IC3356	G	186.71037	11.55903	15.45	B	1.47	0.80	70	
IC3357	G	186.71396	9.77750	15.36	B	0.51	0.25	164	
IC3358	G	186.72642	11.66397	13.61	V	1.05	0.82	118	
IC3359	G	186.71417	23.49817	16.64	B	0.51	0.28	70	
IC3361	G	186.72729	10.66586	15.49	B	1.02	0.71	119	
IC3362	G	186.72671	26.69008	16.15	B	0.80	0.56	118	
IC3363	G	186.76279	12.56081	14.84	V	0.97	0.43	124	
IC3364	G	186.77046	25.56325	16.54	B	0.59	0.40	86	
IC3365	G	186.79658	15.89667	14.29	B	0.87	0.66	67	
IC3366	G	186.80050	9.41019	16.56	B	0.37	0.21	154	
IC3367	GPair	186.79958	26.95675			1.50			
IC3367 NED01	G	186.79196	26.95742	15.88	B	0.72	0.59	84	
IC3368	G	186.83492	16.42858	15.45	B	0.71	0.52	0	
IC3369	G	186.82058	16.02447	14.03	V	0.81	0.55	136	
IC3370	G	186.90554	-39.33778	11.18	V	3.12	2.29	53	
IC3371	G	186.84271	10.86678	15.27	B	1.17	0.26	54	
IC3372	G	186.85225	25.28722	17.02	B	0.28	0.27	98	
IC3373	G	186.86587	25.45392	16.37	B	0.68	0.38	99	
IC3374	G	186.88950	10.00378	15.40	B	0.95	0.50	155	
IC3376	G	186.95975	26.99353	14.32	B	0.87	0.60	81	
IC3377	G	186.96646	24.94217	16.18	B	0.51	0.30	129	
IC3378	G	187.00629	17.29631	16.31	B	0.54	0.34	175	
IC3379	G	187.01775	17.30575	16.05	B	0.73	0.35	32	
IC3380	G	187.02304	26.67286	16.82	B	0.51	0.43	109	
IC3381	G	187.06200	11.78983	13.48	V	1.19	0.87	104	
IC3382	G	187.05642	13.57069	16.30	B	1.00	0.28	150	
IC3383	G	187.05133	10.29767	15.18	V	0.78	0.54	29	
IC3384	G	187.05108	25.09133	19.29	B	0.68	0.30	52	
IC3385	G	187.06229	25.43261	16.47	B	0.78	0.51	147	
IC3386	G	187.09867	13.19575	15.55	V	0.81	0.35	100	
IC3387	G	187.07842	27.99572	16.61	B	0.35	0.27	24	
IC3388	G	187.11692	12.82367	14.80	V	0.74	0.55	74	
IC3389	G	187.09800	27.84494	18.11	B	0.33	0.20	159	
IC3390	G	187.11904	24.80933	16.56	B	0.61	0.46	107	
IC3391	G	187.11375	18.41503	13.66	B	1.03	0.83	71	
IC3392	G	187.18025	14.99950	12.99	B	2.60	1.10	39	
IC3393	G	187.17379	12.91592	14.32	V	1.10	0.48	132	
IC3394	G	187.17171	26.79842	15.86	B	0.59	0.50	143	
IC3395	G	187.18542	25.03475	16.43	B	0.58	0.30	50	
IC3396	G	187.18742	25.05022	17.23	B	0.11	0.08	84	
IC3397	G	187.19400	25.73192	15.99	B	0.61	0.53	10	
IC3401	G	187.24517	26.46008	17.28	B	0.41	0.37	5	
IC3402	G	187.24717	28.86194	15.16	V	1.17	0.21	7	
IC3403	G	187.25608	24.63267	15.91	B	0.43	0.42	35	
IC3404	Other	187.29467	7.15394						
IC3405	G	187.24838	37.73011	16.30	B	0.71	0.32	27	
IC3406	G	187.26096	27.64053	15.64	B	0.65	0.40	70	
IC3407	G	187.26608	27.77886	14.58	B	0.97	0.54	147	
IC3409	G	187.33846	14.78931	15.96	B	0.58	0.52	156	
IC3410	G	187.27571	19.00478	15.71	B	0.69	0.62	8	
IC3411	G	187.30163	24.58419	17.22	B	0.70	0.23	170	
IC3412	G	187.34437	9.98903	15.55	B	0.74	0.34	9	
IC3413	G	187.34379	11.43389	14.36	B	1.21	0.70	164	
IC3414	G	187.36992	6.77181	13.97	B	0.81	0.38	32	
IC3416	G	187.39567	10.79308	15.38	B	0.95	0.52	71	
IC3418	G	187.43300	11.40469	14.29	B	1.32	0.90	68	
IC3419	G	187.43575	15.02475	16.30	B	0.68	0.43	1	
IC3421	G	187.41079	26.23061	15.48	B	0.69	0.53	17	
IC3422	G	187.47754	14.68836	16.08	B	0.58	0.45	88	
IC3424	G	187.43767	24.40867	17.49	B	0.41	0.20	105	
IC3425	G	187.48496	10.61533	14.57	B	0.61	0.32	35	
IC3429	G	187.53308	23.54514	16.95	B	0.38	0.33	18	
IC3430	G	187.57033	9.08511	15.43	B	1.11	0.38	112	
IC3431	G	187.60075	11.61447	16.85	B	0.47	0.32	13	
IC3432	G	187.61600	14.16019	14.78	B	0.69	0.42	56	
IC3433	G	187.61754	17.30972	16.24	B	0.80	0.57	87	
IC3434	G	187.61358	18.80972	15.46	B	0.76	0.40	55	
IC3435	G	187.66617	15.12969	15.20	B	1.35	0.47	141	
IC3436	G	187.62471	19.67303	14.86	B	0.75	0.44	144	
IC3437	G	187.69129	11.34319	15.02	V	0.61	0.39	68	
IC3439	G	187.74779	25.56181	16.29	B	0.66	0.58	40	
IC3440	G	187.77150	12.02986	16.75	B	0.60	0.49	85	
IC3441	G	187.76842	28.85269	15.11	V	0.64	0.43	142	
IC3442	G	187.83413	14.11519	13.80	V	0.94	0.71	20	
IC3443	G	187.81554	12.33178	15.03	V	0.55	0.51	49	
IC3445	G	187.83096	12.73800	15.95	V	0.47	0.35	36	
IC3446	G	187.84558	11.49239	15.53	B	0.62	0.39	1	
IC3447	G	187.82458	10.68017	16.69	B	0.37	0.32	6	
IC3448	G	187.84663	17.20642	15.52	B	0.97	0.57	97	
IC3449	G	187.84558	25.91400	17.02	B	0.31	0.22	142	
IC3450	G	187.85342	26.79614	16.40	B	0.47	0.27	158	
IC3451	G	187.85029	28.85519	14.65	V	0.68	0.48	92	
IC3453	G	187.90725	14.85981	14.80	B	0.95	0.26	164	
IC3454	G	187.91104	27.49572	15.59	B	1.12	0.26	26	
IC3455	G	187.93563	25.78608	16.71	B	0.59	0.31	0	
IC3456	Other	187.93229	28.35717						
IC3457	G	187.96392	12.65700	14.64	V	1.00	0.67	143	
IC3458	G	187.93333	28.14736	15.73	B	0.67	0.58	76	
IC3459	G	187.98300	12.17403	14.91	B	1.11	0.86	163	
IC3460	G	187.95996	27.38689	16.22	B	0.62	0.20	109	
IC3461	G	188.01142	11.89008	14.51	V	0.73	0.55	154	
IC3462	G	188.03992	15.30094	16.09	B	0.67	0.39	43	
IC3463	Other	188.01908	12.31942						
IC3465	G	188.05100	12.06156	16.16	V	0.44	0.32	110	
IC3466	G	188.02367	11.81792	15.76	B	0.65	0.46	69	
IC3467	G	188.10237	11.78758	15.40	V	0.96	0.27	69	
IC3468	G	188.05921	10.25147	13.88	B	1.28	1.15	170	
IC3469	G	188.04575	25.80278	17.64	B	0.34	0.27	55	
IC3470	G	188.09746	11.26297	13.85	V	0.95	0.95	21	
IC3471	G	188.09508	16.01883	15.49	B	1.00	0.58	1	
IC3472	G	188.07825	24.72825	17.10	B	0.50	0.45	136	
IC3473	G	188.07967	18.24414	14.40	B	1.05	0.70	37	
IC3474	G	188.15212	2.66153	14.57	B	2.26	0.39	43	
IC3475	G	188.17108	12.77100	13.38	V	1.56	1.29	84	
IC3476	G	188.17450	14.05044	12.84	V	1.67	1.18	28	
IC3478	G	188.18417	14.19619	14.37	B	0.91	0.81	120	
IC3479	G	188.17054	25.40611	17.13	B	0.29	0.20	6	
IC3481	G	188.21775	11.40439	13.67	V	0.87	0.84	33	
IC3482	G	188.25417	27.83031	16.61	B	0.43	0.18	44	
IC3483	G	188.29192	11.34733	14.18	V	0.87	0.55	177	
IC3484	G	188.27208	17.40300	15.01	B	0.78	0.63	27	
IC3486	G	188.30838	12.85783	15.15	B	0.82	0.56	39	
IC3487	G	188.30600	9.39736	15.04	B	0.92	0.54	76	
IC3488	G	188.28521	26.34936	15.57	B	0.64	0.59	73	
IC3489	G	188.30708	12.24700	14.79	B	0.65	0.60	5	
IC3490	G	188.30792	10.92853	15.47	V	0.59	0.33	64	
IC3491	G	188.28746	27.09439	16.05	B	0.83	0.21	6	
IC3492	G	188.33242	12.85344	15.30	V	0.70	0.57	56	
IC3494	G	188.30713	27.58411	17.14	B	0.30	0.24	127	
IC3498	G	188.37071	26.73806	16.21	B	0.69	0.24	56	
IC3499	G	188.43750	10.99572	13.27	V	1.61	0.56	125	
IC3500	G	188.45696	13.96278	15.08	B	0.57	0.40	93	
IC3501	G	188.46508	13.32244	14.69	B	0.93	0.84	25	
IC3502	G	188.42638	26.61736	17.44	B	0.76	0.22	5	
IC3505	G	188.54296	15.96822	15.05	B	0.85	0.35	172	
IC3506	G	188.52808	12.74161	15.93	V	0.71	0.65	49	
IC3507	G	188.51854	25.36283	17.26	B	0.41	0.35	158	
IC3508	G	188.52896	26.67078	15.42	B	1.03	0.95	49	
IC3509	G	188.54804	12.04897	14.25	V	1.01	0.72	69	
IC3510	G	188.56171	11.07153	14.87	B	0.81	0.62	15	
IC3515	G	188.56708	27.86225	15.61	B	0.65	0.26	62	
IC3516	G	188.57142	27.45231	16.07	B	0.87	0.17	70	
IC3517	G	188.62817	9.15475	15.30	B	1.16	0.72	16	
IC3518	G	188.63038	9.62344	14.79	B	1.32	0.54	37	
IC3519	G	188.66000	15.60269	15.88	B	0.68	0.49	14	
IC3520	G	188.63254	13.50367	15.80	B	0.85	0.60	26	
IC3521	G	188.66463	7.16019	13.74	B	1.39	1.03	21	
IC3522	G	188.68992	15.22078	15.41	B	1.08	0.58	93	
IC3523	G	188.66417	14.01678	17.08	B	0.38	0.32	139	
IC3525	G	188.69350	10.17669	16.49	B	0.36	0.29	6	
IC3528	G	188.73292	15.56561	15.20	V	0.33	0.33	115	
IC3530	G	188.70550	17.81428	14.53	B	1.75	1.22	133	
IC3531	G	188.73558	26.62658	16.55	B	0.43	0.39	80	
IC3533	G	188.75533	25.77972	16.01	B	0.44	0.30	27	
IC3534	G	188.71721	14.97817	16.11	B	0.48	0.47	106	
IC3536	G	188.80204	26.53342	16.13	B	0.87	0.19	155	
IC3540	G	188.86346	12.75025	14.58	B	0.88	0.79	68	
IC3542	G	188.92163	11.66717	15.65	B	0.66	0.43	164	
IC3548	G	188.98596	10.93631	16.10	B	0.74	0.48	122	
IC3551	HII	188.97379	27.96417						
IC3552	HII	188.97458	27.99389						
IC3555	HII	188.98313	27.98889						
IC3556	G	188.99358	26.96606	15.54	B	0.56	0.34	177	
IC3557	GPair	189.03404	16.64086			0.40			
IC3557 NED01	G	189.03392	16.64147	15.97	B	0.95	0.90	85	
IC3557 NED02	G	189.03517	16.64058	17.56	B	0.10	0.10	129	
IC3558	G	189.01167	11.84981	17.39	B	0.33	0.30	51	
IC3559	G	189.01400	26.98736	16.46	B	0.50	0.18	69	
IC3560	G	189.01629	27.07819	16.38	B	0.78	0.64	52	
IC3561	G	189.01996	26.89961	15.70	B	0.60	0.19	71	
IC3562	G	189.04400	9.92261	16.19	B	0.93	0.36	46	
IC3563	HII	189.03008	27.92736						
IC3564	*Ass	189.03371	27.92839						
IC3565	G	189.05108	26.75611	16.96	B	0.31	0.23	23	
IC3566	Other	189.09050	11.16489						
IC3567	G	189.09467	13.60286	15.16	B	0.67	0.52	15	
IC3568	PN	188.27825	82.56392	10.60	V	0.38			
IC3571	G	189.08329	26.08378	17.52	B	0.60	0.51	121	
IC3573	G	189.11342	11.75911	16.65	B	0.46	0.32	141	
IC3574	G	189.11596	12.40517	15.34	B	0.73	0.58	121	
IC3575	G	189.13492	13.74842	16.26	B	0.66	0.47	156	
IC3576	G	189.15700	6.62089	14.97	V	2.30	2.17	0	
IC3577	Other	189.15113	11.89714						
IC3578	G	189.16421	11.10186	15.24	B	0.85	0.35	138	
IC3580	G	189.12179	18.30050	15.67	B	0.86	0.76	57	
IC3581	G	189.15879	24.42903	14.06	V	0.79	0.48	49	
IC3582	G	189.15379	26.23467	16.66	B	0.29	0.25	54	
IC3583	G	189.18121	13.25933	13.00	B	1.05	0.52	5	
IC3585	G	189.16625	26.82994	15.01	B	0.82	0.67	108	
IC3586	G	189.22854	12.52008	14.52	B	1.16	1.00	73	
IC3587	G	189.20137	27.54853	15.87	B	1.43	0.21	121	
IC3590	G	189.21129	27.27814	15.62	B	0.91	0.24	127	
IC3591	G	189.26267	6.92664	14.40	B	0.79	0.49	46	
IC3595	G	189.27667	23.78689	16.80	B	0.39	0.27	109	
IC3596	Other	189.32875	26.52092						
IC3597	G	189.35267	23.86406	16.65	B	0.82	0.62	78	
IC3598	G	189.33783	28.20817	15.01	B	1.41	0.40	139	
IC3599	G	189.42167	26.70767	15.60	V	0.51	0.30	129	
IC3600	G	189.42150	27.12956	15.67	B	0.67	0.61	134	
IC3601	G	189.47350	15.22467	15.73	B	0.79	0.52	152	
IC3602	G	189.57625	10.07283	16.35	B	0.82	0.28	74	
IC3603	G	189.56729	15.56981	16.12	B	0.36	0.24	157	
IC3604	G	189.58633	11.73072	15.98	B	0.52	0.36	174	
IC3605	G	189.58729	19.54133	15.79	B	0.70	0.45	12	
IC3606	G	189.60454	12.61061	16.49	B	0.61	0.49	16	
IC3607	G	189.63404	10.37653	16.58	B	0.42	0.25	141	
IC3608	G	189.65554	10.47589	14.71	B	3.35	0.45	93	
IC3609	G	189.64467	14.35242	14.96	B	0.38	0.26	18	
IC3610	G	189.69642	26.87286	17.43	B	0.32	0.18	130	
IC3611	G	189.76725	13.36353	14.29	B	1.37	0.70	132	
IC3612	G	189.76958	14.73114	15.03	B	1.05	0.63	44	
IC3613	G	189.76996	13.75900	17.03	B	0.49	0.28	159	
IC3614	G	189.75450	26.30283	17.73	B	0.30	0.22	158	
IC3615	G	189.75671	18.20067	15.20	B	1.06	0.31	11	
IC3617	G	189.85417	7.96583	14.27	V	0.74	0.31	63	
IC3618	G	189.82137	26.67778	15.58	B	0.50	0.48	74	
IC3620	G	189.82508	27.90864	15.62	B	0.76	0.22	165	
IC3621	G	189.88992	15.50261	15.65	B	1.01	0.75	14	
IC3622	G	189.88533	15.43206	16.03	B	0.30	0.25	131	
IC3623	G	189.86508	27.10233	15.16	B	0.80	0.58	56	
IC3624	G	189.89367	11.98219	16.52	B	0.49	0.40	99	
IC3625	G	189.88821	10.96767	15.43	B	0.43	0.41	80	
IC3626	G	189.88183	25.67739	15.87	B	0.54	0.32	15	
IC3627	G	189.88333	27.49728	16.37	B	0.44	0.25	76	
IC3629	G	189.94442	13.53331	15.26	B	0.98	0.47	73	
IC3631	G	189.95004	12.97397	14.22	B	1.06	0.72	91	
IC3632	G	190.00000	26.68222	16.75	B	0.40	0.30	92	
IC3633	G	190.04688	9.89614	15.76	B	0.58	0.44	125	
IC3634	G	190.04733	9.84778	15.75	B	0.93	0.72	48	
IC3635	G	190.05575	12.87478	14.65	V	0.85	0.65	165	
IC3637	G	190.08154	14.71500	14.82	B	1.23	0.74	19	
IC3638	G	190.06917	10.51853	14.37	B	0.68	0.58	55	
IC3639	G	190.22021	-36.75586	13.32	V	1.24	1.16	41	
IC3640	G	190.10500	26.52417	15.97	B	0.45	0.25	47	
IC3641	G	190.11200	26.52158	17.90	B	0.66	0.14	174	
IC3642	G	190.10721	26.73122	16.41	B	0.37	0.34	26	
IC3643	G	190.17029	12.40658	16.61	B	0.53	0.34	109	
IC3644	G	190.15096	26.50461	16.23	B	0.91	0.23	15	
IC3646	G	190.16042	26.52619	15.43	B	0.69	0.30	89	
IC3647	G	190.22129	10.47536	15.13	B	1.34	0.84	140	
IC3649	G	190.20704	21.10475	16.93	B	0.30	0.26	97	
IC3651	G	190.22046	26.72814	14.51	B	1.05	1.04	95	
IC3652	G	190.24400	11.18450	14.31	B	0.99	0.92	94	
IC3653	G	190.31554	11.38725	13.71	V	0.62	0.48	15	
IC3654	G	190.30208	22.58944	16.99	B	0.39	0.30	49	
IC3655	G	190.31025	20.66619	16.75	B	0.30	0.23	114	
IC3656	G	190.30804	22.59497	16.88	B	0.41	0.21	94	
IC3657	G	190.32925	21.67250	17.82	B	0.23	0.19	20	
IC3658	G	190.33596	14.70056	15.23	B	1.34	0.70	74	
IC3659	G	190.36508	22.93081	16.09	B	0.47	0.25	76	
IC3661	G	190.39888	22.49486	17.25	B	0.55	0.14	109	
IC3662	G	190.40113	23.42517	15.05	B	0.63	0.47	133	
IC3663	G	190.41421	12.24739	15.47	B	0.95	0.56	3	
IC3665	G	190.44458	11.48825	15.09	B	0.82	0.58	85	
IC3668	Other	190.38704	41.12417	13.13	B	0.79	0.44	31	
IC3669	Other	190.39963	41.13658	19.07	B	0.02	0.02	14	
IC3670	G	190.47925	11.77417	15.86	B	0.37	0.30	55	
IC3671	G	190.46408	23.51067	15.39	B	0.58	0.56	35	
IC3677	G	190.54933	20.88486	16.78	B	0.36	0.28	49	
IC3678	G	190.55242	20.88047	16.86	B	0.32	0.22	46	
IC3683	G	190.58600	20.87131	16.54	B	0.36	0.29	24	
IC3684	G	190.61046	11.74031	15.99	B	0.91	0.31	4	
IC3686	G	190.65000	10.56531	15.10	B	0.84	0.34	172	
IC3687	G	190.56292	38.50333	13.35	V	3.34	3.08	0	
IC3689	G	190.65400	20.85050	16.26	B	0.62	0.47	84	
IC3690	G	190.70496	10.35747	15.03	B	0.86	0.36	4	
IC3691	G	190.70637	22.77222	16.47	B	0.38	0.28	34	
IC3692	G	190.72500	20.98975	14.73	B	0.82	0.62	95	
IC3693	G	190.74175	10.68181	15.67	B	0.66	0.46	94	
IC3694	G	190.78033	11.21200	14.92	B	0.53	0.38	42	
IC3696	G	190.79017	19.92803	17.59	B	0.39	0.22	94	
IC3697	G	190.74521	39.84567	15.88	B	0.77	0.66	56	
IC3698	G	190.82208	11.21153	15.00	B	0.49	0.41	5	
IC3701	G	190.87879	11.04714	16.59	B	0.45	0.34	59	
IC3702	G	190.86821	10.87386	15.04	B	0.49	0.34	43	
IC3704	G	190.94004	10.77008	14.72	B	1.28	0.36	41	
IC3705	GPair	190.92296	19.32528			0.70			
IC3705 NED01	G	190.92300	19.32703	17.33	B	0.37	0.34	20	
IC3705 NED02	G	190.92300	19.32314	17.62	B	0.38	0.18	163	
IC3708	Other	190.96896	13.13753						
IC3709	G	191.01679	9.06333	14.96	B	0.67	0.58	4	
IC3710	G	191.03937	12.11653	15.74	B	1.17	0.85	131	
IC3711	G	191.03904	11.17661	15.65	B	0.81	0.60	41	
IC3712	Other	191.06938	10.37456						
IC3713	G	191.01321	41.16892	15.07	B	0.70	0.52	136	
IC3714	G	191.09617	10.18883	15.22	B	0.71	0.43	143	
IC3715	G	191.08921	20.02433	16.54	B	0.56	0.53	64	
IC3716	Other	191.18808	8.10217						
IC3717	G	191.09567	39.52231	15.97	B	0.80	0.22	155	
IC3718	G	191.19158	12.35144	13.96	B	2.24	0.72	71	
IC3719	G	191.19792	8.10692	16.03	B	0.49	0.33	87	
IC3720	G	191.19783	12.06431	14.98	B	2.34	1.36	125	
IC3721	G	191.22133	18.75525	13.73	V	0.96	0.37	136	
IC3722	Other	191.21121	11.77858						
IC3723	G	191.12729	40.73689	15.68	B	0.33	0.22	106	
IC3724	G	191.22400	10.28236	15.27	B	0.63	0.45	40	
IC3726	G	191.17746	40.67900	15.39	B	1.33	0.29	115	
IC3727	G	191.27358	10.90089	14.71	B	1.23	1.07	139	
IC3728	G	191.26304	20.97408	16.61	B	0.37	0.33	116	
IC3729	G	191.22133	39.35119	16.32	B	0.34	0.26	44	
IC3730	G	191.27733	21.16958	14.57	V	0.55	0.53	136	
IC3731	G	191.27192	12.44636	16.05	B	0.55	0.45	129	
IC3732	G	191.29983	10.32444	16.35	B	0.49	0.36	47	
IC3734	G	191.28867	23.03906	17.74	B	0.41	0.22	131	
IC3735	G	191.33508	13.69267	13.94	V	1.18	0.87	151	
IC3736	G	191.32900	21.53575	15.77	B	0.48	0.38	170	
IC3738	G	191.35725	19.23086	19.08	B	0.25	0.12	57	
IC3739	Other	191.38446	12.99736						
IC3740	G	191.37758	20.81594	15.57	B	0.64	0.29	7	
IC3742	G	191.38342	13.33258	14.13	B	1.02	0.32	45	
IC3743	Other	191.42208	11.10211						
IC3744	G	191.42283	19.50033	16.29	B	0.70	0.47	161	
IC3745	G	191.43692	19.17725	14.93	B	1.04	0.91	39	
IC3746	G	191.38296	37.82356	16.10	B	0.54	0.44	37	
IC3751	G	191.43792	37.82306	16.60	B	0.20	0.17	85	
IC3754	G	191.56475	8.34844	14.54	B	1.32	0.57	126	
IC3756	G	191.54208	11.91461	16.86	B	0.38	0.30	26	
IC3757	Other	191.49908	38.51531						
IC3758	G	191.49863	40.77486	15.17	B	0.58	0.54	53	
IC3759	G	191.57404	20.78300	16.31	B	0.62	0.18	157	
IC3760	G	191.57608	11.87358	16.52	B	0.43	0.33	120	
IC3761	G	191.61388	20.28914	17.43	B	0.32	0.17	60	
IC3762	G	191.65667	22.24636	17.80	B	0.38	0.21	40	
IC3763	G	191.69179	21.98511	16.66	B	0.40	0.35	130	
IC3766	G	191.72300	19.11058	16.99	B	0.41	0.35	47	
IC3767	G	191.73117	10.18242	16.07	B	1.07	0.34	77	
IC3771	G	191.71954	39.17306	16.77	B	0.33	0.26	83	
IC3772	G	191.73371	36.53094	15.59	B	0.83	0.52	15	
IC3773	G	191.81375	10.20358	14.06	B	1.93	0.73	20	
IC3774	G	191.75454	36.28831	15.71	B	0.97	0.42	106	
IC3775	G	191.81708	11.76022	16.20	B	0.81	0.34	51	
IC3776	G	191.80088	22.48461	16.50	B	0.50	0.21	37	
IC3778	G	191.75821	40.59642	15.25	B	0.55	0.35	38	
IC3779	G	191.83600	12.16642	14.82	V	0.90	0.53	126	
IC3783	G	191.86600	40.56658	15.47	B	0.66	0.52	98	
IC3784	G	191.96125	19.38406	16.77	B	0.56	0.32	45	
IC3785	G	191.96738	19.27522	17.46	B	0.18	0.16	157	
IC3786	G	191.90375	39.04603	16.67	B	0.34	0.26	168	
IC3788	G	192.03025	18.86886	15.95	B	0.66	0.66	20	
IC3789	G	192.02958	20.19403	16.10	B	0.48	0.40	3	
IC3793	G	192.04954	19.15169	17.35	B	0.43	0.23	74	
IC3795	G	192.02129	40.71964	15.58	B	0.90	0.24	18	
IC3797	Other	192.14546	11.59781						
IC3799	G	192.24850	-14.39922	14.50	B	2.77	0.38	32	
IC3800	GPair	192.11013	36.57586			0.60			
IC3800 NED01	G	192.11008	36.57586	18.31	B	0.32	0.21	47	
IC3800 NED02	G	192.11354	36.57536	16.55	B	0.54	0.36	100	
IC3801	Other	192.25271	10.95597						
IC3806	G	192.23067	14.90789	14.20	B	1.29	0.44	179	
IC3807	Other	192.37417	-4.40228						
IC3808	G	192.24483	40.59592	17.19	V	0.95	0.42	156	
IC3809	G	192.26879	36.48908	16.29	B	0.64	0.38	159	
IC3812	G	192.47417	-6.71744	14.85	B	1.13	0.41	6	
IC3813	G	192.50967	-25.92069	13.79	B	1.32	0.96	179	
IC3814	G	192.38504	20.05047	16.52	B	0.59	0.38	132	
IC3815	G	192.41054	19.27503	16.69	B	0.55	0.36	150	
IC3816	G	192.36862	37.23028	15.66	B	0.81	0.76	7	
IC3817	G	192.43112	22.83136	17.29	B	0.26	0.18	34	
IC3818	G	192.44471	21.75222	16.92	B	0.41	0.19	169	
IC3819	G	192.56821	-14.38075	16.36	B	0.56	0.45	70	
IC3820	G	192.41229	37.11717	16.99	B	0.46	0.43	54	
IC3822	G	192.59471	-14.32186	15.34	B	1.43	0.31	35	
IC3824	G	192.62729	-14.42592	15.31	B	1.13	0.71	0	
IC3825	G	192.65438	-14.48281	15.77	B	0.60	0.38	178	
IC3826	G	192.66625	-9.03108	14.26	B	1.84	0.65	178	
IC3827	G	192.71717	-14.49189	14.05	B	1.13	0.83	162	
IC3828	G	192.58625	37.94894	16.06	B	0.68	0.34	53	
IC3829	G	193.05542	-29.84067	11.70	V	3.41	1.04	10	
IC3831	G	192.82746	-14.57358	14.22	B	1.50	1.11	138	
IC3832	G	192.70500	39.81047	16.17	B	0.46	0.39	72	
IC3834	G	192.88500	-14.22139	14.20	V	0.95	0.55	70	
IC3835	G	192.73267	40.18675	16.17	B	0.50	0.25	98	
IC3836	G	192.76550	40.18422	16.47	B	0.49	0.22	86	
IC3837	G	192.88754	19.72306	17.02	B	0.56	0.32	73	
IC3840	G	192.94208	21.73519	16.02	B	0.78	0.78	76	
IC3842	G	192.89950	40.37136	16.09	B	0.34	0.30	164	
IC3843	G	192.91329	39.00131	16.54	B	0.49	0.25	179	
IC3844	G	193.02708	39.81825	16.34	B	0.39	0.30	31	
IC3846	Other	193.16342	13.64722						
IC3847	G	193.14058	22.06472	17.31	B	0.30	0.25	126	
IC3848	GPair	193.16746	21.41611			0.60			
IC3848 NED01	G	193.16667	21.41667	17.56	B	0.55	0.28	113	
IC3848 NED02	G	193.16913	21.41464	16.57	B	0.67	0.38	158	
IC3849	Other	193.15346	40.77222						
IC3850	G	193.16467	40.10306	15.29	B	0.72	0.48	49	
IC3852	G	193.26375	35.77344	16.00	B	1.10	0.43	60	
IC3853	G	193.29292	38.82928	17.29	B	0.36	0.28	6	
IC3854	G	193.31058	40.84817	16.59	B	0.37	0.24	24	
IC3855	G	193.34454	36.78600	16.39	B	0.85	0.35	107	
IC3856	G	193.44133	20.09208	16.60	B	0.67	0.20	122	
IC3857	G	193.48358	19.60714	17.51	B	0.42	0.34	109	
IC3859	G	193.58275	-9.11772	14.84	B	1.12	0.32	159	
IC3860	G	193.52796	19.30072	17.66	B	0.36	0.32	119	
IC3861	G	193.46179	38.28181	16.54	B	0.44	0.34	133	
IC3862	G	193.47067	36.08694	16.45	B	0.87	0.42	134	
IC3863	G	193.47433	38.48044	16.02	B	0.71	0.28	86	
IC3864	G	193.55142	18.95128	18.57	B	0.23	0.16	146	
IC3865	G	193.55896	18.86894	16.49	B	0.48	0.35	145	
IC3866	GPair	193.56342	22.36183			0.60			
IC3866 NED01	G	193.56238	22.35964	17.66	B	0.33	0.22	123	
IC3866 NED02	G	193.56458	22.36428	16.95	B	0.34	0.26	15	
IC3867	G	193.58158	18.94181	16.57	B	0.67	0.42	115	
IC3868	G	193.58750	18.99033	17.32	B	0.41	0.25	63	
IC3869	G	193.58863	18.97142	17.01	B	0.59	0.25	64	
IC3870	G	193.58992	22.38169	17.15	B	0.30	0.27	34	
IC3871	G	193.60696	18.92914	16.51	B	0.52	0.43	17	
IC3872	G	193.62733	18.96317	16.54	B	0.23	0.18	38	
IC3873	G	193.63167	18.88267	16.76	B	0.43	0.42	120	
IC3874	G	193.64342	18.95700	16.81	B	0.45	0.38	102	
IC3875	G	193.65488	22.03644	16.74	B	0.35	0.27	11	
IC3876	G	193.70138	19.01533	17.79	B	0.40	0.23	43	
IC3877	G	193.70283	19.17828	13.93	B	3.07	0.73	25	
IC3879	G	193.63279	38.62856	16.03	B	0.64	0.42	179	
IC3880	G	193.69996	22.50222	17.03	B	0.42	0.25	175	
IC3881	G	193.72479	19.11806	17.35	B	0.40	0.31	94	
IC3882	G	193.72379	22.57558	16.72	B	0.53	0.28	157	
IC3883	G	193.80633	-8.11975	14.18	B	1.09	0.54	11	
IC3884	G	193.74054	19.68128	16.36	B	0.85	0.62	147	
IC3885	G	193.67804	37.15472	16.75	B	0.48	0.39	35	
IC3886	G	193.75125	19.01169	17.75	B	0.40	0.34	22	
IC3888	G	193.69321	39.57128	15.24	B	0.90	0.35	57	
IC3890	G	193.70942	37.18531	17.32	B	0.44	0.34	19	
IC3891	G	193.74271	36.05272	16.86	B	0.46	0.34	105	
IC3892	G	193.77517	39.22194	15.39	B	1.22	0.55	176	
IC3893	G	193.78104	38.62386	16.91	B	0.58	0.18	72	
IC3895	G	193.78846	39.20325	15.79	B	0.71	0.69	18	
IC3896	G	194.18013	-50.34686	11.31	V	3.05	2.12	6	
IC3897	G	193.82958	39.67261	16.57	B	0.15	0.08	19	
IC3898	G	193.84933	37.58289	17.23	B	0.31	0.25	166	
IC3899	G	193.91942	20.63644	17.06	B	0.43	0.23	40	
IC3900	G	193.92208	27.25075	14.82	B	0.96	0.59	178	
IC3904	G	193.94000	36.29342	15.71	B	0.62	0.37	72	
IC3905	GTrpl	194.03579	19.85208			0.90			
IC3905 NED01	G	194.03329	19.85589	19.11	B	0.22	0.11	30	
IC3905 NED02	G	194.03575	19.85322	16.98	B	0.48	0.32	123	
IC3905 NED03	G	194.03862	19.84672			0.15	0.07	131	
IC3907	G	194.07575	18.78403	17.51	B	0.46	0.20	2	
IC3908	G	194.16925	-7.56278	13.33	B	2.43	0.79	172	
IC3909	G	194.01175	40.38544	16.64	B	0.37	0.28	55	
IC3911	GPair	194.03929	35.63825			0.50			
IC3911 NED01	G	194.03842	35.63675	16.25	B	0.56	0.38	26	
IC3911 NED02	G	194.04000	35.63972	18.43	B	0.50	0.24	36	
IC3913	G	194.11904	27.29128	15.56	B	0.66	0.45	57	
IC3914	G	194.09492	36.36092	17.29	B	0.36	0.25	112	
IC3916	G	194.12987	38.61344	15.36	B	0.89	0.60	124	
IC3918	G	194.22308	22.37361	15.62	B	0.55	0.40	164	
IC3919	G	194.20296	38.58875	15.87	B	0.59	0.43	108	
IC3920	G	194.20854	39.95867	15.82	B	0.68	0.21	16	
IC3921	G	194.23604	38.63950	16.12	B	0.52	0.25	73	
IC3922	G	194.23958	38.47828	16.12	B	0.72	0.23	90	
IC3924	G	194.35367	18.78153	18.11	B	0.42	0.29	121	
IC3927	G	194.54329	-22.87603	13.73	B	1.29	1.05	166	
IC3928	G	194.32621	40.44161	17.00	B	0.33	0.26	145	
IC3929	G	194.42121	20.39689	17.08	B	0.38	0.28	40	
IC3930	G	194.34329	38.76492	16.23	B	0.57	0.29	7	
IC3931	G	194.48833	19.61764	16.08	B	0.73	0.39	154	
IC3934	G	194.57317	18.82542	16.47	B	0.51	0.48	58	
IC3936	Other	194.58304	19.05828						
IC3937	G	194.60308	18.81867	16.63	B	0.54	0.40	111	
IC3940	G	194.56863	35.83894	15.66	B	0.64	0.33	136	
IC3941	G	194.55796	39.77283	16.41	B	0.65	0.49	14	
IC3943	G	194.65146	28.11375	14.13	V	0.92	0.33	59	
IC3944	G	194.68646	23.78106	16.10	B	0.56	0.34	63	
IC3945	G	194.62346	39.93592	16.07	B	0.49	0.19	13	
IC3946	G	194.70300	27.81039	13.99	V	0.86	0.44	71	
IC3947	G	194.71708	27.78506	14.61	V	0.66	0.49	100	
IC3948	G	194.74229	24.06136	17.57	B	0.33	0.29	5	
IC3949	G	194.73337	27.83336	14.24	V	1.01	0.16	72	
IC3950	G	194.77550	18.73561	16.48	B	0.58	0.49	145	
IC3951	G	194.79250	18.76428	16.53	B	0.60	0.37	157	
IC3952	G	194.71729	38.86950	16.68	B	0.52	0.38	153	
IC3953	G	194.78800	23.08661	16.89	B	0.37	0.32	45	
IC3954	G	194.80271	19.27294	17.08	B	0.22	0.15	83	
IC3955	G	194.77513	27.99669	14.40	V	0.77	0.51	41	
IC3956	G	194.73492	37.39817	15.92	B	0.51	0.41	165	
IC3957	G	194.78121	27.76778	14.72	V	0.56	0.54	40	
IC3958	G	194.79754	24.02228	16.71	B	0.53	0.40	112	
IC3959	G	194.78417	27.78414	14.03	V	0.70	0.70	10	
IC3960	G	194.78317	27.85500	14.86	V	0.55	0.53	14	
IC3963	G	194.80625	27.77461	14.72	V	0.70	0.41	82	
IC3965	G	194.84450	18.84294	17.15	B	0.33	0.25	158	
IC3966	G	194.80467	35.85533	15.43	B	0.74	0.50	15	
IC3967	G	194.80375	36.12928	15.58	B	0.76	0.49	42	
IC3968	G	194.85621	27.97319	15.32	V	0.44	0.36	48	
IC3969	GTrpl	194.88712	19.65200			0.80			
IC3969 NED01	G	194.88629	19.65306	17.21	B	0.69	0.39	99	
IC3969 NED02	G	194.88604	19.64756	18.58	B	0.30	0.20	89	
IC3969 NED03	G	194.89054	19.65475	19.48	B	0.23	0.12	149	
IC3971	G	194.88246	22.84481	16.68	B	0.38	0.33	119	
IC3973	G	194.87842	27.88422	14.36	V	0.76	0.44	141	
IC3975	G	194.81537	38.88275	15.13	B	0.87	0.51	31	
IC3976	G	194.87250	27.85014	14.72	V	0.66	0.31	153	
IC3978	G	194.90604	19.62222	18.62	B	0.21	0.19	131	
IC3980	G	194.82750	39.15125	16.82	B	0.36	0.31	45	
IC3984	G	194.91775	19.62308	17.66	B	0.35	0.33	70	
IC3985	G	194.92979	19.59111	16.44	B	0.37	0.33	75	
IC3986	G	195.38392	-32.29106	13.35	B	1.85	1.38	124	
IC3987	G	194.85433	38.73344	15.63	B	0.49	0.41	40	
IC3990	G	194.91296	28.89553	14.00	V	0.87	0.29	30	
IC3991	G	194.91579	28.92658	14.36	V	0.91	0.41	66	
IC3993	G	194.87696	40.60178	15.90	B	0.48	0.41	1	
IC3994	G	194.96183	22.71675	17.22	B	0.30	0.23	164	
IC3997	G	194.90387	36.69567	16.88	B	0.38	0.31	45	
IC3998	G	194.94492	27.97386	14.57	V	0.56	0.41	8	
IC4000	G	194.90258	39.58775	17.14	B	0.36	0.26	53	
IC4001	G	194.90804	38.87025	15.74	B	0.58	0.34	32	
IC4002	G	194.91921	36.76347	17.14	B	0.43	0.23	68	
IC4003	G	194.91387	38.81558	15.10	B	1.07	1.07	91	
IC4004	G	194.92821	38.81131	15.41	B	0.87	0.81	143	
IC4007	G	195.02913	19.96467	16.33	B	0.34	0.22	146	
IC4010	G	194.97517	37.85911	16.31	B	0.52	0.28	65	
IC4011	G	195.02662	28.00414	15.10	V	0.40	0.38	1	
IC4012	G	195.03329	28.07856	14.93	V	0.51	0.42	131	
IC4014	G	195.05792	22.49961	16.76	B	0.40	0.36	4	
IC4017	G	195.06633	22.55569	17.44	B	0.39	0.20	91	
IC4018	G	194.98933	40.48872	17.01	B	0.18	0.15	168	
IC4020	G	195.01417	38.60989	16.59	B	0.93	0.19	80	
IC4021	G	195.06142	28.04131	14.69	V	0.40	0.38	26	
IC4023	G	195.11058	19.09733	16.60	B	0.62	0.35	176	
IC4025	G	195.11817	19.10503	16.60	B	0.62	0.35	176	
IC4026	G	195.09225	28.04700	14.59	V	0.58	0.41	73	
IC4027	G	195.05675	37.14142	16.31	B	0.45	0.33	167	
IC4028	G	195.06721	36.25411	15.38	B	0.78	0.61	151	
IC4029	G	195.05917	38.75972	16.57	B	0.42	0.20	109	
IC4030	G	195.11654	27.95597	15.39	V	0.53	0.36	16	
IC4031	G	195.06450	39.14494	16.42	B	0.21	0.17	124	
IC4032	G	195.10688	28.86781	14.68	V	0.60	0.44	176	
IC4033	G	195.11829	27.97242	15.21	V	0.50	0.28	100	
IC4034	G	195.08163	37.04619	16.26	B	0.41	0.24	63	
IC4035	GPair	195.07225	40.30144			0.80			
IC4035 NED01	G	195.06954	40.29964	16.89	B	0.48	0.23	34	
IC4035 NED02	G	195.07500	40.30236	18.80	B	0.55	0.09	179	
IC4037	G	195.08092	39.00264	16.54	B	0.35	0.28	109	
IC4038	G	195.09071	37.03936	16.18	B	0.59	0.31	168	
IC4039	G	195.16408	21.69172	16.04	B	0.50	0.42	10	
IC4040	G	195.15804	28.05736	14.82	V	0.78	0.34	152	
IC4041	G	195.17021	27.99661	14.42	V	0.61	0.44	44	
IC4042	G	195.17821	27.97139	14.13	V	0.72	0.60	2	
IC4043	G	195.14450	37.07192	16.46	B	0.98	0.30	160	
IC4044	G	195.19754	27.92217	15.47	V	0.48	0.30	43	
IC4045	G	195.20267	28.09078	13.88	V	0.79	0.44	109	
IC4047	G	195.24038	19.68700	15.63	B	0.88	0.81	90	
IC4048	G	195.15896	39.83097	16.84	B	0.46	0.21	178	
IC4049	G	195.17775	36.34556	15.02	B	1.07	1.07	69	
IC4051	G	195.21483	28.04281	13.61	V	0.96	0.58	51	
IC4055	Other	195.26096	22.90856						
IC4056	G	195.18454	39.75414	15.96	B	0.68	0.37	96	
IC4058	G	195.28892	19.49417	16.34	B	0.62	0.34	116	
IC4059	G	195.31446	19.27356	17.00	B	0.41	0.33	58	
IC4060	G	195.21900	40.58456	15.11	B	0.79	0.59	147	
IC4061	GPair	195.24017	39.58275			0.50			
IC4061 NED01	G	195.23913	39.58311	15.96	B	0.39	0.30	122	
IC4061 NED02	G	195.24208	39.58394	17.01	B	0.48	0.37	123	
IC4062	G	195.24433	39.85894	14.89	B	0.38	0.38	93	
IC4063	G	195.27771	39.24519	16.92	B	0.30	0.24	158	
IC4064	G	195.27804	39.84147	14.38	B	1.40	1.08	35	
IC4065	G	195.29579	39.74447	15.32	B	0.73	0.38	155	
IC4067	G	195.33375	39.94036	16.30	B	0.38	0.25	12	
IC4068	G	195.33408	39.89906	15.87	B	0.57	0.35	70	
IC4069	G	195.35325	36.11272	16.85	B	0.41	0.23	13	
IC4070	G	195.43037	19.30194	16.21	B	0.58	0.39	44	
IC4071	G	195.51704	-7.60319	14.70	B	0.97	0.55	8	
IC4073	G	195.35713	39.91428	15.45	B	0.81	0.27	143	
IC4074	G	195.45408	19.00886	16.90	B	0.59	0.38	43	
IC4075	G	195.45233	19.96500	16.80	B	0.44	0.31	104	
IC4076	G	195.45246	23.38911	16.75	B	0.41	0.37	143	
IC4077	G	195.39187	37.38622	16.22	B	0.42	0.28	61	
IC4079	G	195.48663	19.24881	17.41	B	0.42	0.37	10	
IC4080	GPair	195.49083	19.25469			0.40			
IC4080 NED01	G	195.49046	19.25325	17.28	B	0.79	0.16	38	
IC4080 NED02	G	195.49271	19.25592	18.66	B	0.23	0.12	64	
IC4081	G	195.48042	22.77103	16.59	B	0.42	0.28	157	
IC4082	G	195.41288	37.34164	16.57	B	0.44	0.27	92	
IC4083	G	195.41213	38.14236	16.29	B	0.41	0.26	20	
IC4085	G	195.40913	39.70269	16.01	B	0.30	0.25	132	
IC4086	G	195.42850	36.64842	15.66	B	0.82	0.66	178	
IC4087	G	195.50171	19.99519	17.04	B	0.23	0.13	9	
IC4089	G	195.50771	19.50289	17.44	B	0.36	0.32	149	
IC4091	G	195.55400	19.89300	16.85	B	0.52	0.26	131	
IC4093	Other	195.51662	28.99475						
IC4094	G	195.49413	37.79503	16.30	B	0.44	0.30	132	
IC4095	G	195.58492	19.09969	16.25	B	0.77	0.33	27	
IC4096	G	195.57067	24.01083	16.70	B	0.67	0.52	132	
IC4098	G	195.51600	37.98089	16.33	B	0.51	0.28	112	
IC4099	G	195.59679	24.02917	16.38	B	0.65	0.49	104	
IC4100	G	195.52046	40.40836	14.81	B	1.16	0.75	104	
IC4102	G	195.57496	36.15244	16.97	B	0.34	0.22	78	
IC4103	G	195.57937	38.01750	15.88	B	0.76	0.52	64	
IC4104	G	195.57550	38.59242	15.95	B	0.51	0.37	167	
IC4105	G	195.57917	38.27128	16.47	B	0.48	0.39	89	
IC4106	G	195.66017	28.11458	15.39	B	0.74	0.55	135	
IC4107	G	195.67446	21.99739	16.62	B	0.89	0.81	0	
IC4108	G	195.63137	38.47850	15.40	B	0.71	0.37	132	
IC4110	G	195.74287	19.22697	16.57	V	0.20	0.14	151	
IC4111	G	195.73571	28.07042	15.64	B	0.73	0.34	133	
IC4113	G	195.76379	20.47339	16.69	B	0.37	0.23	111	
IC4114	G	195.67429	40.10453	16.56	B	0.46	0.21	41	
IC4115	G	195.70304	37.22322	15.87	B	0.56	0.44	15	
IC4118	G	195.71542	38.29294	15.38	B	0.63	0.39	102	
IC4119	G	195.81321	19.23278	17.44	V	0.43	0.15	24	
IC4122	G	195.85179	20.19692	14.16	V	0.84	0.69	26	
IC4123	G	195.77425	38.31447	15.60	B	0.55	0.47	138	
IC4124	G	195.88154	22.84681	16.82	B	0.38	0.26	37	
IC4125	G	195.89571	18.80339	15.75	B	1.01	0.65	74	
IC4127	G	195.82250	38.04692	15.93	B	0.58	0.37	40	
IC4128	G	195.92183	20.21664	16.40	B	0.40	0.28	65	
IC4129	G	195.93321	18.87714	17.04	B	0.47	0.29	28	
IC4130	G	195.94413	19.27153	14.30	V	1.20	1.05	70	
IC4131	G	195.85658	38.95128	16.39	B	0.38	0.28	158	
IC4133	G	195.96167	27.98839	15.34	B	0.57	0.52	66	
IC4135	G	195.90579	40.24897	16.06	B	0.67	0.38	36	
IC4137	G	195.99708	22.73997	16.52	B	0.39	0.31	166	
IC4138	G	196.00879	20.66550	16.61	B	0.38	0.24	162	
IC4139	G	196.01729	19.29497	15.41	V	0.64	0.52	60	
IC4140	G	196.02517	20.09636	17.54	B	0.32	0.26	71	
IC4141	G	196.03221	19.21064	15.31	V	0.66	0.55	108	
IC4144	G	195.95863	36.94339	15.88	B	0.96	0.18	6	
IC4145	G	195.95738	38.28658	16.75	B	0.71	0.17	135	
IC4146	G	196.04325	19.27825	15.93	V	0.52	0.38	9	
IC4147	G	196.03929	20.25089	17.35	B	0.32	0.17	156	
IC4148	G	196.04454	19.25917	16.70	V	0.41	0.21	68	
IC4149	G	196.04508	22.28967	15.50	B	0.65	0.39	82	
IC4151	GTrpl	195.99558	36.85789			0.40			
IC4151 NED01	G	195.99617	36.85803	17.58	B	0.47	0.23	8	
IC4151 NED02	G	195.99725	36.85844	18.01	B	0.30	0.19	131	
IC4152	G	195.99358	38.19861	15.92	B	0.75	0.63	11	
IC4154	G	196.11779	23.57503	15.50	B	0.62	0.53	111	
IC4158	G	196.10267	36.47989	15.74	B	0.76	0.25	125	
IC4159	G	196.19162	22.24214	17.20	B	0.33	0.24	127	
IC4160	G	196.20025	22.89247	16.90	B	0.43	0.20	22	
IC4161	G	196.14717	39.97747	16.04	B	0.71	0.18	107	
IC4162	G	196.26246	20.55481	16.97	B	0.33	0.24	165	
IC4163	G	196.28338	20.77072	16.39	B	0.40	0.33	31	
IC4164	G	196.31038	20.54711	16.81	B	0.45	0.20	127	
IC4165	G	196.23733	39.92492	17.95	V	0.64	0.60	16	
IC4166	G	196.32746	31.44231	15.15	B	1.01	0.49	177	
IC4167	G	196.37813	21.91003	16.82	B	0.40	0.25	160	
IC4168	G	196.29462	40.04969	15.36	B	0.65	0.50	74	
IC4169	GPair	196.30038	38.77247			0.60			
IC4169 NED01	G	196.30004	38.77069	19.09	B	0.15	0.12	120	
IC4169 NED02	G	196.30217	38.77356	16.41	B	0.51	0.47	130	
IC4170	GPair	196.39521	21.13503			0.80			
IC4170 NED01	G	196.39579	21.13494	12.70	V	0.51	0.50	79	
IC4170 NED02	G	196.39696	21.12969	18.93	B	0.26	0.17	95	
IC4171	G	196.32837	36.10289	15.92	B	0.71	0.39	82	
IC4172	G	196.63900	22.85039	16.21	B	0.49	0.39	85	
IC4175	G	196.44779	20.37469	16.84	B	0.40	0.27	138	
IC4177	G	196.62062	-13.57164	14.96	B	0.87	0.45	90	
IC4178	G	196.42292	36.01747	16.19	B	0.63	0.24	120	
IC4180	G	196.73538	-23.91711	13.60	V	1.38	1.02	163	
IC4181	G	196.52675	21.49389	16.15	B	0.53	0.47	125	
IC4182	G	196.45642	37.60489	11.61	V	6.01	5.52	0	
IC4183	G	196.54817	21.50436	16.72	B	0.46	0.40	113	
IC4184	G	196.46571	38.83739	15.54	B	0.33	0.22	111	
IC4185	GPair	196.55267	21.77303			1.00			
IC4185 NED01	G	196.55238	21.76925	16.59	B	0.55	0.23	147	
IC4185 NED02	G	196.55321	21.77586	18.03	B	0.32	0.19	21	
IC4187	G	196.49842	36.29847	15.53	B	0.55	0.43	157	
IC4188	G	196.50971	36.32822	16.36	B	0.46	0.37	53	
IC4189	G	196.51479	35.98033	14.42	B	1.25	0.84	180	
IC4191	PN	197.19679	-67.64375	10.60	V	0.08			
IC4192	Other	196.53583	37.60556						
IC4193	G	196.52638	39.42361	15.51	B	0.49	0.32	61	
IC4197	G	197.01804	-23.79686	12.48	V	1.84	1.12	162	
IC4200	G	197.39483	-51.96858	13.82	V	1.69	1.06	154	
IC4201	G	196.96342	35.83486	15.50	B	0.66	0.63	85	
IC4202	G	197.13158	24.70078	14.96	B	1.74	0.36	142	
IC4204	G	197.08992	39.46117	15.93	B	0.95	0.21	42	
IC4207	G	197.36138	37.82294	16.61	B	0.49	0.30	2	
IC4209	G	197.59371	-7.17069	14.48	B	1.28	0.53	99	
IC4212	G	198.01246	-6.99250	13.69	V	0.33	0.21	140	
IC4213	G	198.04675	35.66969	13.98	B	2.48	0.48	176	
IC4214	G	199.42788	-32.10169	11.40	V	2.96	1.84	165	
IC4215	G	199.07013	25.40522	13.88	V	1.55	0.36	46	
IC4216	G	199.25779	-10.77000	13.69	B	2.05	0.77	53	
IC4217	G	199.30533	-13.15408	15.26	B	0.68	0.62	30	
IC4218	G	199.26421	-2.26128	14.73	V	1.20	0.37	159	
IC4219	G	199.62392	-31.63089	12.99	V	1.12	0.97	114	
IC4220	G	199.47633	-13.60547	14.89	B	0.85	0.61	105	
IC4221	G	199.62646	-14.60889	13.58	B	1.54	0.71	167	
IC4223	G	199.73004	7.79550	15.38	B	0.72	0.53	140	
IC4224	G	199.77104	-2.51531	14.84	B	0.88	0.37	99	
IC4225	G	200.00396	31.98139	14.97	B	1.64	0.33	131	
IC4226	G	200.12671	32.00392	15.12	B	0.49	0.35	140	
IC4227	G	200.22283	32.19078	15.55	B	0.54	0.44	77	
IC4228	G	200.39208	25.51625	15.12	B	0.80	0.55	67	
IC4229	G	200.60888	-2.41828	14.30	B	0.80	0.67	15	
IC4230	G	200.49667	26.73386	15.06	B	1.19	0.36	1	
IC4231	G	200.80575	-26.30039	14.29	B	2.06	0.57	34	
IC4232	G	200.84354	-26.10950	14.57	B	1.19	0.37	4	
IC4234	G	200.74946	27.11642	14.76	B	0.78	0.68	12	
IC4235	G	200.97071	-12.74336	16.13	B	0.91	0.25	78	
IC4237	G	201.13650	-21.13683	13.22	B	2.14	1.39	135	
IC4238	G	200.99979	30.93242	15.93	B	0.87	0.24	29	
IC4239	G	201.10596	30.95928	15.19	B	0.88	0.63	132	
IC4240	G	201.11483	30.97792	15.87	B	0.54	0.25	34	
IC4241	G	201.19396	26.73842	15.38	B	0.62	0.47	64	
IC4242	G	201.17050	31.02650	16.02	B	0.58	0.41	137	
IC4243	G	201.46350	-27.62689	15.19	B	0.50	0.38	35	
IC4244	G	201.23446	26.46353	15.42	B	0.81	0.34	82	
IC4245	G	201.49604	-26.67772	15.25	B	0.73	0.52	112	
IC4246	G	201.50104	-26.67806	15.34	B	0.62	0.26	147	
IC4247	G	201.68512	-30.36242	14.28	V	1.38	0.52	154	
IC4248	G	201.69675	-29.88136	14.80	V	1.04	0.65	89	
IC4249	G	201.77733	-27.95639	13.92	V	1.43	0.41	111	
IC4250	G	201.53725	26.47717	15.55	B	0.55	0.32	53	
IC4251	G	201.85117	-29.44436	14.97	B	0.98	0.65	145	
IC4252	G	201.86667	-27.32478	13.05	V	2.00	1.08	135	
IC4253	G	201.88487	-27.87214	14.80	V	1.41	0.71	135	
IC4254	G	201.93904	-27.22253	15.60	B	0.75	0.54	81	
IC4255	G	202.00050	-27.35431	13.37	V	1.34	0.99	45	
IC4256	G	201.76329	30.97683	15.50	B	0.66	0.32	44	
IC4257	Other	201.83471	46.86700						
IC4258	G	201.97192	28.50819	15.08	B	0.85	0.68	29	
IC4259	G	202.36729	-30.13494	15.39	B	0.99	0.56	149	
IC4260	G	202.41842	-28.26608	15.68	B	1.17	0.29	96	
IC4261	G	202.44858	-28.00636	14.74	B	1.17	0.86	131	
IC4262	G	202.59625	-28.27058	15.62	B	1.18	0.37	65	
IC4263	G	202.13829	46.92719	15.22	B	1.71	0.42	102	
IC4264	G	202.57383	-27.92844	14.96	B	1.88	0.47	105	
IC4265	G	202.59571	-25.76556	15.47	B	0.84	0.53	5	
IC4266	G	202.27346	37.61175	16.17	B	0.55	0.50	10	
IC4267	G	202.65042	-26.25606	15.20	B	1.30	0.45	135	
IC4268	G	202.30137	37.66050	16.28	B	0.63	0.46	90	
IC4269	G	202.33767	37.62308			0.46	0.46	85	
IC4270	G	202.70454	-25.33367	14.69	B	0.95	0.83	7	
IC4271	GPair	202.33917	37.41167			0.80			
IC4271 NED01	G	202.33933	37.41403	15.35	B	0.87	0.66	167	
IC4271 NED02	G	202.33879	37.40967	15.00	V	0.30	0.23	141	
IC4272	G	202.81900	-29.95736	15.66	B	0.98	0.18	111	
IC4273	G	202.87442	-28.89344	15.25	B	0.95	0.64	24	
IC4275	G	202.96375	-29.73239	16.60	V	0.95	0.54	25	
IC4276	G	203.02608	-28.15683	15.37	B	1.32	0.18	61	
IC4277	G	202.56967	47.31417			0.67	0.08	91	
IC4278	G	202.61479	47.24689	17.79	B	0.43	0.40	65	
IC4279	G	203.12904	-27.12747	15.48	B	0.68	0.38	52	
IC4280	G	203.22250	-24.20714	12.84	V	1.13	0.76	64	
IC4281	G	203.15937	-27.16964	14.48	B	1.30	0.79	98	
IC4282	G	202.83238	47.18386	17.83	B	0.40	0.38	156	
IC4283	G	203.04450	28.38911	15.36	B	0.65	0.34	69	
IC4284	G	202.88308	46.79511	17.27	B	0.32	0.30	21	
IC4285	G	202.93975	46.82161	17.88	B	0.32	0.17	92	
IC4286	G	203.39854	-27.63122	15.96	B	0.41	0.34	20	
IC4287	GPair	203.16250	25.44111			1.00			
IC4287 NED01	G	203.16237	25.44111	15.27	B	0.96	0.46	152	
IC4287 NED02	G	203.16525	25.44019			0.22	0.15	15	
IC4288	G	203.62675	-27.30422	14.76	B	1.36	0.60	114	
IC4289	G	203.69921	-27.12708	14.35	B	1.40	0.62	8	
IC4290	G	203.83158	-28.02181	13.32	V	1.35	1.11	99	
IC4291	OCl	204.23504	-62.09311	9.70	V	5.10			
IC4292	G	203.94417	-27.67386	15.20	B	0.56	0.48	14	
IC4293	G	204.00942	-25.88231	13.50	V	2.19	1.39	177	
IC4294	G	204.13012	-28.78114	15.62	B	0.93	0.45	32	
IC4295	G	204.14358	-29.08944	15.12	B	1.04	0.40	114	
IC4296	G	204.16262	-33.96583	10.51	V	4.62	2.43	42	
IC4297	G	203.83021	26.42478	15.57	B	0.88	0.40	70	
IC4298	G	204.14471	-26.55386	14.17	B	1.60	0.82	177	
IC4299	G	204.19783	-34.06581	12.66	V	1.87	0.81	58	
IC4300	G	203.85500	33.41981	15.74	B	0.23	0.23	12	
IC4301	G	203.89917	33.37450	15.77	B	1.29	0.39	130	
IC4302	G	203.89979	33.47958	16.14	B	1.36	0.27	126	
IC4303	G	204.32592	-28.65797	15.26	B	0.98	0.54	71	
IC4304	G	203.99117	33.43003	14.74	B	1.31	0.55	41	
IC4305	G	203.99321	33.47392	14.80	B	0.98	0.86	173	
IC4306	G	204.08183	33.42344	15.43	B	1.10	0.39	81	
IC4307	G	204.15071	27.24219	15.08	B	0.66	0.59	84	
IC4308	Other	204.21817	32.73336						
IC4309	G	204.70850	-29.66272	15.47	B	0.77	0.50	132	
IC4310	G	204.73808	-25.84572	13.33	B	2.38	0.96	73	
IC4311	G	205.03317	-51.03614	14.07	B	1.11	0.78	161	
IC4312	G	205.12875	-51.07089	13.42	B	1.21	0.89	75	
IC4313	G	204.58629	26.75978	16.02	B	0.59	0.38	38	
IC4314	G	204.60446	26.74250	14.94	B	0.91	0.65	10	
IC4315	G	205.01329	-25.47456	15.05	B	1.60	0.32	132	
IC4316	G	205.07671	-28.89222	13.97	V	1.38	1.00	56	
IC4317	G	205.44092	27.10636	16.21	B	0.51	0.34	23	
IC4318	G	205.84454	-28.96794	14.54	B	1.08	0.95	10	
IC4319	G	205.86071	-29.80347	14.32	B	1.61	0.54	73	
IC4320	G	206.01550	-27.23169	14.25	B	1.31	1.18	30	
IC4321	G	206.13021	-30.13958	15.16	B	1.02	0.62	33	
IC4322	G	205.93396	25.39214	15.50	B	0.69	0.55	71	
IC4323	G	206.27867	-28.65125	15.91	B	1.10	0.20	58	
IC4324	G	206.36379	-30.22722	14.82	B	0.90	0.57	126	
IC4325	G	206.91521	-29.43436	14.75	B	1.20	0.48	101	
IC4326	G	207.08954	-29.62639	14.40	B	1.00	0.81	166	
IC4327	G	207.18250	-30.21750	13.91	V	1.15	0.58	56	
IC4328	G	207.26208	-29.93703	14.92	B	1.07	0.70	174	
IC4329	G	207.27212	-30.29586	10.97	V	4.74	2.65	67	
IC4330	G	206.81187	-28.33181	14.72	B	1.29	0.65	93	
IC4331	G	207.35254	25.15467	15.73	B	0.63	0.51	64	
IC4332	G	207.46896	25.19089	15.30	B	0.85	0.78	3	
IC4333	G	211.33579	-84.27269	14.80	B	1.80	0.46	60	
IC4334	G	207.45112	29.69408	15.51	B	0.59	0.50	147	
IC4336	G	207.68071	39.70678	14.00	V	1.37	0.41	155	
IC4337	G	208.08033	14.27192	15.22	B	0.77	0.38	106	
IC4340	G	208.38971	37.38697	14.58	B	1.27	0.90	31	
IC4341	G	208.39271	37.52225	14.78	B	0.92	0.84	50	
IC4342	G	208.59213	25.15308	15.26	B	1.09	0.43	53	
IC4343	G	208.73250	25.12264	15.13	B	1.05	0.61	102	
IC4344	G	208.80246	25.02144	14.98	B	1.10	0.70	67	
IC4345	G	208.80579	25.05181	14.23	B	1.23	1.18	134	
IC4346	G	208.91904	25.15306	14.98	B	0.73	0.66	4	
IC4348	G	208.93787	25.20311	15.59	B	1.13	1.13	117	
IC4349	G	208.94308	25.15192	15.13	B	1.04	0.50	119	
IC4350	G	209.30800	-25.24581	13.71	B	1.88	0.74	133	
IC4351	G	209.47608	-29.31572	11.62	V	6.55	1.04	18	
IC4352	G	209.60467	-34.51733	13.58	B	1.82	0.73	88	
IC4353	Other	209.26542	37.72906						
IC4354	G	209.62875	-12.60536	15.33	B	1.36	0.33	106	
IC4355	G	209.52550	28.42269	15.17	B	0.43	0.40	54	
IC4356	G	209.68792	37.49067	15.86	B	0.54	0.46	15	
IC4357	G	210.18204	31.89417	14.83	B	0.93	0.51	67	
IC4358	G	210.89242	-10.15125	14.92	B	1.39	0.29	111	
IC4359	G	211.34721	-45.26978	13.81	B	1.18	0.89	13	
IC4360	G	211.08892	-11.42483	15.88	B	0.78	0.47	33	
IC4361	G	211.03113	-9.76889			0.66	0.34	170	
IC4362	G	211.34258	-41.81897	13.43	B	1.81	0.69	147	
IC4363	G	211.05125	-9.64164	15.09	B	0.45	0.21	25	
IC4364	G	211.08217	-9.99328	14.76	B	0.91	0.66	106	
IC4366	G	211.29783	-33.76011	12.74	V	1.63	1.21	149	
IC4367	G	211.40242	-39.20336	13.01	B	1.64	1.43	71	
IC4368	G	211.19350	-9.96225	14.95	B	0.55	0.38	40	
IC4369	G	211.02446	33.32072	16.20	B	0.44	0.38	29	
IC4370	G	211.04108	33.34600	15.88	B	0.44	0.33	96	
IC4371	G	211.04529	33.30781	15.13	B	0.81	0.54	50	
IC4372	G	211.44204	-10.90008	16.18	B	0.48	0.15	75	
IC4373	G	211.42988	25.23136	15.26	B	0.82	0.78	23	
IC4374	G	211.87400	-27.01786	13.68	B	1.80	1.39	106	
IC4376	Other	212.71029	-30.79275						
IC4377	G	214.24504	-75.64719	13.95	B	1.98	0.69	95	
IC4378	G	213.03987	-34.26533	14.55	B	1.54	0.61	158	
IC4379	G	213.04267	-34.27272	15.52	B	0.92	0.42	93	
IC4380	G	212.50883	37.54986	15.18	B	0.73	0.68	10	
IC4382	G	212.76058	25.51936	15.46	B	0.64	0.16	9	
IC4384	G	212.98342	27.11392	14.91	B	1.13	0.80	165	
IC4385	Other	213.63217	-42.32361						
IC4386	G	213.75988	-43.96133	12.75	B	2.57	0.38	146	
IC4387	G	213.75729	-43.99011	14.91	B	1.26	0.72	67	
IC4388	G	214.01450	-31.75264	14.32	B	1.14	0.97	4	
IC4389	G	214.19250	-40.55250	15.30	B	0.83	0.60	100	
IC4390	G	214.24667	-44.97733	13.82	B	1.95	0.63	10	
IC4391	G	214.11267	-31.68497	14.44	B	0.98	0.78	55	
IC4392	Other	213.97154	-13.05125						
IC4393	G	214.45396	-31.34908	13.74	V	2.30	0.38	75	
IC4394	Other	214.09317	39.69769						
IC4395	G	214.33783	26.85744	15.00	V	1.16	0.80	25	
IC4396	G	214.37600	28.80000	14.99	V	0.63	0.41	21	
IC4397	G	214.49467	26.41256	14.10	V	1.08	0.74	160	
IC4398	G	214.51433	28.86639	15.17	B	0.62	0.56	10	
IC4399	G	214.59983	26.38589	15.38	B	0.71	0.35	139	
IC4400	Other	215.55604	-60.56981						
IC4401	G	214.85446	-4.48914	14.44	B	1.50	0.60	10	
IC4402	G	215.30454	-46.29789	11.82	V	5.78	0.96	126	
IC4403	G	214.57029	31.65383	14.80	B	1.23	0.48	137	
IC4405	G	214.81912	26.29858	14.67	B	1.35	0.87	105	
IC4406	PN	215.61033	-44.15019	10.20	V	0.58			
IC4407	G	215.90358	-5.98322	14.75	B	1.48	0.71	173	
IC4408	G	215.30454	29.99350	14.89	B	0.83	0.39	128	
IC4409	G	215.38875	31.58553	15.04	B	0.79	0.54	38	
IC4410	G	215.55813	17.39733	15.59	B	0.79	0.41	57	
IC4411	Other	216.25458	-35.02061						
IC4413	G	215.73883	37.52742	15.50	B	0.51	0.40	129	
IC4415	G	216.11133	16.63961	16.10	B	0.62	0.30	139	
IC4416	G	216.07258	29.63581	15.50	B	0.92	0.67	130	
IC4417	G	216.22371	17.03792	15.58	B	1.11	0.78	144	
IC4418	G	216.36350	25.52628	14.84	B	0.94	0.80	96	
IC4419	G	216.47779	16.63253	16.06	B	0.79	0.52	148	
IC4420	G	216.41421	25.37836	15.44	B	0.67	0.37	18	
IC4421	G	217.13046	-37.58375	12.37	V	1.43	1.08	164	
IC4422	G	216.49638	30.47372	15.21	B	0.74	0.65	142	
IC4423	G	216.57392	26.24614	15.45	B	1.02	0.57	71	
IC4425	G	216.68408	27.18953	15.19	B	0.64	0.58	3	
IC4426	G	216.82121	16.83097	15.59	B	0.69	0.65	5	
IC4427	G	216.74821	26.86397	15.33	B	0.86	0.35	116	
IC4428	G	216.85646	16.19083	15.71	B	0.76	0.35	49	
IC4429	G	216.90571	16.89986	15.46	B	1.02	0.61	96	
IC4430	G	217.33083	-33.45511	12.98	B	2.47	1.26	24	
IC4432	G	217.20733	-39.55219	16.37	B	0.85	0.22	47	
IC4433	G	216.97229	16.19556	16.31	B	0.48	0.34	44	
IC4434	G	216.97808	16.20717	15.51	B	0.64	0.46	6	
IC4435	G	216.85117	37.47144	15.11	B	0.94	0.94	50	
IC4436	G	216.99242	26.50450	14.75	B	1.20	1.03	87	
IC4438	G	217.14362	17.33456	15.94	B	0.48	0.40	77	
IC4439	G	217.16683	17.02475	15.81	B	0.67	0.36	76	
IC4440	G	217.24683	17.32058	15.56	B	0.77	0.46	72	
IC4441	G	217.91092	-43.41844	11.84	V	1.95	1.53	83	
IC4442	G	217.18863	28.96425	15.13	B	0.85	0.50	15	
IC4443	G	217.32287	16.18156	16.25	B	0.62	0.28	12	
IC4445	G	217.97754	-46.03531	15.00	B	1.19	0.45	154	
IC4446	G	217.25550	37.46314	15.77	B	0.77	0.40	109	
IC4447	G	217.32492	30.83222	14.66	B	0.82	0.67	174	
IC4448	G	220.11650	-78.80922	13.51	V	1.10	0.86	176	
IC4449	G	217.83996	15.24086	15.71	B	0.72	0.41	115	
IC4450	G	218.05142	28.55683	15.30	B	0.98	0.45	48	
IC4451	G	218.65475	-36.28583	13.34	B	1.79	1.29	95	
IC4452	G	218.11429	27.42742	14.93	B	0.50	0.47	78	
IC4453	G	218.61937	-27.51856	12.19	V	2.09	0.97	160	
IC4454	G	218.31954	17.71181	16.70	B	0.45	0.32	0	
IC4456	G	218.53821	16.18403	16.08	B	0.58	0.21	129	
IC4457	G	218.62033	18.22469	16.00	B	0.46	0.39	85	
IC4458	G	219.52446	-39.50597	17.03	B	0.59	0.26	70	
IC4459	G	218.63417	30.97467	15.39	B	0.89	0.30	13	
IC4460	G	218.65221	30.27939	15.61	B	0.55	0.41	161	
IC4461	G	218.75158	26.53192	16.70	B	0.41	0.28	117	
IC4462	G	218.75792	26.54392	15.33	B	0.74	0.54	11	
IC4463	G	218.95417	16.01928	15.42	B	0.81	0.61	30	
IC4464	G	219.45417	-36.87800	13.66	B	1.68	0.67	62	
IC4465	G	218.96317	15.57292	16.53	B	0.56	0.23	80	
IC4466	G	219.20046	18.34378	15.60	B	1.00	1.00	14	
IC4467	G	219.22362	18.37064	15.99	B	0.54	0.48	32	
IC4468	G	219.61142	-22.36761	13.77	B	2.30	0.54	158	
IC4469	G	219.33538	18.24933	15.45	B	1.67	0.22	109	
IC4470	G	217.09537	78.88561	14.93	B	0.89	0.25	94	
IC4472	G	220.04517	-44.31458	13.96	B	2.69	0.60	0	
IC4473	GTrpl	219.47558	15.86167			1.20			
IC4473 NED01	G	219.47663	15.86069	15.97	B	0.74	0.59	1	
IC4473 NED02	G	219.47521	15.86367	15.39	B	0.93	0.59	178	
IC4473 NED03	G	219.47592	15.87017			0.12	0.12	0	
IC4474	G	219.59292	23.42875	15.87	B	0.65	0.52	134	
IC4475	G	219.59692	23.33356	14.82	B	1.05	0.88	26	
IC4476	G	219.96604	-16.24475	15.31	B	0.76	0.55	164	
IC4477	G	219.64683	28.45939	15.61	B	0.60	0.34	16	
IC4478	G	219.80288	15.87739	15.29	B	0.58	0.49	61	
IC4479	G	219.69125	28.50544	14.85	B	1.16	1.07	17	
IC4480	G	219.94012	18.49236	15.41	B	0.64	0.58	65	
IC4481	G	220.04212	16.14144	16.59	B	0.50	0.35	68	
IC4482	G	220.05192	18.94328	15.55	B	0.62	0.56	25	
IC4483	G	220.08129	16.68522	14.92	B	1.34	0.46	25	
IC4484	G	221.93283	-73.30594	13.88	B	2.96	0.30	132	
IC4485	G	220.13108	28.66886	15.87	B	0.64	0.37	43	
IC4486	G	220.41996	18.55722	15.31	B	0.52	0.32	142	
IC4487	G	220.46746	18.57700	15.65	B	0.68	0.52	22	
IC4488	G	220.71908	18.62028	15.84	B	0.61	0.39	9	
IC4489	G	220.81646	18.52861	16.78	B	0.42	0.36	122	
IC4492	G	220.64112	37.45233	15.30	B	0.63	0.50	61	
IC4494	G	221.10642	15.55139	15.30	B	0.93	0.39	136	
IC4495	G	221.06071	23.55839	15.66	B	0.78	0.44	10	
IC4496	G	220.97742	33.40656	14.88	B	0.85	0.69	45	
IC4497	G	221.08692	28.55103	15.23	B	0.84	0.81	134	
IC4498	G	221.25329	26.30114	14.94	B	0.75	0.70	17	
IC4499	GCl	225.08021	-82.21350	8.56	V	5.10			
IC4500	G	221.14858	37.48247	15.58	B	0.56	0.44	74	
IC4501	G	221.85612	-22.40603	14.27	B	1.03	0.75	59	
IC4502	G	221.31596	37.30036	15.58	B	0.64	0.33	110	
IC4503	G	221.66463	16.14644	14.69	B	1.20	1.05	6	
IC4504	G	221.65408	31.69919	15.46	B	0.51	0.29	98	
IC4505	G	221.63904	33.40861	14.83	B	1.13	0.78	176	
IC4506	G	221.66642	33.40122	15.48	B	0.49	0.44	2	
IC4507	G	221.92567	18.45572	15.82	B	0.68	0.41	149	
IC4508	G	221.96421	31.76828	15.55	B	0.76	0.60	31	
IC4509	G	222.11275	31.79158	14.80	B	0.83	0.20	46	
IC4510	Other	222.66963	-20.73089						
IC4511	Other	223.02200	-40.49492						
IC4512	G	222.47625	27.70081	16.12	B	0.55	0.50	162	
IC4513	Other	223.07013	-20.72792						
IC4514	G	222.73100	27.57853	16.98	V	0.83	0.68	124	
IC4515	G	222.77779	37.49481	15.52	B	0.98	0.70	61	
IC4516	G	223.59771	16.35528	14.22	V	1.36	1.09	158	
IC4517	G	223.64621	23.64328	15.31	B	1.12	0.30	156	
IC4518	GPair	224.42875	-43.13167			2.00			
IC4518A	G	224.42158	-43.13211	16.64	B	0.92	0.32	135	
IC4518B	G	224.43525	-43.13136	16.46	B	1.26	0.24	106	
IC4519	G	223.68558	37.41272	15.18	B	0.89	0.48	124	
IC4520	G	223.77921	33.72444	15.13	B	0.51	0.41	120	
IC4521	G	224.86437	25.58408	15.36	B	0.66	0.44	114	
IC4522	G	227.87050	-75.85997	13.10	B	3.02	0.86	112	
IC4523	G	226.29392	-43.50953	13.43	B	1.65	1.49	119	
IC4524	G	225.52650	25.60150	15.52	B	0.64	0.48	19	
IC4525	G	225.60358	25.63850	15.66	B	0.58	0.52	31	
IC4526	G	225.65917	23.35044	16.72	B	0.50	0.37	19	
IC4527	G	226.42092	-42.44953	13.74	B	1.43	0.51	49	
IC4528	G	225.38904	49.11247	15.05	B	0.81	0.60	155	
IC4529	G	226.60825	-43.23264	14.80	B	0.77	0.46	6	
IC4530	G	225.93879	26.10086	15.30	B	0.91	0.16	19	
IC4531	G	226.11017	23.41494	15.60	B	0.92	0.53	178	
IC4532	G	226.22421	23.25661	15.51	B	0.86	0.58	92	
IC4533	G	226.12642	27.79286	15.14	B	0.98	0.66	154	
IC4534	G	226.67404	23.64192	14.47	B	1.45	0.79	164	
IC4535	G	227.17333	37.57033	15.99	B	0.54	0.23	162	
IC4536	G	228.32179	-18.13728	13.72	B	1.32	0.89	4	
IC4537	G	229.38517	2.04739	15.95	B	0.75	0.43	45	
IC4538	G	230.29837	-23.65842	12.38	V	2.48	1.95	55	
IC4539	G	229.62979	32.39286	15.77	B	0.55	0.45	153	
IC4540	Other	230.01296	1.78658						
IC4541	G	232.48154	-70.58494	13.95	B	1.74	0.53	151	
IC4542	G	230.52246	33.14858	15.12	B	1.05	0.65	102	
IC4545	G	235.36575	-81.62594	14.05	B	2.02	0.85	166	
IC4546	G	231.74338	28.85261	15.54	V	0.70	0.60	104	
IC4547	G	231.81279	28.78897	15.43	B	0.80	0.57	138	
IC4548	G	231.85008	28.84983	16.50	B	0.48	0.33	11	
IC4549	G	232.31071	32.82556	15.51	B	0.70	0.23	96	
IC4552	G	234.72871	4.58306	14.19	B	1.00	0.94	70	
IC4553	G	233.73854	23.50314	13.19	V	1.11	0.72	96	
IC4554	G	233.77013	23.47928	16.09	B	0.47	0.33	151	
IC4555	G	237.06171	-78.17886	13.56	B	2.14	0.46	62	
IC4556	G	233.84354	25.29714	14.57	B	1.17	1.06	141	
IC4557	G	233.65387	39.72889	15.71	B	0.52	0.36	137	
IC4558	G	233.94250	25.34589	15.81	B	0.45	0.28	158	
IC4559	G	233.97300	25.34114	15.14	B	0.64	0.44	70	
IC4560	G	233.97533	39.81411	16.39	B	0.61	0.35	104	
IC4561	G	234.19612	25.41681	15.07	B	0.83	0.45	129	
IC4562	G	233.98750	43.49325	13.76	B	1.19	1.09	55	
IC4563	G	234.01533	39.83153	14.94	B	1.06	0.54	163	
IC4564	G	234.11275	43.51878	14.34	B	1.20	0.44	71	
IC4565	G	234.14638	43.42489	14.81	B	0.80	0.46	11	
IC4566	G	234.17567	43.53933	13.27	V	1.35	0.89	163	
IC4567	G	234.30529	43.29831	13.55	B	1.34	0.96	131	
IC4568	G	235.03208	28.15228	15.22	B	0.54	0.25	39	
IC4569	G	235.20158	28.29208	14.86	B	0.91	0.82	115	
IC4570	G	235.34413	28.22975	15.05	B	0.76	0.67	178	
IC4571	G	237.21458	-67.32347	13.92	B	1.58	0.57	139	
IC4572	G	235.47579	28.13400	14.80	B	1.16	0.78	76	
IC4573	G	235.55142	23.79997	15.71	B	0.62	0.27	138	
IC4574	G	235.49683	28.24033	15.71	B	0.63	0.36	23	
IC4575	G	235.58187	23.80764	15.54	B	0.50	0.35	84	
IC4576	G	235.64792	23.67006	14.60	B	1.39	0.90	79	
IC4577	G	235.68983	23.79264	15.27	B	0.58	0.49	145	
IC4578	G	238.29442	-74.82528	13.93	B	1.63	0.62	139	
IC4579	G	235.71463	23.77317	15.47	B	0.55	0.43	72	
IC4580	G	235.80933	28.35683	15.35	B	0.98	0.48	164	
IC4581	G	236.00633	28.27703	15.18	B	0.79	0.60	24	
IC4582	G	236.41438	28.08867	14.83	B	1.20	0.31	172	
IC4583	G	236.59142	23.80903	14.78	B	1.21	0.28	39	
IC4584	G	240.05108	-66.38328	15.78	B	1.96	1.64	90	
IC4585	G	240.07350	-66.32228	12.32	V	1.58	0.76	56	
IC4587	G	239.96504	25.94064	15.77	B	0.83	0.56	98	
IC4588	G	241.26771	23.91714	16.06	B	0.50	0.39	141	
IC4590	G	242.08812	28.47869	14.90	V	0.65	0.43	158	
IC4591	HII	243.07567	-27.92775			12.00	10.00		
IC4592	RfN	242.99446	-19.45467	3.90	B	60.00	40.00		
IC4593	PN	242.93542	12.07139	10.70	V	0.66			
IC4595	G	245.18517	-70.14261	13.48	B	3.26	0.55	60	
IC4596	G	244.01504	-22.62539	14.96	B	1.66	0.38	56	
IC4597	G	244.41554	-34.36594	14.41	B	1.27	1.02	145	
IC4598	G	244.55546	-31.44289	14.91	B	1.46	0.40	175	
IC4599	PN	244.84654	-42.26014	12.40	B	0.24			
IC4600	Other	244.53612	-22.78553						
IC4601	Neb	245.07417	-20.08731			20.00	10.00		
IC4603	Neb	246.35200	-24.46836			20.00	5.00		
IC4604	Neb	246.37988	-23.43658	5.10	B	60.00	25.00		rho Oph Nebula
IC4605	Neb	247.55200	-25.11517	4.70	B	30.00	15.00		
IC4606	Other	247.89121	-26.05653						
IC4607	G	247.56612	24.57436	15.97	B	0.72	0.38	149	
IC4608	G	251.72492	-77.48869	13.66	V	0.86	0.64	74	
IC4609	G	248.25675	22.79739	15.21	B	0.87	0.83	19	
IC4610	G	248.41317	39.25764	16.31	B	1.03	0.31	50	
IC4611	G	248.42642	39.18514	15.81	B	0.51	0.46	20	
IC4612	G	248.45675	39.26319	15.15	B	1.00	1.00	103	
IC4613	Other	249.29229	36.13058						
IC4614	G	249.44658	36.11500	15.15	B	0.77	0.69	85	
IC4617	G	250.53358	36.68408	16.02	B	0.69	0.40	32	
IC4618	G	254.45837	-76.99297	12.60	V	1.69	0.81	119	
IC4619	G	251.04633	17.75917	15.16	B	0.69	0.58	85	
IC4620	G	252.12517	19.30539	15.75	B	0.71	0.51	93	
IC4621	G	252.71321	8.78367	15.08	B	0.81	0.62	151	
IC4622	Other	253.03462	-16.23625						
IC4623	G	252.77225	22.52742	15.38	B	0.70	0.36	107	
IC4624	G	252.88975	17.44911	15.71	B	0.47	0.32	115	
IC4627	G	253.53646	-7.63533	16.15	B	0.65	0.27	74	
IC4628	Neb	254.24346	-40.45097			89.13	58.88		
IC4629	Other	254.04163	-16.70989						
IC4630	G	253.78992	26.66292	14.73	B	0.84	0.49	20	
IC4631	Other	257.75013	-77.60356						
IC4632	Other	254.63387	22.91556						
IC4633	G	258.44600	-77.53619	13.69	B	2.70	1.32	148	
IC4634	PN	255.38996	-21.82597	10.90	V	0.14			
IC4635	G	258.91329	-77.48953	14.87	B	1.62	0.45	160	
IC4637	PN	256.29508	-40.88636	12.50	V	0.31			
IC4638	G	255.30708	33.51319	15.54	V	0.68	0.51	53	
IC4639	G	255.72813	22.93003	15.99	B	0.58	0.51	152	
IC4640	G	260.99313	-80.06408	14.78	B	1.34	1.20	130	
IC4641	G	261.04300	-80.14742	14.36	B	1.22	1.12	45	
IC4642	PN	257.93842	-55.39900	13.40	B	0.28			
IC4644	G	261.15375	-73.94011	15.50	B	1.75	0.47	134	
IC4645	G	258.67971	43.10411	15.85	B	0.57	0.50	121	
IC4646	G	260.97163	-59.99939	12.33	V	2.77	1.85	179	
IC4647	G	261.51558	-80.19511	14.47	B	1.64	0.84	176	
IC4650	G	258.94754	57.30189	15.84	B	0.61	0.25	67	
IC4651	OCl	261.20475	-49.93825	6.90	V	9.60			
IC4652	G	261.61113	-59.72831	14.21	B	1.10	0.53	16	
IC4653	G	261.77992	-60.87958	12.55	V	1.61	0.98	51	
IC4654	G	264.28288	-74.38144	13.15	B	1.97	1.11	102	
IC4655	Other	263.64842	-60.72133						
IC4656	G	264.43279	-63.72967	13.75	B	2.65	0.57	90	
IC4657	Other	263.17792	-17.52483						
IC4658	Other	264.04504	-59.58492						
IC4659	Other	263.55096	-17.92803						
IC4660	G	260.43825	75.84850	14.23	B	1.28	0.33	170	
IC4661	G	267.76150	-74.03239	13.48	B	1.62	1.30	63	
IC4662	G	266.78696	-64.64175	11.10	V	2.09	0.83	106	
IC4663	PN	266.36750	-44.90486	12.50	V	0.22			
IC4664	G	267.24412	-63.25453	12.93	V	1.67	0.89	106	
IC4665	OCl	266.61325	5.64872	4.20	V	24.60			
IC4667	Other	266.57900	55.87564						
IC4669	G	266.80404	61.43422	15.09	B	0.61	0.29	103	
IC4670	PN	268.77917	-21.74425	13.28	V	0.08			
IC4671	Other	268.78292	-10.28592						
IC4672	G	270.56129	-62.83250	15.30	B	0.89	0.52	40	
IC4673	PN	270.82667	-27.10611	13.00	V	0.25			
IC4674	G	272.05450	-62.39550	14.93	B	1.57	0.71	87	
IC4675	Other	270.79450	-9.25947						
IC4676	G	270.72079	11.82314	15.59	B	0.58	0.33	76	
IC4677	Other	269.56571	66.63328						
IC4678	Neb	271.63946	-23.95444	10.40	B				
IC4679	G	272.85204	-56.25439	12.84	B	1.17	0.39	125	
IC4680	G	273.37350	-64.47672	13.89	B	1.61	0.52	72	
IC4682	G	274.10712	-71.58131	13.22	B	2.21	1.51	140	
IC4683	Other	272.25387	-26.39094						
IC4684	RfN	272.28517	-23.43544			3.00	2.00		
IC4685	Neb	272.32292	-23.98725			15.00	10.00		
IC4686	G	273.41100	-57.73253	14.18	V	0.78	0.59	45	
IC4687	G	273.41512	-57.72536	14.30	V	1.15	0.73	51	
IC4688	G	272.04950	11.71222	14.63	B	1.30	0.95	174	
IC4689	G	273.41783	-57.74819	14.30	V	0.91	0.38	141	
IC4691	G	272.19042	11.83008	15.41	B	1.00	0.64	150	
IC4692	G	273.70821	-58.69378	14.25	B	1.74	0.86	4	
IC4693	Other	272.29512	17.34789						
IC4694	G	273.86021	-58.20892	13.76	B	2.79	0.73	19	
IC4696	G	275.07463	-64.73408	13.48	B	2.36	0.75	74	
IC4697	G	273.11212	25.42719	15.03	B	0.87	0.23	0	
IC4698	G	275.24971	-63.34794	15.32	B	1.75	0.26	39	
IC4699	PN	274.63663	-45.98308	13.00	V	0.08			
IC4701	Neb	274.14892	-16.64828			60.00	40.00		
IC4702	G	275.76592	-59.23894	14.00	B	1.66	1.19	155	
IC4703	Neb	274.73425	-13.84539	6.00	V	5.05	5.05	90	Eagle Nebula
IC4704	G	276.97350	-71.60986	12.02	V	2.70	1.99	165	
IC4705	G	277.04300	-71.69394	12.78	V	1.73	1.02	53	
IC4706	Neb	274.90392	-16.03128			3.47			
IC4707	Neb	274.97463	-16.00925			3.47			
IC4708	G	273.44254	61.15728	15.50	B	0.50	0.45	113	
IC4709	G	276.08079	-56.36917	14.42	B	1.17	0.59	5	
IC4710	G	277.15821	-66.98228	12.00	V	3.49	2.99	5	
IC4711	Other	277.02842	-64.94447						
IC4712	G	277.77883	-71.69367	12.19	V	1.99	1.17	61	
IC4713	G	277.49725	-67.22439	13.53	V	0.91	0.79	95	
IC4714	G	277.73229	-66.65175	15.15	B	1.49	0.29	177	
IC4715	*Ass	274.23383	-18.51456	4.50	V	120.00	60.00	90	Small Sgr Star Cloud
IC4716	G	278.18767	-56.96200	15.99	B	0.69	0.32	98	
IC4717	G	278.32187	-57.97572	13.23	V	1.78	0.43	93	
IC4718	G	278.45900	-60.12911	12.95	V	1.67	0.80	116	
IC4719	G	278.29808	-56.73219	13.98	V	1.47	0.61	112	
IC4720	G	278.38542	-58.40536	13.37	B	2.75	0.88	159	
IC4721	G	278.60317	-58.49661	11.82	V	5.30	1.64	149	
IC4722	G	278.63137	-57.79278	13.61	B	1.64	1.14	45	
IC4723	G	278.98442	-63.37667	14.70	B	0.70	0.67	6	
IC4724	G	279.66783	-70.12567	15.13	B	0.83	0.40	158	
IC4725	OCl	277.94488	-19.11494	4.60	V	14.10			M25
IC4726	G	279.24504	-62.85433	14.74	B	1.13	0.82	19	
IC4727	G	279.48358	-62.70067	14.07	B	1.24	1.09	114	
IC4728	G	279.48750	-62.53092	14.26	B	2.22	0.76	172	
IC4729	G	279.98512	-67.42569	12.18	V	1.31	0.69	61	
IC4730	G	279.70904	-63.34992	14.47	B	1.44	0.68	154	
IC4731	G	279.67908	-62.94303	12.69	V	1.55	0.76	80	
IC4732	PN	278.47750	-22.64472	12.10	V	0.07			
IC4734	G	279.60708	-57.49044	14.22	B	1.31	0.76	103	
IC4735	G	279.95808	-62.95603	15.51	B	0.79	0.54	38	
IC4736	G	279.66588	-57.89328	14.61	B	1.29	0.98	99	
IC4737	G	279.99333	-62.59797	15.01	B	0.93	0.77	23	
IC4738	G	280.11217	-61.90236	15.26	B	1.25	0.62	146	
IC4739	G	280.21242	-61.90156	15.19	B	0.95	0.57	95	
IC4740	G	280.75242	-68.35994	15.30	B	1.01	0.92	13	
IC4741	G	280.43096	-63.94819	13.80	B	1.43	0.90	30	
IC4742	G	280.46904	-63.86208	12.08	V	2.11	1.67	14	
IC4743	G	280.37146	-61.77222	14.99	B	0.93	0.52	99	
IC4744	G	280.47871	-63.22386	15.35	B	0.66	0.39	76	
IC4745	G	280.64950	-64.94292	13.88	B	2.08	0.91	1	
IC4746	G	281.47713	-72.66822			0.57	0.48	0	
IC4747	G	281.48892	-72.63003	15.09	B	1.10	0.37	72	
IC4748	G	280.69150	-64.07267	14.34	B	1.01	0.88	95	
IC4749	G	280.70621	-63.20842	14.30	B	1.20	1.01	57	
IC4750	G	280.76117	-62.97147	15.15	B	1.16	0.52	110	
IC4751	G	280.83058	-62.11228	14.09	B	1.08	0.57	6	
IC4752	G	280.94471	-64.08211	15.49	B	0.73	0.65	129	
IC4753	G	280.88592	-62.10794	12.88	V	0.87	0.74	7	
IC4754	G	281.00096	-61.99006	14.38	B	1.27	1.10	31	
IC4755	G	281.25479	-63.69222	15.15	B	1.42	0.32	96	
IC4756	OCl	279.71462	5.46217	4.60	V	24.00			
IC4757	G	280.98229	-57.16756	14.58	B	1.49	0.65	57	
IC4758	G	281.57612	-65.75667	14.18	B	1.04	0.53	142	
IC4759	GPair	281.42083	-63.08528			0.80			
IC4759 NED01	G	281.41967	-63.08478	17.33	B	0.59	0.14	71	
IC4759 NED02	G	281.42208	-63.08700	15.42	B	0.92	0.54	175	
IC4760	G	281.44146	-62.95836	15.15	B	0.83	0.76	7	
IC4761	G	280.98167	-52.85303	13.92	B	1.54	1.07	25	
IC4764	G	281.78154	-63.48456	13.85	V	1.42	0.41	126	
IC4765	G	281.82471	-63.33133	11.19	V	3.79	2.84	121	
IC4766	G	281.89904	-63.29217	13.48	V	1.23	0.44	110	
IC4767	G	281.92388	-63.40567	13.16	V	2.00	0.44	29	
IC4768	OCl	280.36746	-5.53483						
IC4769	G	281.93354	-63.15700	14.10	V	1.81	1.10	165	
IC4770	G	282.04304	-63.38344	13.15	V	0.78	0.60	73	
IC4771	G	282.09933	-63.24767	15.25	B	1.10	0.46	179	
IC4772	G	279.98542	40.02639	14.94	B	0.60	0.45	10	
IC4773	G	282.83675	-69.92475	14.37	B	1.39	0.72	137	
IC4774	G	282.04438	-57.93569	14.51	B	1.06	0.87	75	
IC4775	G	282.10954	-57.18372	14.74	B	1.51	0.34	17	
IC4776	PN	281.46125	-33.34306	10.80	V	0.12			
IC4777	G	282.04708	-53.14761	14.63	V	0.94	0.77	122	
IC4778	G	282.50154	-61.71950	14.20	B	1.20	1.03	46	
IC4779	G	282.62679	-63.01289	14.92	B	0.86	0.79	90	
IC4780	G	282.48371	-59.25286	14.94	B	0.77	0.58	102	
IC4781	G	282.90683	-62.79261	15.23	B	0.96	0.65	1	
IC4782	G	282.72863	-55.49122	14.74	B	0.40	0.29	101	
IC4783	G	282.88904	-58.81317	14.59	B	1.15	0.92	59	
IC4784	G	283.20008	-63.25961	13.74	B	1.51	1.21	98	
IC4785	G	283.23013	-59.25542	13.11	B	3.12	1.60	135	
IC4786	G	283.18571	-56.69461	15.87	B	0.79	0.23	176	
IC4787	G	284.01942	-68.68236	14.59	B	1.07	0.96	170	
IC4788	G	283.67092	-63.45239	16.05	B	1.27	0.21	15	
IC4789	G	284.07704	-68.56711	14.03	B	1.63	0.65	174	
IC4790	G	284.13421	-64.92892	13.98	B	1.21	0.70	56	
IC4791	G	282.25492	19.33111	14.01	B	1.41	1.19	164	
IC4792	G	283.92400	-56.40381	15.06	B	1.36	0.31	155	
IC4793	G	284.23167	-61.39978	14.56	B	1.21	0.53	120	
IC4794	G	284.29012	-62.09094	14.16	B	1.48	0.79	19	
IC4795	G	284.31817	-61.60908	15.77	B	1.13	0.27	69	
IC4796	G	284.11600	-54.21394	12.30	V	1.95	1.08	133	
IC4797	G	284.12367	-54.30578	11.32	V	2.62	1.85	148	
IC4798	G	284.58704	-62.11842	13.19	B	2.02	1.32	111	
IC4799	G	284.73579	-63.93097	14.11	B	1.55	1.02	44	
IC4800	G	284.68133	-63.13922	13.76	B	1.95	1.10	161	
IC4801	G	284.90996	-64.67514	13.63	B	1.95	1.09	89	
IC4802	Other	283.77954	-22.69831						
IC4803	G	285.16613	-62.06514	15.68	B	0.76	0.32	35	
IC4804	G	285.28075	-61.83333	14.79	B	1.28	1.04	173	
IC4805	G	285.50592	-63.04764	14.92	B	0.76	0.28	26	
IC4806	G	285.37787	-57.53206	12.23	V	2.40	0.54	9	
IC4807	G	285.57358	-56.93119	14.21	B	1.01	0.68	14	
IC4808	G	285.28175	-45.31372	12.65	V	2.26	0.87	43	
IC4809	G	286.02242	-62.19408	15.08	B	1.01	0.60	11	
IC4810	G	285.74879	-56.15972	12.67	V	4.04	0.41	135	
IC4811	G	286.43613	-67.13383	15.76	B	0.62	0.49	106	
IC4812	Neb	285.26513	-37.06033			10.00	6.92		
IC4813	G	286.42379	-66.52206	12.57	V	1.31	0.64	34	
IC4814	G	286.24537	-58.57939	14.35	B	1.50	0.60	95	
IC4815	G	286.71088	-61.70136	14.38	B	1.12	0.77	167	
IC4817	G	286.55146	-56.15936	14.53	B	1.46	0.48	14	
IC4818	G	286.51267	-55.13683	15.40	B	0.95	0.24	77	
IC4819	G	286.78042	-59.46694	14.22	B	3.00	0.37	123	
IC4820	G	287.30629	-63.46550	14.60	V	1.36	0.88	97	
IC4821	G	287.38338	-55.01731	13.66	B	1.82	0.85	6	
IC4822	G	288.68954	-72.44114	15.49	B	0.71	0.42	72	
IC4823	G	288.06562	-63.97586	14.69	B	1.23	0.87	18	
IC4824	G	288.30862	-62.08828	16.53	B	0.73	0.20	59	
IC4825	G	289.31513	-72.74875	15.64	B	0.51	0.42	58	
IC4826	G	288.08833	-57.20231	14.48	B	1.29	0.75	45	
IC4827	G	288.33850	-60.86017	13.27	B	3.05	0.69	166	
IC4828	G	288.41954	-62.08261	14.78	B	1.13	0.51	68	
IC4829	G	288.14042	-56.54025	14.71	B	1.05	0.46	25	
IC4830	G	288.45233	-59.29436	13.21	B	1.94	1.45	27	
IC4831	G	288.68267	-62.27261	12.08	V	3.67	0.84	111	
IC4832	G	288.51612	-56.61072	12.72	V	2.54	0.80	145	
IC4833	G	288.92146	-62.32994	14.67	B	0.78	0.44	94	
IC4834	G	289.13054	-64.00617	14.76	B	1.11	0.50	126	
IC4835	G	288.86450	-58.23800	14.75	B	0.88	0.57	165	
IC4836	G	289.07471	-60.20033	12.58	V	1.59	1.36	71	
IC4837	G	288.81100	-54.66142	12.59	V	2.25	1.23	24	
IC4837A	G	288.81737	-54.13250	11.71	V	4.47	0.85	166	
IC4838	G	289.19212	-61.61450	13.64	V	1.36	0.62	63	
IC4839	G	288.89217	-54.62669	13.66	V	2.16	1.56	132	
IC4840	G	288.96537	-56.20908	13.68	V	1.13	0.66	130	
IC4841	G	290.17846	-72.22678	14.90	B	0.93	0.79	153	
IC4842	G	289.85196	-60.64425	12.45	V	2.22	1.14	21	
IC4843	G	289.84037	-59.30886	15.13	B	1.15	0.26	91	
IC4844	G	289.76100	-56.02717	14.05	B	1.61	0.92	168	
IC4845	G	290.09371	-60.38917	11.97	V	1.95	1.46	83	
IC4846	PN	289.11792	-9.04361	11.90	V	0.03			
IC4847	G	290.88338	-65.50667	14.98	B	0.97	0.69	142	
IC4848	G	290.72737	-56.78081	14.89	B	0.69	0.50	28	
IC4849	G	291.39996	-62.93272	14.54	B	0.99	0.28	117	
IC4851	G	291.37267	-57.67044	14.17	B	1.69	0.58	14	
IC4852	G	291.60558	-60.33606	12.93	V	1.71	0.86	171	
IC4853	G	292.69712	-71.07003	14.89	B	1.24	0.31	167	
IC4854	G	291.83812	-59.31544	13.82	B	1.31	1.25	28	
IC4856	G	291.87721	-54.90853	14.47	B	1.17	0.57	29	
IC4857	G	292.16325	-58.76792	13.71	B	1.82	1.08	32	
IC4859	G	292.69442	-66.31472	14.76	B	1.17	0.62	35	
IC4860	G	292.86462	-67.36903	14.69	B	0.96	0.73	150	
IC4861	G	292.31967	-57.57497	15.51	B	1.21	0.47	28	
IC4862	G	292.91812	-67.32289	14.59	B	1.55	0.51	180	
IC4864	G	295.02571	-77.55817	13.56	V	1.76	0.43	177	
IC4866	G	293.64479	-61.14578	12.97	V	1.64	1.02	164	
IC4869	G	294.00971	-61.02786	13.64	B	1.79	1.17	167	
IC4870	G	294.40667	-65.81183	14.62	V	1.67	0.87	132	
IC4871	G	293.92596	-57.51922	14.05	B	3.78	0.77	8	
IC4873	G	293.72787	-46.13583	15.10	B	0.93	0.74	34	
IC4874	G	294.08975	-47.26594	14.72	B	1.39	0.79	54	
IC4875	G	294.41037	-52.07572	14.58	B	1.00	0.68	68	
IC4876	G	294.42821	-52.84275	14.30	B	1.33	0.99	123	
IC4877	G	294.48288	-51.99139	14.62	B	1.64	0.31	83	
IC4878	G	294.70862	-58.22644	15.20	B	1.50	0.31	43	
IC4879	G	294.90187	-52.36878	14.51	B	0.90	0.41	81	
IC4880	G	295.12879	-56.41017	14.31	B	1.99	0.49	115	
IC4881	G	295.10842	-55.85772	14.55	B	1.10	0.87	152	
IC4882	G	295.09713	-55.19692	14.62	B	0.98	0.84	2	
IC4883	G	295.50221	-55.54553	14.60	B	1.51	0.50	157	
IC4884	G	295.67125	-58.12847	14.73	B	1.59	0.42	166	
IC4885	G	295.96683	-60.65175	14.55	B	2.00	0.47	114	
IC4886	G	295.81062	-51.80750	14.20	B	1.48	0.75	110	
IC4887	G	297.08871	-69.58719	14.23	B	0.99	0.76	91	
IC4888	G	296.21767	-54.45664	14.66	B	1.14	0.87	100	
IC4889	G	296.31313	-54.34414	11.22	V	2.99	2.49	2	
IC4890	G	296.39775	-56.54544	14.73	B	1.01	0.82	55	
IC4892	G	297.38171	-70.22744	14.91	V	1.82	0.40	4	
IC4893	G	297.63900	-72.51000	15.65	B	0.57	0.48	65	
IC4894	G	296.74629	-51.84650	14.66	B	0.87	0.51	131	
IC4896	G	297.27046	-58.98144	15.40	B	0.90	0.48	18	
IC4897	G	297.33208	-51.86800	15.65	B	0.80	0.46	111	
IC4898	Other	296.94242	-33.32058						
IC4899	G	298.61146	-70.58975	14.53	B	1.02	0.62	5	
IC4900	G	297.59208	-51.34583	16.17	B	0.91	0.23	174	
IC4901	G	298.59804	-58.71356	11.65	V	3.68	2.54	130	
IC4902	G	298.60046	-56.37908	16.08	B	0.68	0.34	18	
IC4903	G	299.55592	-70.45342	15.25	B	1.17	0.37	180	
IC4904	G	299.66171	-70.18419	14.78	B	1.07	0.76	52	
IC4905	G	299.02446	-61.22108	15.95	B	1.04	0.34	118	
IC4906	G	299.19833	-60.46808	13.82	B	1.61	0.91	68	
IC4907	G	299.05442	-52.45397	16.13	B	0.54	0.43	1	
IC4908	G	299.23613	-55.79172	15.02	B	0.66	0.59	168	
IC4909	G	299.19000	-50.05575	14.63	B	1.16	0.79	77	
IC4910	G	299.44579	-56.86325	15.61	B	0.52	0.42	117	
IC4911	G	299.42429	-51.98647	16.15	B	0.61	0.45	139	
IC4912	G	301.70704	-77.35750	15.57	B	1.00	0.39	41	
IC4913	G	299.19850	-37.32836	13.98	B	1.57	1.07	127	
IC4914	G	299.48546	-50.13150	15.88	B	0.46	0.37	91	
IC4915	G	299.63308	-52.64222	14.86	B	1.37	0.88	97	
IC4916	G	299.57987	-50.27211	14.43	B	1.05	0.94	175	
IC4917	G	299.72821	-52.27319	15.26	B	0.79	0.73	35	
IC4918	G	299.80496	-52.27514	16.25	B	0.41	0.32	123	
IC4919	G	300.03771	-55.37339	15.04	B	1.36	0.92	36	
IC4920	G	300.03671	-53.38378	16.64	B	0.64	0.34	34	
IC4921	G	300.83167	-67.82686	15.34	B	0.80	0.42	136	
IC4922	Other	299.87238	-40.36308						
IC4923	G	300.23904	-52.63167	14.53	B	1.03	0.90	97	
IC4924	Other	299.96429	-41.54606						
IC4925	G	300.29112	-52.86583	16.38	B	0.90	0.18	164	
IC4926	G	300.05062	-38.57858	13.95	B	1.29	1.00	54	
IC4927	G	300.45617	-53.91775	15.13	B	1.18	0.37	167	
IC4928	G	302.55000	-77.30897	15.98	B	0.90	0.27	33	
IC4929	G	301.67375	-71.68356	14.36	B	1.34	0.43	21	
IC4930	Other	300.61025	-54.30858						
IC4931	G	300.20983	-38.57506	11.88	V	2.28	1.43	135	
IC4932	G	300.56450	-52.84617	15.51	B	0.83	0.59	6	
IC4933	G	300.87100	-54.97994	12.35	V	2.08	1.28	9	
IC4934	G	301.81187	-69.47919	14.95	B	1.55	0.26	27	
IC4935	G	301.14217	-57.59817	14.07	B	1.80	0.50	176	
IC4936	G	301.46750	-61.42853	14.55	B	1.35	0.70	12	
IC4937	G	301.32325	-56.25619	14.92	B	1.72	0.41	1	
IC4938	G	301.54875	-60.21161	12.69	V	0.46	0.30	170	
IC4939	G	301.79600	-60.73881	15.09	B	0.74	0.44	148	
IC4940	Other	301.43175	-44.69994						
IC4941	G	301.74421	-53.65231	15.56	B	0.88	0.64	2	
IC4942	G	301.70575	-52.60992	16.28	B	0.65	0.35	147	
IC4943	G	301.61775	-48.37561	12.67	V	1.33	1.25	8	
IC4944	G	301.78683	-54.44689	14.63	B	1.33	0.65	7	
IC4946	G	305.99196	-43.99528	11.92	V	2.50	0.90	68	
IC4947	G	301.88229	-53.14244	13.87	V	0.76	0.61	72	
IC4950	G	302.11400	-56.16183	15.19	B	1.38	0.38	39	
IC4951	G	302.38238	-61.85047	13.84	V	3.07	0.71	175	
IC4952	G	302.15687	-55.45367	14.00	B	0.93	0.21	8	
IC4953	G	302.49967	-62.79222	15.70	B	0.57	0.38	70	
IC4954	HII	301.18758	29.25281			3.00	1.00		
IC4955	Neb	301.21896	29.19261	12.98	B	2.09	1.55	80	
IC4956	G	302.88025	-45.59322	13.36	B	1.73	1.67	115	
IC4957	G	302.39846	-55.70931	15.27	B	0.93	0.52	14	
IC4958	G	303.89725	-72.71119			0.46	0.30	25	
IC4959	Other	302.73842	-53.08969						
IC4960	G	303.84950	-70.53775	14.54	B	1.26	0.39	166	
IC4961	G	302.86912	-53.12511	15.08	B	1.64	0.46	91	
IC4962	G	304.17704	-71.12956	16.21	B	0.98	0.20	156	
IC4963	G	303.02287	-55.24589	14.33	B	1.43	0.61	159	
IC4964	G	304.34971	-73.88564	14.43	B	1.59	0.58	155	
IC4965	G	303.11383	-56.82678	13.74	V	1.23	0.85	143	
IC4966	Other	303.06842	-53.61919						
IC4967	G	304.09646	-70.56469	14.83	B	0.73	0.57	92	
IC4968	G	303.70929	-64.79839	15.05	B	0.76	0.61	37	
IC4969	G	303.23458	-53.92006	15.16	B	0.71	0.64	22	
IC4970	G	304.23896	-70.74975	13.82	V	1.66	0.44	12	
IC4971	G	304.26192	-70.62097	16.08	B	0.91	0.28	5	
IC4972	G	304.42800	-70.91511	13.44	V	1.01	0.26	16	
IC4973	G	303.64221	-58.37111	15.85	B	0.66	0.35	1	
IC4974	GPair	303.86042	-61.86028			1.00			
IC4974 NED01	G	303.85888	-61.85767	14.36	V	0.84	0.61	68	
IC4974 NED02	G	303.86229	-61.86306			0.66	0.48	110	
IC4975	G	303.51258	-52.72178	14.36	B	1.11	1.01	39	
IC4976	G	303.92108	-61.87514	15.59	B	0.44	0.34	61	
IC4977	Other	302.97167	-21.63664						
IC4978	G	303.65688	-54.42197	15.45	B	0.74	0.30	91	
IC4979	G	303.67433	-53.45869	14.97	B	1.08	0.90	13	
IC4980	G	303.87054	-57.91269	14.24	B	1.61	0.63	123	
IC4981	G	304.91333	-70.84853	12.51	V	1.07	0.35	136	
IC4982	G	305.08683	-71.00783	15.18	B	0.52	0.44	51	
IC4983	G	304.02479	-52.08653	14.34	B	1.02	0.94	50	
IC4984	G	304.07271	-52.70372	15.41	B	0.88	0.39	115	
IC4985	G	305.18342	-70.98700	14.91	B	0.85	0.56	66	
IC4986	G	304.29854	-55.03639	14.17	B	2.23	0.86	15	
IC4987	G	304.33075	-52.27956	15.19	B	1.01	0.65	66	
IC4988	Other	305.44271	-69.38764						
IC4989	G	304.84871	-58.55147	15.29	B	1.16	0.29	155	
IC4990	G	305.35663	-66.89086	16.16	B	0.77	0.36	19	
IC4991	G	304.59700	-41.05017	11.54	V	2.91	2.13	129	
IC4992	G	305.86604	-71.56492	14.50	B	1.71	0.26	55	
IC4993	G	305.48483	-66.98539	15.74	B	0.52	0.40	28	
IC4994	G	304.93550	-53.44736	13.98	B	1.36	1.06	96	
IC4995	G	304.99571	-52.62197	14.06	V	1.19	0.81	158	
IC4996	OCl	304.13862	37.55528	7.30	V	6.00			
IC4997	PN	305.03667	16.73167	10.50	V	0.03			
IC4998	G	305.54408	-38.30833	14.03	B	1.57	1.08	103	
IC4999	G	305.98475	-26.01494	13.24	B	2.03	1.00	92	
IC5001	G	306.58354	-54.77472	15.25	B	0.97	0.39	28	
IC5002	G	306.66621	-54.79969	14.23	B	1.35	0.72	93	
IC5003	G	310.80975	-29.85339	12.93	V	2.36	0.66	162	
IC5005	G	306.33421	-25.82928	13.59	B	1.36	0.99	62	
IC5007	G	310.89354	-29.70364	12.55	V	2.31	1.45	30	
IC5008	G	308.18763	-72.69472	15.59	B	1.19	0.33	77	
IC5009	G	308.14313	-72.16756	14.40	B	1.05	0.66	96	
IC5010	G	307.61117	-66.09736	15.91	B	0.78	0.34	178	
IC5011	G	307.14092	-36.02711	11.84	V	3.01	1.32	18	
IC5012	G	307.38325	-56.74311	15.29	B	1.06	0.52	78	
IC5014	G	308.81550	-73.45261	14.37	B	0.77	0.66	102	
IC5016	G	308.90383	-72.91114	15.87	B	0.63	0.48	94	
IC5017	G	308.01596	-57.58769	13.92	V	0.97	0.47	175	
IC5019	G	307.69621	-36.07694	15.48	B	1.54	0.32	85	
IC5020	G	307.66037	-33.48556	12.30	V	2.33	1.75	148	
IC5021	G	308.39183	-54.52078	15.03	B	0.76	0.67	21	
IC5022	G	310.27558	-76.45014	15.50	B	0.78	0.53	142	
IC5023	G	309.54467	-67.18464	14.21	B	1.43	0.49	118	
IC5024	G	310.03975	-71.10769	14.93	B	0.98	0.71	17	
IC5025	G	311.24617	-76.98469	15.43	B	1.65	0.25	110	
IC5026	G	312.11687	-78.06925	15.52	B	2.40	0.28	75	
IC5027	G	310.28721	-55.47211	15.26	B	0.51	0.46	55	
IC5028	G	310.84179	-65.64781	15.25	B	1.32	0.77	170	
IC5031	G	311.33446	-67.53933	13.62	B	0.59	0.35	40	
IC5032	G	311.34179	-67.55189	13.02	V	1.30	0.37	144	
IC5033	G	310.97954	-57.33428	15.72	B	0.95	0.54	45	
IC5034	G	310.92362	-57.03031	14.67	B	1.43	0.59	25	
IC5035	G	311.06021	-57.12753	15.90	B	0.63	0.41	122	
IC5036	G	311.15742	-57.62678	15.96	B	0.99	0.30	119	
IC5037	G	311.41354	-58.44978	15.84	B	1.32	0.21	158	
IC5038	G	311.71521	-65.01681	13.48	V	1.51	0.69	73	
IC5040	G	313.08171	-76.68656	15.18	B	0.80	0.60	9	
IC5042	G	311.94175	-65.08431	13.35	V	1.10	0.75	43	
IC5043	G	311.65942	-56.98367	16.42	B	0.78	0.24	20	
IC5044	G	312.67308	-71.89942	15.51	B	0.64	0.44	99	
IC5045	G	312.70879	-71.90978	15.26	B	0.81	0.36	71	
IC5048	G	312.91933	-71.80078	15.84	B	0.58	0.52	70	
IC5049	GPair	311.84767	-38.41569			1.20			
IC5049A	G	311.84675	-38.41317	15.15	B	1.10	0.84	149	
IC5049B	G	311.84929	-38.41828	13.60	V	1.78	1.18	138	
IC5050	G	311.31271	-5.62278	14.99	B	1.33	0.80	83	
IC5051	G	313.09438	-71.78989	15.57	B	0.68	0.44	59	
IC5052	G	313.02321	-69.20164	11.34	V	7.16	1.33	140	
IC5053	G	313.40087	-71.14122	13.16	V	2.09	0.68	57	
IC5054	G	313.43925	-71.02475	13.23	V	2.23	0.43	6	
IC5055	G	313.23821	-68.44567	15.15	B	0.83	0.44	28	
IC5056	Other	312.24792	-39.18092						
IC5059	G	312.80617	-57.68867	15.60	B	0.90	0.62	13	
IC5060	G	313.69442	-71.63647	15.50	B	0.87	0.18	79	
IC5061	Other	311.90479	0.33567						
IC5063	G	313.00975	-57.06878	12.45	V	2.69	1.91	120	
IC5064	G	313.15950	-57.23244	14.32	B	1.27	0.73	54	
IC5065	G	312.94083	-29.84728	13.60	V	1.50	0.92	149	
IC5066	G	314.26258	-73.14725	15.15	B	0.68	0.32	30	
IC5067	Other	311.95908	44.36697						
IC5068	HII	312.62400	42.47769			40.00	30.00		
IC5069	G	315.05354	-71.81169	14.17	B	1.15	0.95	36	
IC5070	HII	312.75300	44.40150	8.00	B	60.00	50.00		Pelican Nebula
IC5071	G	315.33225	-72.64272	13.29	B	3.17	0.56	17	
IC5072	G	315.48675	-72.98847	15.58	B	0.81	0.37	107	
IC5073	G	315.83275	-72.68789	14.88	B	1.18	0.91	50	
IC5074	G	315.25192	-63.15267	14.63	B	0.65	0.46	168	
IC5075	G	316.15875	-71.86786	14.57	B	1.09	0.45	148	
IC5076	RfN	313.88925	47.39556			7.00	7.00		
IC5077	G	317.22483	-73.64081	15.74	B	0.67	0.52	94	
IC5078	G	315.63029	-16.81831	12.65	V	3.24	0.56	86	
IC5080	G	315.63779	19.21361	15.32	B	0.49	0.39	45	
IC5081	Other	315.75513	19.18925						
IC5083	G	315.96458	11.76364	15.30	B	0.80	0.60	30	
IC5084	G	317.31196	-63.29003	13.57	B	1.67	1.07	137	
IC5085	G	318.36487	-74.10306	15.29	B	0.72	0.52	31	
IC5086	G	317.13338	-29.76906	12.84	V	1.75	1.57	41	
IC5087	G	318.58938	-73.77383	15.04	B	1.46	0.38	95	
IC5088	G	317.36150	-22.87858	14.49	B	1.37	1.06	96	
IC5089	G	317.72721	-3.86278	16.11	B	0.60	0.27	28	
IC5090	G	317.87700	-2.03256	14.46	B	0.83	0.27	17	
IC5091	G	319.40425	-70.65294	15.94	B	0.56	0.49	158	
IC5092	G	319.06042	-64.46467	13.01	B	2.75	2.43	33	
IC5093	G	319.69325	-70.62239	16.01	B	0.79	0.34	125	
IC5094	G	319.45625	-66.42767	14.55	B	1.17	0.50	154	
IC5095	G	319.34267	-59.94756	15.42	B	0.92	0.39	72	
IC5096	G	319.58975	-63.76067	13.33	B	3.52	0.66	149	
IC5097	Other	318.74200	4.48411						
IC5098	Other	318.75575	4.49361						
IC5099	G	320.45438	-70.98336	15.43	B	0.72	0.28	6	
IC5100	G	320.43108	-65.93336	14.62	B	1.15	0.20	114	
IC5101	G	320.48237	-65.83606	13.32	V	1.10	0.89	2	
IC5102	G	321.55608	-73.31008	14.80	B	1.07	0.54	113	
IC5103	G	322.30229	-74.07017	15.05	B	1.07	0.80	57	
IC5104	G	320.37188	21.24197	13.82	V	1.48	0.43	172	
IC5105	G	321.09171	-40.53772	11.60	V	2.98	1.64	44	
IC5106	G	322.15887	-70.83458	14.40	V	1.51	1.17	145	
IC5107	G	322.06204	-65.73553	15.18	B	1.02	0.38	4	
IC5108	G	323.21458	-72.65969	15.13	B	1.08	0.39	104	
IC5109	G	323.42796	-74.11200	14.67	B	0.92	0.69	168	
IC5110	G	322.68079	-60.00183	13.29	V	1.37	1.00	52	
IC5111	G	322.04483	2.47375	15.05	B	0.78	0.66	2	
IC5115	G	322.73871	11.76350	15.84	B	0.71	0.42	109	
IC5116	G	324.27292	-70.98256	13.90	B	1.48	1.26	34	
IC5117	PN	323.12904	44.59656	11.50	V	0.02			
IC5118	G	325.55750	-71.38269	15.49	B	1.22	0.31	45	
IC5119	G	323.48271	21.83792	15.26	B	0.82	0.23	153	
IC5122	G	324.94112	-22.40653	16.44	B	0.65	0.38	55	
IC5123	G	326.20562	-72.42075	14.50	B	1.48	0.57	17	
IC5124	G	324.97996	-22.42694	16.61	B	0.51	0.23	134	
IC5125	G	325.45908	-52.77361	14.08	B	0.78	0.71	105	
IC5126	G	325.11904	-6.34575	15.69	B	0.37	0.32	10	
IC5128	G	325.79904	-38.96828	14.11	B	0.96	0.64	128	
IC5129	G	326.94408	-65.38781	15.28	B	0.55	0.45	16	
IC5130	G	327.60112	-73.99742	14.54	B	1.63	0.55	108	
IC5131	G	326.85546	-34.88367	12.33	V	1.62	1.53	36	
IC5132	Neb	325.66754	66.16844						
IC5133	Neb	325.69642	66.18114						
IC5134	Neb	325.74450	66.10283			7.59			
IC5137	Other	327.90608	-65.58367						
IC5138	G	328.34037	-68.95364	14.05	B	1.23	0.75	125	
IC5139	G	327.60692	-30.99472	13.42	B	2.19	1.04	32	
IC5140	G	328.56679	-67.33139	15.21	B	2.19	0.33	137	
IC5141	G	328.32100	-59.49356	13.50	B	1.50	1.18	25	
IC5142	G	328.83537	-65.51003	14.52	B	1.67	0.97	73	
IC5144	G	328.53971	15.03683	15.49	B	0.79	0.62	92	
IC5145	G	328.59608	15.15683	14.61	B	1.62	0.80	171	
IC5146	Cl+N	328.36983	47.26692	7.20	V	10.00	10.00		Cocoon Nebula
IC5147	G	329.85967	-65.44986	15.12	B	1.59	0.72	29	
IC5148	PN	329.89667	-39.38583	11.00	V	2.30			
IC5149	G	329.74600	-27.41392	14.45	B	1.38	0.52	31	
IC5151	G	329.71917	3.76147	15.30	B	0.35	0.20	0	
IC5152	G	330.67296	-51.29644	10.68	V	5.13	3.60	103	
IC5153	G	330.09817	17.86392			0.18	0.10	65	
IC5154	G	331.12621	-66.11239	15.80	V	0.86	0.55	4	
IC5156	G	330.81196	-33.83844	12.16	V	2.28	0.82	175	
IC5157	G	330.86250	-34.94183	13.39	B	2.01	1.80	56	
IC5158	G	331.60321	-67.51700	15.22	B	1.01	0.55	64	
IC5160	G	330.77017	10.92486	15.52	B	0.94	0.54	21	
IC5161	G	331.41254	9.64017	15.66	B	0.71	0.30	16	
IC5162	G	332.01283	-52.71386	15.08	B	1.08	0.63	134	
IC5163	Other	331.44742	27.08550						
IC5165	G	332.52950	-64.57803	14.81	B	1.52	0.51	43	
IC5168	G	332.18975	-27.85647	15.55	B	1.30	0.36	141	
IC5169	G	332.54158	-36.08861	14.27	V	2.05	0.91	24	
IC5170	G	333.12350	-47.22194	13.35	B	1.91	0.83	26	
IC5171	G	332.73625	-46.08147	13.46	B	0.74	0.49	153	
IC5172	G	332.48129	12.81806	15.86	B	0.71	0.24	87	
IC5173	GPair	333.67250	-69.36639			2.80			
IC5173A	G	333.68571	-69.36539	16.02	B	1.82	0.32	75	
IC5173B	G	333.66113	-69.36775	16.08	B	0.69	0.25	74	
IC5174	G	333.18613	-38.17139	15.00	B	0.75	0.65	149	
IC5175	G	333.20096	-38.12744	14.61	B	1.59	0.54	87	
IC5176	G	333.73304	-66.84942	13.55	B	4.51	0.63	28	
IC5177	G	332.89279	11.79594	15.16	B	0.85	0.38	9	
IC5178	G	333.13896	-22.95406	14.72	B	1.04	0.63	91	
IC5179	G	334.03792	-36.84372	12.03	V	1.01	0.52	61	
IC5180	G	332.80004	38.92719	14.72	B	1.38	1.20	146	
IC5181	G	333.34042	-46.01761	11.48	V	2.65	0.86	73	
IC5182	G	334.02121	-65.45472	15.32	B	0.78	0.55	136	
IC5185	G	334.43188	-65.85747	14.87	B	0.58	0.46	70	
IC5186	G	334.69383	-36.80158	11.93	V	2.11	1.44	92	
IC5187	G	334.57404	-59.60697	14.70	B	0.60	0.56	16	
IC5188	G	334.61000	-59.64133	13.84	B	1.29	1.05	9	
IC5190	G	334.75287	-59.88272	14.86	B	0.90	0.67	127	
IC5191	G	333.76029	37.30039	14.94	B	1.08	0.17	65	
IC5192	G	333.80850	37.27103	16.40	B	0.53	0.28	162	
IC5193	G	333.93146	37.24283	15.46	B	0.75	0.68	178	
IC5194	Other	334.28388	-15.94569						
IC5196	G	335.04692	-65.40461	15.38	B	1.49	0.35	100	
IC5197	G	334.95592	-60.13644	14.99	B	1.05	0.56	34	
IC5199	G	334.88842	-37.53381	14.86	B	1.90	0.32	153	
IC5200	G	335.56392	-65.76633	15.97	B	0.74	0.36	124	
IC5201	G	335.23933	-46.03586	11.37	V	6.70	2.86	22	
IC5202	G	335.73196	-65.80289	14.68	B	1.62	0.58	128	
IC5203	G	335.64292	-59.77322	14.75	B	1.11	0.68	12	
IC5205	G	335.69817	-59.78706	15.99	B	0.63	0.39	20	
IC5206	G	336.01925	-66.85783	15.27	B	0.99	0.56	29	
IC5207	G	335.87271	-60.56497	15.19	B	1.23	0.66	178	
IC5208	G	336.14279	-65.22742	14.83	B	1.86	0.33	62	
IC5209	G	335.78792	-37.99328	15.59	B	0.72	0.46	127	
IC5210	G	335.62962	-18.86969	14.09	B	1.13	0.95	80	
IC5211	G	335.67942	-18.88022	14.71	B	0.80	0.58	158	
IC5212	G	335.87608	-38.03764	14.70	B	0.99	0.56	40	
IC5213	G	336.26996	-60.47669	15.80	B	0.66	0.41	131	
IC5214	Other	335.92587	-27.46981						
IC5215	G	336.74212	-65.98219	15.73	B	0.65	0.53	180	
IC5216	Other	336.18654	-18.08761						
IC5217	PN	335.98208	50.96667	11.30	V	0.11			
IC5218	G	337.02408	-60.39486	15.12	B	1.34	0.48	22	
IC5219	G	337.18225	-65.89372	15.96	B	0.89	0.55	16	
IC5220	G	337.01137	-59.72344	15.09	B	1.19	0.37	112	
IC5221	G	337.24046	-65.90458	15.92	B	0.47	0.43	59	
IC5222	G	337.47825	-65.66136	12.75	V	1.96	0.89	92	
IC5223	G	337.43654	7.98875	15.81	B	0.66	0.29	4	
IC5224	G	337.62563	-45.99619	14.35	B	1.65	0.39	165	
IC5226	G	338.12588	-25.66197	13.43	B	1.98	1.49	35	
IC5227	G	338.51546	-64.69767	13.98	B	1.19	0.86	176	
IC5229	G	338.70992	-61.38136	15.14	B	0.63	0.53	70	
IC5230	G	338.91737	-61.54769	15.15	B	1.05	0.41	43	
IC5231	G	338.50300	23.33867	15.07	B	0.72	0.63	65	
IC5232	G	339.40879	-68.87222	15.40	B	0.71	0.47	3	
IC5233	G	339.13700	25.76319	14.76	B	0.91	0.84	16	
IC5234	G	340.04771	-65.82525	15.30	B	1.20	0.54	147	
IC5235	G	340.35613	-66.58031	12.38	B	0.63	0.34	84	
IC5236	G	340.37558	-66.61800	15.43	B	0.84	0.56	64	
IC5238	G	340.37404	-60.75792	15.80	B	0.71	0.44	63	
IC5239	G	337.77992	-38.02653	15.28	B	1.32	0.62	53	
IC5240	G	340.46825	-44.76717	11.66	V	3.20	2.22	96	
IC5241	G	340.41054	2.63994	14.86	B	0.91	0.74	174	
IC5242	G	340.31338	23.40692	14.69	B	0.82	0.70	174	
IC5243	G	340.35246	23.37464	14.49	V	0.74	0.63	16	
IC5244	G	341.05729	-64.04339	13.69	B	2.86	0.47	174	
IC5245	G	341.23488	-65.35792	15.07	B	0.85	0.71	114	
IC5246	G	341.66458	-64.89797	14.74	B	1.02	0.67	154	
IC5247	G	341.70896	-65.27389	15.01	B	1.37	0.40	124	
IC5248	Other	341.17813	-0.33950						
IC5249	G	341.77617	-64.83203	14.36	B	4.38	0.36	12	
IC5250	GPair	341.83508	-65.05872			3.50			
IC5250A	G	341.82292	-65.05972	11.11	V	1.51	1.31	73	
IC5250B	G	341.84233	-65.05850	12.41	B	1.74	0.95	120	
IC5251	Other	341.29429	11.15847						
IC5252	G	342.03746	-68.90286	13.76	B	1.34	0.77	173	
IC5253	G	341.37050	21.80806	15.46	B	0.89	0.36	164	
IC5254	G	341.50212	21.12558	15.56	B	0.68	0.32	80	
IC5255	Other	341.44183	36.22678						
IC5256	G	342.44088	-68.69067	14.42	V	1.20	0.51	17	
IC5257	G	343.06771	-67.41956	15.25	B	0.70	0.47	18	
IC5258	G	342.88154	23.08058	14.07	B	1.00	0.64	102	
IC5259	G	343.81121	36.67178	14.70	B	1.08	0.77	79	
IC5261	G	343.60517	-20.36289	13.88	B	1.44	1.28	21	
IC5262	G	343.83521	-33.88792	13.21	V	1.35	0.68	179	
IC5263	G	344.55654	-69.05211	14.24	B	1.59	0.73	147	
IC5264	G	344.22100	-36.55417	13.29	B	2.43	0.53	80	
IC5266	G	344.58679	-65.12969	14.68	B	1.89	0.52	33	
IC5267	G	344.30654	-43.39614	10.43	V	5.58	4.06	138	
IC5268	Other	344.05404	36.59725						
IC5269	G	344.43192	-36.02622	12.24	V	1.84	0.75	51	
IC5270	G	344.47892	-35.85806	12.88	B	3.29	1.81	105	
IC5271	G	344.50758	-33.74222	11.54	V	3.00	1.16	140	
IC5272	G	344.87958	-65.19353	14.85	B	1.07	0.82	33	
IC5273	G	344.86125	-37.70289	11.45	V	3.07	1.98	46	
IC5274	G	344.61521	18.91875	15.17	B	0.90	0.77	109	
IC5275	Other	344.66442	18.86253						
IC5276	G	344.66562	18.81992	15.14	B	0.83	0.35	45	
IC5277	G	345.49687	-65.19789	15.31	B	0.59	0.54	41	
IC5278	G	345.06600	-8.17878	15.46	B	1.17	0.40	88	
IC5279	G	345.76092	-69.20972	14.32	B	0.77	0.67	32	
IC5280	G	345.95896	-65.20786	15.07	B	1.32	0.50	4	
IC5282	G	345.70079	21.87436	15.14	B	1.07	0.51	174	
IC5283	G	345.82500	8.89361	13.92	V	1.15	0.60	105	
IC5284	G	346.69279	19.12208	14.84	B	1.07	0.38	140	
IC5285	G	346.74558	22.93647	13.03	V	1.32	0.74	88	
IC5286	G	347.48129	-68.25311	16.20	B	0.97	0.21	114	
IC5287	G	347.33446	0.75650	14.80	V	0.91	0.40	40	
IC5288	G	347.93425	-68.09406	14.80	B	0.92	0.79	84	
IC5289	GPair	347.82067	-32.45428			0.70			
IC5289 NED01	G	347.82167	-32.45597			0.44	0.17	0	
IC5289 NED02	G	347.82208	-32.45186	15.40	V	1.15	0.74	36	
IC5290	G	348.22192	-23.46919	13.62	B	1.15	0.72	67	
IC5291	G	348.41492	9.24153	15.65	B	0.34	0.34	165	
IC5292	G	348.44612	13.68761	15.29	B	0.68	0.64	90	
IC5293	G	348.68600	25.14061	15.76	B	0.71	0.49	167	
IC5295	G	348.87142	25.12047	15.99	B	0.64	0.55	46	
IC5296	G	348.93242	25.09453	15.47	B	0.79	0.49	37	
IC5297	G	348.99350	25.02519	15.87	B	0.58	0.55	151	
IC5298	G	349.00292	25.55669	14.90	V	0.79	0.70	161	
IC5299	G	349.07979	20.85583			0.43	0.25	20	
IC5300	G	349.14204	20.82844	15.64	B	0.81	0.50	130	
IC5301	G	349.74763	-69.56211	15.37	B	1.10	0.58	87	
IC5302	G	349.90287	-64.56828	15.02	B	1.19	0.42	24	
IC5304	G	349.71896	-10.25931	14.34	B	1.52	0.94	18	
IC5305	G	349.52592	10.29986	15.59	B	0.40	0.25	120	
IC5306	G	349.54721	10.24606	14.02	B	0.66	0.29	83	
IC5307	G	349.59179	10.23575	17.12	B	0.30	0.26	40	
IC5309	G	349.79854	8.10931	13.56	V	1.29	0.61	25	
IC5310	G	350.19850	-22.14936	15.40	B	0.50	0.41	7	
IC5312	G	350.24300	19.31803	14.96	B	0.35	0.35	105	
IC5314	G	350.28558	19.31122	15.56	B	0.68	0.68	5	
IC5315	G	350.32604	25.38519	14.56	B	0.92	0.77	136	
IC5316	G	350.47546	21.20256	16.25	B	0.58	0.44	118	
IC5317	G	350.86950	21.16353	15.04	B	0.81	0.62	5	
IC5319	G	351.20400	13.99653	15.77	B	0.73	0.64	1	
IC5320	G	352.09154	-67.76028	15.18	B	0.60	0.55	113	
IC5321	G	351.58429	-17.95639	13.98	B	1.31	0.75	46	
IC5322	G	352.12837	-67.76133	15.30	V	0.77	0.48	77	
IC5323	G	351.90404	-67.81547	14.05	B	1.64	1.04	32	
IC5324	G	352.07396	-67.82136	13.98	V	1.26	1.12	34	
IC5325	G	352.18096	-41.33347	11.28	V	2.88	2.62	8	
IC5326	G	352.39650	-28.83117	15.06	B	1.02	0.49	116	
IC5328	G	353.31858	-45.01597	11.37	V	2.99	1.75	41	
IC5329	G	353.28996	21.23731	15.62	B	1.37	0.34	109	
IC5331	G	353.35342	21.13006	15.03	B	1.24	0.43	17	
IC5332	G	353.61454	-36.10108	10.03	V	6.07	5.77	0	
IC5334	G	353.65175	-4.53425	14.26	B	1.91	0.57	125	
IC5335	G	353.94737	-67.39697	15.12	B	1.11	0.48	137	
IC5336	GPair	354.08204	21.09811			0.90			
IC5336 NED01	G	354.07800	21.09947	15.98	V	0.49	0.29	38	
IC5336 NED02	G	354.08517	21.09672	15.59	V	0.59	0.44	112	
IC5337	G	354.10429	21.15056	14.72	V	0.96	0.31	2	
IC5338	G	354.12679	21.14600	13.74	V	1.26	0.91	26	
IC5339	G	354.52196	-68.44206	14.65	B	1.07	0.95	106	
IC5340	Other	354.63479	-4.85461						
IC5341	G	354.61175	26.98511	15.74	B	0.24	0.24	25	
IC5342	G	354.66167	27.01136	15.39	B	0.79	0.63	26	
IC5343	G	354.84321	-22.49717	14.20	B	0.86	0.68	15	
IC5344	Other	354.81600	-4.96675						
IC5345	G	354.88429	-22.41333	14.19	V	0.74	0.51	155	
IC5346	G	355.27638	24.94981	15.90	B	0.60	0.34	98	
IC5347	G	355.40296	24.88578	15.88	B	0.72	0.56	112	
IC5349	GPair	356.59512	-28.00511			1.10			
IC5349 NED01	G	356.59458	-28.00603	15.31	B	1.00	0.30	21	
IC5349 NED02	G	356.59621	-28.00325	14.96	B	1.03	1.03	0	
IC5350	G	356.81096	-27.95772	13.68	V	1.03	0.84	55	
IC5351	G	356.82888	-2.31350	14.64	B	1.70	0.81	40	
IC5352	G	356.83292	-2.28067	16.65	B	0.45	0.31	66	
IC5353	G	356.86913	-28.10947	13.05	V	1.79	1.00	128	
IC5354	G	356.86808	-28.13600	14.98	B	0.92	0.58	65	
IC5355	G	356.81371	32.78275	14.35	B	1.01	0.76	11	
IC5356	G	356.84913	-2.35125	14.98	B	0.97	0.52	42	
IC5357	G	356.84579	-2.30067	14.03	B	1.58	0.86	154	
IC5358	G	356.93767	-28.14075	12.63	V	1.48	1.03	114	
IC5359	G	356.90775	-2.31667	15.71	B	1.23	0.27	139	
IC5360	Other	356.97388	-37.05867						
IC5362	G	357.90304	-28.36506	12.85	V	1.56	1.43	40	
IC5364	GPair	359.10417	-29.02333			1.50			
IC5364 NED01	G	359.09963	-29.02369	14.28	B	1.07	1.07	95	
IC5364 NED02	G	359.10517	-29.02339	14.39	B	1.00	0.92	90	
IC5365	Other	359.39412	-37.02489						
IC5366	Other	359.41829	52.79164						
IC5367	G	359.66212	22.44908	16.80	B	0.56	0.42	52	
IC5369	G	359.96058	32.70236	15.23	B	0.91	0.45	86	
IC5370	G	0.03825	32.73839	14.76	B	0.78	0.71	115	
IC5371	G	0.06158	32.83200	15.70	B	0.52	0.45	147	
IC5372	G	0.06775	32.79261	15.61	B	0.40	0.35	10	
IC5373	G	0.12004	32.78236	15.07	B	0.67	0.51	154	
IC5374	G	0.26883	4.50019	15.37	B	0.67	0.57	16	
IC5375	G	0.26987	4.54061	15.23	B	0.90	0.51	1	
IC5376	G	0.33237	34.52572	14.61	B	1.64	0.44	4	
IC5377	G	0.52250	16.59028	15.56	B	0.91	0.54	0	
IC5378	GPair	0.65750	16.64806			1.50			
IC5378 NED01	G	0.65792	16.64378	15.09	B	0.55	0.55	50	
IC5378 NED02	G	0.65708	16.65222	16.84	B	0.60	0.53	5	
IC5379	G	0.66958	16.60028	15.69	B	0.55	0.26	65	
IC5380	G	0.70650	-66.18653	15.47	B	0.84	0.37	132	
IC5381	G	0.79696	15.96572	14.85	B	1.23	0.37	52	
IC5382	G	0.85917	-65.19667	15.29	B	0.85	0.79	29	
IC5383	Other	0.95333	16.01417						
IC5385	Other	1.59875	-0.07667						
NGC0001	G	1.81600	27.70808	12.93	V	1.57	1.07	112	
NGC0002	G	1.82129	27.67836	14.17	V	0.95	0.47	110	
NGC0003	G	1.82000	8.30164	13.40	V	1.02	0.59	112	
NGC0004	G	1.85171	8.37378	16.36	B	0.53	0.24	32	
NGC0005	G	1.95363	35.36231	14.61	B	0.98	0.59	111	
NGC0006	G	2.38625	33.30867	14.41	B	1.73	1.34	141	
NGC0007	G	2.08733	-29.91500	13.84	V	2.47	0.53	23	
NGC0009	G	2.22792	23.81697	14.59	B	0.70	0.31	149	
NGC0010	G	2.14392	-33.85833	12.49	V	2.35	1.27	30	
NGC0011	G	2.17708	37.44792	14.44	B	1.44	0.22	111	
NGC0012	G	2.18646	4.61253	13.18	V	1.52	1.21	127	
NGC0013	G	2.19883	33.43333	14.08	B	2.28	0.60	54	
NGC0014	G	2.19333	15.81556	12.44	V	1.53	1.01	23	
NGC0015	G	2.26029	21.62453	15.08	B	1.07	0.56	30	
NGC0016	G	2.26788	27.72942	12.00	V	1.74	0.85	17	
NGC0017	G	2.77729	-12.10731	13.52	V	1.15	0.39	32	
NGC0019	G	2.67029	32.98308	13.83	B	1.21	0.60	41	
NGC0021	G	2.69542	33.35283	13.42	B	1.38	0.63	150	
NGC0022	G	2.45079	27.83231	14.83	B	1.21	0.74	155	
NGC0023	G	2.47254	25.92378	11.98	V	1.55	1.22	175	
NGC0024	G	2.48558	-24.96314	11.52	V	6.18	2.40	44	
NGC0025	G	2.49700	-57.02083	15.50	V	1.43	1.10	84	
NGC0026	G	2.60779	25.83183	13.84	B	1.12	0.76	102	
NGC0027	G	2.63654	28.99625	14.43	B	1.22	0.46	118	
NGC0028	G	2.60517	-56.98914	15.80	B	0.92	0.81	45	
NGC0031	G	2.65996	-56.98650	14.58	B	1.17	0.53	2	
NGC0035	G	2.79367	-12.02092	14.88	B	0.76	0.62	138	
NGC0036	G	2.84292	6.38936	14.39	B	2.14	1.32	15	
NGC0037	G	2.84554	-56.95733	14.94	B	1.11	0.68	30	
NGC0038	G	2.94579	-5.58628	14.34	B	1.14	1.05	170	
NGC0039	G	3.07858	31.06108	14.34	B	1.10	0.99	87	
NGC0040	PN	3.25429	72.52194	11.89	V	0.80			Bow-Tie nebula
NGC0041	G	3.19988	22.02339	14.52	B	0.94	0.53	125	
NGC0042	G	3.23479	22.10031	15.07	B	0.86	0.50	114	
NGC0043	G	3.25313	30.91528	13.87	B	1.39	1.21	100	
NGC0045	G	3.51662	-23.18208	10.44	V	6.18	4.44	159	
NGC0047	G	3.62767	-7.16744	13.50	B	1.35	1.09	85	
NGC0048	G	3.50913	48.23486	14.93	B	1.34	0.61	15	
NGC0049	G	3.59346	48.24661	15.20	B	0.93	0.59	161	
NGC0050	G	3.68571	-7.34508	12.79	B	2.04	1.17	154	
NGC0051	G	3.64550	48.25569	14.44	B	1.40	0.80	32	
NGC0052	G	3.66712	18.58203	14.34	B	2.26	0.61	126	
NGC0053	G	3.67854	-60.32875	12.64	V	1.54	0.95	178	
NGC0054	G	3.78196	-7.10672	14.31	B	1.35	0.49	93	
NGC0055	G	3.72333	-39.19664	8.54	V	29.85	3.05	101	
NGC0056	Other	3.83608	12.44453						
NGC0057	G	3.87862	17.32853	11.65	V	2.11	1.60	47	
NGC0059	G	3.85471	-21.44439	12.45	V	2.38	1.24	121	
NGC0060	G	3.99267	-0.30353	14.86	V	1.03	0.66	29	
NGC0061	GPair	4.10083	-6.31944			1.50			
NGC0061A	G	4.10142	-6.32192	14.10	B	1.48	1.14	179	
NGC0061B	G	4.10029	-6.31886	14.04	B	1.34	1.04		
NGC0062	G	4.27258	-13.48711	14.29	B	0.99	0.73	125	
NGC0063	G	4.43967	11.45033	12.53	V	1.72	1.04	108	
NGC0064	G	4.37654	-6.82461	14.09	B	1.38	0.90	35	
NGC0065	G	4.74462	-22.88036	14.67	B	1.02	0.83	168	
NGC0066	G	4.77058	-22.93639	14.12	B	1.24	0.50	35	
NGC0067	G	4.55079	30.05553	16.47	B	0.49	0.33	111	
NGC0068	G	4.57704	30.07175	14.42	B	1.29	1.20	45	
NGC0069	G	4.58546	30.03997	14.71	V	0.60	0.43	5	
NGC0070	G	4.59392	30.07958	14.50	V	1.69	1.39	3	
NGC0071	G	4.59825	30.06325	14.09	V	1.95	1.46	109	
NGC0072	G	4.61821	30.04069	13.56	V	1.16	1.06	85	
NGC0072A	G	4.64292	30.03639	14.64	V	0.38	0.29	155	
NGC0073	G	4.66254	-15.32225	14.37	B	1.68	1.01	145	
NGC0074	G	4.70558	30.06197	15.64	B	0.83	0.35	131	
NGC0075	G	4.85971	6.44936	14.64	B	1.82	1.82	70	
NGC0076	G	4.90746	29.93386	14.06	B	1.28	1.00	78	
NGC0077	G	5.00687	-22.53211	15.92	B	0.48	0.44	150	
NGC0078	GPair	5.11083	0.82972			1.90			
NGC0078A	G	5.10746	0.82633	13.72	V	1.17	0.65	75	
NGC0078B	G	5.11462	0.83356	13.50	V	1.00	0.82	137	
NGC0079	G	5.26187	22.56658	15.16	B	0.79	0.72	140	
NGC0080	G	5.29521	22.35719	12.30	V	1.82	1.61	5	
NGC0081	G	5.30529	22.38289	16.37	B	0.41	0.30	88	
NGC0083	G	5.34333	22.43361	12.55	V	1.25	1.10	112	
NGC0085	G	5.35637	22.51178	15.79	B	0.69	0.62	156	
NGC0085B	G	5.37083	22.50583	15.51	B	1.06	0.34	122	
NGC0086	G	5.36904	22.55642	14.85	B	0.75	0.28	8	
NGC0087	G	5.30946	-48.62822	14.26	V	0.86	0.71	6	
NGC0088	G	5.34217	-48.64017	14.41	V	0.85	0.49	146	
NGC0089	G	5.35150	-48.66531	13.49	V	1.24	0.56	140	
NGC0090	G	5.46417	22.40000	13.77	V	0.98	0.81	120	
NGC0092	G	5.38208	-48.62475	13.19	V	1.65	0.76	150	
NGC0093	G	5.51346	22.40808	13.27	V	1.30	0.73	50	
NGC0094	G	5.55637	22.48306	15.40	B	0.51	0.31	20	
NGC0095	G	5.55642	10.49158	12.61	V	1.46	1.08	85	
NGC0096	G	5.57379	22.54625	15.49	B	0.68	0.64	130	
NGC0097	G	5.62500	29.74536	13.41	B	1.32	1.16	25	
NGC0098	G	5.70642	-45.26900	12.70	V	1.62	1.37	65	
NGC0099	G	5.99746	15.77042	13.78	V	1.05	0.88	46	
NGC0100	G	6.01183	16.48639	13.21	V	3.55	0.49	56	
NGC0101	G	5.97754	-32.53617	12.84	V	1.93	1.82	80	
NGC0102	G	6.15221	-13.95636	14.38	B	0.94	0.57	126	
NGC0103	OCl	6.31833	61.32347	9.80	V	2.70			
NGC0104	GCl	6.02233	-72.08144	4.09	V	31.80			47 Tuc Cluster
NGC0105	G	6.31992	12.88386	13.20	V	0.81	0.65	170	
NGC0106	G	6.18229	-5.14875	14.53	B	0.93	0.71	84	
NGC0107	G	6.42583	-8.28281	15.03	B	0.78	0.49	179	
NGC0108	G	6.49887	29.21206	13.26	B	1.69	1.14	63	
NGC0109	G	6.56100	21.80731	13.74	V	1.05	0.82	83	
NGC0110	OCl	6.85421	71.39153			3.90			
NGC0111	Other	6.66004	-2.62497						
NGC0112	G	6.70304	31.70331	14.45	B	1.02	0.49	107	
NGC0113	G	6.72767	-2.50089	14.01	B	1.23	1.00	172	
NGC0114	G	6.74263	-1.78625	14.69	B	0.98	0.75	171	
NGC0115	G	6.69283	-33.67708	13.72	B	2.09	0.73	122	
NGC0116	G	6.77179	-7.66825	14.70	B	1.08	0.53	98	
NGC0117	G	6.79612	1.33372	15.41	B	1.00	0.46	101	
NGC0118	G	6.81758	-1.78014	14.83	V	0.80	0.58	58	
NGC0119	G	6.74004	-56.97806	15.70	V	1.20	1.12	30	
NGC0120	G	6.87533	-1.51347	14.56	B	1.51	0.50	73	
NGC0121	GCl	6.70104	-71.53567	11.24	V	3.80	3.10	80	
NGC0124	G	6.96817	-1.81019	13.73	B	1.26	0.72	168	
NGC0125	G	7.20913	2.83886	12.34	V	1.40	1.22	60	
NGC0126	G	7.28375	2.81111	15.46	B	0.71	0.58	111	
NGC0127	G	7.30154	2.87269	15.32	B	0.93	0.42	75	
NGC0128	G	7.31275	2.86406	11.63	V	3.16	0.87	1	
NGC0129	OCl	7.49246	60.21117	6.50	V	5.40			
NGC0130	G	7.32729	2.87044	14.81	B	0.72	0.42	44	
NGC0131	G	7.41050	-33.25975	13.21	V	1.81	0.67	62	
NGC0132	G	7.54462	2.09344	13.71	B	1.60	1.09	38	
NGC0133	OCl	7.82067	63.35261	9.40	V	2.10			
NGC0134	G	7.59154	-33.24403	10.31	V	8.38	1.79	50	
NGC0135	G	7.94142	-13.33747	15.01	B	0.66	0.35	14	
NGC0136	OCl	7.87829	61.50925			3.30			
NGC0137	G	7.74208	10.20842	12.79	V	1.38	1.38	30	
NGC0138	G	7.74683	5.15975	14.73	B	1.25	0.64	175	
NGC0139	G	7.77667	5.07875	15.45	B	0.77	0.44	0	
NGC0140	G	7.83529	30.79250	14.16	B	0.87	0.75	43	
NGC0141	G	7.82267	5.17975	15.33	B	0.86	0.55	165	
NGC0142	G	7.78367	-22.61867	14.55	B	0.97	0.39	104	
NGC0143	G	7.81508	-22.55994	15.31	B	1.06	0.32	21	
NGC0144	G	7.83613	-22.64572	14.36	B	0.82	0.78	10	
NGC0145	G	7.94058	-5.15264	12.75	V	1.76	1.43	116	
NGC0146	OCl	8.26642	63.30900	9.10	V	3.60			
NGC0147	G	8.30050	48.50875	9.72	V	9.40	5.41	26	
NGC0148	G	8.56458	-31.78600	12.16	V	1.98	0.71	90	
NGC0149	G	8.45942	30.72342	14.96	B	0.91	0.49	153	
NGC0150	G	8.56450	-27.80358	11.41	V	3.54	1.60	117	
NGC0151	G	8.51162	-9.70533	11.66	V	3.74	2.31	76	
NGC0152	OCl	8.21858	-73.12039	12.26	V	3.00	3.00		
NGC0154	G	8.58113	-12.65631	15.18	B	1.01	0.90	79	
NGC0155	G	8.66700	-10.76650	14.15	B	1.49	1.29	170	
NGC0157	G	8.69483	-8.39644	13.11	V	3.70	1.90	28	
NGC0159	G	8.64804	-55.78997	14.87	B	1.40	0.57	96	
NGC0160	G	9.01692	23.95789	12.66	V	1.98	0.89	46	
NGC0161	G	8.89142	-2.84869	14.36	B	1.36	0.72	22	
NGC0163	G	8.99929	-10.12169	12.74	V	1.43	1.32	75	
NGC0164	G	9.13713	2.74978	15.95	B	0.53	0.49	70	
NGC0165	G	9.12050	-10.10617	13.19	V	1.63	1.06	72	
NGC0166	G	8.95325	-13.61064	15.18	B	0.89	0.33	149	
NGC0167	G	8.84621	-23.37500	14.32	B	0.97	0.54	171	
NGC0168	G	9.16108	-22.59350	14.88	B	1.31	0.29	27	
NGC0169	G	9.21500	23.99092	13.10	V	1.53	0.66	93	
NGC0169A	G	9.21804	23.98497	13.68	V	0.83	0.44	159	
NGC0170	G	9.19092	1.88647	15.36	B	0.70	0.51	82	
NGC0171	G	9.33971	-19.93425	12.25	V	2.06	1.29	102	
NGC0172	G	9.30671	-22.58703	13.52	V	2.04	0.40	14	
NGC0173	G	9.30196	1.94225	13.45	B	2.09	1.54	94	
NGC0174	G	9.24558	-29.47783	13.80	B	1.57	0.69	150	
NGC0176	OCl	8.99113	-73.16639	13.01	V	1.20	1.20		
NGC0177	G	9.39308	-22.54925	14.15	B	2.11	0.50	10	
NGC0178	G	9.78500	-14.17283	12.57	V	2.11	0.58	4	
NGC0179	G	9.44283	-17.84947	13.21	V	1.12	0.96	111	
NGC0180	G	9.49042	8.63519	14.19	B	2.20	1.48	163	
NGC0181	G	9.59671	29.47258	15.53	B	0.86	0.25	152	
NGC0182	G	9.55158	2.72856	12.57	V	1.86	1.30	78	
NGC0183	G	9.62246	29.51122	12.74	V	1.02	0.75	129	
NGC0184	G	9.64908	29.44761	15.46	B	0.73	0.27	8	
NGC0185	G	9.74154	48.33739	9.20	V	12.94	10.76	38	
NGC0186	G	9.60542	3.16644	14.72	B	1.39	0.83	25	
NGC0187	G	9.87671	-14.65631	14.00	B	1.53	0.49	149	
NGC0188	OCl	11.86471	85.26964	8.10	V	17.70			
NGC0189	OCl	9.89875	61.09447	8.80	V	2.70			
NGC0190	GPair	9.72792	7.05972			1.10			
NGC0190 NED01	G	9.72783	7.06269	14.93	B	0.93	0.76	175	
NGC0190 NED02	G	9.72804	7.05672	15.71	B	0.72	0.71		
NGC0191	G	9.74767	-9.00261	13.81	B	1.00	0.71	100	
NGC0191A	G	9.75100	-9.01458	14.59	B	0.87	0.30	147	
NGC0192	G	9.80596	0.86433	12.64	V	2.06	0.82	165	
NGC0193	G	9.82746	3.33111	12.30	V	2.07	1.45	55	
NGC0194	G	9.82675	3.03744	12.13	V	1.73	1.50	42	
NGC0195	G	9.89912	-9.19453	13.45	V	1.22	0.74	68	
NGC0196	G	9.82433	0.91275	13.49	V	1.27	0.92	10	
NGC0197	G	9.82829	0.89192	13.53	V	0.94	0.72	35	
NGC0198	G	9.84575	2.79792	13.10	B	1.28	1.17	35	
NGC0199	G	9.88821	3.13853	14.61	B	1.14	0.69	160	
NGC0200	G	9.89533	2.88744	12.65	V	1.80	1.02	163	
NGC0201	G	9.89508	0.85989	12.99	V	1.71	1.32	146	
NGC0202	G	9.91604	3.53628	15.45	B	0.96	0.33	153	
NGC0203	G	9.91471	3.44289	14.92	B	0.98	0.27	85	
NGC0204	G	9.93446	3.29958	12.96	V	1.40	1.09	22	
NGC0205	G	10.09200	41.68531	8.15	V	16.22	9.59	170	M110
NGC0206	*Ass	10.13042	40.73928						
NGC0207	G	9.91962	-14.23708	14.74	B	0.91	0.49	84	
NGC0208	G	10.07325	2.75650	15.45	B	0.77	0.65	137	
NGC0209	G	9.76500	-18.60828	14.09	B	1.14	0.99	6	
NGC0210	G	10.14592	-13.87281	11.12	V	4.98	3.02	163	
NGC0212	G	10.05554	-56.15303	15.40	V	1.91	1.42	122	
NGC0213	G	10.29167	16.46939	14.72	B	1.44	1.11	100	
NGC0214	G	10.36679	25.49944	12.21	V	1.87	1.30	42	
NGC0215	G	10.20362	-56.21406	14.09	B	1.15	0.92	118	
NGC0216	G	10.36313	-21.04544	13.21	V	1.35	0.63	27	
NGC0217	G	10.39121	-10.02142	12.10	V	3.20	0.69	113	
NGC0218	G	11.63329	36.32561	13.53	B	1.32	0.71	46	
NGC0219	G	10.54712	0.90456	15.23	B	0.59	0.46	177	
NGC0220	OCl	10.12454	-73.40397	14.39	V	1.20	1.20		
NGC0221	G	10.67429	40.86528	8.13	V	7.74	4.86	170	M32
NGC0222	OCl	10.18213	-73.38569	12.64	V	1.20	1.20		
NGC0223	G	10.56617	0.84550	14.33	B	1.18	0.78	63	
NGC0224	G	10.68479	41.26906	3.44	V	177.83	69.66	35	Andromeda Galaxy
NGC0225	OCl	10.90158	61.76694	7.00	V	4.20			
NGC0226	G	10.72517	32.58097	14.38	B	0.79	0.78	130	
NGC0227	G	10.65346	-1.52878	12.16	V	1.91	1.44	156	
NGC0228	G	10.72713	23.50306	14.82	B	0.89	0.81	145	
NGC0229	G	10.76933	23.50911	14.62	B	1.08	0.48	98	
NGC0230	G	10.61321	-23.62881	15.61	B	1.30	0.28	44	
NGC0231	OCl	10.27679	-73.35242	12.87	V	1.80	1.80		
NGC0232	G	10.69092	-23.56136	14.46	B	0.98	0.70	17	
NGC0233	G	10.90233	30.58700	13.76	B	1.25	1.11	120	
NGC0234	G	10.88496	14.34256	13.43	B	1.57	1.22	75	
NGC0235	GPair	10.72167	-23.54333			2.00			
NGC0235A	G	10.72004	-23.54103	13.55	V	1.38	0.62	120	
NGC0235B	G	10.72333	-23.54556	13.97	B	1.29	1.29		
NGC0236	G	10.86475	2.95819	14.44	B	1.15	1.03	55	
NGC0237	G	10.86600	-0.12492	13.60	V	1.30	0.80	174	
NGC0238	G	10.85729	-50.18283	12.51	V	2.02	1.60	100	
NGC0239	G	11.15629	-3.75925	14.28	B	0.94	0.37	10	
NGC0240	G	11.25804	6.11336	14.72	B	1.35	1.28	105	
NGC0241	OCl	10.88138	-73.44047			0.95	0.95		
NGC0242	OCl	10.89075	-73.44631	12.10	B	0.75	0.75		
NGC0243	G	11.50363	29.95950	14.53	B	0.92	0.51	151	
NGC0244	G	11.44346	-15.59689	13.79	B	1.04	1.04	25	
NGC0245	G	11.52246	-1.72339	12.35	V	1.20	1.12	135	
NGC0246	PN	11.76400	-11.87194	10.90	V	4.08			
NGC0247	G	11.78562	-20.76039	9.21	V	19.68	5.55	167	
NGC0247A	G	11.86725	-20.39764	17.22	B	0.52	0.25	75	
NGC0247B	G	11.89646	-20.42869	14.43	B	1.05	0.42	24	
NGC0247C	GPair	11.90713	-20.45281	16.39	B	0.55	0.20	39	
NGC0247D	G	11.90413	-20.48600	15.70	B	0.61	0.25	64	
NGC0248	Cl+N	11.35017	-73.37981			1.40	1.10	110	
NGC0249	HII	11.38692	-73.08008	13.80	B	1.10	0.70	0	
NGC0250	G	11.81671	7.91003	14.83	B	1.28	0.68	156	
NGC0251	G	11.97512	19.59683	12.60	V	1.73	1.02	99	
NGC0252	G	12.00625	27.62364	12.49	V	1.62	1.16	82	
NGC0253	G	11.88800	-25.28822	11.11	V	26.79	4.58	53	Sculptor Filament
NGC0254	G	11.86504	-31.42175	11.67	V	2.77	1.80	133	
NGC0255	G	11.94712	-11.46869	11.93	V	2.04	1.85	7	
NGC0256	OCl	11.47221	-73.50683	12.50	V	0.90	0.90		
NGC0257	G	12.00629	8.29708	12.62	V	1.83	1.32	99	
NGC0258	G	12.05329	27.65719	15.23	B	0.51	0.42	115	
NGC0259	G	12.01371	-2.77533	13.70	B	2.86	1.09	140	
NGC0260	G	12.14438	27.69244	14.27	B	0.76	0.68	34	
NGC0261	Neb	11.61629	-73.10364	13.00	B	1.30	1.10	110	
NGC0262	G	12.19642	31.95697	14.38	V	1.17	0.62	40	
NGC0263	G	12.20196	-13.10739	15.11	B	0.80	0.40	48	
NGC0264	G	12.08725	-38.23436	14.50	B	1.26	0.47	111	
NGC0265	OCl	11.79233	-73.47717	12.17	V	1.20	1.20		
NGC0266	G	12.44917	32.27772	11.82	V	2.92	2.83	95	
NGC0267	OCl	12.01208	-73.27403			2.00	1.70	170	
NGC0268	G	12.53983	-5.19372	13.03	V	1.42	0.93	93	
NGC0269	OCl	12.09179	-73.53153	12.59	V	1.20	1.20		
NGC0270	G	12.63550	-8.65164	13.78	B	1.77	1.24	29	
NGC0271	G	12.67442	-1.91025	13.20	B	2.38	1.28	131	
NGC0272	OCl	12.85483	35.82175						
NGC0273	G	12.70188	-6.88569	12.92	V	1.96	0.54	105	
NGC0274	G	12.75775	-7.05694	13.38	B	1.27	1.08	158	
NGC0275	G	12.76750	-7.06667	12.43	V	1.75	1.39	79	
NGC0276	G	13.02737	-22.68014	15.85	B	1.10	0.36	88	
NGC0277	G	12.82179	-8.59683	14.36	B	1.34	1.11	91	
NGC0278	G	13.01796	47.55050	10.85	V	2.36	2.30	30	
NGC0279	G	13.03729	-2.21844	13.96	B	1.41	1.06	167	
NGC0280	G	13.12608	24.35058	14.55	B	1.00	0.66	89	
NGC0281	HII	13.24729	56.62189			35.00	30.00		
NGC0282	G	13.17563	30.63906	14.59	B	1.25	0.97	50	
NGC0283	G	13.30504	-13.16389	15.36	B	1.14	0.62	0	
NGC0284	G	13.35112	-13.15886	15.93	B	0.62	0.55	142	
NGC0285	G	13.37454	-13.16072	16.13	B	0.76	0.65	36	
NGC0286	G	13.37658	-13.11278	15.33	B	0.88	0.42	179	
NGC0287	G	13.36787	32.48231	14.74	B	0.83	0.64	16	
NGC0288	GCl	13.19771	-26.58989	8.13	V	9.60			
NGC0289	G	13.17650	-31.20583	11.18	V	3.36	2.51	129	
NGC0290	OCl	12.80908	-73.16153	11.71	V	1.10	1.10		
NGC0291	G	13.37467	-8.76781	14.64	V	0.98	0.53	55	
NGC0292	G	13.18658	-72.82861	2.30	V	299.92	179.89	45	Small Magellanic Cloud
NGC0293	G	13.56650	-7.23547	15.05	B	1.12	0.63	15	
NGC0294	OCl	13.26962	-73.38036	12.24	V	1.70	1.70		
NGC0295	G	14.88450	31.79806	14.98	B	0.59	0.54	65	
NGC0296	G	13.78129	31.54228	12.29	V	2.23	0.88	164	
NGC0297	G	13.74558	-7.34967	16.88	B	0.35	0.29	101	
NGC0298	G	13.75979	-7.33308	16.52	B	1.47	0.49	92	
NGC0299	OCl	13.35029	-72.19711	11.73	V	0.90	0.90		
NGC0300	G	13.72283	-37.68439	8.66	V	19.41	13.06	114	
NGC0301	G	14.07646	-10.67389	15.62	B	0.64	0.59	80	
NGC0303	G	13.72796	-16.65461	15.35	B	0.73	0.26	160	
NGC0304	G	14.02508	24.12689	12.67	V	1.17	0.76	175	
NGC0305	Other	14.08717	12.06511						
NGC0306	OCl	13.55908	-72.24233	12.07	V	1.10	1.10		
NGC0307	G	14.13575	-1.77194	12.79	V	1.61	0.67	79	
NGC0309	G	14.17775	-9.91386	12.17	V	2.23	1.95	100	
NGC0311	G	14.38638	30.28075	13.00	V	1.36	0.69	118	
NGC0312	G	14.06638	-52.78269	12.39	V	1.84	1.38	65	
NGC0313	Other	14.44017	30.36608						
NGC0314	G	14.21837	-31.96297	14.40	B	1.00	0.77	170	
NGC0315	G	14.45367	30.35244	11.60	V	2.86	2.14	45	
NGC0317	GPair	14.41542	43.79639			1.83			
NGC0317A	G	14.41271	43.80078	13.56	V	1.21	0.96	7	
NGC0317B	G	14.41854	43.79225	13.94	V	0.97	0.45	94	
NGC0318	G	14.52179	30.42553	15.26	B	0.60	0.29	5	
NGC0319	G	14.24000	-43.83878	14.30	B	1.00	0.74	33	
NGC0320	G	14.69388	-20.84008	14.62	B	0.89	0.49	156	
NGC0321	G	14.41346	-5.08619	15.81	B	0.45	0.35	103	
NGC0322	G	14.29171	-43.72708	14.33	B	1.15	0.57	154	
NGC0323	G	14.17354	-52.97592	12.53	V	1.82	1.52	166	
NGC0324	G	14.31158	-40.95911	12.81	V	1.48	0.62	95	
NGC0325	G	14.44946	-5.11208	14.92	B	1.19	0.23	90	
NGC0326	GPair	14.59458	26.86528			1.00			
NGC0326 NED01	G	14.59433	26.86625	13.26	V	1.00	0.89	17	
NGC0326 NED02	G	14.59521	26.86456			0.17	0.17	0	
NGC0327	G	14.48067	-5.13042	13.42	V	1.39	0.63	2	
NGC0328	G	14.23987	-52.92392	14.07	B	2.46	0.71	103	
NGC0329	G	14.50667	-5.07122	13.27	V	1.59	0.64	10	
NGC0330	OCl	14.07354	-72.46294	9.55	V	2.80	2.50	120	
NGC0331	G	11.77858	-2.73114	15.51	B	0.96	0.60	127	
NGC0332	G	14.70471	7.11131	14.82	B	1.37	1.31	155	
NGC0333	GPair	14.71333	-16.47028			1.50			
NGC0333A	G	14.71379	-16.46919	16.00	B	0.41	0.34	131	
NGC0333B	G	14.71288	-16.47144	14.90	B	1.50	0.80	116	
NGC0334	G	14.70754	-35.11603	14.62	B	1.08	0.65	178	
NGC0335	G	14.83242	-18.23467	15.16	B	1.28	0.41	135	
NGC0336	G	14.51179	-18.38433	15.48	B	0.75	0.30	38	
NGC0337	G	14.95871	-7.57797	11.48	V	2.92	1.89	158	
NGC0337A	G	15.39125	-7.58825	12.37	V	2.63	1.73	8	
NGC0338	G	15.15171	30.66897	12.70	V	1.75	0.66	107	
NGC0339	GCl	14.42525	-74.47339	12.21	V	2.90	2.90		
NGC0340	G	15.14533	-6.86658	14.52	B	0.94	0.39	78	
NGC0341	G	15.19096	-9.18569	13.97	B	1.25	1.14	145	
NGC0342	G	15.20775	-6.77256	15.43	B	0.91	0.43	100	
NGC0343	G	14.59971	-23.22522	16.56	B	0.72	0.27	9	
NGC0344	G	14.60600	-23.22922	16.87	B	0.28	0.20	42	
NGC0345	G	15.34208	-6.88428	14.86	B	0.98	0.58	100	
NGC0346	OCl	14.77100	-72.17711			8.50	8.50		
NGC0347	G	15.39650	-6.73367	15.71	B	0.60	0.46	105	
NGC0348	G	15.21671	-53.24450	14.59	B	0.84	0.72	93	
NGC0349	G	15.46146	-6.79981	14.05	B	1.34	1.16	60	
NGC0350	G	15.48629	-6.79572	15.43	B	0.79	0.52	85	
NGC0351	G	15.49100	-1.93675	14.12	B	1.53	0.75	140	
NGC0352	G	15.53838	-4.24547	12.59	V	2.29	0.78	170	
NGC0353	G	15.60221	-1.95886	14.63	B	1.26	0.46	23	
NGC0354	G	15.81829	22.34267	14.16	B	0.90	0.40	33	
NGC0355	G	15.77908	-6.32400	16.43	B	0.73	0.33	76	
NGC0356	G	15.77958	-6.98836	14.08	B	1.75	0.94	65	
NGC0357	G	15.84117	-6.33922	12.02	V	2.11	1.69	4	
NGC0358	Other	16.29554	62.02044						
NGC0359	G	16.07067	-0.76492	14.42	B	1.28	0.85	136	
NGC0360	G	15.71438	-65.60997	13.43	B	3.99	0.57	146	
NGC0361	OCl	15.54233	-71.60475	11.77	V	2.60	2.60		
NGC0362	GCl	15.80929	-70.84822	6.58	V	8.70			
NGC0363	G	16.56579	-16.54275	15.64	B	0.82	0.60	43	
NGC0364	G	16.17012	-0.80275	14.24	B	1.40	0.57	33	
NGC0365	G	16.07800	-35.12142	14.25	B	1.01	0.60	5	
NGC0366	OCl	16.60829	62.22892			5.10			
NGC0367	G	16.45371	-12.12847	15.45	B	0.96	0.35	17	
NGC0368	G	16.09183	-43.27675	14.70	B	0.72	0.62	160	
NGC0369	G	16.28712	-17.75919	14.58	B	0.95	0.77	48	
NGC0370	Other	16.68579	32.42869						
NGC0371	OCl	15.87304	-72.05683			4.20	3.80	60	
NGC0373	G	16.74254	32.30847	15.94	B	0.52	0.45	146	
NGC0374	G	16.77408	32.79511	14.23	B	1.30	0.58	177	
NGC0375	G	16.77467	32.34817	14.29	V	0.48	0.38	100	
NGC0376	OCl	15.97271	-72.82367	10.90	V	1.80	1.80		
NGC0377	G	16.64508	-20.33256	16.31	B	0.98	0.27	24	
NGC0378	G	16.55088	-30.17814	13.80	B	1.52	1.11	75	
NGC0379	G	16.81537	32.52036	12.76	V	1.41	0.68	2	
NGC0380	G	16.82329	32.48292	12.48	V	1.45	1.35	80	
NGC0381	OCl	17.07504	61.58328	9.30	V	6.00			
NGC0382	G	16.84946	32.40386	14.48	B	0.24	0.23	90	
NGC0383	G	16.85400	32.41256	12.14	V	2.39	2.00	8	
NGC0384	G	16.85458	32.29244	13.08	V	1.10	0.78	135	
NGC0385	G	16.86354	32.31953	12.94	V	1.21	0.91	160	
NGC0386	G	16.88038	32.36200	14.28	V	0.46	0.37	0	
NGC0387	G	16.88775	32.39111	16.49	B	0.42	0.36	69	
NGC0388	G	16.94646	32.30997	14.36	V	0.58	0.38	168	
NGC0389	G	17.12471	39.69544	14.93	B	1.26	0.46	54	
NGC0391	G	16.84408	0.92594	14.33	B	0.98	0.74	38	
NGC0392	G	17.09775	33.13361	12.71	V	1.36	0.93	52	
NGC0393	G	17.15396	39.64431	12.54	V	1.64	1.34	22	
NGC0394	G	17.10854	33.14797	13.83	V	0.64	0.34	130	
NGC0395	OCl	16.28467	-71.99072			1.50	1.10		
NGC0396	G	17.03500	4.53086			0.62	0.30	70	
NGC0397	G	17.12958	33.10919	14.58	V	0.65	0.50	71	
NGC0398	G	17.22362	32.51453	15.34	B	0.83	0.49	136	
NGC0399	G	17.24667	32.63431	14.44	B	1.12	0.76	41	
NGC0403	G	17.30900	32.75214	13.18	B	2.40	0.79	86	
NGC0404	G	17.36258	35.71814	10.55	V	3.40	3.37	90	
NGC0405	Other	17.14212	-46.66850	6.89	V				
NGC0406	G	16.85438	-69.87917	12.46	V	2.44	1.10	162	
NGC0407	G	17.65233	33.12650	14.30	B	2.00	0.29	0	
NGC0409	G	17.38842	-35.80561	14.08	B	1.36	1.15	164	
NGC0410	G	17.74542	33.15189	11.48	V	2.37	1.60	34	
NGC0411	OCl	16.98196	-71.76836	12.10	V	2.10	1.90		
NGC0413	G	18.13083	-2.79342	15.06	B	1.05	0.67	148	
NGC0414	GPair	17.82417	33.11278			0.75			
NGC0414 NED01	G	17.82283	33.11389	14.45	B	0.74	0.34	23	
NGC0414 NED02	G	17.82479	33.11225			0.45	0.38	90	
NGC0415	G	17.52371	-35.49078	14.30	B	1.57	0.74	49	
NGC0416	GCl	16.99375	-72.35506	11.76	V	1.70	1.70		
NGC0417	G	17.77317	-18.14833	15.29	B	1.08	0.81	24	
NGC0418	G	17.64842	-30.22128	12.58	V	1.98	1.30	23	
NGC0419	GCl	17.07154	-72.88350	10.50	V	2.80	2.80		
NGC0420	G	18.04021	32.12317	13.36	B	1.38	1.05	173	
NGC0421	Other	18.06025	32.12350						
NGC0422	OCl	17.35579	-71.76722	13.26	V	1.00	1.00		
NGC0423	G	17.84254	-29.23453	14.39	B	0.90	0.60	114	
NGC0424	G	17.86513	-38.08347	14.12	V	1.66	0.68	61	
NGC0425	G	18.26067	38.76836	13.46	B	0.89	0.84	65	
NGC0426	G	18.20254	-0.29019	12.89	V	1.20	0.89	146	
NGC0427	G	18.08017	-32.06117	15.10	V	1.10	0.66	16	
NGC0428	G	18.23212	0.98156	11.47	V	2.82	2.08	114	
NGC0429	G	18.23925	-0.34500	14.45	B	1.51	0.31	19	
NGC0430	G	18.24971	-0.25250	12.53	V	1.18	0.81	163	
NGC0431	G	18.51892	33.70419	13.96	B	1.16	0.67	28	
NGC0432	G	17.94275	-61.52764	14.12	B	1.32	1.07	126	
NGC0433	OCl	18.78858	60.12578			3.60			
NGC0434	G	18.05888	-58.24797	12.04	V	2.24	1.24	9	
NGC0434A	G	18.12342	-58.20950	15.61	B	1.19	0.24	57	
NGC0435	G	18.49938	2.07144	14.94	B	1.10	0.43	17	
NGC0436	OCl	18.99075	58.81711	8.80	V	5.70			
NGC0437	G	18.59287	5.92689	13.91	B	1.73	1.37	138	
NGC0438	G	18.39233	-37.90164	13.61	B	1.35	0.77	140	
NGC0439	G	18.44692	-31.74714	12.89	B	3.38	2.14	156	
NGC0440	G	18.20208	-58.28228	13.18	V	1.06	0.64	37	
NGC0441	G	18.46358	-31.78833	13.77	B	1.51	1.36	100	
NGC0442	G	18.66104	-1.02064	14.35	B	1.16	0.69	158	
NGC0443	G	18.78163	33.37733	14.25	B	0.82	0.72	17	
NGC0444	G	18.95667	31.08025	14.24	V	1.57	0.34	160	
NGC0445	G	18.71867	1.91744	15.45	B	0.79	0.53	140	
NGC0446	G	19.01504	4.29411	13.50	V	2.06	1.60	110	
NGC0447	G	18.90679	33.06772	13.94	V	2.21	2.15	15	
NGC0448	G	18.81883	-1.62619	13.25	B	1.60	0.76	115	
NGC0449	G	19.03021	33.08956	14.57	V	0.68	0.39	78	
NGC0450	G	18.87683	-0.86097	12.79	B	2.94	1.95	72	
NGC0451	G	19.05167	33.06411	14.76	B	0.69	0.53	19	
NGC0452	G	19.06179	31.03383	12.59	V	1.99	0.50	39	
NGC0453	Other	19.07258	33.01417						
NGC0454	GPair	18.59388	-55.39869			2.00			
NGC0454 NED01	G	18.59088	-55.40142	13.58	V	1.64	1.64	0	
NGC0454 NED02	G	18.60388	-55.39708	13.58	V	1.93	0.81	81	
NGC0455	G	18.99017	5.17869	13.85	B	2.58	1.49	158	
NGC0456	OCl	18.43492	-73.29053			3.80	2.90	110	
NGC0457	OCl	19.88604	58.29069	6.40	V	7.80			Owl Cluster
NGC0458	OCl	18.72279	-71.55269	11.66	V	2.60	2.30	140	
NGC0459	G	19.53412	17.56239	15.69	B	0.58	0.55	20	
NGC0460	Cl+N	18.66083	-73.27419			2.60	1.50	20	
NGC0461	G	19.33600	-33.84089	14.08	B	1.21	1.01	38	
NGC0462	G	19.54579	4.22600	15.74	B	0.48	0.45	115	
NGC0463	G	19.74271	16.32575	15.14	B	1.04	0.39	5	
NGC0465	OCl	18.92229	-73.33461			5.00	4.00		
NGC0466	G	19.30525	-58.90994	13.59	B	1.61	1.34	108	
NGC0467	G	19.79221	3.30083	12.10	V	1.66	1.49	125	
NGC0468	G	19.95208	32.76778	15.20	B	0.85	0.48	175	
NGC0469	G	19.88729	14.87194	15.23	B	0.81	0.60	173	
NGC0470	G	19.93687	3.40994	11.79	V	2.86	1.62	156	
NGC0471	G	19.99829	14.78622	13.32	V	1.06	0.79	79	
NGC0472	G	20.11954	32.70903	14.16	B	0.90	0.68	125	
NGC0473	G	19.97946	16.54469	12.50	V	1.77	1.02	153	
NGC0474	G	20.02787	3.41539	11.52	V	2.65	2.44	45	
NGC0475	G	20.00833	14.86106	15.97	B	0.81	0.55	121	
NGC0476	G	20.08292	16.02014	15.17	B	0.84	0.55	95	
NGC0477	G	20.33488	40.48819	13.91	B	1.55	0.55	135	
NGC0478	G	20.03871	-22.37739	14.62	B	0.84	0.69	118	
NGC0479	G	20.31554	3.86228	15.06	B	0.91	0.73	128	
NGC0480	G	20.14329	-9.88022	16.05	B	0.58	0.29	65	
NGC0481	G	20.30213	-9.21122	14.65	B	1.46	1.08	72	
NGC0482	G	20.08508	-40.96611	14.47	B	2.06	0.53	84	
NGC0483	G	20.48458	33.52097	13.96	B	0.87	0.79	115	
NGC0484	G	19.89471	-58.52431	12.23	V	1.80	1.26	90	
NGC0485	G	20.36500	7.01808	13.25	V	1.64	0.61	2	
NGC0486	G	20.42933	5.34631	17.48	B	0.36	0.28	70	
NGC0487	G	20.47954	-16.37036	14.41	B	1.09	0.70	113	
NGC0488	G	20.44521	5.25672	10.26	V	5.05	3.66	13	
NGC0489	G	20.47458	9.20656	13.43	B	1.55	0.35	120	
NGC0490	G	20.51196	5.36719	14.48	V	0.66	0.55	1	
NGC0491	G	20.33513	-34.06328	12.55	V	1.35	0.99	95	
NGC0491A	G	20.01946	-33.89950	13.80	V	1.88	0.85	97	
NGC0492	G	20.55650	5.41706	15.46	B	0.67	0.56	97	
NGC0493	G	20.53746	0.94536	12.48	V	3.01	0.95	60	
NGC0494	G	20.73083	33.17389	12.85	V	1.86	0.59	100	
NGC0495	G	20.73333	33.47167	13.68	B	1.09	0.77	169	
NGC0496	G	20.79833	33.52917	13.70	V	0.89	0.33	36	
NGC0497	G	20.59908	-0.87519	13.02	V	2.06	0.86	134	
NGC0498	G	20.79700	33.48936	16.49	B	0.51	0.41	125	
NGC0499	G	20.79792	33.46056	12.27	V	1.68	1.05	77	
NGC0500	G	20.66404	5.38728	15.05	B	0.91	0.65	95	
NGC0501	G	20.84337	33.43297	14.45	V	0.52	0.49	80	
NGC0502	G	20.73142	9.04919	12.79	V	1.64	1.52	55	
NGC0503	G	20.86846	33.33172	15.16	B	0.63	0.49	39	
NGC0504	G	20.86625	33.20444	13.95	B	1.55	0.39	45	
NGC0505	G	20.73792	9.46889	15.04	B	1.07	0.68	55	
NGC0507	G	20.91629	33.25606	11.57	V	2.45	1.66	71	
NGC0508	G	20.91917	33.28028	14.20	B	1.08	0.96	25	
NGC0509	G	20.85037	9.43356	14.61	B	1.59	0.68	81	
NGC0511	G	20.87804	11.29100	15.34	B	1.18	0.98	70	
NGC0512	G	20.99917	33.90778	13.87	B	1.46	0.34	115	
NGC0513	G	21.11187	33.79944	13.40	V	0.62	0.31	81	
NGC0514	G	21.01625	12.91739	11.71	V	3.50	2.50	106	
NGC0515	G	21.16083	33.47278	14.26	B	0.92	0.64	89	
NGC0516	G	21.03363	9.55169	14.25	B	1.62	0.46	45	
NGC0517	G	21.18250	33.42944	13.56	B	1.46	0.60	20	
NGC0518	G	21.07350	9.33094	14.32	B	1.56	0.55	97	
NGC0519	G	21.11933	-1.64125	15.30	B	0.53	0.29	135	
NGC0520	GPair	21.14613	3.79242			4.20			
NGC0520 NED01	G	21.14367	3.79494	11.47	V	4.09	1.61	130	
NGC0520 NED02	G	21.14496	3.78978	12.40	B	1.56	0.59	120	
NGC0521	G	21.14075	1.73139	11.80	V	2.77	2.59	145	
NGC0522	G	21.19104	9.99464	12.95	V	2.38	0.31	33	
NGC0523	G	21.33638	34.02494	12.71	V	2.52	0.71	104	
NGC0524	G	21.19883	9.53883	10.35	V	3.37	3.35	55	
NGC0525	G	21.22046	9.70333	14.54	B	1.50	0.63	7	
NGC0526	GPair	20.99375	-35.12250			2.00			
NGC0526A	G	20.97662	-35.06553	14.60	V	1.70	0.79	110	
NGC0526B	G	20.98783	-35.06928	14.50	V	0.79	0.45	158	
NGC0527	G	20.99217	-35.11506	14.07	B	1.79	0.43	15	
NGC0527B	G	20.99725	-35.12736	15.54	B	0.87	0.27	29	
NGC0528	G	21.39000	33.67167	13.65	B	1.77	1.04	57	
NGC0529	G	21.41833	34.71333	12.13	V	2.22	1.96	162	
NGC0530	G	21.17354	-1.58708	13.90	B	1.78	0.36	133	
NGC0531	G	21.57875	34.75389	14.87	B	1.77	0.47	33	
NGC0532	G	21.32225	9.26411	12.21	V	2.18	0.94	30	
NGC0533	G	21.38067	1.75911	11.47	V	3.44	2.41	50	
NGC0534	G	21.18596	-38.12908	14.40	B	1.19	1.07	110	
NGC0535	G	21.37979	-1.40814	14.85	B	0.97	0.34	57	
NGC0536	G	21.59075	34.70303	12.37	V	2.92	1.49	67	
NGC0538	G	21.35854	-1.55064	14.62	B	1.38	0.54	36	
NGC0539	G	21.34054	-18.16386	13.62	V	1.32	1.10	175	
NGC0540	G	21.78708	-20.03664	15.72	B	0.82	0.39	5	
NGC0541	G	21.43463	-1.37958	12.19	V	2.16	1.50	69	
NGC0542	G	21.62875	34.67528	15.67	B	1.02	0.23	143	
NGC0543	G	21.45829	-1.29281	13.17	V	0.81	0.37	90	
NGC0544	G	21.30013	-38.09453	14.46	B	1.47	1.03	173	
NGC0545	G	21.49633	-1.34022	13.34	V	3.01	1.95	55	
NGC0546	G	21.30338	-38.06908	14.41	B	1.35	0.60	38	
NGC0547	G	21.50263	-1.34517	13.34	V	3.07	1.93	103	
NGC0548	G	21.51046	-1.22561	13.71	V	0.90	0.74	153	
NGC0549	G	21.27950	-38.00775	15.50	B	0.59	0.55	100	
NGC0550	G	21.67729	2.02236	13.50	B	1.82	0.69	120	
NGC0551	G	21.91942	37.18292	13.42	B	1.49	0.59	137	
NGC0553	G	21.55250	33.40500	14.93	B	0.91	0.30	13	
NGC0554	GPair	21.79000	-22.72500			1.42			
NGC0554A	G	21.79042	-22.72467	15.00	B	1.42	1.04	170	
NGC0554B	G	21.78983	-22.72572	14.76	B	0.20	0.20	0	
NGC0555	G	21.79921	-22.76217	15.31	B	0.74	0.69	15	
NGC0556	G	21.80254	-22.69775	15.56	B	0.45	0.40	144	
NGC0557	G	21.60479	-1.63872	14.82	B	1.45	0.47	136	
NGC0558	G	21.81737	-1.97089	15.24	B	0.62	0.26	112	
NGC0559	OCl	22.38821	63.30144	9.50	V	9.00			
NGC0560	G	21.85592	-1.91297	12.90	V	2.09	0.44	178	
NGC0561	G	22.07817	34.30864	14.02	B	1.40	1.28	145	
NGC0562	G	22.12192	48.38708	14.46	B	0.91	0.86	40	
NGC0564	G	21.95087	-1.87953	12.51	V	1.72	1.20	141	
NGC0565	G	22.04242	-1.30603	14.42	B	1.46	0.41	35	
NGC0566	G	22.26233	32.33225	14.53	B	1.21	0.32	179	
NGC0567	G	21.76000	-10.26525	14.97	B	1.21	0.45	127	
NGC0568	G	21.98754	-35.71769	12.62	V	2.04	1.24	137	
NGC0569	G	22.27983	11.13147	14.65	B	0.99	0.48	163	
NGC0570	G	22.24433	-0.94900	12.79	V	1.62	1.09	166	
NGC0571	G	22.48325	32.50133	14.97	B	0.71	0.66	150	
NGC0572	G	22.15175	-39.30731	15.14	B	0.89	0.84	170	
NGC0573	G	22.70563	41.25731	13.52	B	0.39	0.33	120	
NGC0574	G	22.26283	-35.59892	14.28	B	1.15	0.83	24	
NGC0575	G	22.69433	21.44042	13.02	V	1.45	1.35	5	
NGC0576	G	22.24029	-51.59867	14.42	B	0.99	0.81	110	
NGC0577	G	22.66962	-1.99436	14.12	B	1.45	1.28	130	
NGC0578	G	22.62121	-22.66736	11.09	V	4.82	2.92	114	
NGC0579	G	22.94371	33.61556	13.33	V	1.08	0.85	160	
NGC0581	OCl	23.34088	60.65800	7.40	V	4.50			M103
NGC0582	G	22.99187	33.47653	13.16	V	2.07	0.49	58	
NGC0583	G	22.43396	-18.33942	15.27	B	0.72	0.66	30	
NGC0584	G	22.83646	-6.86806	10.35	V	3.78	2.51	104	
NGC0585	G	22.92558	-0.93331	14.07	B	2.40	0.48	86	
NGC0586	G	22.90354	-6.89375	13.14	V	1.61	0.78	179	
NGC0587	G	23.13887	35.35858	13.59	B	2.23	0.66	68	
NGC0588	HII	23.19142	30.64753	14.44	V	0.60	0.43		
NGC0589	G	23.16642	-12.04269	14.97	B	0.76	0.65	87	
NGC0590	G	23.42050	44.92869	14.09	B	2.13	0.77	147	
NGC0591	G	23.38029	35.66825	13.90	V	1.43	1.14	0	
NGC0592	*Ass	23.29871	30.64494						
NGC0593	G	23.08650	-12.35444	15.27	B	0.88	0.27	12	
NGC0594	G	23.23712	-16.53600	15.79	B	1.24	0.65	28	
NGC0595	HII	23.39096	30.69156			1.73	0.90		
NGC0596	G	23.21700	-7.03183	10.95	V	2.14	1.58	36	
NGC0597	G	23.06187	-33.49708	13.97	B	1.31	1.21	45	
NGC0598	G	23.46204	30.66022	5.79	V	62.09	36.73	23	Triangulum Galaxy
NGC0599	G	23.22408	-12.19125	14.14	B	1.53	1.16	128	
NGC0600	G	23.27208	-7.31142	12.46	V	2.63	2.56	25	
NGC0601	G	23.27742	-12.20875	16.40	B	0.40	0.38	25	
NGC0602	OCl	22.35983	-73.56050	13.02	V	3.20	2.90	90	
NGC0603	Other	23.68292	30.23197						
NGC0604	HII	23.63829	30.78489			1.93	1.20		
NGC0605	G	23.75979	41.24814	14.23	B	1.32	0.56	148	
NGC0606	G	23.70900	21.41844	14.45	B	1.01	0.77	137	
NGC0607	Other	23.56821	-7.41281						
NGC0608	G	23.86767	33.65672	14.21	B	0.83	0.55	33	
NGC0609	OCl	24.09892	64.53658	11.00	V	4.80			
NGC0610	Other	23.57500	-20.14422						
NGC0611	Other	23.57504	-20.12756						
NGC0612	G	23.49058	-36.49325	13.01	V	1.49	1.34	160	
NGC0613	G	23.57571	-29.41836	10.35	V	5.48	4.51	125	
NGC0614	G	23.96775	33.68189	13.84	B	1.52	1.44	120	
NGC0615	G	23.77367	-7.34031	11.66	V	3.18	1.16	164	
NGC0617	G	23.51058	-9.77414	14.70	V	0.59	0.52	4	
NGC0619	G	23.71579	-36.48939	14.19	B	1.66	1.03	107	
NGC0620	G	24.24867	42.32333	13.86	B	0.82	0.77	30	
NGC0621	G	24.20442	35.51219	14.14	B	1.12	1.06	105	
NGC0622	G	24.00067	0.66353	13.28	V	1.30	0.83	55	
NGC0623	G	23.77663	-36.49022	12.52	V	1.94	1.46	87	
NGC0624	G	23.96288	-10.00297	14.18	B	1.30	0.67	91	
NGC0625	G	23.76929	-41.43619	13.66	V	6.55	2.05	92	
NGC0626	G	23.80033	-39.14606	13.47	B	1.44	1.30	30	
NGC0628	G	24.17396	15.78367	9.31	V	9.89	9.33	87	M74
NGC0629	Other	24.74392	72.86708						
NGC0630	G	23.90200	-39.35783	13.62	B	1.90	1.40	54	
NGC0631	G	24.19608	5.83536	14.97	B	0.93	0.83	135	
NGC0632	G	24.32304	5.87764	13.48	B	0.99	0.86	168	
NGC0633	G	24.09750	-37.32156	13.53	B	1.10	0.95	178	
NGC0634	G	24.57775	35.36483	13.85	B	1.77	0.61	167	
NGC0635	G	24.57442	-22.92892	15.26	B	0.60	0.53	129	
NGC0636	G	24.77721	-7.51261	11.41	V	2.70	2.30	6	
NGC0637	OCl	25.76296	64.03656	8.20	V	4.50			
NGC0638	G	24.90771	7.23733	13.79	V	0.94	0.62	18	
NGC0639	G	24.74604	-29.92533	14.13	V	1.04	0.30	32	
NGC0640	G	24.85367	-9.40117	15.50	V	0.76	0.43	147	
NGC0641	G	24.66346	-42.52753	12.17	V	1.82	1.68	80	
NGC0642	G	24.77637	-29.91489	13.46	B	1.80	1.09	18	
NGC0643	OCl	23.75596	-75.55686			2.20	2.20		
NGC0643A	OCl	22.66038	-76.05450						
NGC0643B	G	24.80304	-75.01111	14.62	B	1.75	0.47	116	
NGC0643C	G	25.45471	-75.26811	15.71	B	1.40	0.23	153	
NGC0644	G	24.72067	-42.58528	14.74	B	1.30	0.68	154	
NGC0645	G	25.03625	5.72669	13.68	B	2.29	0.68	120	
NGC0646	GPair	24.35625	-64.89639	14.37	B	1.51	1.02	121	
NGC0646 NED01	G	24.33800	-64.89486	14.16	B	1.23	0.97	127	
NGC0646 NED02	G	24.37454	-64.89628	14.50	B	0.60	0.45	64	
NGC0647	G	24.98412	-9.24239	14.32	B	1.27	0.98	19	
NGC0648	G	24.66579	-17.83119	14.69	B	1.09	0.63	118	
NGC0649	G	25.03104	-9.27211	15.35	B	1.07	0.39	22	
NGC0650	PN	25.58204	51.57547	10.10	V	1.12			Barbell Nebula
NGC0652	G	25.18033	7.98292	14.96	B	0.94	0.51	52	
NGC0653	G	25.60725	35.63833	14.06	B	1.49	0.23	40	
NGC0654	OCl	25.99763	61.88272	6.50	V	6.30			
NGC0655	G	25.47971	-13.08175	14.74	B	1.12	0.65	88	
NGC0656	G	25.61350	26.14306	13.46	B	1.27	1.08	32	
NGC0657	OCl	25.83667	55.83639			3.00			
NGC0658	G	25.54025	12.60189	12.41	V	1.48	0.89	21	
NGC0659	OCl	26.09579	60.66917	7.90	V	4.20			
NGC0660	G	25.76000	13.64506	11.29	V	4.57	1.69	13	
NGC0661	G	26.06092	28.70592	12.20	V	1.91	1.40	56	
NGC0662	G	26.14771	37.69578	13.84	V	0.81	0.55	13	
NGC0663	OCl	26.56687	61.21819	7.10	V	6.00			
NGC0664	G	25.94088	4.22289	13.84	B	1.19	0.93	70	
NGC0665	G	26.23375	10.42303	12.14	V	1.62	0.95	119	
NGC0666	G	26.52583	34.37453	13.37	V	0.77	0.52	81	
NGC0667	G	26.23617	-22.91894	15.43	B	0.71	0.57	83	
NGC0668	G	26.59446	36.46031	13.05	V	1.20	0.82	32	
NGC0669	G	26.81729	35.56331	12.30	V	2.34	0.57	36	
NGC0670	G	26.85354	27.88575	12.62	V	2.18	0.74	171	
NGC0671	G	26.74654	13.12511	16.71	V	1.08	0.43	56	
NGC0672	G	26.97717	27.43278	10.92	V	7.01	2.71	69	
NGC0673	G	27.09350	11.52131	12.62	V	1.77	1.30	1	
NGC0674	G	27.82321	22.35797	11.97	V	3.81	1.26	105	
NGC0675	G	27.28587	13.05989	15.45	B	1.04	0.44	101	
NGC0676	G	27.23879	5.90753	12.00	V	2.75	0.69	173	
NGC0677	G	27.30858	13.05536	12.27	V	1.81	1.81	35	
NGC0678	G	27.35358	21.99731	12.23	V	3.08	0.77	78	
NGC0679	G	27.43242	35.78564	12.54	V	1.32	1.00	85	
NGC0680	G	27.44704	21.97086	11.90	V	1.69	1.56	160	
NGC0681	G	27.29512	-10.42642	11.87	V	2.47	1.77	66	
NGC0682	G	27.26917	-14.97483	13.85	B	0.74	0.25	115	
NGC0683	G	27.44454	11.70131	14.91	B	0.66	0.60	50	
NGC0684	G	27.55842	27.64567	12.34	V	2.95	0.82	90	
NGC0685	G	26.92837	-52.76181	11.50	V	3.01	2.30	62	
NGC0686	G	27.23392	-23.79814	13.40	B	1.34	1.06	5	
NGC0687	G	27.63850	36.37081	12.53	V	1.27	1.16	90	
NGC0688	G	27.68408	35.28453	12.67	V	0.89	0.38	153	
NGC0689	G	27.46571	-27.46661	14.51	B	1.07	0.66	70	
NGC0690	G	26.95033	-16.72200	14.27	V	1.10	0.70	158	
NGC0691	G	27.67383	21.75992	11.73	V	2.68	1.85	92	
NGC0692	G	27.17496	-48.64850	13.07	B	1.95	1.41	84	
NGC0693	G	27.62854	6.14522	12.45	V	2.11	1.09	106	
NGC0694	G	27.74371	21.99750	13.77	V	0.57	0.34	163	
NGC0695	G	27.80933	22.58236	13.76	B	0.48	0.42	51	
NGC0696	G	27.38025	-34.90517	14.44	B	1.80	0.72	25	
NGC0698	G	27.43208	-34.83108	14.80	B	0.93	0.79	170	
NGC0699	G	27.68200	-12.03567	14.94	B	1.40	0.37	132	
NGC0700	G	28.07017	36.03672	15.51	B	0.48	0.40	41	
NGC0701	G	27.76600	-9.70261	12.14	V	2.24	1.11	49	
NGC0702	GPair	27.82833	-4.05194			1.60			
NGC0702 NED01	G	27.82662	-4.04917			0.38	0.17	95	
NGC0702 NED02	G	27.82996	-4.05594	13.19	V	1.03	0.72	136	
NGC0703	G	28.16500	36.17142	13.33	V	0.99	0.69	48	
NGC0704	GPair	28.16083	36.12417			1.50			
NGC0704A	G	28.16658	36.12094			0.55	0.39	105	
NGC0704B	G	28.15708	36.12681	14.00	B	1.10	0.69	139	
NGC0705	G	28.17300	36.14400	14.42	B	1.44	0.69	112	
NGC0706	G	27.96054	6.29689	12.52	V	1.29	1.06	153	
NGC0707	G	27.86292	-8.50536	14.60	B	1.31	0.73	82	
NGC0708	G	28.19367	36.15183	13.29	V	2.56	1.23	38	
NGC0709	G	28.21092	36.22344	14.26	V	0.72	0.36	128	
NGC0710	G	28.22475	36.05289	13.67	V	1.04	0.67	29	
NGC0711	G	28.11567	17.51267	14.55	B	1.10	0.48	17	
NGC0712	G	28.28517	36.81986	14.05	B	1.08	0.71	83	
NGC0713	G	28.83971	-9.08375	15.25	B	1.15	0.28	95	
NGC0714	G	28.37354	36.22131	13.05	V	1.46	0.35	111	
NGC0715	G	28.30217	-12.87283	14.94	B	0.88	0.36	177	
NGC0716	G	28.24867	12.70847	14.01	B	1.31	0.52	59	
NGC0717	G	28.47962	36.22942	13.89	V	1.31	0.23	115	
NGC0718	G	28.30542	4.19583	11.66	V	2.75	2.46	36	
NGC0719	G	28.41183	19.84042	14.83	B	1.01	0.71	157	
NGC0720	G	28.25208	-13.73867	10.14	V	4.49	2.37	142	
NGC0721	G	28.68942	39.38353	13.46	V	1.40	0.83	124	
NGC0722	G	28.69562	20.69822	14.54	B	1.13	0.47	137	
NGC0723	G	28.44033	-23.75775	13.39	B	1.34	1.04	135	
NGC0725	G	28.14787	-16.51781	14.97	B	0.89	0.55	77	
NGC0726	G	28.88279	-10.79981	15.08	B	1.08	0.44	104	
NGC0727	G	28.45575	-35.85617	14.92	B	1.18	0.62	74	
NGC0728	Other	28.75600	4.22258						
NGC0731	G	28.73421	-9.01081	12.14	V	1.70	1.50	156	
NGC0732	G	29.11546	36.80222	14.85	B	0.98	0.57	12	
NGC0734	G	28.36975	-16.99569	15.39	B	0.75	0.40	60	
NGC0735	G	29.15825	34.17678	13.25	V	1.60	0.41	136	
NGC0736	G	29.17029	33.04350	12.14	V	1.83	1.64	130	
NGC0737	Other	29.17000	33.04892						
NGC0738	G	29.19038	33.05833	15.94	B	0.35	0.31		
NGC0739	G	29.22788	33.26669	14.74	B	0.81	0.52	133	
NGC0740	G	29.22863	33.01517	14.81	B	1.57	0.34	138	
NGC0741	G	29.08763	5.62894	11.26	V	2.83	2.33	93	
NGC0742	G	29.10071	5.62669	15.03	B	0.19	0.19		
NGC0743	OCl	29.63038	60.16631			5.40			
NGC0744	OCl	29.62467	55.47461	7.90	V	11.70			
NGC0745	GGroup	28.53608	-56.69075			1.80			
NGC0745 NED01	G	28.53217	-56.69367	14.50	V	1.75	1.11	36	
NGC0745 NED02	G	28.53171	-56.68736	15.21	B	0.11	0.11	0	
NGC0745 NED03	G	28.54721	-56.68547	15.11	B	1.13	0.41	104	
NGC0746	G	29.46254	44.91858	13.70	B	1.82	1.29	86	
NGC0747	G	29.37687	-9.46236	14.50	B	1.15	0.59	177	
NGC0748	G	29.09083	-4.46764	12.64	V	2.56	1.02	146	
NGC0749	G	28.92133	-29.92233	13.53	B	2.07	1.27	109	
NGC0750	G	29.38638	33.20928	13.11	B	1.48	1.41	170	
NGC0751	G	29.38746	33.20308	13.39	B	1.64	1.30	139	
NGC0752	OCl	29.39508	37.83339	5.70	V	39.00			
NGC0753	G	29.42583	35.91611	12.41	V	1.38	0.87	131	
NGC0754	G	28.58683	-56.76106	15.25	B	0.61	0.57	80	
NGC0755	G	29.09450	-9.06142	12.59	V	2.87	0.90	53	
NGC0756	GPair	28.62104	-16.70717	15.00	B	0.67	0.48	25	
NGC0758	G	28.92558	-3.06647	15.42	B	0.77	0.61	95	
NGC0759	G	29.45971	36.34311	12.73	V	1.12	1.06	10	
NGC0761	G	29.45663	33.37714	14.42	B	1.48	0.51	145	
NGC0762	G	29.24079	-5.40286	14.00	B	1.24	1.09	35	
NGC0765	G	29.70000	24.89247	12.47	V	2.62	2.62	25	
NGC0766	G	29.67479	8.34664	14.30	B	1.81	1.11	27	
NGC0767	G	29.71167	-9.58714	15.37	B	1.27	0.35	164	
NGC0768	G	29.67054	0.52922	14.20	B	1.56	0.59	29	
NGC0769	G	29.89958	30.90992	13.36	B	0.85	0.49	70	
NGC0770	G	29.80683	18.95467	13.49	V	0.91	0.62	15	
NGC0772	G	29.83158	19.00753	10.30	V	4.57	2.52	131	
NGC0773	G	29.71667	-11.51464	13.91	B	1.38	0.72	178	
NGC0774	G	29.89471	14.00819	14.28	B	1.28	1.06	164	
NGC0775	G	29.63612	-26.29372	13.38	B	1.69	1.28	162	
NGC0776	G	29.97704	23.64439	13.44	B	1.35	1.29	135	
NGC0777	G	30.06208	31.42958	11.46	V	2.75	2.06	148	
NGC0778	G	30.08100	31.31303	14.14	B	1.05	0.46	150	
NGC0779	G	29.92617	-5.96319	11.21	V	1.35	0.58	160	
NGC0780	G	30.14658	28.22514	14.58	B	1.65	0.81	171	
NGC0781	G	30.03733	12.65611	13.91	B	1.47	0.41	12	
NGC0782	G	29.41825	-57.79017	12.07	V	2.45	2.03	41	
NGC0783	G	30.27754	31.88247	12.72	B	1.38	0.75	63	
NGC0784	G	30.32054	28.83725	11.73	V	4.17	1.07	1	
NGC0785	G	30.41667	31.82650	13.85	B	1.60	0.90	77	
NGC0786	G	30.35300	15.64653	14.27	B	0.79	0.64	150	
NGC0787	G	30.20258	-9.00258	13.63	B	1.87	1.30	91	
NGC0788	G	30.27687	-6.81553	12.33	V	1.74	1.42	108	
NGC0789	G	30.60837	32.07225	13.98	B	0.69	0.48	4	
NGC0790	G	30.34000	-5.37097	13.96	B	1.38	1.21	142	
NGC0791	G	30.43425	8.49994	14.72	B	1.49	1.49	5	
NGC0792	G	30.56387	15.71219	14.53	B	1.27	0.67	130	
NGC0794	G	30.62221	18.37300	12.73	V	1.22	0.96	53	
NGC0795	G	29.95567	-55.82417	14.30	V	1.28	0.77	138	
NGC0796	OCl	29.18229	-74.22000			1.20	1.10	110	
NGC0797	GPair	30.85958	38.11444			1.80			
NGC0797 NED01	G	30.85229	38.11222	16.50	B	0.48	0.33	135	
NGC0797 NED02	G	30.86642	38.11694	12.64	V	1.21	1.06	75	
NGC0798	G	30.83167	32.07753	14.63	B	1.19	0.44	136	
NGC0799	G	30.55142	-0.10064	14.14	B	1.71	1.44	35	
NGC0800	G	30.54937	-0.13044	14.40	B	1.08	0.79	11	
NGC0801	G	30.93679	38.25872	13.07	V	2.76	0.59	151	
NGC0802	G	29.77500	-67.87014	13.68	V	0.90	0.59	153	
NGC0803	G	30.93625	16.03097	12.41	V	2.67	0.92	10	
NGC0804	G	31.00879	30.83286	14.63	B	1.27	0.33	8	
NGC0805	G	31.12321	28.81233	14.83	B	1.05	0.68	110	
NGC0806	G	30.87979	-9.93336	14.61	B	1.35	0.38	59	
NGC0807	G	31.23192	28.98744	13.75	B	1.71	1.08	142	
NGC0808	G	30.98583	-23.31161	13.52	V	1.31	0.62	12	
NGC0809	G	31.07904	-8.73531	14.59	B	1.11	0.86	173	
NGC0810	GPair	31.37042	13.25139			1.40			
NGC0810 NED01	G	31.36879	13.25122	15.04	B	1.40	0.88	31	
NGC0810 NED02	G	31.37204	13.25097	15.83	B	0.98	0.65	3	
NGC0811	G	31.14517	-10.10847	15.60	B	0.99	0.46	48	
NGC0812	G	31.71458	44.57292	12.67	B	2.74	0.97	161	
NGC0813	G	30.40029	-68.43919	13.85	B	1.42	0.95	98	
NGC0814	G	32.65679	-15.77358	14.83	B	1.32	0.59	7	
NGC0815	GPair	32.66417	-15.81278			0.40			
NGC0815 NED01	G	32.66333	-15.81242			0.15	0.13	121	
NGC0815 NED02	G	32.66463	-15.81339	16.24	B	0.45	0.35	70	
NGC0816	G	32.03687	29.25583	15.24	B	0.66	0.52	85	
NGC0817	G	31.89046	17.20264	13.86	B	0.89	0.40	29	
NGC0818	G	32.18550	38.77719	12.51	V	2.20	0.76	112	
NGC0819	G	32.14321	29.23403	14.09	B	0.60	0.45	5	
NGC0820	G	32.10408	14.34956	13.70	B	1.34	0.79	67	
NGC0821	G	32.08808	10.99492	10.77	V	2.45	2.10	26	
NGC0822	G	31.66308	-41.15675	13.17	V	1.40	0.87	77	
NGC0823	G	31.83354	-25.44189	13.72	B	1.54	1.10	107	
NGC0824	G	31.72192	-36.45317	14.10	V	1.49	0.38	28	
NGC0825	G	32.13483	6.32372	14.39	B	2.06	0.66	52	
NGC0826	G	32.35437	30.73969	15.31	B	1.00	0.78	16	
NGC0827	G	32.23442	7.97147	13.89	B	2.20	1.14	84	
NGC0828	G	32.53987	39.19036	12.24	V	2.85	2.13	115	
NGC0829	G	32.17658	-7.79053	14.21	B	1.18	0.77	104	
NGC0830	G	32.24450	-7.76681	14.35	B	1.40	0.82	76	
NGC0831	G	32.39417	6.09633	15.22	B	0.44	0.34	110	
NGC0833	G	32.33683	-10.13308	12.90	V	1.63	0.67	85	
NGC0834	G	32.75537	37.66628	13.05	V	1.05	0.50	22	
NGC0835	G	32.35250	-10.13592	12.41	V	0.87	0.73	5	
NGC0836	G	32.60367	-22.05486	14.47	B	1.11	0.84	106	
NGC0837	G	32.56771	-22.43150	14.85	B	0.99	0.39	13	
NGC0838	G	32.41054	-10.14669	12.91	V	1.34	0.97	77	
NGC0839	G	32.42888	-10.18408	13.17	V	1.49	0.64	86	
NGC0840	G	32.56754	7.84531	13.42	V	1.74	0.78	77	
NGC0841	G	32.82233	37.49717	13.12	V	1.74	0.87	134	
NGC0842	G	32.46162	-7.76247	12.69	V	1.74	0.85	157	
NGC0843	Other	32.78379	32.09742						
NGC0844	G	32.55937	6.04981	14.80	B	0.49	0.38	45	
NGC0845	G	33.08246	37.47733	13.49	V	1.63	0.33	148	
NGC0846	G	33.05133	44.56839	13.10	B	1.92	1.68	129	
NGC0848	G	32.57350	-10.32144	13.10	V	1.36	1.05	147	
NGC0849	G	32.54662	-22.32300	15.42	B	0.59	0.44	104	
NGC0850	G	32.80671	-1.48558	14.00	B	1.22	1.00	92	
NGC0851	G	32.80037	3.77969	14.64	B	1.14	0.66	135	
NGC0852	G	32.23108	-56.73706	14.19	B	1.36	1.00	90	
NGC0853	G	32.92162	-9.30600	15.87	B	1.80	1.17	50	
NGC0854	G	32.87812	-35.83511	13.81	B	2.00	0.72	2	
NGC0855	G	33.51454	27.87733	12.56	V	2.94	1.08	67	
NGC0856	G	33.40983	-0.71728	16.54	V	1.19	0.94	17	
NGC0857	G	33.15404	-31.94461	13.48	B	1.58	1.34	89	
NGC0858	G	33.12571	-22.47153	13.75	V	1.26	1.01	140	
NGC0860	G	33.75062	30.77881	15.11	B	0.63	0.52	109	
NGC0861	G	33.96308	35.91358	14.72	B	1.48	0.42	36	
NGC0862	G	33.26250	-42.03353	12.89	V	1.04	0.97	70	
NGC0863	G	33.63983	-0.76669	13.71	V	1.27	1.15	35	
NGC0864	G	33.86517	6.00261	11.07	V	3.72	2.57	21	
NGC0865	G	34.06296	28.59972	13.91	B	1.62	0.27	159	
NGC0867	G	34.26992	1.24419	14.01	B	1.24	1.11	85	
NGC0868	G	33.99367	-0.71364	15.55	B	0.79	0.54	111	
NGC0869	OCl	34.74400	57.11725	3.70	V	14.40			h Persei Cluster
NGC0870	G	34.28842	14.52311	16.38	B	0.37	0.34	105	
NGC0871	G	34.29471	14.54783	13.55	V	1.01	0.33	4	
NGC0872	G	33.85513	-17.78106	14.54	B	1.77	0.55	175	
NGC0873	G	34.13483	-11.34856	12.71	V	1.48	1.07	146	
NGC0874	G	34.00479	-23.30172	15.11	B	1.01	0.48	175	
NGC0876	G	34.47212	14.52128	16.50	B	1.32	0.38	26	
NGC0877	G	34.49850	14.54406	11.86	V	1.92	1.47	138	
NGC0878	G	34.47608	-23.38406	14.71	B	0.87	0.53	110	
NGC0879	G	34.21333	-8.96403	15.50	V	0.77	0.64	16	
NGC0880	G	34.61325	-4.20575	15.11	V	0.58	0.38	26	
NGC0881	G	34.68862	-6.63908	12.44	V	2.28	1.26	133	
NGC0882	G	34.91629	15.81425	14.87	B	1.13	0.48	83	
NGC0883	G	34.77158	-6.79092	13.50	B	1.57	1.40	77	
NGC0884	OCl	35.63375	57.14411	3.80	V	10.50			chi Persei Cluster
NGC0886	OCl	35.79904	63.77875			4.80			
NGC0887	G	34.88587	-16.06972	13.50	B	1.66	1.34	21	
NGC0888	G	34.36292	-59.86106	14.50	V	1.16	0.90	85	
NGC0889	G	34.77887	-41.74933	14.62	B	1.24	0.89	98	
NGC0890	G	35.50421	33.26606	11.87	V	1.10	0.67	45	
NGC0891	G	35.63921	42.34914	10.01	V	13.03	3.03	22	
NGC0892	G	35.21675	-23.11364	15.62	B	0.72	0.40	5	
NGC0893	G	34.99408	-41.40314	13.58	B	1.34	0.83	123	
NGC0894	Other	35.39404	-5.51022						
NGC0895	G	35.40196	-5.52139	11.77	V	3.32	2.22	109	
NGC0896	Neb	36.36592	62.01936			10.00	10.00		
NGC0897	G	35.27654	-33.72067	11.85	V	2.01	1.43	25	
NGC0898	G	35.83487	41.95142	13.71	B	1.75	0.47	170	
NGC0899	G	35.47142	-20.82325	13.10	B	1.63	1.21	121	
NGC0900	G	35.88408	26.51153	14.98	B	0.92	0.62	36	
NGC0901	G	35.89204	26.55706	15.66	B	0.78	0.55	36	
NGC0902	G	35.59067	-16.67906	14.82	B	0.74	0.55	26	
NGC0903	G	36.00367	27.35628	16.71	B	0.74	0.40	168	
NGC0904	G	36.02321	27.34239	14.98	B	1.45	0.85	129	
NGC0905	G	35.68154	-8.71903	15.70	B	0.61	0.30	114	
NGC0906	G	36.31775	42.08989	12.90	V	1.46	1.01	16	
NGC0907	G	35.75796	-20.71206	12.60	V	2.21	0.75	87	
NGC0908	G	35.76904	-21.23386	10.31	V	6.14	2.82	77	
NGC0909	G	36.34496	42.03567	14.51	B	1.02	1.02	40	
NGC0910	G	36.36158	41.82428	12.25	V	1.79	1.51	17	
NGC0911	G	36.42667	41.95628	13.95	B	1.69	0.84	115	
NGC0912	G	36.42804	41.77744	14.91	B	0.79	0.60	147	
NGC0913	G	36.43600	41.79942	15.00	B	0.61	0.33	20	
NGC0914	G	36.52158	42.14408	13.81	B	1.56	1.04	116	
NGC0915	G	36.43992	27.22100	15.20	B	0.76	0.76	160	
NGC0916	G	36.44850	27.24253	15.13	B	1.18	0.53	9	
NGC0917	G	36.53204	31.91233	14.40	B	1.77	0.99	57	
NGC0918	G	36.46183	18.49625	13.21	V	3.09	1.73	157	
NGC0919	G	36.56946	27.21211	15.43	B	1.31	0.32	138	
NGC0920	G	36.96575	45.94706	15.54	B	1.17	0.85	3	
NGC0921	G	36.63925	-15.84753	15.41	B	1.25	0.53	82	
NGC0922	G	36.26842	-24.78817	12.00	V	2.10	1.77	14	
NGC0923	G	36.89433	41.97761	14.37	B	0.78	0.55	120	
NGC0924	G	36.69513	20.49750	13.74	B	2.03	1.18	52	
NGC0925	G	36.82033	33.57917	10.12	V	10.72	5.75	107	
NGC0926	G	36.52796	-0.33194	13.25	V	1.75	0.78	39	
NGC0927	G	36.65546	12.15533	14.44	B	1.18	1.02	0	
NGC0928	G	36.92092	27.22119	14.63	B	0.90	0.54	45	
NGC0929	G	36.82592	-12.08692	15.02	B	0.88	0.40	171	
NGC0930	Other	36.96433	20.34178						
NGC0931	G	37.06033	31.31167	14.50	V	2.45	0.69	75	
NGC0932	G	36.97787	20.33247	13.88	B	2.00	1.85	145	
NGC0933	G	37.32288	45.91131	15.30	B	1.84	0.96	37	
NGC0934	G	36.88721	-0.24456	13.43	V	1.14	0.80	127	
NGC0935	G	37.04646	19.59911	12.82	V	1.58	0.98	155	
NGC0936	G	36.90608	-1.15628	10.23	V	4.44	3.18	133	
NGC0937	G	37.36700	42.24997	14.96	B	0.89	0.35	115	
NGC0938	G	37.13963	20.28369	13.75	B	1.55	1.14	97	
NGC0939	G	36.58883	-44.44617	14.05	B	1.66	1.16	100	
NGC0940	G	37.36458	31.64092	13.35	B	1.64	1.15	20	
NGC0941	G	37.11604	-1.15153	12.49	V	1.87	1.33	171	
NGC0942	G	37.29271	-10.83614	14.48	B	1.78	0.87	2	
NGC0943	G	37.29033	-10.82806	14.35	B	1.55	0.95	26	
NGC0944	G	36.67304	-14.51564	15.00	B	1.01	0.37	18	
NGC0945	G	37.15533	-10.53897	12.12	V	2.06	1.82	170	
NGC0946	G	37.66013	42.23261	14.50	B	1.42	0.84	66	
NGC0947	G	37.13800	-19.04211	12.62	V	2.14	1.15	59	
NGC0948	G	37.18946	-10.51389	14.06	B	1.17	0.96	30	
NGC0949	G	37.70271	37.13678	11.89	V	3.10	1.35	144	
NGC0950	G	37.29904	-11.02469	14.48	B	1.18	0.63	47	
NGC0951	G	37.23700	-22.34944	15.49	B	1.08	0.54	22	
NGC0953	G	37.79075	29.58875	14.46	B	1.47	1.19	14	
NGC0954	G	37.21513	-41.40267	12.91	V	1.79	0.94	16	
NGC0955	G	37.63813	-1.10842	11.96	V	2.72	0.88	20	
NGC0956	OCl	38.12875	44.59347	8.90	V	4.50			
NGC0957	OCl	38.32929	57.56969	7.60	V	10.20			
NGC0958	G	37.67846	-2.93900	12.18	V	2.51	0.72	2	
NGC0959	G	38.09975	35.49464	12.48	V	1.87	1.11	67	
NGC0960	G	37.92233	-9.30044	14.78	B	1.23	0.32	125	
NGC0961	G	40.26038	-6.93592	13.25	B	1.81	1.04	96	
NGC0962	G	38.16596	28.06994	14.15	B	1.46	1.03	178	
NGC0963	G	37.63033	-4.21542	14.31	B	0.80	0.79	110	
NGC0964	G	37.77412	-36.03467	13.53	B	2.18	0.50	33	
NGC0965	G	38.10458	-18.63972	14.85	B	0.94	0.77	173	
NGC0966	G	37.94650	-19.88169	12.99	V	1.13	0.95	107	
NGC0967	G	38.05296	-17.21686	13.80	B	1.48	1.06	41	
NGC0968	G	38.52587	34.47989	13.74	B	1.20	0.45	49	
NGC0969	G	38.53417	32.94694	12.41	V	1.69	1.16	8	
NGC0970	GPair	38.54708	32.97611			1.00			
NGC0970 NED01	G	38.54475	32.97486			0.28	0.20	72	
NGC0970 NED02	G	38.54875	32.97728	15.66	B	0.72	0.26	53	
NGC0972	G	38.55575	29.31128	11.33	V	3.31	1.61	151	
NGC0973	G	38.58379	32.50561	13.56	B	3.28	0.43	49	
NGC0974	G	38.60750	32.95450	14.05	B	3.20	2.60	15	
NGC0975	G	38.34479	9.60169	14.16	B	0.84	0.63	1	
NGC0976	G	38.50008	20.97678	12.41	V	1.54	1.44	160	
NGC0977	G	38.26429	-10.75997	14.16	B	1.82	1.17	38	
NGC0978	GPair	38.69833	32.84361			1.87			
NGC0978A	G	38.69571	32.84619	13.26	B	1.83	1.53	85	
NGC0978B	G	38.70042	32.84139	15.00	B	0.64	0.28	7	
NGC0979	G	37.91163	-44.52431	13.83	B	1.38	1.12	108	
NGC0980	G	38.82733	40.92650	14.21	B	1.64	0.81	110	
NGC0981	G	38.24954	-10.97394	14.54	B	1.08	0.51	6	
NGC0982	G	38.85363	40.86972	13.11	B	1.60	0.63	132	
NGC0983	G	39.73183	34.62228	13.94	B	1.16	0.69	136	
NGC0984	G	38.67958	23.41300	13.57	V	1.66	1.10	114	
NGC0985	G	38.65738	-8.78761	14.09	V	0.86	0.66	80	
NGC0986	G	38.39312	-39.04506	10.91	V	3.77	3.03	52	
NGC0986A	G	38.17271	-39.29622	13.97	V	1.85	0.29	78	
NGC0987	G	39.20671	33.32725	13.32	B	1.52	1.07	36	
NGC0988	G	38.86563	-9.35619	11.21	V	4.33	1.73	119	
NGC0989	G	38.44187	-16.51117	15.09	B	0.92	0.84	85	
NGC0990	G	39.07588	11.64208	12.46	V	1.48	1.12	41	
NGC0991	G	38.88617	-7.15444	12.96	B	1.48	1.31	75	
NGC0992	G	39.35621	21.10083	15.13	V	0.79	0.59	8	
NGC0993	G	39.19192	2.05042	14.86	B	0.86	0.68	105	
NGC0995	G	39.63350	41.52925	14.83	B	1.30	0.76	36	
NGC0996	G	39.66613	41.64753	14.46	B	1.30	1.12	75	
NGC0997	GPair	39.31042	7.30778			1.00			
NGC0997 NED01	G	39.31008	7.30978			0.33	0.22	62	
NGC0997 NED02	G	39.31042	7.30564	14.71	B	1.12	1.02	5	
NGC0998	G	39.31875	7.33581	14.60	B	0.63	0.52	175	
NGC0999	G	39.69775	41.67050	14.67	B	0.78	0.69	61	
NGC1000	G	39.70725	41.45969	15.45	B	0.64	0.39	90	
NGC1001	G	39.80271	41.67172	14.66	B	0.72	0.27	114	
NGC1003	G	39.82037	40.87231	11.51	V	3.47	0.83	96	
NGC1004	G	39.42408	1.97531	12.69	V	1.17	1.05	96	
NGC1005	G	39.87167	41.48897	14.50	B	0.66	0.65	45	
NGC1006	G	39.39525	-11.02500	14.05	B	0.86	0.24	1	
NGC1007	G	39.46775	2.15603	16.45	B	0.61	0.21	50	
NGC1008	G	39.48038	2.07964	14.87	B	0.86	0.54	83	
NGC1009	G	39.57946	2.31003	15.30	B	1.39	0.23	124	
NGC1011	G	39.41204	-11.00556	14.87	B	0.68	0.62	160	
NGC1012	G	39.81212	30.15139	12.99	B	2.10	1.05	24	
NGC1013	G	39.46029	-11.50725	15.02	B	1.08	0.68	66	
NGC1015	G	39.54817	-1.31869	12.47	V	1.98	1.68	100	
NGC1016	G	39.58150	2.11925	11.64	V	2.26	1.36	42	
NGC1017	G	39.45767	-11.01028	14.89	B	0.68	0.55	64	
NGC1018	G	39.54317	-9.54392	15.26	B	1.07	0.59	178	
NGC1019	G	39.61421	1.90772	14.95	V	1.08	0.75	35	
NGC1020	G	39.68475	2.23128	14.93	B	0.92	0.28	20	
NGC1021	G	39.70008	2.21742	15.04	B	0.79	0.55	161	
NGC1022	G	39.63629	-6.67742	11.35	V	2.60	1.50	74	
NGC1023	G	40.10004	39.06328	9.47	V	7.40	3.06	87	
NGC1023A	G	40.15708	39.05750	13.80	V	1.30	0.65	50	
NGC1024	G	39.79983	10.84683	12.30	V	2.86	1.06	151	
NGC1025	G	39.08304	-54.86417	13.36	V	0.94	0.55	15	
NGC1026	G	39.83008	6.54400	14.06	B	1.84	1.68	85	
NGC1027	OCl	40.64608	61.59436	6.70	V	7.80			
NGC1028	G	39.90479	10.84367	14.79	V	0.87	0.46	15	
NGC1029	G	39.90225	10.79333	13.11	V	1.56	0.46	70	
NGC1030	G	39.96083	18.02428	14.42	B	1.50	0.64	8	
NGC1031	G	39.16150	-54.85978	12.52	V	2.27	1.08	24	
NGC1032	G	39.84850	1.09378	11.67	V	3.58	0.86	67	
NGC1033	G	40.06717	-8.77694	14.69	B	1.14	0.91	178	
NGC1034	G	39.55842	-15.80908	14.57	B	0.80	0.73	140	
NGC1035	G	39.87121	-8.13294	12.89	B	2.08	0.68	153	
NGC1036	G	40.12079	19.29711	13.19	V	1.40	1.03	3	
NGC1037	Other	39.99325	-1.73406						
NGC1038	G	40.02633	1.50878	14.32	B	1.39	0.50	61	
NGC1039	OCl	40.53083	42.74614	5.20	V	22.50			M34
NGC1040	G	40.80183	41.50061	13.95	B	1.67	0.72	40	
NGC1041	G	40.10508	-5.44044	14.09	B	1.36	1.08	47	
NGC1042	G	40.09987	-8.43356	11.22	V	3.87	2.13	1	
NGC1043	G	40.19404	1.34314	15.74	B	0.85	0.18	111	
NGC1044	GPair	40.27750	8.73722			1.20			
NGC1044 NED01	G	40.27567	8.73803	13.22	V	0.76	0.76	110	
NGC1044 NED02	G	40.28021	8.73617	15.16	B	0.58	0.51		
NGC1045	G	40.12133	-11.27756	13.42	B	1.69	1.27	59	
NGC1046	G	40.30354	8.71939	14.70	B	0.75	0.70	130	
NGC1047	G	40.13683	-8.14767	14.43	B	1.36	0.75	91	
NGC1048	G	40.15812	-8.53336	14.50	V	1.18	0.47	105	
NGC1048A	G	40.14875	-8.54722	14.52	V	0.81	0.42	178	
NGC1049	GCl	39.95058	-34.25825	13.59	B	1.20	1.20		Fornax Dwarf Cluster 3
NGC1050	G	40.64829	34.76350	13.50	V	1.10	0.81	98	
NGC1052	G	40.27000	-8.25578	11.04	V	2.94	2.07	109	
NGC1054	G	40.56558	18.21719	14.54	B	0.80	0.44	30	
NGC1055	G	40.43846	0.44317	10.60	V	6.92	3.53	104	
NGC1056	G	40.70125	28.57419	12.35	V	1.88	1.36	162	
NGC1057	G	40.76208	32.49119	15.72	B	1.16	0.72	118	
NGC1058	G	40.87500	37.34133	11.25	V	2.47	1.36	90	
NGC1060	G	40.81271	32.42497	11.82	V	2.36	1.75	77	
NGC1061	G	40.81567	32.46672	15.13	B	0.87	0.59	27	
NGC1063	G	40.54192	-5.56856	14.44	B	1.45	0.51	97	
NGC1064	G	40.59804	-9.36228	15.02	B	1.01	0.75	37	
NGC1065	G	40.52613	-15.09156	14.90	B	0.82	0.75	0	
NGC1066	G	40.95808	32.47500	14.79	B	1.82	1.28	60	
NGC1067	G	40.96050	32.51189	13.69	V	0.97	0.92	145	
NGC1068	G	40.66963	-0.01328	9.29	V	6.11	5.61	12	M77
NGC1069	G	40.74925	-8.28950	14.28	B	1.35	0.84	146	
NGC1070	G	40.84279	4.96842	12.88	B	2.34	2.00	178	
NGC1071	G	40.78271	-8.77389	15.35	B	1.22	0.41	172	
NGC1072	G	40.88046	0.30681	14.27	B	1.21	0.49	13	
NGC1073	G	40.91883	1.37611	11.05	V	3.54	2.23	32	
NGC1074	G	40.90050	-16.29708	15.18	B	0.91	0.50	165	
NGC1075	G	40.88979	-16.20111	15.45	B	0.81	0.53	146	
NGC1076	G	40.87188	-14.75431	13.71	B	1.81	1.25	99	
NGC1077	GPair	41.50708	40.09167			1.33			
NGC1077A	G	41.51208	40.09333	17.09	B	0.53	0.33	27	
NGC1077B	G	41.50250	40.09028	14.54	B	1.06	0.77	165	
NGC1078	G	41.03350	-9.45239	15.20	B	0.85	0.62	45	
NGC1079	G	40.93475	-29.00336	11.44	V	2.65	1.49	99	
NGC1080	G	41.29142	-4.71078	13.58	V	1.09	0.82	166	
NGC1081	G	41.27300	-15.58781	14.36	B	1.78	0.59	23	
NGC1082	G	41.42188	-8.18053	14.71	B	0.96	0.71	102	
NGC1083	G	41.41917	-15.35778	15.19	B	1.55	0.33	17	
NGC1084	G	41.49963	-7.57847	10.60	V	3.40	2.25	36	
NGC1085	G	41.60542	3.60728	13.77	B	2.04	1.50	13	
NGC1086	G	41.98488	41.24647	13.53	B	1.32	0.79	43	
NGC1087	G	41.60483	-0.49864	11.02	V	2.97	1.80	10	
NGC1088	GPair	41.76833	16.20111			1.00			
NGC1088 NED01	G	41.76671	16.19992	14.76	B	0.88	0.52	95	
NGC1088 NED02	G	41.77037	16.20242	17.17	B	0.48	0.22	116	
NGC1089	G	41.54208	-15.07319	14.66	B	1.38	0.99	16	
NGC1090	G	41.64142	-0.24717	11.97	V	3.31	1.46	101	
NGC1091	G	41.34346	-17.53317	15.17	V	0.81	0.67	86	
NGC1092	G	41.37321	-17.54228	14.48	V	1.00	0.89	130	
NGC1093	G	42.06729	34.41978	14.24	B	1.16	0.75	99	
NGC1094	G	41.86596	-0.28511	13.56	B	1.32	0.84	89	
NGC1095	G	41.90775	4.63764	14.13	B	1.26	0.81	46	
NGC1096	G	40.95538	-59.91342	12.78	V	1.76	1.61	45	
NGC1097	G	41.57937	-30.27489	9.76	V	10.57	6.44	138	
NGC1097A	G	41.54125	-30.22806	13.16	V	1.00	0.57	100	
NGC1098	G	41.22363	-17.65914	12.71	V	1.58	1.27	103	
NGC1099	G	41.32508	-17.70836	13.21	V	2.10	0.63	16	
NGC1100	G	41.40029	-17.68894	13.12	V	1.64	0.76	60	
NGC1101	G	42.06179	4.57803	13.05	V	1.33	1.05	100	
NGC1102	G	41.80375	-22.20883	15.33	B	0.89	0.58	90	
NGC1103	G	42.02500	-13.95922	12.87	V	2.22	0.63	47	
NGC1104	G	42.16121	-0.27153	14.58	B	1.04	0.62	150	
NGC1105	G	40.92492	-15.70558	15.16	B	0.97	0.83	66	
NGC1106	G	42.66879	41.67150	13.65	B	1.82	1.82	35	
NGC1107	G	42.33171	8.09264	12.22	V	1.88	1.56	140	
NGC1108	G	42.16058	-7.95111	14.71	B	1.04	0.77	85	
NGC1109	G	41.93158	13.25533	15.37	B	0.81	0.67	116	
NGC1110	G	42.28987	-7.83756	14.50	B	2.37	0.46	11	
NGC1111	G	42.16396	13.25953	15.92	B	0.66	0.32	10	
NGC1112	G	42.25154	13.22375	14.85	B	0.99	0.71	11	
NGC1114	G	42.28000	-16.99336	13.27	B	2.15	0.81	7	
NGC1115	G	42.60575	13.26622	15.53	B	0.91	0.26	7	
NGC1116	G	42.64871	13.33506	15.33	B	1.20	0.40	26	
NGC1117	G	42.80463	13.18531	14.86	B	0.70	0.52	4	
NGC1118	G	42.49446	-12.16372	14.25	B	1.97	0.63	92	
NGC1119	G	42.07117	-17.98761	15.06	B	0.48	0.37	172	
NGC1120	G	42.26704	-14.47069	14.90	B	1.79	0.97	43	
NGC1121	G	42.66329	-1.73406	13.65	B	0.95	0.34	10	
NGC1122	G	43.21333	42.20503	12.93	B	1.35	0.64	32	
NGC1124	G	42.89967	-25.70183	14.82	B	1.10	0.74	2	
NGC1125	G	42.91779	-16.65103	12.81	V	1.51	0.66	54	
NGC1126	G	43.07762	-1.29600	15.32	B	0.95	0.23	139	
NGC1127	G	43.21600	13.25642	16.17	B	0.69	0.49	36	
NGC1128	GPair	44.42321	6.02467			0.80			
NGC1128 NED01	G	44.42354	6.02275	14.70	B	0.55	0.55		
NGC1128 NED02	G	44.42317	6.02692	12.70	V	0.76	0.76		
NGC1129	G	43.61408	41.57958	13.60	V	2.82	1.07	77	
NGC1130	G	43.60158	41.60561	15.56	B	0.69	0.41	36	
NGC1131	G	43.64158	41.55903	15.40	B	0.54	0.46	105	
NGC1132	G	43.21629	-1.27469	12.30	V	1.91	0.71	142	
NGC1133	G	43.17579	-8.80439	14.87	B	0.97	0.71	71	
NGC1134	G	43.42225	13.01414	13.09	B	2.21	0.76	147	
NGC1135	G	42.69675	-54.92958	16.17	B	0.71	0.42	59	
NGC1136	G	42.72375	-54.97592	12.97	V	1.44	1.19	77	
NGC1137	G	43.51137	2.96208	12.84	V	1.10	0.61	16	
NGC1138	G	44.15183	43.04736	14.05	B	1.73	1.49	95	
NGC1139	G	43.19504	-14.52933	15.91	B	1.02	0.35	43	
NGC1140	G	43.63992	-10.02775	12.43	V	2.04	1.00	8	
NGC1143	G	43.79046	-0.17786	14.27	B	1.22	0.68	111	
NGC1144	G	43.80083	-0.18356	13.96	V	1.08	0.74	118	
NGC1145	G	43.63962	-18.63508	12.47	V	3.36	0.76	61	
NGC1146	Other	44.40558	46.42694						
NGC1147	Other	43.78871	-9.11964						
NGC1148	G	44.26821	-7.68564	14.57	B	1.31	0.68	75	
NGC1149	G	44.34946	-0.30942	15.04	B	0.71	0.51	122	
NGC1150	G	44.25579	-15.04842	15.03	B	1.06	0.70	64	
NGC1151	G	44.26929	-15.01303	15.92	B	0.55	0.45	54	
NGC1152	G	44.39013	-7.75883	14.32	B	1.30	0.76	5	
NGC1153	G	44.54283	3.36192	13.46	B	1.23	0.85	53	
NGC1154	G	44.53196	-10.36331	13.92	B	1.02	0.59	90	
NGC1155	G	44.55454	-10.35058	14.15	B	1.10	0.87	75	
NGC1156	G	44.92625	25.23783	11.63	V	2.96	2.34	28	
NGC1157	G	44.52783	-15.11853	15.50	B	0.72	0.32	171	
NGC1158	G	44.29775	-14.39553	15.92	B	0.95	0.61	147	
NGC1159	G	45.19383	43.16256	14.21	B	0.48	0.40	115	
NGC1160	G	45.30521	44.95542	12.82	V	2.38	1.10	51	
NGC1161	G	45.30888	44.89733	11.89	V	2.69	1.84	23	
NGC1162	G	44.73333	-12.39858	13.87	B	1.59	1.47	50	
NGC1163	G	45.09204	-17.15253	13.80	V	2.26	0.36	144	
NGC1164	G	45.49938	42.58494	14.51	B	1.18	0.93	132	
NGC1165	G	44.69871	-32.09919	13.78	B	2.31	0.50	114	
NGC1166	G	45.14583	11.84278	15.35	B	0.98	0.80	75	
NGC1167	G	45.42654	35.20575	12.64	V	1.82	1.38	70	
NGC1168	G	45.19592	11.77231	15.35	B	0.98	0.38	24	
NGC1169	G	45.89479	46.38636	11.41	V	3.31	1.95	39	
NGC1170	Other	45.61204	27.07267						
NGC1171	G	45.99579	43.39831	13.50	B	1.77	0.81	147	
NGC1172	G	45.40021	-14.83658	11.75	V	2.28	1.64	30	
NGC1173	Other	45.99046	42.38372						
NGC1174	G	46.37858	42.83550	12.35	B	3.58	1.43	121	
NGC1175	G	46.13479	42.33931	12.80	V	1.76	0.55	154	
NGC1177	G	46.15471	42.36283	15.68	B	0.60	0.60	105	
NGC1179	G	45.66033	-18.89778	12.00	V	3.67	2.51	38	
NGC1180	G	45.46267	-15.02983	15.76	B	0.66	0.40	8	
NGC1181	G	45.42817	-15.05233	16.27	B	0.86	0.20	101	
NGC1182	G	45.86850	-9.67033	14.79	B	0.82	0.39	116	
NGC1184	G	49.18762	80.79333	12.19	V	3.54	0.87	169	
NGC1185	G	45.74783	-9.13214	14.46	B	1.36	0.40	30	
NGC1187	G	45.65662	-22.86717	10.92	V	4.14	3.02	129	
NGC1188	G	45.93071	-15.48458	14.61	B	1.21	0.56	171	
NGC1189	G	45.85196	-15.62347	14.42	B	1.42	0.47	179	
NGC1190	G	45.85887	-15.66189	15.16	B	0.76	0.29	98	
NGC1191	G	45.87871	-15.68531	15.28	B	0.76	0.56	61	
NGC1192	G	45.89429	-15.67883	15.36	B	0.80	0.40	105	
NGC1193	OCl	46.48196	44.38311	12.60	V	2.40			
NGC1194	G	45.95462	-1.10375	13.80	V	1.55	0.77	139	
NGC1195	G	45.88671	-12.03978	15.11	B	0.64	0.53	84	
NGC1196	G	45.89667	-12.07631	14.09	B	1.54	1.41	100	
NGC1197	Other	46.55921	44.06119						
NGC1198	G	46.55517	41.84894	13.95	B	2.05	1.00	117	
NGC1199	G	45.91004	-15.61319	11.43	V	2.83	2.32	48	
NGC1200	G	45.97700	-11.99181	13.80	B	2.91	1.88	84	
NGC1201	G	46.03325	-26.06964	10.81	V	3.41	1.96	8	
NGC1202	G	46.26054	-6.49161	15.22	B	0.65	0.53	113	
NGC1203	GPair	46.30917	-14.37889			1.13			
NGC1203A	G	46.30875	-14.38111	15.01	B	0.83	0.42	15	
NGC1203B	G	46.30958	-14.37778	16.00	B	0.58	0.58	6	
NGC1204	G	46.16633	-12.34139	14.21	B	1.52	0.54	62	
NGC1206	G	46.54058	-8.83317	15.93	B	0.75	0.65	42	
NGC1207	G	47.06454	38.38217	13.61	B	1.68	1.18	131	
NGC1208	G	46.54963	-9.54142	13.35	B	2.19	1.24	73	
NGC1209	G	46.51258	-15.61125	11.38	V	2.25	0.94	83	
NGC1210	G	46.68900	-25.71644	12.71	V	1.16	0.68	118	
NGC1211	G	46.71842	-0.79447	12.35	V	1.49	0.95	163	
NGC1212	G	47.42596	40.89308	16.00	B	0.89	0.47	21	
NGC1213	G	47.32212	38.64944	15.65	B	0.94	0.76	14	
NGC1214	G	46.73342	-9.54417	14.97	B	1.58	0.42	42	
NGC1215	G	46.78942	-9.59267	14.98	B	1.67	1.21	50	
NGC1216	G	46.82725	-9.61281	15.86	B	0.90	0.22	67	
NGC1217	G	46.52508	-39.03639	13.30	V	1.88	1.30	32	
NGC1218	G	47.10925	4.11092	13.16	V	1.35	1.06	155	
NGC1219	G	47.11654	2.10858	12.99	V	1.18	1.04	42	
NGC1220	OCl	47.91946	53.34817	11.80	V	2.40			
NGC1221	G	47.06471	-4.25947	14.60	B	1.46	0.53	168	
NGC1222	G	47.23642	-2.95514	12.55	V	1.57	0.95	153	
NGC1223	G	47.08304	-4.13839	13.93	B	1.34	1.29	175	
NGC1224	G	47.80646	41.36369	15.43	B	1.36	1.03	180	
NGC1225	G	47.19675	-4.10156	14.85	B	1.24	0.60	153	
NGC1226	G	47.77229	35.38683	14.47	B	1.23	0.94	103	
NGC1227	G	47.78221	35.32486	15.68	B	0.66	0.44	77	
NGC1228	G	47.04892	-22.92286	14.31	B	1.52	0.71	77	
NGC1229	G	47.04496	-22.96081	14.45	V	1.02	0.60	75	
NGC1230	G	47.06833	-22.98400	15.52	B	0.69	0.22	110	
NGC1231	G	46.62208	-15.56908	15.00	B	0.98	0.84	90	
NGC1232	G	47.43962	-20.57931	10.11	V	6.79	5.77	101	
NGC1232A	G	47.50792	-20.60056	15.29	B	0.85	0.79	2	
NGC1233	G	48.13796	39.31892	13.16	V	1.51	0.46	29	
NGC1234	G	47.41287	-7.84619	15.24	B	1.58	0.82	119	
NGC1236	G	47.86662	10.80828	15.73	B	0.66	0.48	30	
NGC1238	G	47.71963	-10.74806	14.33	B	1.53	1.20	109	
NGC1239	G	47.72383	-2.55314	14.61	B	1.23	0.81	59	
NGC1241	G	47.81100	-8.92214	12.63	V	2.70	1.50	149	
NGC1242	G	47.83050	-8.90242	13.71	V	1.06	0.54	134	
NGC1244	G	46.62954	-66.77561	13.92	B	1.44	0.36	2	
NGC1245	OCl	48.67275	47.23869	8.40	V	11.40			
NGC1246	G	46.75871	-66.93864	13.89	B	1.42	0.76	36	
NGC1247	G	48.05967	-10.48111	12.48	V	3.55	0.52	70	
NGC1248	G	48.20233	-5.22469	12.67	V	1.21	1.06	96	
NGC1249	G	47.50512	-53.33575	11.77	V	3.64	1.44	83	
NGC1250	G	48.83792	41.35542	12.83	V	2.33	0.80	158	
NGC1252	OCl	47.68458	-57.75861			7.20			
NGC1253	G	48.53771	-2.82294	11.78	V	4.57	1.86	85	
NGC1253A	G	48.59708	-2.80083	13.80	V	1.01	0.66	90	
NGC1254	G	48.60021	2.67736	15.42	B	0.98	0.77	12	
NGC1255	G	48.38350	-25.72517	11.17	V	4.05	2.24	118	
NGC1256	G	48.49279	-21.98642	13.55	V	1.13	0.41	107	
NGC1258	G	48.52279	-21.77428	13.95	B	1.41	1.04	20	
NGC1259	G	49.32200	41.38550	15.21	B	0.95	0.68	81	
NGC1260	G	49.36350	41.40522	14.30	B	1.29	0.50	86	
NGC1261	GCl	48.06392	-55.21681	8.63	V	5.10			
NGC1262	G	48.88992	-15.87931	14.20	V	0.95	0.80	153	
NGC1263	G	48.91483	-15.09831	14.99	B	0.86	0.76	70	
NGC1264	G	49.49821	41.52028	15.24	B	1.00	0.89	59	
NGC1265	G	49.56525	41.85775	11.92	V	1.90	1.63	165	
NGC1266	G	49.00312	-2.42736	14.39	B	1.48	0.99	103	
NGC1267	G	49.68717	41.46772	12.98	V	1.12	0.86	57	
NGC1268	G	49.68817	41.48869	14.84	B	0.96	0.49	118	
NGC1269	G	49.32746	-41.10806	8.70	V	11.17	9.93	156	
NGC1270	G	49.74229	41.47000	13.03	V	1.05	0.97	0	
NGC1271	G	49.79700	41.35325	15.10	B	0.81	0.51	123	
NGC1272	G	49.83871	41.49064	11.88	V	2.55	1.25	76	
NGC1273	G	49.86142	41.54053	13.16	V	0.89	0.70	135	
NGC1274	G	49.91896	41.54864	15.09	B	0.78	0.49	44	
NGC1275	G	49.95067	41.51169	12.24	V	2.16	1.45	110	Perseus A
NGC1277	G	49.96454	41.57353	13.51	V	0.97	0.67	96	
NGC1278	G	49.97563	41.56339	12.45	V	1.43	1.30	90	
NGC1279	G	49.99612	41.47953	17.23	B	0.58	0.39	15	
NGC1280	G	49.48779	-0.16908	13.41	V	0.92	0.69	62	
NGC1281	G	50.02546	41.63003	13.35	V	0.78	0.42	68	
NGC1282	G	50.05050	41.36700	12.88	V	1.39	1.07	27	
NGC1283	G	50.06467	41.39867	13.61	V	0.93	0.79	68	
NGC1284	G	49.43962	-10.28908	14.36	B	1.87	1.22	15	
NGC1285	G	49.47263	-7.29781	13.59	B	1.59	0.88	8	
NGC1286	G	49.45221	-7.61686	14.74	B	0.98	0.79	154	
NGC1287	G	49.63946	-2.73083	14.72	B	0.76	0.68	40	
NGC1288	G	49.30496	-32.57589	12.17	V	2.32	1.71	178	
NGC1289	G	49.70754	-1.97333	12.57	V	1.75	1.00	97	
NGC1290	G	49.85487	-13.98961	15.40	B	0.71	0.52	83	
NGC1292	G	49.56204	-27.61033	12.13	V	2.93	1.20	9	
NGC1293	G	50.40192	41.39283	13.39	V	0.86	0.86	0	
NGC1294	G	50.41650	41.36056	13.26	V	1.38	1.09	167	
NGC1295	G	50.01375	-13.99825	15.01	B	0.99	0.53	175	
NGC1296	G	49.70712	-13.06244	14.76	B	0.90	0.45	2	
NGC1297	G	49.80925	-19.10000	14.70	V	2.40	2.01	6	
NGC1298	G	50.05450	-2.11411	13.96	V	1.04	0.92	68	
NGC1299	G	50.04033	-6.26200	13.60	B	1.21	0.67	49	
NGC1300	G	49.92117	-19.41136	10.52	V	5.96	3.06	101	
NGC1301	G	50.14721	-18.71533	13.40	V	2.38	0.51	141	
NGC1302	G	49.96325	-26.06044	10.63	V	4.27	3.90	170	
NGC1303	G	50.16996	-7.39442	14.73	B	1.12	0.80	20	
NGC1304	G	50.30325	-4.58408	14.39	B	1.33	0.70	59	
NGC1305	G	50.34571	-2.31683	11.97	V	1.33	0.94	117	
NGC1306	G	50.26246	-25.51256	13.76	B	1.10	0.64	159	
NGC1308	G	50.61892	-2.75714	14.70	B	1.15	0.86	88	
NGC1309	G	50.52733	-15.40006	11.58	V	2.39	2.24	175	
NGC1310	G	50.26429	-37.10169	12.10	V	2.11	1.58	98	
NGC1311	G	50.02900	-52.18553	12.94	V	3.20	0.78	37	
NGC1313	G	49.56687	-66.49825	9.49	V	11.07	9.14	27	
NGC1313A	G	50.02375	-66.70111	14.73	B	1.25	0.33	30	
NGC1314	G	50.67150	-4.18656	14.86	B	1.47	1.30	51	
NGC1315	G	50.77746	-21.37517	13.65	B	1.62	1.35	161	
NGC1316	G	50.67383	-37.20822	8.48	V	13.46	7.71	50	Fornax A
NGC1316A	G	50.90792	-36.90389	14.67	B	1.04	0.58	63	
NGC1316B	G	50.91500	-36.90833	15.10	B	0.66	0.33	8	
NGC1316C	G	51.24333	-37.00944	14.29	B	1.47	0.64	84	
NGC1317	G	50.68454	-37.10369	10.88	V	3.10	2.58	69	Fornax B
NGC1319	G	50.98525	-21.52772	13.94	B	1.46	0.71	29	
NGC1320	G	51.20292	-3.04228	13.38	V	1.86	0.68	137	
NGC1321	G	51.20237	-3.01558	13.67	B	0.97	0.71	88	
NGC1322	G	51.22796	-2.91922	14.35	B	1.12	0.80	98	
NGC1323	G	51.23367	-2.82208	16.02	B	0.71	0.29	91	
NGC1324	G	51.25700	-5.74581	13.40	B	2.37	0.69	141	
NGC1325	G	51.10654	-21.54403	11.54	V	4.32	1.50	53	
NGC1325A	G	51.20208	-21.33611	12.84	V	1.90	1.78	90	
NGC1326	G	50.98500	-36.46467	10.45	V	4.28	2.93	67	
NGC1326A	G	51.28542	-36.36389	14.05	B	2.10	1.34	62	
NGC1326B	G	51.33458	-36.38500	13.27	V	3.87	1.88	130	
NGC1327	G	51.34629	-25.68028	15.47	B	1.14	0.40	175	
NGC1328	G	51.41292	-4.12494	14.73	B	0.98	0.69	108	
NGC1329	G	51.51079	-17.59150	12.65	V	1.58	1.27	33	
NGC1330	Other	52.26863	41.67525						
NGC1331	G	51.61788	-21.35531	13.42	V	0.92	0.79	11	
NGC1332	G	51.57188	-21.33522	10.36	V	5.31	3.84	121	
NGC1333	Cl+N	52.23000	31.37000	10.90	B	19.50			
NGC1334	G	52.50767	41.83203	14.73	B	1.24	0.51	118	
NGC1335	G	52.58121	41.57275	15.66	B	0.90	0.50	168	
NGC1336	G	51.63413	-35.71356	12.31	V	1.97	1.41	15	
NGC1337	G	52.02483	-8.38861	12.86	V	4.94	1.31	153	
NGC1338	G	52.22729	-12.15336	14.00	B	1.31	1.24	165	
NGC1339	G	52.02742	-32.28611	11.75	V	2.01	1.47	172	
NGC1340	G	52.08196	-31.06817	10.37	V	5.12	3.12	167	
NGC1341	G	51.99342	-37.15000	12.42	V	1.42	1.07	121	
NGC1342	OCl	52.91717	37.37939	6.70	V	6.30			
NGC1343	G	54.45708	72.57133	12.37	V	2.38	1.06	79	
NGC1345	G	52.38204	-17.77839	13.75	V	1.34	1.10	30	
NGC1346	G	52.55529	-5.54331	16.39	V	1.44	0.54	84	
NGC1347	GPair	52.42292	-22.28500			1.80			
NGC1347 NED01	G	52.42417	-22.27914	13.77	B	0.98	0.93	81	
NGC1347 NED02	G	52.42163	-22.29100	16.20	B	0.56	0.38	42	
NGC1348	OCl	53.53538	51.42053			3.60			
NGC1349	G	52.86458	4.38083	13.09	V	0.91	0.91	40	
NGC1350	G	52.78383	-33.62864	10.31	V	5.18	2.60	11	
NGC1351	G	52.64575	-34.85394	11.46	V	3.40	2.20	139	
NGC1351A	G	52.20292	-35.17806	13.81	B	2.49	0.65	129	
NGC1352	G	52.88742	-19.27844	13.35	V	1.15	0.75	128	
NGC1353	G	53.01258	-20.81917	11.46	V	3.64	1.47	138	
NGC1354	G	53.12237	-15.22114	13.46	B	2.62	0.97	148	
NGC1355	G	53.34792	-4.99869	13.19	V	1.73	0.31	77	
NGC1356	G	52.66996	-50.30961	13.14	V	1.17	1.02	167	
NGC1357	G	53.32117	-13.66414	11.44	V	3.37	2.55	76	
NGC1358	G	53.41529	-5.08939	12.78	V	2.13	1.17	125	
NGC1359	G	53.44879	-19.49206	12.35	V	1.46	1.21	109	
NGC1360	PN	53.31104	-25.87172	9.40	V	6.42			
NGC1361	G	53.57392	-6.26500	14.68	B	1.24	0.84	44	
NGC1362	G	53.47117	-20.28264	13.78	B	1.30	1.17	20	
NGC1363	G	53.70654	-9.84247	13.96	B	0.90	0.76	90	
NGC1364	G	53.74575	-9.83864	15.38	B	0.57	0.51	127	
NGC1365	G	53.40154	-36.14039	10.10	V	12.02	6.14	20	
NGC1366	G	53.47367	-31.19411	11.91	V	2.05	0.94	4	
NGC1367	G	53.75558	-24.93322	10.66	V	4.88	3.26	134	
NGC1368	G	53.74542	-15.65592	15.23	B	1.15	0.49	119	
NGC1369	G	54.18854	-36.25622	13.69	B	2.22	1.73	9	
NGC1370	G	53.81071	-20.37367	13.54	B	1.49	0.85	50	
NGC1372	G	54.24892	-15.88147	15.35	B	0.70	0.65	50	
NGC1373	G	53.74671	-35.17111	13.26	V	1.20	1.14	110	
NGC1374	G	53.81913	-35.22625	11.14	V	2.86	2.65	120	
NGC1375	G	53.82008	-35.26567	12.39	V	2.28	1.00	90	
NGC1376	G	54.27467	-5.04275	12.85	B	1.86	1.79	30	
NGC1377	G	54.16283	-20.90225	13.49	B	2.07	0.95	92	
NGC1379	G	54.01646	-35.44119	11.02	V	2.66	2.55	65	
NGC1380	G	54.11496	-34.97622	9.94	V	4.58	2.22	6	
NGC1380A	G	54.19792	-34.73972	12.39	V	2.76	0.78	176	
NGC1381	G	54.13200	-35.29519	11.47	V	2.54	0.96	139	
NGC1382	G	54.28733	-35.19503	12.86	V	1.99	1.36	23	
NGC1383	G	54.41350	-18.33947	12.50	V	2.00	0.82	85	
NGC1384	G	54.80662	15.81956	15.55	B	0.76	0.46	151	
NGC1385	G	54.37021	-24.50031	11.03	V	3.40	2.13	3	
NGC1386	G	54.19242	-35.99942	11.86	V	3.59	1.35	25	
NGC1387	G	54.23775	-35.50664	10.75	V	3.01	2.89	110	
NGC1388	G	54.55004	-15.89942	14.84	B	0.85	0.80	150	
NGC1389	G	54.29908	-35.74558	11.51	V	2.58	1.43	28	
NGC1390	G	54.46738	-19.00836	14.07	V	1.45	0.51	21	
NGC1391	G	54.72067	-18.35411	13.35	V	1.21	0.61	65	
NGC1392	G	54.44588	-36.14742	16.95	B	0.30	0.21	35	
NGC1393	G	54.66075	-18.42797	12.06	V	1.88	1.22	161	
NGC1394	G	54.77883	-18.29228	12.82	V	1.51	0.59	5	
NGC1395	G	54.62396	-23.02753	9.65	V	4.71	3.97	105	
NGC1396	G	54.52725	-35.44011	14.88	V	0.92	0.54	90	
NGC1397	G	54.94646	-4.67011	14.70	B	0.96	0.68	172	
NGC1398	G	54.71721	-26.33783	9.55	V	6.95	4.91	100	
NGC1399	G	54.62096	-35.45067	9.40	V	8.51	7.69	150	
NGC1400	G	54.87850	-18.68808	11.06	V	2.81	2.52	43	
NGC1401	G	54.84104	-22.72469	12.29	V	2.45	0.90	132	
NGC1402	G	54.87738	-18.52694	13.54	V	0.87	0.83	90	
NGC1403	G	54.79517	-22.38875	12.74	V	1.52	1.34	165	
NGC1404	G	54.71633	-35.59439	9.93	V	5.01	4.38	163	
NGC1405	G	55.07887	-15.53019	15.03	B	1.60	0.45	152	
NGC1406	G	54.84708	-31.32142	11.82	V	4.50	0.90	17	
NGC1407	G	55.04942	-18.58011	9.65	V	5.73	5.27	60	
NGC1409	G	55.29346	-1.30256	14.76	B	0.82	0.64	130	
NGC1410	G	55.29479	-1.29878	15.22	V	1.17	0.62	99	
NGC1411	G	54.68696	-44.10061	11.19	V	2.45	1.76	12	
NGC1412	G	55.12237	-26.86225	13.13	V	1.06	0.45	133	
NGC1413	G	55.04812	-15.61078	15.23	B	0.90	0.77	52	
NGC1414	G	55.23767	-21.71314	14.67	B	1.71	0.36	170	
NGC1415	G	55.23692	-22.56447	11.53	V	3.74	1.51	141	
NGC1416	G	55.26204	-22.71911	14.18	B	1.50	1.01	172	
NGC1417	G	55.48925	-4.70486	12.08	V	2.52	1.35	2	
NGC1418	G	55.56733	-4.73075	13.73	V	1.14	0.65	7	
NGC1419	G	55.17546	-37.51083	12.61	V	1.48	1.32	45	
NGC1420	Other	55.66600	-5.85256						
NGC1421	G	55.62200	-13.48803	11.52	V	3.55	0.75	180	
NGC1422	G	55.37946	-21.68153	14.05	B	2.51	0.61	63	
NGC1423	G	55.66708	-6.38183	14.79	B	1.00	0.66	16	
NGC1424	G	55.80850	-4.73008	13.80	V	1.39	0.49	7	
NGC1425	G	55.54779	-29.89333	10.70	V	4.91	2.15	130	
NGC1426	G	55.70463	-22.10836	11.47	V	2.86	1.92	112	
NGC1427	G	55.58092	-35.39256	10.88	V	4.33	2.87	78	
NGC1427A	G	55.03875	-35.62444	13.40	B	2.26	1.42	84	
NGC1428	G	55.59471	-35.15400	13.84	B	1.48	0.73	123	
NGC1429	Other	56.01717	-4.71811						
NGC1431	G	56.17000	2.83494	15.58	B	0.91	0.67	160	
NGC1432	HII	56.45662	24.36786			60.00	40.00		Maia Nebula
NGC1433	G	55.50646	-47.22208	9.95	V	6.19	2.96	95	
NGC1434	G	56.55363	-9.68261	15.36	B	0.79	0.48	163	
NGC1435	Neb	56.54204	23.76497			30.00	30.00		Merope Nebula
NGC1436	G	55.90450	-35.85303	11.69	V	2.97	2.08	152	
NGC1437B	G	56.47833	-36.35694	13.88	B	2.87	0.86	2	
NGC1438	G	56.32179	-23.00247	12.44	V	2.04	0.93	67	
NGC1439	G	56.20813	-21.92056	11.39	V	2.96	2.83	10	
NGC1440	G	56.26213	-18.26603	11.63	V	2.62	1.99	23	
NGC1441	G	56.42967	-4.09158	12.93	V	1.85	0.65	89	
NGC1444	OCl	57.37033	52.65533	6.60	V	3.60			
NGC1445	G	56.23425	-9.85586	15.02	B	0.77	0.62	106	
NGC1447	G	56.44646	-9.01869	16.02	B	0.86	0.58	115	
NGC1448	G	56.13300	-44.64483	10.94	V	8.02	1.53	41	
NGC1449	G	56.51279	-4.13811	13.47	V	0.90	0.52	5	
NGC1450	G	56.40267	-9.23486	15.22	B	0.91	0.73	28	
NGC1451	G	56.52983	-4.06919	13.34	V	0.81	0.65	45	
NGC1452	G	56.34296	-18.63364	11.84	V	2.39	1.76	30	
NGC1453	G	56.61354	-3.96878	11.41	V	2.46	1.87	19	
NGC1458	Other	56.74296	-18.24114						
NGC1459	G	56.74142	-25.52175	13.68	B	1.82	1.19	161	
NGC1460	G	56.55725	-36.69633	13.53	B	1.92	1.62	85	
NGC1461	G	57.11308	-16.39289	11.81	V	2.90	0.85	157	
NGC1462	G	57.59763	6.97306	15.23	B	0.86	0.49	40	
NGC1463	G	56.56425	-59.81014	13.47	V	1.26	1.09	25	
NGC1464	G	57.85217	-15.40225	14.73	B	0.81	0.59	44	
NGC1465	G	58.38296	32.49281	14.79	B	2.01	0.44	165	
NGC1466	GCl	56.13896	-71.67158	11.59	V	3.50	3.50		
NGC1467	G	57.97000	-8.83819	15.24	B	1.23	0.67	63	
NGC1468	G	58.05242	-6.34894	14.99	B	1.22	0.85	140	
NGC1469	G	60.11571	68.57772	14.45	B	2.17	1.22	150	
NGC1470	G	58.04100	-8.99936	14.62	B	1.61	0.39	166	
NGC1472	G	58.44729	-8.56847	16.03	B	0.68	0.62	110	
NGC1473	G	56.85958	-68.22058	12.91	V	1.53	0.82	45	
NGC1474	G	58.62646	10.70700	13.76	V	1.04	0.70	5	
NGC1475	G	58.45763	-8.13750	16.41	B	0.65	0.59	105	
NGC1476	G	58.03663	-44.53247	13.82	V	1.50	0.54	85	
NGC1477	G	58.51200	-8.57497	16.16	B	0.77	0.68	52	
NGC1478	G	58.53058	-8.55542	16.23	B	0.64	0.44	43	
NGC1479	Other	58.58517	-10.20861						
NGC1480	Other	58.63492	-10.25883						
NGC1481	G	58.62067	-20.42717	14.56	B	1.04	0.78	132	
NGC1482	G	58.66233	-20.50267	12.14	V	2.46	1.43	107	
NGC1483	G	58.19850	-47.47753	12.76	V	1.87	1.51	153	
NGC1484	G	58.58387	-36.96889	13.71	B	2.73	0.68	79	
NGC1485	G	61.26642	70.99653	12.37	V	2.23	0.69	21	
NGC1486	G	59.07792	-21.82114	15.17	B	0.91	0.62	6	
NGC1487	GPair	58.94208	-42.36806			4.40			
NGC1487 NED01	G	58.93904	-42.36769	11.90	B	2.34	2.04	96	
NGC1487 NED02	G	58.94654	-42.36858	11.68	V	3.72	1.70	91	
NGC1489	G	59.40875	-19.21664	13.80	V	1.69	0.60	19	
NGC1490	G	58.39258	-66.01806	13.64	B	1.39	1.19	131	
NGC1491	HII	60.80650	51.31608			9.00	6.00		
NGC1492	G	59.55471	-35.44636	14.29	B	0.77	0.61	14	
NGC1493	G	59.36429	-46.21069	11.44	V	3.44	3.18	80	
NGC1494	G	59.42875	-48.90808	11.95	V	3.51	1.86	180	
NGC1495	G	59.59092	-44.46625	12.64	V	2.22	0.48	104	
NGC1496	OCl	61.13287	52.66139	9.60	V	2.10			
NGC1497	G	60.52842	23.13292	14.58	B	1.23	0.65	63	
NGC1498	OCl	60.08042	-12.01972						
NGC1499	Neb	60.81008	36.36747	5.00	B	160.00	40.00		California Nebula
NGC1500	G	59.55821	-52.32817	14.84	V	1.49	1.13	88	
NGC1501	PN	61.74737	60.92069	11.50	V	0.87			
NGC1502	OCl	61.95542	62.33153	6.90	V	10.20			
NGC1503	G	59.13850	-66.04067	14.41	B	0.96	0.74	141	
NGC1504	G	60.62375	-9.33539	15.51	B	0.79	0.70	40	
NGC1505	G	60.65167	-9.32242	14.74	B	1.20	0.86	69	
NGC1506	G	60.08987	-52.57372	13.22	V	1.59	0.98	82	
NGC1507	G	61.11338	-2.18858	12.41	V	3.78	0.79	12	
NGC1508	G	61.44850	25.40847	15.22	B	0.60	0.44	25	
NGC1509	G	60.98000	-11.17903	14.60	B	0.79	0.63	55	
NGC1510	G	60.88600	-43.40011	13.02	V	1.32	1.13	103	
NGC1511	G	59.90408	-67.63425	11.30	V	3.66	1.47	123	
NGC1511A	G	60.07750	-67.80694	14.28	B	1.85	0.41	108	
NGC1511B	G	60.22792	-67.61194	15.18	B	1.39	0.25	97	
NGC1512	G	60.97617	-43.34886	10.37	V	8.43	4.02	63	
NGC1513	OCl	62.47792	49.51728	8.40	V	5.10			
NGC1514	PN	62.32063	30.77592	10.19	V	2.20			
NGC1515	G	61.01133	-54.10006	10.99	V	5.50	1.26	20	
NGC1515A	G	60.95750	-54.11306	15.38	B	0.93	0.49	55	
NGC1516	GPair	62.03208	-8.83139			1.66			
NGC1516A	G	62.03083	-8.82917	14.08	B	0.90	0.55	130	
NGC1516B	G	62.03463	-8.83572	15.00	B	1.26	1.26	90	
NGC1517	G	62.29971	8.64881	14.25	B	0.97	0.81	160	
NGC1518	G	61.70717	-21.17264	11.79	V	3.47	1.30	30	
NGC1519	G	62.03167	-17.19289	12.96	V	2.47	0.90	107	
NGC1520	OCl	59.37904	-76.83394			5.40			
NGC1521	G	62.07887	-21.05197	11.57	V	3.25	2.02	9	
NGC1522	G	61.53300	-52.66842	13.60	V	1.22	0.87	39	
NGC1523	Other	61.54592	-54.08831						
NGC1526	G	61.30125	-65.83981	14.60	B	0.86	0.56	36	
NGC1527	G	62.10058	-47.89703	10.80	V	4.58	1.79	78	
NGC1528	OCl	63.82863	51.21147	6.40	V	9.60			
NGC1529	G	61.83283	-62.89931	14.40	B	0.71	0.33	164	
NGC1530	G	65.86292	75.29558	11.70	V	1.82	1.04	130	
NGC1530A	G	71.11875	75.63975	12.43	V	1.48	1.35	100	
NGC1531	G	62.99717	-32.85081	12.13	V	1.50	0.90	123	
NGC1532	G	63.01804	-32.87422	10.13	V	11.27	3.09	33	
NGC1533	G	62.46600	-56.11844	10.65	V	3.27	2.04	149	
NGC1534	G	62.19196	-62.79758	13.77	B	1.66	1.04	76	
NGC1535	PN	63.56571	-12.73939	9.60	V	0.85			
NGC1536	G	62.74942	-56.48044	12.90	V	1.67	1.21	157	
NGC1537	G	63.41962	-31.64542	10.72	V	4.35	2.76	102	
NGC1538	G	63.73367	-13.19172	15.98	B	0.66	0.45	108	
NGC1539	G	64.75817	26.82750	15.45	B	0.97	0.74	45	
NGC1540	G	63.79442	-28.48847	15.05	B	0.77	0.49	150	
NGC1540A	G	63.79171	-28.48208	14.61	B	0.56	0.38	50	
NGC1541	G	64.25096	0.83519	13.53	V	1.38	0.49	77	
NGC1542	G	64.30908	4.78164	13.89	V	1.22	0.40	128	
NGC1543	G	63.18021	-57.73797	10.17	V	3.66	0.86	94	
NGC1544	G	75.65063	86.22233	14.07	B	1.13	0.87	121	
NGC1545	OCl	65.23442	50.25533	6.20	V	4.20			
NGC1546	G	63.65225	-56.06081	11.35	V	3.72	2.50	143	
NGC1547	G	64.30171	-17.85747	14.39	B	1.40	0.58	131	
NGC1548	OCl	65.32958	36.91633			3.60			
NGC1549	G	63.93804	-55.59225	9.75	V	5.09	4.35	138	
NGC1550	G	64.90804	2.40947	12.08	V	1.73	1.54	28	
NGC1552	G	65.07367	-0.69272	14.35	B	1.79	1.29	104	
NGC1553	G	64.04362	-55.78014	9.31	V	6.25	4.29	150	
NGC1555	RfN	65.49762	19.53517	9.98	B	1.82	1.35	74	Hind's Nebula
NGC1556	G	64.43679	-50.16444	13.06	V	1.53	0.58	167	
NGC1557	OCl	63.29654	-70.42494			7.20			
NGC1558	G	65.06742	-45.03147	13.29	B	3.05	0.95	72	
NGC1559	G	64.39904	-62.78367	10.60	V	4.19	2.18	63	
NGC1560	G	68.20454	71.88311	11.50	V	8.30	1.68	21	
NGC1561	G	65.75450	-15.84567	14.81	B	1.37	0.78	167	
NGC1562	G	65.44842	-15.75544	15.18	B	0.92	0.69	80	
NGC1563	G	65.72479	-15.73264	15.65	B	0.49	0.44	74	
NGC1564	G	65.75396	-15.73886	15.62	B	0.73	0.56	33	
NGC1565	G	65.84771	-15.74433	14.69	B	1.02	0.89	86	
NGC1566	G	65.00175	-54.93781	9.73	V	7.23	5.00	45	
NGC1567	G	65.28646	-48.25478	13.46	B	1.53	1.31	159	
NGC1568	G	66.10558	-0.74622	14.82	B	1.46	0.99	139	
NGC1569	G	67.70442	64.84794	11.11	V	3.91	2.16	119	
NGC1570	G	65.53725	-43.62956	14.00	V	2.15	1.36	180	
NGC1572	G	65.67838	-40.60092	12.47	V	1.37	0.93	160	
NGC1573	G	68.76663	73.26242	11.79	V	1.95	1.32	35	
NGC1574	G	65.49508	-56.97475	10.24	V	4.13	2.32	2	
NGC1575	G	66.58563	-10.09844	13.43	B	1.52	1.16	115	
NGC1576	G	66.57842	-3.62108	14.34	B	1.49	0.88	102	
NGC1578	G	65.94438	-51.59944	13.11	V	1.21	0.89	165	
NGC1579	Cl+N	67.55750	35.26944			10.20			
NGC1580	G	67.07700	-5.17878	14.35	B	1.03	0.66	121	
NGC1581	G	66.18733	-54.94200	12.80	V	2.08	0.81	82	
NGC1582	OCl	67.94496	43.78483	7.00	V	7.80			
NGC1583	G	67.08638	-17.59544	14.69	B	1.04	0.90	95	
NGC1584	G	67.04275	-17.52336	14.98	B	0.95	0.76	122	
NGC1585	G	66.88754	-42.16522	14.23	B	0.85	0.63	168	
NGC1586	G	67.65929	-0.30417	14.21	B	1.68	0.85	154	
NGC1587	G	67.66642	0.66158	11.70	V	2.08	1.48	73	
NGC1588	G	67.68238	0.66472	12.91	V	1.26	0.70	167	
NGC1589	G	67.68933	0.86367	11.81	V	3.06	0.98	160	
NGC1590	G	67.79258	7.63089	13.69	V	0.90	0.80	110	
NGC1591	G	67.37729	-26.71311	13.69	B	1.39	0.83	29	
NGC1592	G	67.41721	-27.40853	14.09	V	1.02	0.61	97	
NGC1593	G	68.02550	0.56736	14.74	B	1.36	0.57	129	
NGC1594	G	67.71496	-5.79828	13.73	B	1.67	1.18	89	
NGC1595	G	67.09067	-47.81589	12.71	V	1.50	1.09	12	
NGC1596	G	66.90879	-55.02781	11.14	V	3.87	1.02	19	
NGC1597	G	67.80608	-11.29042	15.00	B	1.02	0.79	93	
NGC1598	G	67.14029	-47.78256	13.30	V	1.40	0.73	133	
NGC1599	G	67.91142	-4.58833	13.73	V	0.82	0.77	40	
NGC1600	G	67.91642	-5.08625	10.97	V	3.33	2.02	5	
NGC1601	G	67.92388	-5.06036	13.84	V	0.94	0.73	89	
NGC1602	G	66.97904	-55.05772	13.06	V	1.87	0.99	88	
NGC1603	G	67.95812	-5.09442	13.80	V	0.88	0.57	57	
NGC1604	G	67.99404	-5.36994	14.84	B	1.35	0.78	69	
NGC1605	OCl	68.71783	45.27139	10.70	V	3.30			
NGC1606	G	68.01392	-5.03244	16.54	B	0.57	0.49	94	
NGC1607	G	68.01287	-4.45994	15.00	B	1.33	0.51	66	
NGC1609	G	68.18783	-4.37242	14.65	B	1.24	0.78	103	
NGC1610	G	68.55779	-4.69975	16.17	B	1.10	0.70	156	
NGC1611	G	68.27483	-4.29744	14.40	B	1.80	0.48	99	
NGC1612	G	68.30471	-4.17242	15.23	B	1.36	0.94	138	
NGC1613	G	68.35554	-4.26542	14.79	B	1.14	0.69	28	
NGC1614	G	68.49938	-8.57889	12.90	V	1.26	0.95	20	
NGC1615	G	69.00433	19.95033	12.01	B	1.36	0.71	107	
NGC1616	G	68.17387	-43.71589	12.64	V	1.91	1.03	33	
NGC1617	G	67.91471	-54.60228	10.37	V	5.24	2.50	112	
NGC1618	G	69.02750	-3.14875	12.72	V	2.14	0.71	22	
NGC1620	G	69.15562	-0.14361	12.08	V	3.48	0.91	23	
NGC1621	G	69.10442	-4.98731	14.83	B	1.34	0.91	98	
NGC1622	G	69.15267	-3.18883	12.53	V	2.86	0.52	29	
NGC1623	G	68.88504	-13.55644	16.63	B	0.78	0.42	16	
NGC1624	Cl+N	70.15208	50.46167	11.80	V	3.00			
NGC1625	G	69.27608	-3.30350	12.40	V	2.56	0.57	130	
NGC1627	G	69.40833	-4.88747	13.53	B	1.65	1.37	150	
NGC1628	G	69.40108	-4.71483	14.24	B	1.91	0.43	6	
NGC1629	GCl	67.40379	-71.83828	12.68	V	1.70	1.70		
NGC1630	G	69.31450	-18.90153	15.19	B	0.78	0.59	138	
NGC1631	G	69.60071	-20.64986	14.29	B	1.33	0.89	54	
NGC1632	G	69.99408	-9.45622	15.28	B	0.73	0.36	43	
NGC1633	G	70.03796	7.34944	14.54	B	1.09	0.90	5	
NGC1634	G	70.04075	7.33878	14.96	B	0.67	0.46	167	
NGC1635	G	70.03283	-0.54753	13.42	B	1.53	1.37	175	
NGC1636	G	70.16750	-8.60775	13.93	B	1.24	0.97	175	
NGC1637	G	70.36742	-2.85797	10.85	V	3.18	2.74	16	
NGC1638	G	70.40212	-1.80903	12.24	V	2.08	1.26	67	
NGC1639	Other	70.21754	-16.99086						
NGC1640	G	70.56050	-20.43478	11.69	V	2.72	2.60	50	
NGC1641	OCl	68.89550	-65.76289			9.60			
NGC1642	G	70.72879	0.61858	12.62	V	1.66	1.43	151	
NGC1643	G	70.93313	-5.31944	14.08	B	1.24	0.81	7	
NGC1644	GCl	69.41704	-66.19908	12.89	V	1.80	1.50	150	
NGC1645	G	71.02658	-5.46561	14.00	B	2.18	0.83	89	
NGC1646	G	71.09833	-8.53278	13.64	B	1.49	0.81	155	
NGC1647	OCl	71.48154	19.09511	6.40	V	27.00			
NGC1648	G	71.14500	-8.47886	15.56	B	0.84	0.53	179	
NGC1649	GCl	69.59521	-68.67292	13.13	V	1.50	1.50	0	
NGC1650	G	71.29796	-15.87003	12.91	B	2.40	1.13	168	
NGC1651	GCl	69.38446	-70.58586	12.28	V	2.70	2.70		
NGC1653	G	71.44729	-2.39283	11.97	V	1.79	1.68	175	
NGC1654	G	71.45188	-2.08389	14.36	B	0.85	0.79	5	
NGC1655	Other	71.79958	20.92367						
NGC1656	G	71.47246	-5.13672	14.50	B	1.74	0.96	109	
NGC1657	G	71.53025	-2.07728	14.94	B	1.15	0.85	154	
NGC1658	G	71.00567	-41.46342	14.35	B	1.02	0.60	125	
NGC1659	G	71.62479	-4.78878	12.54	V	1.50	0.94	51	
NGC1660	G	71.04754	-41.49758	14.87	B	1.14	0.62	31	
NGC1661	G	71.78183	-2.05458	14.24	B	1.15	0.82	36	
NGC1662	OCl	72.12062	10.93039	6.40	V	13.80			
NGC1663	OCl	72.34808	13.15106	14.54	V	7.20			
NGC1664	OCl	72.77263	43.67617	7.60	V	11.40			
NGC1665	G	72.07112	-5.42761	14.06	B	1.79	1.07	56	
NGC1666	G	72.13683	-6.56997	12.70	V	1.35	1.26	160	
NGC1667	G	72.15475	-6.31997	12.15	V	1.89	1.47	3	
NGC1668	G	71.52471	-44.73336	13.77	B	1.58	1.04	97	
NGC1669	G	70.74958	-65.81433	14.89	B	0.73	0.40	101	
NGC1670	G	72.42758	-2.76050	13.95	B	1.61	0.78	68	
NGC1671	G	72.39179	0.25286	12.88	V	1.34	0.98	127	
NGC1672	G	71.42708	-59.24719	10.16	V	6.14	5.46	95	
NGC1673	OCl	70.66517	-69.82125	14.07	V	1.00	0.95	40	
NGC1674	Other	73.10404	23.90767						
NGC1675	Other	73.10404	23.90767						
NGC1676	OCl	70.97571	-68.82758			1.10	1.00	40	
NGC1677	G	72.71696	-4.89272	14.99	B	1.21	0.37	140	
NGC1678	G	72.89767	-2.62314	14.28	B	1.28	0.78	76	
NGC1679	G	72.47767	-31.96467	11.62	V	3.07	2.23	151	
NGC1680	G	72.14171	-47.81644	14.46	B	1.33	0.54	102	
NGC1681	G	72.95858	-5.80322	13.40	V	1.19	0.95	80	
NGC1682	G	73.08246	-3.10586	14.44	B	0.98	0.80	120	
NGC1683	G	73.07333	-3.02464	15.98	B	0.86	0.34	163	
NGC1684	G	73.12979	-3.10606	13.00	B	2.55	1.66	95	
NGC1685	G	73.14263	-2.94933	15.18	V	1.23	0.63	131	
NGC1686	G	73.22775	-15.34647	14.48	B	1.85	0.35	27	
NGC1687	G	72.83904	-33.93903	14.73	B	1.35	0.53	43	
NGC1688	G	72.09913	-59.80033	11.85	V	2.47	1.67	166	
NGC1690	G	73.58025	1.64036	14.94	B	1.07	0.90	85	
NGC1691	G	73.65975	3.26797	13.12	B	1.54	1.47	30	
NGC1692	G	73.84888	-20.57117	13.02	V	1.38	1.21	173	
NGC1693	GCl	71.91154	-69.34364	12.89	V	1.10	1.00	10	
NGC1694	G	73.82008	-4.65267	15.01	B	1.18	0.73	31	
NGC1695	GCl	71.93533	-69.37375	12.16	V	1.40	1.30	100	
NGC1696	OCl	72.12488	-68.24286	13.95	V	1.10	1.10		
NGC1697	GCl	72.14921	-68.55844	12.62	V	2.30	2.30		
NGC1698	GCl	72.27104	-69.11508	12.07	V	1.50	1.40	70	
NGC1699	G	74.24846	-4.75686	15.00	B	1.03	0.74	166	
NGC1700	G	74.23462	-4.86578	11.16	V	3.11	1.98	87	
NGC1701	G	73.96304	-29.88344	13.64	B	1.24	0.94	136	
NGC1702	OCl	72.36533	-69.85078	12.50	V	1.20	1.20		
NGC1703	G	73.21729	-59.74225	11.69	V	2.68	2.51	25	
NGC1704	OCl	72.48108	-69.75631	11.50	V	1.70	1.60	70	
NGC1705	G	73.55625	-53.36106	12.46	V	1.87	1.44	53	
NGC1706	G	73.12925	-62.98578	12.64	V	1.43	0.97	129	
NGC1707	Other	74.58588	8.23836						
NGC1708	OCl	75.84117	52.83208			6.00			
NGC1709	G	74.68346	-0.47825	15.03	B	0.93	0.69	46	
NGC1710	G	74.32113	-15.28900	14.50	B	1.61	1.26	19	
NGC1711	GCl	72.65054	-69.98544	11.10	V	3.50	3.30	40	
NGC1712	*Ass	72.74346	-69.40750			4.00	3.00	20	
NGC1713	G	74.72754	-0.48892	12.71	V	1.33	1.10	40	
NGC1714	Cl+N	73.03688	-66.92339	11.61	V	1.10	1.10		
NGC1715	EmN	73.04367	-66.90869			1.10	1.00	130	
NGC1716	G	74.55550	-20.36358	13.94	B	1.32	1.12	20	
NGC1717	G	74.63108	-0.57467	15.62	B	0.95	0.54	162	
NGC1718	OCl	73.10579	-67.05067	12.25	V	1.80	1.80		
NGC1719	G	74.89429	-0.26042	14.44	B	1.09	0.38	101	
NGC1720	G	74.83596	-7.85897	13.00	B	1.96	1.22	85	
NGC1721	G	74.82250	-11.11872	13.82	B	1.58	0.83	130	
NGC1722	Cl+N	73.00250	-69.37500			2.50	2.10	170	
NGC1723	G	74.85787	-10.98069	12.03	V	3.03	1.88	68	
NGC1724	OCl	75.88467	49.49178			3.00			
NGC1725	G	74.84537	-11.13231	13.82	B	1.39	1.30	15	
NGC1726	G	74.92458	-7.75525	11.65	V	2.90	1.82	1	
NGC1727	Cl+N	73.05321	-69.33892			2.80	2.00	90	
NGC1728	G	74.86554	-11.12294	13.00	B	1.24	0.80	179	
NGC1729	G	75.06538	-3.35250	13.20	B	1.81	1.46	9	
NGC1730	G	74.88263	-15.82364	13.22	B	2.28	0.96	100	
NGC1731	*Ass	73.38371	-66.92528			4.80	4.50	90	
NGC1732	OCl	73.29412	-68.65000	12.30	V	1.10	1.00	50	
NGC1733	OCl	73.51979	-66.68258	13.31	V	1.50	1.40	20	
NGC1734	OCl	73.38954	-68.76878	13.10	V	1.20	1.10	50	
NGC1735	OCl	73.58192	-67.09956	10.76	V	1.80	1.50	140	
NGC1736	EmN	73.25646	-68.05311	15.50	B	1.90	1.40	170	
NGC1737	HII	73.49879	-69.17456			1.10	0.95	110	
NGC1738	G	75.44458	-18.15706	13.71	B	1.35	0.81	36	
NGC1739	G	75.44725	-18.16681	14.25	B	1.50	0.72	104	
NGC1740	G	75.47833	-3.29633	14.04	B	1.79	1.10	68	
NGC1741	G	75.40958	-4.25700	15.52	B	1.21	0.62	65	
NGC1741B	G	75.40083	-4.26194	15.22	B	0.93	0.46	42	
NGC1743	Neb	73.51113	-69.19861	11.26	V	0.95	0.85	130	
NGC1744	G	74.99083	-26.02222	11.50	V	5.28	1.99	169	
NGC1745	Neb	73.58592	-69.15889	13.40	V	1.20	1.10	90	
NGC1746	OCl	75.95913	23.76764	6.10	V	18.00			
NGC1747	OCl	73.79575	-67.16889	9.37	V	4.40	4.40		
NGC1748	Neb	73.60821	-69.18411	12.30	V	0.90	0.80	100	
NGC1749	OCl	73.73358	-68.18867	13.56	V	1.50	1.30	50	
NGC1750	OCl	76.00012	23.64578						
NGC1751	GCl	73.55242	-69.80583	11.73	V	1.60	1.50	60	
NGC1752	G	75.53954	-8.24086	12.40	V	2.95	0.83	79	
NGC1753	G	75.63475	-3.34433	14.77	B	1.32	0.42	180	
NGC1754	GCl	73.57896	-70.44247	11.57	V	1.60	1.60		
NGC1755	GCl	73.81196	-68.20406	9.85	V	2.20	1.90	130	
NGC1756	GCl	73.70763	-69.23764	12.24	V	1.40	1.30	130	
NGC1757	Other	75.66400	-4.72294						
NGC1758	OCl	76.17600	23.78164						
NGC1759	G	75.20433	-38.67389	14.12	B	1.95	1.48	148	
NGC1760	HII	74.18488	-66.52733			5.10	2.10	80	
NGC1761	*Ass	74.15721	-66.47886	9.94	V	4.20	3.00	110	
NGC1762	G	75.90429	1.57333	12.60	V	1.75	1.12	177	
NGC1763	Cl+N	74.20496	-66.40908	9.40	V	5.20	3.60	70	
NGC1764	OCl	74.11550	-67.69375	12.58	V	1.10	1.10		
NGC1765	G	74.60067	-62.02839	13.95	B	1.18	0.96	129	
NGC1766	OCl	73.99000	-70.22506	12.22	V	1.00	0.90	30	
NGC1767	OCl	74.11375	-69.40056	10.61	V	1.30	1.20	30	
NGC1768	OCl	74.25067	-68.24944	12.79	V	0.65	0.55	50	
NGC1769	EmN	74.44737	-66.46908			4.10	2.60	60	
NGC1770	Cl+N	74.31546	-68.41808			4.10	4.10		
NGC1771	G	74.73217	-63.29822	13.43	V	1.95	0.59	134	
NGC1772	OCl	74.21996	-69.55606	10.97	V	1.50	1.40	30	
NGC1773	Neb	74.55012	-66.36011			2.70	2.10	30	
NGC1774	OCl	74.52867	-67.24233	10.76	V	1.70	1.50	60	
NGC1775	OCl	74.22825	-70.43200	12.55	V	1.00	0.90	80	
NGC1776	OCl	74.66550	-66.42958	13.01	V	1.30	1.20	40	
NGC1777	GCl	73.94858	-74.28536	12.80	V	2.40	2.40		
NGC1778	OCl	77.02375	37.02283	7.70	V	4.50			
NGC1779	G	76.32529	-9.14714	12.10	V	2.67	1.19	112	
NGC1780	G	76.58629	-19.46667	14.74	B	0.92	0.53	86	
NGC1781	G	76.97929	-18.18992	13.72	B	1.27	1.10	76	
NGC1782	OCl	74.46288	-69.39219	10.50	V	1.20	1.10	110	
NGC1783	GCl	74.78671	-65.98728	10.93	V	5.30	4.70	60	
NGC1784	G	76.36292	-11.87153	11.60	V	4.00	1.79	96	
NGC1785	*Ass	74.68733	-68.82486			2.00	1.20	130	
NGC1786	GCl	74.78258	-67.74522	10.10	B	2.00	2.00		
NGC1787	OCl	75.43504	-65.82331	10.92	V	24.00	14.00	140	
NGC1788	RfN	76.72175	-3.34097	5.80	B	2.00	2.00		
NGC1789	GCl	74.46533	-71.90197	13.06	V	1.80	1.80		
NGC1790	OCl	77.73425	52.05981						
NGC1791	OCl	74.77700	-70.16875	13.12	V	1.20	1.00	30	
NGC1792	G	76.31021	-37.98075	10.16	V	5.52	2.76	136	
NGC1793	OCl	74.90921	-69.55764	12.41	V	1.30	1.10	130	
NGC1795	OCl	74.94542	-69.80117	12.42	V	1.40	1.30	170	
NGC1796	G	75.67729	-61.14006	12.43	V	1.93	0.96	101	
NGC1796A	G	76.26250	-61.48444	14.88	B	1.28	0.50	151	
NGC1796B	G	76.97875	-61.19111	15.77	B	1.12	0.25	25	
NGC1797	G	76.93700	-8.01908	14.42	B	1.19	0.77	60	
NGC1798	OCl	77.91383	47.69550			5.40			
NGC1799	G	76.93592	-7.96928	15.00	B	1.25	0.57	105	
NGC1800	G	76.60717	-31.95422	12.58	V	1.55	1.16	112	
NGC1801	GCl	75.14379	-69.61375	12.16	V	2.20	1.90	160	
NGC1802	OCl	77.55362	24.12514			4.80			
NGC1803	G	76.36075	-49.56794	12.86	V	0.93	0.58	61	
NGC1804	OCl	75.26358	-69.08258	11.87	V	0.95	0.85	170	
NGC1805	GCl	75.58883	-66.11225			1.80	1.60	80	
NGC1806	GCl	75.55154	-67.98575	11.10	B	2.50	2.50		
NGC1807	OCl	77.68762	16.51275	7.00	V	5.40			
NGC1808	G	76.92642	-37.51306	10.21	V	5.42	1.83	135	
NGC1809	G	75.52088	-69.56828	12.34	V	3.74	1.44	143	
NGC1810	OCl	75.84696	-66.38181	11.90	V	1.20	1.10	30	
NGC1811	G	77.17808	-29.27597	14.48	B	1.73	0.42	60	
NGC1812	G	77.22046	-29.25125	13.70	B	1.27	0.86	7	
NGC1813	OCl	75.66783	-70.31794	12.76	V	0.95	0.90	140	
NGC1814	Cl+N	75.94358	-67.30067	12.76	V	1.20	1.10	10	
NGC1815	OCl	75.61354	-70.62106	12.41	V	1.20	1.00	60	
NGC1816	OCl	75.96146	-67.26075	13.02	V	0.90	0.75	0	
NGC1817	OCl	78.10946	16.68408	7.70	V	9.30			
NGC1818	GCl	76.06150	-66.43450	9.70	B	3.10	2.70	130	
NGC1819	G	77.94225	5.20061	13.66	B	1.53	1.05	117	
NGC1820	OCl	76.00700	-67.26594	11.50	V	7.00	5.40	20	
NGC1821	G	77.94208	-15.13464	13.92	B	1.26	0.86	95	
NGC1822	OCl	76.28833	-66.21056	13.15	V	1.20	1.00	100	
NGC1823	OCl	75.85400	-70.33550	12.09	V	1.00	0.90	10	
NGC1824	G	76.73417	-59.72397	12.57	V	2.14	0.83	164	
NGC1825	OCl	76.07933	-68.92642	12.04	V	1.00	0.90	40	
NGC1826	OCl	76.38871	-66.22975	13.25	V	1.20	1.10	60	
NGC1827	G	77.51917	-36.96025	13.24	B	3.24	0.65	120	
NGC1828	OCl	76.08700	-69.38817	12.52	V	1.20	1.10	170	
NGC1829	Cl+N	76.25000	-68.05925			1.80	1.60	20	
NGC1830	OCl	76.15946	-69.34017	12.56	V	1.30	1.20	60	
NGC1831	GCl	76.56967	-64.91750	11.18	V	3.80	3.20	170	
NGC1832	G	78.01387	-15.68781	11.54	V	2.46	0.94	13	
NGC1833	Cl+N	76.10213	-70.72806			1.60	1.10	60	
NGC1834	OCl	76.29742	-69.20747	11.82	B	0.95	0.85	100	
NGC1835	GCl	76.27742	-69.40386	10.60	V	2.30	2.00	80	
NGC1836	OCl	76.39342	-68.62789	12.22	V	1.50	1.40	50	
NGC1837	OCl	76.23250	-70.71400	12.27	V	1.90	1.50	10	
NGC1838	OCl	76.53283	-68.44519	12.93	V	1.30	1.20	20	
NGC1839	OCl	76.50979	-68.62678	11.80	V	1.60	1.60		
NGC1840	OCl	76.32983	-71.76289			0.80	0.70	80	
NGC1841	GCl	71.34729	-83.99906	11.43	V	4.00	4.00		
NGC1842	OCl	76.82542	-67.27317	14.02	V	1.50	1.50		
NGC1843	G	78.52508	-10.62703	13.28	B	1.80	1.42	123	
NGC1844	OCl	76.87783	-67.32342	12.08	V	1.60	1.60		
NGC1845	*Ass	76.43754	-70.58161	10.20	V	8.90	5.60	30	
NGC1846	GCl	76.89142	-67.46147	11.31	V	3.80	3.80		
NGC1847	OCl	76.78400	-68.97144	12.47	V	1.80	1.60	0	
NGC1848	OCl	76.86317	-71.19536	9.73	V	2.20	2.00	140	
NGC1849	OCl	77.39504	-66.31581	12.77	V	1.50	1.50		
NGC1850	GCl	77.18638	-68.76167	8.96	V	3.00	3.00		
NGC1851	GCl	78.52804	-40.04661	7.23	V	9.00			
NGC1852	GCl	77.34913	-67.77625	12.01	V	1.90	1.90		
NGC1853	G	78.06883	-57.39903	13.59	B	1.53	0.52	39	
NGC1854	GCl	77.33288	-68.84736	10.39	V	2.30	2.30		
NGC1855	*Ass	77.32046	-68.84564						
NGC1856	GCl	77.37238	-69.12758	10.06	V	2.70	2.40	90	
NGC1857	OCl	80.02317	39.34361	7.00	V	4.50			
NGC1858	Cl+N	77.46642	-68.89125	9.88	V	4.40	2.60	170	
NGC1859	OCl	77.88246	-65.24972	12.26	V	1.50	1.50		
NGC1860	OCl	77.66463	-68.75225	11.04	V	1.10	1.10		
NGC1861	OCl	77.59225	-70.77711	13.16	V	1.50	1.50		
NGC1862	OCl	78.14392	-66.15436	13.33	V	0.90	0.75	10	
NGC1863	OCl	77.91492	-68.72678			1.40	1.20	50	
NGC1864	OCl	78.16917	-67.62125	12.86	V	1.10	0.95	110	
NGC1865	OCl	78.10450	-68.77103	12.91	V	1.40	1.40		
NGC1866	GCl	78.41292	-65.46558	9.73	V	5.50	5.50		
NGC1867	OCl	78.42608	-66.29194	13.35	V	1.50	1.40	120	
NGC1868	GCl	78.65125	-63.95450	11.57	V	2.70	2.70	90	
NGC1869	Cl+N	78.48467	-67.37939			2.00	1.40	100	
NGC1870	GCl	78.29125	-69.11694	11.26	V	1.10	1.00	10	
NGC1871	Cl+N	78.46567	-67.45264	10.09	V	2.30	1.60	60	
NGC1872	GCl	78.29488	-69.31158	11.04	V	1.70	1.70		
NGC1873	Cl+N	78.48196	-67.33436	10.44	V	2.80	2.20	120	
NGC1874	Cl+N	78.29858	-69.37622	12.81	V	1.40	1.10	100	
NGC1875	G	80.44067	6.68886	14.63	B	0.79	0.69	47	
NGC1876	Cl+N	78.32763	-69.36214	11.71	V	1.50	1.50		
NGC1877	Neb	78.41183	-69.38378	12.00	B	1.10	0.60	130	
NGC1878	OCl	78.21213	-70.47169	12.94	V	1.10	1.00	50	
NGC1879	G	79.95096	-32.14275	12.79	V	2.42	1.67	60	
NGC1880	HII	78.35492	-69.37944	12.81	V	1.20	1.00	140	
NGC1881	OCl	78.40488	-69.29917			1.20	0.85	160	
NGC1882	OCl	78.88887	-66.12956	12.33	V	1.60	1.40	20	
NGC1883	OCl	81.47583	46.49014	12.00	V	5.70			
NGC1884	Other	78.99183	-66.16339						
NGC1885	OCl	78.77442	-68.97756	11.97	V	1.40	1.20	130	
NGC1886	G	80.45062	-23.81014	13.60	B	3.22	0.35	61	
NGC1887	OCl	79.02471	-66.31856	12.72	V	1.50	1.50		
NGC1888	G	80.64354	-11.49953	11.92	V	3.32	1.31	148	
NGC1889	G	80.64708	-11.49694	14.09	B	0.63	0.37	165	
NGC1890	OCl	78.44096	-72.07797	12.81	V	1.10	1.00	70	
NGC1891	OCl	80.43425	-35.78931						
NGC1892	G	79.28771	-64.95975	12.29	V	3.37	1.02	75	
NGC1893	OCl	80.68392	33.41203	7.50	V	6.00			
NGC1894	OCl	78.96363	-69.46853	12.16	V	1.40	1.20	60	
NGC1895	Neb	79.21496	-67.32958	12.93	V	1.40	1.30	40	
NGC1896	OCl	81.39450	29.26022			3.90			
NGC1897	OCl	79.38033	-67.45100	13.49	V	1.10	1.00	170	
NGC1898	OCl	79.17658	-69.65622	11.86	V	1.60	1.60		
NGC1899	HII	79.45279	-67.90072			1.10	1.00	20	
NGC1900	OCl	79.78908	-63.02369	13.59	V	1.80	1.60	100	
NGC1901	OCl	79.56317	-68.43631			11.10			
NGC1902	OCl	79.57975	-66.62742	11.77	V	1.70	1.70		
NGC1903	GCl	79.34292	-69.33531	11.86	V	1.90	1.90		
NGC1904	GCl	81.04413	-24.52422	8.16	V	7.20			M79
NGC1905	OCl	79.59879	-67.27817	13.21	V	0.95	0.95		
NGC1906	G	81.19625	-15.94331	14.11	B	1.03	0.74	154	
NGC1907	OCl	82.01896	35.32567	8.20	V	5.40			
NGC1908	Other	81.47417	-2.52889						
NGC1909	RfN	76.23100	-7.26564			180.00	60.00		the Witch Head Nebula
NGC1910	Cl+N	79.67946	-69.23192	9.65	V	3.60	2.80	120	
NGC1911	OCl	79.86200	-66.68425			0.60	0.60		
NGC1912	OCl	82.17704	35.85492	6.40	V	9.60			M38
NGC1913	OCl	79.58038	-69.53647	11.14	V	1.30	1.10	150	
NGC1914	Cl+N	79.41567	-71.25586	12.01	V	1.50	1.20	150	
NGC1915	*Ass	79.92600	-66.82153			0.60	0.55	140	
NGC1916	GCl	79.65196	-69.40681	10.38	V	2.10	2.10		
NGC1917	GCl	79.75821	-68.99897	12.33	V	1.70	1.70		
NGC1918	SNR	79.77912	-69.66244			3.90	1.70	120	
NGC1919	Neb	80.07937	-66.89114			1.40	1.20	50	
NGC1920	HII	80.13958	-66.77872	12.54	V	1.20	1.10	100	
NGC1921	OCl	79.84479	-69.78775	12.95	V	1.00	0.90	20	
NGC1922	OCl	79.95383	-69.44825	11.51	V	1.00	0.90	30	
NGC1923	Cl+N	80.39192	-65.48672	11.24	V	0.95	0.85	80	
NGC1924	G	82.00804	-5.31075	12.53	V	1.60	1.15	133	
NGC1925	*Ass	80.43317	-65.79361			6.00	6.00		
NGC1926	GCl	80.14762	-69.52528	11.79	V	1.40	1.20	120	
NGC1927	Other	82.17908	-8.37733						
NGC1928	OCl	80.23542	-69.47794	12.47	V	1.30	1.30		
NGC1929	OCl	80.40013	-67.91206	14.00	B	1.20	1.10	90	
NGC1930	G	81.48667	-46.72847	12.37	V	1.97	1.18	36	
NGC1931	Cl+N	82.85563	34.24656	10.10	V	4.80			
NGC1933	OCl	80.61383	-66.15217	13.80	V	1.30	1.30		
NGC1934	Cl+N	80.44954	-67.93717	10.50	V	1.90	1.30	150	
NGC1935	HII	80.49462	-67.95739			1.20	1.20		
NGC1936	EmN	80.55817	-67.97831	11.60	V	1.00	1.00		
NGC1937	*Ass	80.62150	-67.89467			3.20	2.00	70	
NGC1938	GCl	80.35296	-69.93939	13.09	V	0.90	0.80	90	
NGC1939	GCl	80.36087	-69.94975	11.83	V	1.40	1.30	80	
NGC1940	GCl	80.68225	-67.18656	11.91	V	1.20	1.20		
NGC1941	Cl+N	80.78208	-66.37864	12.00	V	0.90	0.80	100	
NGC1942	OCl	81.18558	-63.94211	13.46	V	1.90	1.90		
NGC1943	GCl	80.61975	-70.15486	11.88	V	1.10	1.00	140	
NGC1944	GCl	80.48929	-72.49408	11.84	V	2.70	2.70		
NGC1945	EmN	81.22900	-66.45747			10.00	6.00	60	
NGC1946	OCl	81.31825	-66.39456	12.62	V	1.00	0.90	130	
NGC1947	G	81.69838	-63.76003	10.47	V	3.48	3.18	89	
NGC1948	Cl+N	81.44267	-66.26681	10.61	V	7.00	5.70	30	
NGC1949	Neb	81.27013	-68.47253	12.39	V	0.95	0.90	100	
NGC1950	OCl	81.13746	-69.90231	13.17	V	1.70	1.70		
NGC1951	OCl	81.52842	-66.59725	10.58	V	1.70	1.50	20	
NGC1952	SNR	83.63321	22.01447	8.40	V	8.00	4.00		Crab Nebula
NGC1953	GCl	81.36588	-68.83831	11.74	V	1.20	1.20		
NGC1954	G	83.20137	-14.06278	12.04	V	3.62	1.86	149	
NGC1955	HII	81.54150	-67.49739	8.87	V	4.00	3.60	20	
NGC1956	G	79.89717	-77.72867	14.06	B	1.75	0.95	64	
NGC1957	G	83.23000	-14.13314	14.84	B	0.87	0.82	65	
NGC1958	GCl	81.37717	-69.83678	12.99	V	1.50	1.50		
NGC1959	OCl	81.40263	-69.92692	12.17	V	1.60	1.60		
NGC1960	OCl	84.07392	34.14075	6.00	V	7.20			M36
NGC1961	G	85.51938	69.37844	11.54	V	4.42	3.10	85	
NGC1962	OCl	81.57388	-68.83764	11.47	V	1.40	1.40		
NGC1963	OCl	83.07012	-36.39864			6.30			
NGC1964	G	83.34067	-21.94578	10.91	V	5.16	2.33	31	
NGC1965	OCl	81.63025	-68.80547	11.70	V	1.20	1.10		
NGC1966	OCl	81.69100	-68.81986	11.83	V	1.10	1.00	30	
NGC1967	OCl	81.68046	-69.10153	10.81	V	0.95	0.90	100	
NGC1968	*Ass	81.84212	-67.46383	8.22	V	5.00	2.70	70	
NGC1969	OCl	81.63483	-69.84136	12.46	V	1.20	1.20		
NGC1970	OCl	81.71946	-68.83667	10.28	V	1.50	1.50		
NGC1971	OCl	81.68850	-69.85161	11.90	V	1.10	0.95	0	
NGC1972	OCl	81.69733	-69.83833	12.62	V	0.90	0.80	100	
NGC1973	Neb	83.76992	-4.73178	7.00	B	5.00	5.00		
NGC1974	OCl	81.99592	-67.42414	10.30	V	1.60	1.60		
NGC1975	Neb	83.82450	-4.68522	7.00	B	10.00	5.00		
NGC1976	Cl+N	83.81867	-5.38967	4.00	V	90.00	60.00		Great Orion Nebula
NGC1977	Cl+N	83.81583	-4.84433			10.20			the Running Man Nebula
NGC1978	GCl	82.18804	-66.23592	10.70	V	4.00	2.70	160	
NGC1979	G	83.50462	-23.31008	12.90	B	1.88	1.81	145	
NGC1980	Cl+N	83.85829	-5.90989	2.50	V	9.30			Lower Sword
NGC1981	Cl+N	83.78996	-4.42506	4.20	V	9.00			Upper Sword
NGC1982	HII	83.88075	-5.26747	9.00	V	20.00	15.00		Mairan's Nebula
NGC1983	OCl	81.93438	-68.98606			4.00	3.00	150	
NGC1984	OCl	81.92046	-69.13433	9.99	V	1.50	1.20	60	
NGC1985	RfN	84.44921	31.98883	12.70	B	0.68	0.68		
NGC1986	GCl	81.90867	-69.97364	11.07	V	2.80	2.40	140	
NGC1987	GCl	81.82146	-70.73736	12.10	B	1.70	1.70	90	
NGC1989	G	83.59758	-30.80106	14.13	B	1.72	1.18	93	
NGC1992	G	83.63237	-30.89700	14.69	B	1.22	0.69	51	
NGC1993	G	83.85654	-17.81531	13.63	B	1.58	0.87	77	
NGC1994	OCl	82.09071	-69.14183			1.60	1.50	170	
NGC1996	OCl	84.57867	25.82317			6.00			
NGC1997	OCl	82.64458	-63.19953	13.43	V	1.80	1.80		
NGC1998	G	83.31567	-48.69561	15.19	B	0.95	0.47	16	
NGC1999	RfN	84.10563	-6.71586	9.50	B	2.00	2.00		
NGC2000	OCl	81.87183	-71.87939	12.14	V	1.60	1.50	150	
NGC2001	*Ass	82.25858	-68.76928			7.30	3.60	40	
NGC2002	GCl	82.58625	-66.88500	10.84	V	1.90	1.70	20	
NGC2003	GCl	82.73000	-66.46656	11.30	V	1.70	1.40	70	
NGC2004	GCl	82.67812	-67.28644	9.60	B	3.00	2.80	90	
NGC2005	GCl	82.54521	-69.75242	11.57	V	1.60	1.60		
NGC2006	*Ass	82.83750	-66.96528	10.88	V	1.60	1.40	140	
NGC2007	G	83.74654	-50.92169	14.85	B	1.53	0.51	81	
NGC2008	G	83.76587	-50.96678	14.00	V	1.23	0.62	95	
NGC2009	OCl	82.74650	-69.18167	11.02	V	1.40	1.20	10	
NGC2010	OCl	82.64554	-70.81967	11.72	V	1.90	1.70	170	
NGC2011	OCl	83.08421	-67.52314	10.58	V	1.00	1.00		
NGC2012	G	80.64729	-79.85181	12.97	V	1.29	0.76	113	
NGC2013	OCl	86.00696	55.79358						
NGC2014	Neb	83.08279	-67.68983	8.97	V	5.10	3.50	60	
NGC2015	*Ass	83.02704	-69.24303	10.43	V	4.70	4.00	110	
NGC2016	OCl	82.91175	-69.94586			1.80	1.80		
NGC2017	OCl	84.81796	-17.84850			5.00			
NGC2018	HII	82.85371	-71.06906	10.89	V	2.80	1.70	170	
NGC2019	GCl	82.98608	-70.15958	10.86	V	1.50	1.50		
NGC2020	EmN	83.30246	-67.71589			3.20	2.90	50	
NGC2021	OCl	83.37779	-67.45289	12.06	V	0.90	0.90		
NGC2022	PN	85.52588	9.08653	11.60	V	0.32			
NGC2023	RfN	85.40996	-2.25903			10.00	8.00		
NGC2024	Neb	85.42737	-1.85628			30.00	30.00		
NGC2025	OCl	83.14017	-71.71550	10.94	V	1.90	1.90		
NGC2026	OCl	85.79229	20.13889			4.20			
NGC2027	OCl	83.74879	-66.91631	10.97	V	4.60	2.80	100	
NGC2028	OCl	83.45238	-69.95181	12.88	V	1.10	1.00	60	
NGC2029	OCl	83.91942	-66.03500	12.29	V	1.10	0.85	60	
NGC2030	HII	83.74892	-67.55636	12.29	V	1.70	1.70		
NGC2031	GCl	83.42425	-70.98678	10.83	V	3.30	2.80	150	
NGC2032	HII	83.83592	-67.56844			2.80	1.40	30	
NGC2033	*Ass	83.62792	-69.78014	11.63	V	5.90	4.60	10	
NGC2034	*Ass	83.88654	-66.90364			4.50	3.20		
NGC2035	Neb	83.88000	-67.58417	10.99	V	1.80	1.30	20	
NGC2036	OCl	83.63079	-70.06436	12.77	V	1.60	1.60		
NGC2037	OCl	83.75262	-69.73158	10.31	V	2.90	1.30	170	
NGC2038	OCl	83.67612	-70.56294	11.92	V	1.60	1.50	120	
NGC2039	Other	86.00379	8.69106						
NGC2040	Neb	84.02471	-67.56856	11.47	V	2.10	1.70	160	
NGC2041	GCl	84.11687	-66.98978	10.36	V	2.60	2.60		
NGC2042	OCl	84.03992	-68.92344	9.58	V	4.50	4.50		
NGC2043	OCl	83.98825	-70.07442			0.65	0.55	120	
NGC2044	*Ass	84.02575	-69.19867	10.59	V	5.50	4.50	100	
NGC2046	OCl	83.90637	-70.24069	12.64	V	1.10	1.00	110	
NGC2047	OCl	83.97079	-70.19267	13.15	V	0.95	0.90	90	
NGC2048	EmN	83.98162	-69.64853	12.17	V	1.40	1.00	100	
NGC2049	G	85.81379	-30.07839	13.68	B	2.14	0.97	167	
NGC2050	*Ass	84.16175	-69.38353	9.25	V	3.00	2.40	70	
NGC2051	OCl	84.03058	-71.01139	11.69	V	1.50	1.50		
NGC2052	Neb	84.29604	-69.77419			18.00	12.00		
NGC2053	OCl	84.41542	-67.41292	12.18	V	1.50	1.30	10	
NGC2054	Other	86.31408	-10.08314						
NGC2055	*Ass	84.18637	-69.49864	8.39	V	1.90	1.30	120	
NGC2056	OCl	84.14154	-70.67189	11.77	V	1.50	1.50		
NGC2057	OCl	84.22975	-70.26894	12.17	V	1.30	1.20	20	
NGC2058	OCl	84.22592	-70.16225	11.85	V	2.10	2.10		
NGC2059	OCl	84.25229	-70.12903	12.85	V	1.10	1.00	170	
NGC2060	SNR	84.44542	-69.17167	9.59	V	2.20	2.00	160	
NGC2061	OCl	85.67404	-34.00953						
NGC2062	OCl	85.01125	-66.87575	12.67	V	1.20	1.10	20	
NGC2063	Other	86.67929	8.78111						
NGC2064	RfN	86.57662	0.00594			10.00	10.00		
NGC2065	OCl	84.41008	-70.23647	11.24	V	2.30	2.30		
NGC2066	OCl	84.42967	-70.16656	13.10	V	1.00	0.90	140	
NGC2067	RfN	86.63283	0.13125			8.00	3.00		
NGC2068	RfN	86.69092	0.07931	8.00	V	4.50			M78
NGC2069	Neb	84.69350	-68.97439	10.10	V	5.00	2.20	30	
NGC2070	HII	84.67650	-69.10089	7.25	V	16.00	16.00		30 Dor Cluster
NGC2071	Cl+N	86.78025	0.29425	8.00	B	7.00	5.00		
NGC2072	OCl	84.60162	-70.23406	13.21	V	1.00	0.90	110	
NGC2073	G	86.47463	-21.99914	13.45	B	1.44	1.38	110	
NGC2074	Cl+N	84.76492	-69.49811	8.50	B	4.00	3.40	50	
NGC2075	Cl+N	84.58896	-70.68503	11.47	V	2.20	1.80	30	
NGC2076	G	86.69775	-16.78261	12.93	V	2.52	1.50	44	
NGC2077	Neb	84.90008	-69.65711	11.71	V	1.30	1.30		
NGC2078	EmN	84.91438	-69.74317	10.89	V	1.20	1.10	0	
NGC2079	HII	84.90667	-69.75719	11.81	V	1.10	0.95	160	
NGC2080	HII	84.94092	-69.64411	10.42	V	1.70	1.50	130	
NGC2081	Cl+N	84.99746	-69.40589			8.50	6.00	70	
NGC2082	G	85.46300	-64.30114	12.19	V	2.06	1.86	50	
NGC2083	Neb	84.99675	-69.73758	10.83	V	2.00	1.80	70	
NGC2084	Neb	85.02917	-69.75942			1.70	1.20	40	
NGC2085	Neb	85.04096	-69.67281	12.06	V	0.95	0.95		
NGC2086	Neb	85.05367	-69.66786	12.00	V	0.85	0.80	70	
NGC2087	G	86.06679	-55.53244	14.70	B	0.81	0.59	133	
NGC2088	OCl	85.24921	-68.46536	12.47	V	1.50	1.40	10	
NGC2089	G	86.96429	-17.60239	12.94	B	2.20	1.08	42	
NGC2090	G	86.75787	-34.25061	10.92	V	4.47	1.67	17	
NGC2091	OCl	85.24183	-69.43708	12.07	V	1.30	1.20	80	
NGC2092	OCl	85.34167	-69.22422			1.00	0.90	90	
NGC2093	*Ass	85.45725	-68.92142	11.57	V	1.50	1.30	170	
NGC2094	OCl	85.53687	-68.36378	12.80	V	0.85	0.75	10	
NGC2095	OCl	85.65067	-67.31889	13.09	V	1.50	1.40	140	
NGC2096	OCl	85.57417	-68.45861	11.31	V	1.10	0.90	160	
NGC2097	GCl	86.06675	-62.78561	13.67	V	1.90	1.90		
NGC2098	OCl	85.62929	-68.27317	10.73	V	2.20	2.00	140	
NGC2099	OCl	88.07646	32.55300	5.60	V	11.40			M37
NGC2100	GCl	85.53779	-69.21183	9.60	B	2.50	2.50		
NGC2101	G	86.60071	-52.08853	13.27	V	1.24	0.65	94	
NGC2102	OCl	85.58537	-69.48708	11.44	V	0.85	0.85		
NGC2103	HII	85.41813	-71.33314	10.82	V	4.00	3.50	40	
NGC2104	G	86.76971	-51.55292	12.73	V	2.12	0.91	162	
NGC2105	GCl	86.07992	-66.91761	12.19	V	1.70	1.50	160	
NGC2106	G	87.69429	-21.56725	13.13	B	2.43	1.22	106	
NGC2107	OCl	85.80367	-70.63994	11.51	V	1.70	1.70		
NGC2108	GCl	85.98696	-69.18211	12.32	V	1.80	1.80		
NGC2109	OCl	86.09550	-68.54781	12.21	V	1.60	1.60		
NGC2110	G	88.04742	-7.45622	13.51	V	1.83	1.45	175	
NGC2111	OCl	86.13746	-70.99325	12.45	V	1.50	1.40	60	
NGC2112	OCl	88.43837	0.41081	9.10	V	21.00			
NGC2113	Cl+N	86.35237	-69.77417			1.10	1.10		
NGC2114	OCl	86.55046	-68.04831	12.48	V	1.40	1.20	30	
NGC2115	GPair	87.83625	-50.58750			1.33			
NGC2115A	G	87.83258	-50.58286	14.16	B	1.21	1.06	59	
NGC2115B	G	87.83837	-50.59250	16.06	B	0.57	0.47	43	
NGC2116	OCl	86.81317	-68.50794	12.92	V	1.20	1.10	160	
NGC2117	OCl	86.94133	-67.45017	11.65	V	2.00	1.80	90	
NGC2118	OCl	86.91487	-69.13183	13.38	V	1.60	1.60		
NGC2119	G	89.36229	11.94919	15.00	B	1.26	0.99	145	
NGC2120	GCl	87.64421	-63.67761	12.67	V	2.20	2.20		
NGC2121	GCl	87.05350	-71.47978	12.37	V	2.70	2.20	30	
NGC2122	Cl+N	87.21879	-70.07008	10.43	V	6.00	5.00	50	
NGC2123	GCl	87.93050	-65.32147	12.56	V	1.50	1.50		
NGC2124	G	89.46763	-20.08464	13.45	B	2.84	0.81	4	
NGC2125	OCl	87.72596	-69.47914			1.10	1.10		
NGC2126	OCl	90.63742	49.86592			5.40			
NGC2127	OCl	87.83867	-69.35906	11.64	V	1.50	1.50		
NGC2128	G	91.14262	57.62775	13.66	B	1.44	1.01	63	
NGC2129	OCl	90.27725	23.32217	6.70	V	3.90			
NGC2130	GCl	88.09883	-67.33411	12.10	V	1.40	1.30	160	
NGC2131	G	89.69800	-26.65300	14.60	B	1.16	0.49	119	
NGC2132	OCl	88.93467	-59.92772			7.80			
NGC2133	OCl	87.86967	-71.17503	12.04	B	1.60	1.60		
NGC2134	GCl	87.99042	-71.09758	11.05	B	2.80	2.80		
NGC2135	GCl	88.39762	-67.42953	12.05	V	1.50	1.50		
NGC2136	GCl	88.24062	-69.49275	10.70	V	2.80	2.50	140	
NGC2137	OCl	88.30479	-69.48197	12.66	V	1.10	1.00	30	
NGC2138	GCl	88.70908	-65.83711	13.76	V	1.20	1.20		
NGC2139	G	90.28254	-23.67264	11.66	V	2.94	2.16	124	
NGC2140	OCl	88.56742	-68.59983	12.44	V	1.50	1.50		
NGC2141	OCl	90.72942	10.44647	9.40	V	5.40			
NGC2143	OCl	90.75650	5.83128			6.90			
NGC2144	G	85.23829	-82.11939	13.94	B	1.46	1.15	86	
NGC2145	OCl	88.59608	-70.90103	12.07	V	1.50	1.50		
NGC2146	G	94.65712	78.35703	10.69	V	5.31	4.32	123	
NGC2146A	G	95.98000	78.53011	12.89	V	2.72	1.10	32	
NGC2147	OCl	88.94000	-68.20158	12.94	V	0.95	0.95		
NGC2148	G	89.69104	-59.12594	14.60	B	1.17	0.82	157	
NGC2149	RfN	90.87829	-9.73058			3.00	2.00		
NGC2150	G	88.94308	-69.56081	13.03	V	1.15	0.61	130	
NGC2151	OCl	89.08517	-69.01736			1.30	1.30		
NGC2152	G	90.23037	-50.74092	14.76	B	1.12	0.77	71	
NGC2153	GCl	89.46550	-66.40067	13.05	V	1.50	1.50		
NGC2154	GCl	89.40621	-67.26378	11.79	V	2.40	2.40		
NGC2155	GCl	89.63837	-65.47647	12.60	V	2.40	2.40		
NGC2156	GCl	89.45700	-68.46081	11.38	V	2.10	2.10		
NGC2157	GCl	89.39492	-69.19722	10.16	V	2.80	2.80		
NGC2158	OCl	91.85671	24.09617	8.60	V	8.40			
NGC2159	GCl	89.51617	-68.62292	11.38	V	1.90	1.90		
NGC2160	OCl	89.55350	-68.28958	12.16	V	1.40	1.40		
NGC2161	GCl	88.92942	-74.35394	12.95	V	2.30	2.30		
NGC2162	GCl	90.12571	-63.72144	12.70	V	3.00	3.00		
NGC2163	RfN	91.95642	18.65744			3.00	2.00		
NGC2164	GCl	89.73442	-68.51589	10.34	V	2.80	2.80		
NGC2165	OCl	92.76754	51.67731						
NGC2166	OCl	89.89225	-67.94233	12.86	V	1.40	1.40		
NGC2168	OCl	92.27108	24.33864	5.10	V	24.00			M35
NGC2169	OCl	92.10146	13.96486	5.90	V	7.20			
NGC2170	RfN	91.88258	-6.39931			2.00	2.00		
NGC2171	Other	89.74850	-70.71911						
NGC2172	OCl	90.02433	-68.63692	11.75	V	1.70	1.70		
NGC2173	GCl	89.49533	-72.97453	11.88	V	2.60	2.60		
NGC2174	Neb	92.34842	20.65958			40.00	30.00		Monkey Head Nebula
NGC2175	Cl+N	92.41479	20.48758	6.80	V	5.40			
NGC2176	OCl	90.33075	-66.85325			1.10	1.00	20	
NGC2177	OCl	90.31871	-67.73325	12.83	V	1.50	1.40	160	
NGC2178	G	90.69825	-63.76369	13.65	B	1.27	1.00	73	
NGC2179	G	92.00925	-21.74669	12.35	V	1.99	1.44	165	
NGC2180	OCl	92.40104	4.71161	9.00	B	4.20			
NGC2181	GCl	90.68192	-65.26486	13.64	V	1.50	1.50		
NGC2182	RfN	92.37896	-6.32644	9.00	B	3.00	2.00		
NGC2183	HII	92.69554	-6.21183	15.15	B	12.00			
NGC2184	OCl	92.74863	-3.49517			6.60			
NGC2185	Neb	92.75196	-6.22686	12.90	B	2.00	2.00		
NGC2186	OCl	93.02971	5.45858	8.70	V	4.20			
NGC2187	GPair	90.95208	-69.58333			3.33			
NGC2187A	G	90.93438	-69.58831	13.12	B	3.52	1.66	75	
NGC2187B	G	90.96842	-69.57744	13.29	B	2.67	2.18	87	
NGC2188	G	92.53971	-34.10619	11.67	V	5.42	1.33	177	
NGC2189	Other	93.04162	1.06597						
NGC2190	GCl	90.25746	-74.72542	12.94	V	2.20	2.20		
NGC2191	G	92.09946	-52.51231	12.30	V	1.77	0.86	122	
NGC2192	OCl	93.82263	39.85522	10.90	V	5.40			
NGC2193	GCl	91.57300	-65.09878	13.42	V	1.70	1.70		
NGC2194	OCl	93.44129	12.80667	8.50	V	8.70			
NGC2196	G	93.04021	-21.80594	11.19	V	2.77	2.16	45	
NGC2197	GCl	91.53046	-67.09722	13.45	V	1.80	1.60	80	
NGC2198	Other	93.47879	0.99467						
NGC2199	G	91.18729	-73.39983	13.77	B	2.21	0.88	38	
NGC2200	G	93.32325	-43.66317	14.86	B	1.21	0.94	168	
NGC2201	G	93.38171	-43.70472	14.33	B	1.03	0.72	111	
NGC2202	OCl	94.21146	5.99617			4.80			
NGC2203	GCl	91.17729	-75.43842	11.29	V	3.20	3.20		
NGC2204	OCl	93.88425	-18.66586	8.60	V	6.30			
NGC2205	G	92.63638	-62.53842	13.72	B	1.30	0.99	77	
NGC2206	G	93.99933	-26.76547	12.23	V	2.45	1.07	136	
NGC2207	G	94.09179	-21.37267	11.06	V	4.86	2.71	116	
NGC2208	G	95.64450	51.90947	12.61	V	1.73	1.00	107	
NGC2209	GCl	92.14963	-73.83842	13.15	V	2.90	2.90		
NGC2210	GCl	92.88067	-69.12139	10.94	V	3.30	3.30		
NGC2211	G	94.62650	-18.53728	13.71	B	1.39	0.73	24	
NGC2212	G	94.64900	-18.51947	14.59	B	1.28	0.69	147	
NGC2213	OCl	92.67475	-71.52844	12.38	V	2.10	2.10		
NGC2214	OCl	93.23721	-68.26072	10.93	V	3.10	3.10		
NGC2215	OCl	95.20521	-7.28378	8.45	V	8.40			
NGC2216	G	95.37808	-22.08744	13.69	B	1.43	1.11	20	
NGC2217	G	95.41575	-27.23375	10.57	V	4.63	4.12	113	
NGC2218	Other	96.17288	19.34131						
NGC2219	OCl	95.93467	-4.67728			4.20			
NGC2220	Other	95.29483	-44.75978			4.20			
NGC2221	G	95.06550	-57.57842	13.87	B	2.41	0.51	179	
NGC2222	G	95.07108	-57.53447	14.22	B	1.35	0.38	148	
NGC2223	G	96.14963	-22.83825	11.87	V	2.82	2.25	9	
NGC2224	Other	96.86912	12.59339						
NGC2225	OCl	96.64371	-9.63075			3.60			
NGC2226	OCl	96.65658	-9.64278						
NGC2227	G	96.49158	-22.00483	12.15	V	2.27	1.21	21	
NGC2228	G	95.31475	-64.45883	14.61	B	0.99	0.84	42	
NGC2229	G	95.34867	-64.95667	14.41	B	1.24	0.52	132	
NGC2230	G	95.36483	-64.99278	14.09	B	1.32	0.65	93	
NGC2231	GCl	95.17904	-67.51850	13.20	V	2.10	2.10		
NGC2232	OCl	97.00471	-4.84744	3.90	V	9.90			
NGC2233	G	95.41692	-65.03336	14.87	B	0.98	0.37	43	
NGC2234	OCl	97.34033	16.72286			4.20			
NGC2235	G	95.59129	-64.93442	14.01	B	1.41	1.15	57	
NGC2236	OCl	97.41542	6.83069	8.50	V	5.40			
NGC2237	Neb	97.72754	5.04917			80.00	50.00		Rosette A
NGC2238	HII	97.66821	5.01306	6.00	B	80.00	60.00		Rosette Nebula
NGC2239	Cl+N	97.98150	4.94294	4.80	V	9.30			
NGC2240	OCl	98.29396	35.25019			3.60			
NGC2241	OCl	95.71400	-68.92539	13.25	V	1.60	1.60		
NGC2242	PN	98.53017	44.77703	15.00	V	0.45			
NGC2243	OCl	97.39367	-31.28133	9.40	V	5.10			
NGC2245	RfN	98.17188	10.15664	11.00	B	2.00	2.00		
NGC2246	Neb	98.14083	5.12828			10.00	10.00	90	Rosette B
NGC2247	RfN	98.27167	10.32225	8.50	B	2.00	2.00		
NGC2248	Other	98.64896	26.30444						
NGC2249	GCl	96.45654	-68.91978	12.23	V	2.30	2.30		
NGC2250	OCl	98.45783	-5.08444	8.90	V	5.10			
NGC2251	OCl	98.66033	8.36639	7.30	V	5.70			
NGC2252	OCl	98.67904	5.36625	7.70	V	6.60			
NGC2253	G	100.92433	65.20628	12.92	B	1.43	1.05	130	
NGC2254	OCl	98.95692	7.67328	9.10	V	4.20			
NGC2255	G	98.49429	-34.81258	14.17	B	1.47	0.78	159	
NGC2256	G	101.80821	74.23653	13.94	B	2.17	1.97	65	
NGC2257	GCl	97.55775	-64.32561	12.62	V	4.00	4.00		
NGC2258	G	101.94083	74.48167	11.87	V	3.02	1.91	150	
NGC2259	OCl	99.58933	10.88361	10.80	V	6.00			
NGC2260	OCl	99.51279	-1.47283						
NGC2261	RfN	99.78963	8.74433	11.85	V	2.00	1.00		Hubble's Nebula
NGC2262	OCl	99.90867	1.14364	11.30	B	3.90			
NGC2263	G	99.62017	-24.84869	12.87	B	2.86	1.77	144	
NGC2264	Cl+N	100.24271	9.89547	3.90	V	11.40			Christmas Tree Cluster
NGC2265	OCl	100.42350	11.90464			4.50			
NGC2266	OCl	100.83004	26.96956	9.50	V	4.20			
NGC2267	G	100.21542	-32.48228	13.25	B	1.71	1.44	110	
NGC2268	G	108.57267	84.38228	11.56	V	2.14	0.93	73	
NGC2269	OCl	100.82117	4.62431	10.00	V	4.80			
NGC2270	OCl	100.99067	3.47850			5.40			
NGC2271	G	100.72079	-23.47600	13.18	B	1.77	1.29	78	
NGC2272	G	100.67208	-27.45950	11.94	V	2.19	1.54	118	
NGC2273	G	102.53608	60.84581	12.42	V	2.29	1.39	63	
NGC2273A	G	100.02954	60.08067	13.19	B	2.00	1.19	119	
NGC2273B	G	101.63158	60.34039	12.82	V	1.48	0.61	47	
NGC2274	G	101.82238	33.56719	13.52	B	1.78	1.77	170	
NGC2275	G	101.82471	33.59922	13.62	B	2.51	0.78	3	
NGC2276	G	111.80983	85.75456	11.50	V	2.23	1.73	19	
NGC2277	Other	101.94596	33.45128						
NGC2279	Other	102.10354	33.41525						
NGC2280	G	101.20462	-27.63861	11.12	V	6.53	2.84	164	
NGC2281	OCl	102.07433	41.07886	5.40	V	10.80			
NGC2282	HII	101.71488	1.31600	10.00	B	3.00	3.00		
NGC2283	G	101.46954	-18.21033	12.95	B	2.76	2.01	178	
NGC2284	Other	102.28983	33.19381						
NGC2286	OCl	101.91737	-3.14767	7.50	V	5.40			
NGC2287	OCl	101.49975	-20.75422	4.50	V	12.00			M41
NGC2288	G	102.71650	33.46244	14.36	V	0.17	0.17	105	
NGC2289	G	102.72337	33.47867	13.18	V	1.21	0.81	110	
NGC2290	G	102.73717	33.43758	13.03	V	0.81	0.52	57	
NGC2291	G	102.74433	33.52508	13.21	V	0.93	0.89	165	
NGC2292	G	101.91521	-26.74625	11.83	B	4.34	3.78	154	
NGC2293	G	101.92879	-26.75436	11.04	V	4.41	3.44	130	
NGC2294	G	102.79708	33.52711	13.84	V	0.91	0.33	5	
NGC2295	G	101.84758	-26.73625	13.59	B	2.31	0.64	49	
NGC2296	G	102.16296	-16.90161	13.00	B	1.20	0.96	20	
NGC2297	G	101.10246	-63.71733	12.71	V	1.48	0.90	4	
NGC2298	GCl	102.24667	-36.00531	8.89	V	4.80			
NGC2299	OCl	102.97367	-7.08272	8.90	V	4.80			
NGC2300	G	113.08321	85.70950	11.16	V	3.05	2.34	74	
NGC2301	OCl	102.93875	0.45919	6.00	V	10.20			Great Bird Cluster
NGC2303	G	104.07292	45.49275	13.96	B	1.53	1.36	71	
NGC2304	OCl	103.79837	17.99278	10.00	V	4.80			
NGC2305	G	102.15571	-64.27319	11.70	V	1.94	1.04	137	
NGC2306	OCl	103.62317	-7.20414			6.60			
NGC2307	G	102.21162	-64.33553	12.08	V	1.85	1.72	145	
NGC2308	G	104.65663	45.21056	14.47	B	1.47	0.98	171	
NGC2309	OCl	104.01504	-7.17431	10.50	V	5.40			
NGC2310	G	103.47483	-40.86261	11.81	V	4.52	0.95	46	
NGC2311	OCl	104.44813	-4.61133	9.60	V	6.00			
NGC2312	OCl	104.69475	10.29447			3.00			
NGC2314	G	107.63563	75.32667	12.13	V	1.32	1.03	17	
NGC2315	G	105.63775	50.59058	14.41	B	1.57	0.30	116	
NGC2316	Neb	104.92021	-7.77775			4.00	3.00		
NGC2317	Neb	104.92329	-7.77450						
NGC2318	OCl	104.86258	-13.69839			4.50			
NGC2319	OCl	105.13421	3.04219	11.85	V	6.00			
NGC2320	G	106.42512	50.58106	11.94	V	1.48	0.83	138	
NGC2321	G	106.49583	50.75603	14.96	B	1.28	1.04	128	
NGC2322	G	106.50125	50.51031	14.54	B	1.11	0.41	134	
NGC2323	OCl	105.66863	-8.36403	5.90	V	14.10			M50
NGC2324	OCl	106.03317	1.04461	8.40	V	8.70			
NGC2325	G	105.66833	-28.69722	11.18	V	3.97	2.31	4	
NGC2326	G	107.04592	50.68194	14.19	B	2.05	1.69	105	
NGC2326A	G	107.14254	50.63139	15.46	B	0.81	0.64	6	
NGC2327	RfN	106.03008	-11.31411			1.00	1.00		
NGC2328	G	105.65083	-42.06856	12.55	V	1.59	1.44	120	
NGC2329	G	107.28338	48.61542	12.51	V	1.41	1.17	175	
NGC2330	G	107.36833	50.15253	13.05	V	0.65	0.52	55	
NGC2331	OCl	106.74929	27.26158	8.50	V	4.80			
NGC2332	G	107.39233	50.18228	13.93	B	1.72	1.17	65	
NGC2333	G	107.08892	35.17003	14.05	B	1.00	0.70	38	
NGC2334	G	107.89021	50.24825	14.56	B	1.20	0.87	70	
NGC2335	OCl	106.70604	-10.02864	7.20	V	8.70			
NGC2336	G	111.76687	80.17808	10.68	V	5.01	2.81	175	
NGC2337	G	107.55658	44.45731	12.53	V	2.18	1.61	114	
NGC2338	OCl	106.94737	-5.71972			3.30			
NGC2339	G	107.08558	18.78025	11.76	V	2.42	1.53	180	
NGC2340	G	107.79513	50.17475	11.73	V	3.16	1.64	71	
NGC2341	G	107.30017	20.60292	13.21	V	0.82	0.79	60	
NGC2342	G	107.32533	20.63597	12.64	V	1.17	0.84	66	
NGC2343	OCl	107.02833	-10.61681	6.70	V	7.50			
NGC2344	G	108.11942	47.16669	12.08	V	2.07	1.87	145	
NGC2345	OCl	107.07829	-13.19375	7.70	V	6.90			
NGC2346	PN	107.34588	-0.80914	11.60	V	0.87			
NGC2347	G	109.01538	64.70892	12.55	V	1.64	1.19	5	
NGC2348	OCl	105.76050	-67.39394			5.70			
NGC2349	OCl	107.70063	-8.59325			5.10			
NGC2350	G	108.30079	12.26608	14.02	B	1.38	0.70	110	
NGC2351	OCl	108.38346	-10.49142			3.00			
NGC2352	OCl	108.27267	-24.04608			4.80			
NGC2353	OCl	108.62629	-10.26586	7.10	V	6.60			
NGC2354	OCl	108.52196	-25.68892	6.50	V	4.80			
NGC2355	OCl	109.24692	13.74986	9.70	V	6.00			
NGC2357	G	109.42079	23.35675	14.46	B	3.22	0.48	120	
NGC2358	OCl	109.23471	-17.11708			9.60			
NGC2359	HII	109.62908	-13.22719			10.00	5.00		
NGC2360	OCl	109.42967	-15.64131	7.20	V	9.00			Caroline's Cluster
NGC2361	Neb	109.59917	-13.20956						
NGC2362	OCl	109.67279	-24.95419	4.10	V	7.20			
NGC2363	G	112.12329	69.19286	15.50	B	1.13	0.64	17	
NGC2364	OCl	110.19362	-7.54972						
NGC2365	G	110.59396	22.08328	12.19	V	2.75	1.47	170	
NGC2366	G	112.22775	69.21578	11.17	V	4.37	1.44	31	
NGC2367	OCl	110.01892	-21.88408	7.90	V	5.40			
NGC2368	OCl	110.27625	-10.37178	11.80	V	4.50			
NGC2369	G	109.15721	-62.34372	12.26	V	3.03	0.68	175	
NGC2369A	G	109.68142	-62.93628	13.69	B	2.01	1.21	37	
NGC2369B	G	110.12346	-62.05397	14.35	V	1.48	1.24	3	
NGC2370	G	111.25692	23.78322	14.23	B	1.20	0.70	44	
NGC2371	PN	111.39442	29.49064	11.20	V	2.20	0.96	125	
NGC2373	G	111.65396	33.82369	14.56	B	0.59	0.42	176	
NGC2374	OCl	110.98363	-13.26336	8.00	V	9.00			
NGC2375	G	111.78950	33.83181	14.86	B	1.00	0.80	65	
NGC2376	G	111.64963	23.07294	14.67	B	0.65	0.57	31	
NGC2377	G	111.23675	-9.65931	14.56	V	1.60	1.11	3	
NGC2379	G	111.85942	33.81125	13.62	V	0.98	0.70	121	
NGC2380	G	110.97813	-27.52906	11.12	V	2.52	2.40	150	
NGC2381	G	109.98879	-63.06703	12.65	V	1.53	1.24	107	
NGC2383	OCl	111.16625	-20.94764	8.40	V	4.20			
NGC2384	OCl	111.29096	-21.01986	7.40	V	4.80			
NGC2385	G	112.11696	33.83781	15.12	B	0.94	0.68	53	
NGC2386	Other	112.15800	33.77381						
NGC2387	G	112.24138	36.87981	16.50	V	0.48	0.44	145	
NGC2388	G	112.22267	33.81908	14.66	B	0.87	0.56	66	
NGC2389	G	112.26938	33.86097	12.92	V	1.56	0.89	79	
NGC2392	PN	112.29483	20.91183	9.61	V	0.86			Eskimo Nebula
NGC2393	G	112.51929	34.02778	14.84	B	1.07	0.67	103	
NGC2394	OCl	112.15212	7.08656						
NGC2395	OCl	111.80354	13.60819	8.00	V	4.62			
NGC2396	OCl	112.01217	-11.71967	7.40	V	6.60			
NGC2397	G	110.33325	-69.00147	11.97	V	2.51	0.76	116	
NGC2397A	G	110.28296	-69.11533	14.85	B	1.10	0.84	169	
NGC2397B	G	110.48154	-68.84581	14.99	B	1.20	0.57	99	
NGC2398	G	112.56733	24.48789	15.19	B	1.20	0.74	126	
NGC2399	Other	112.45904	-0.21436						
NGC2400	Other	112.47858	-0.21472						
NGC2401	OCl	112.35167	-13.96622	12.60	V	2.70			
NGC2402	GPair	112.69667	9.65056			1.50			
NGC2402 NED01	G	112.69408	9.64689	15.29	B	1.23	0.72	55	
NGC2402 NED02	G	112.69917	9.65361	15.40	B	0.91	0.68	16	
NGC2403	G	114.21417	65.60256	8.43	V	19.95	10.07	126	
NGC2404	HII	114.27804	65.61081						
NGC2405	G	113.05825	25.90639	14.82	B	0.94	0.55	100	
NGC2406	G	112.94892	18.28792	15.36	B	0.69	0.61	53	
NGC2407	G	112.98613	18.33308	15.09	B	1.37	0.95	66	
NGC2408	OCl	115.13300	71.66819						
NGC2409	OCl	112.90300	-17.19042	7.30	V	0.11			
NGC2410	G	113.75942	32.82211	16.26	V	2.17	0.65	33	
NGC2411	G	113.65138	18.28156	14.40	B	1.00	0.65	48	
NGC2413	OCl	113.31875	-13.09556			4.80			
NGC2414	OCl	113.30333	-15.45386	7.90	V	5.40			
NGC2415	G	114.23621	35.24197	12.39	V	0.83	0.83	5	
NGC2416	G	113.92300	11.61203	14.26	B	0.87	0.18	95	
NGC2417	G	112.55037	-62.25264	12.28	V	2.48	1.78	83	
NGC2418	G	114.15629	17.88392	13.65	B	1.59	1.53	65	
NGC2419	GCl	114.53312	38.87997	10.05	V	4.50			
NGC2420	OCl	114.59958	21.57408	8.30	V	7.50			
NGC2421	OCl	114.04921	-20.61225	8.30	V	5.10			
NGC2422	OCl	114.14592	-14.48261	4.40	V	19.80			M47
NGC2423	OCl	114.27804	-13.87150	6.70	V	11.70			
NGC2424	G	115.16371	39.23331	12.63	V	3.37	0.52	82	
NGC2425	OCl	114.57346	-14.87783			5.40			
NGC2426	G	115.82692	52.31850	14.37	B	1.10	1.10	30	
NGC2427	G	114.11742	-47.63556	11.48	V	5.74	2.46	122	
NGC2428	OCl	114.84071	-16.52903			4.50			
NGC2429	GPair	115.95708	52.35306			2.30			
NGC2429A	G	115.94825	52.35742	14.61	B	1.68	0.31	147	
NGC2429B	G	115.96596	52.34847	15.00	B	0.41	0.22	55	
NGC2430	OCl	114.92104	-16.29606			4.20			
NGC2431	G	116.30579	53.07511	14.49	B	0.86	0.78	115	
NGC2432	OCl	115.22446	-19.06908	10.20	V	5.40			
NGC2433	Other	115.68179	9.25925						
NGC2434	G	113.71317	-69.28414	11.34	V	2.69	2.20	140	
NGC2435	G	116.05658	31.65111	13.39	B	2.17	0.42	36	
NGC2437	OCl	115.44508	-14.81000	6.10	V	21.00			M46
NGC2438	PN	115.45996	-14.73578	10.80	V	1.07			
NGC2439	OCl	115.18921	-31.69242	6.90	V	8.70			
NGC2440	PN	115.48067	-18.20847	9.40	V	0.27			
NGC2441	G	117.97808	73.01569	12.19	V	1.98	1.81	155	
NGC2442	G	114.09933	-69.53083	10.63	V	4.68	3.09	23	
NGC2444	G	116.72100	39.03186	13.22	V	1.07	0.66	35	
NGC2445	G	116.72958	39.01517	13.24	V	1.86	1.12	167	
NGC2446	G	117.16350	54.61192	13.80	B	1.75	0.91	128	
NGC2447	OCl	116.12179	-23.85308	6.20	V	15.00			M93
NGC2448	OCl	116.13829	-24.67317			6.00			
NGC2449	G	116.83450	26.93017	14.11	B	1.44	0.57	135	
NGC2450	G	116.88450	27.01914	15.16	B	0.97	0.30	156	
NGC2451	OCl	116.31254	-37.96744	9.50	V	37.50			
NGC2452	PN	116.85987	-27.33400	12.00	V	0.32			
NGC2453	OCl	116.89221	-27.19481	8.30	V	3.00			
NGC2454	G	117.64592	16.36858	14.47	B	1.18	0.51	101	
NGC2455	OCl	117.24417	-21.29794	10.20	V	4.50			
NGC2456	G	118.54442	55.49531	14.27	B	1.15	0.79	30	
NGC2457	G	118.69054	55.54656	15.81	B	0.50	0.26	131	
NGC2458	G	118.96404	56.71061	16.00	B	0.46	0.33	145	
NGC2459	OCl	118.00738	9.55742			2.70			
NGC2460	G	119.21788	60.34939	11.71	V	1.83	1.37	43	
NGC2462	G	119.13358	56.68711	14.93	B	0.60	0.35	155	
NGC2463	G	119.30200	56.67653	14.78	B	0.60	0.60	145	
NGC2464	Other	119.38621	56.69056						
NGC2466	G	116.31687	-71.41042	13.14	V	1.51	1.46	45	
NGC2467	Cl+N	118.09763	-26.44333			4.20			
NGC2468	G	119.51025	56.35958	14.76	B	1.51	0.52	50	
NGC2469	G	119.51425	56.68047	13.16	B	0.90	0.64	163	
NGC2470	G	118.58654	4.45969	12.69	V	1.95	0.60	127	
NGC2472	G	119.67458	56.70131	15.37	B	0.65	0.56	14	
NGC2473	G	118.89512	56.73581			0.52	0.38	80	
NGC2474	G	119.49563	52.85728	14.09	B	1.14	1.02	130	
NGC2475	G	119.50183	52.86169	13.11	V	1.07	0.96	68	
NGC2476	G	119.18825	39.92789	12.62	V	1.26	0.68	143	
NGC2477	OCl	118.04075	-38.53325	5.80	V	18.60			
NGC2479	OCl	118.77529	-17.70781	9.60	V	6.30			
NGC2480	G	119.29350	23.77981	15.00	B	1.32	0.51	163	
NGC2481	G	119.30729	23.76778	12.50	V	1.40	0.58	19	
NGC2482	OCl	118.79321	-24.25464	7.30	V	6.60			
NGC2483	OCl	118.91163	-27.88683	7.60	V	3.30			
NGC2484	G	119.61713	37.78661	13.13	V	1.69	1.04	141	
NGC2485	G	119.20275	7.47794	13.21	B	1.57	1.46	5	
NGC2486	G	119.48538	25.16086	13.47	V	1.49	0.85	89	
NGC2487	G	119.58525	25.14922	12.60	V	1.73	1.39	55	
NGC2488	G	120.44158	56.55386	12.45	V	1.45	0.83	100	
NGC2489	OCl	119.06225	-30.06083	7.90	V	4.20			
NGC2490	G	119.82446	27.07786	15.09	B	0.63	0.47	23	
NGC2491	G	119.61408	7.98381	15.90	B	0.69	0.53	78	
NGC2492	G	119.87379	27.02644	12.74	V	1.11	0.88	100	
NGC2493	G	120.09846	39.83042	12.06	V	1.87	1.85	30	
NGC2494	G	119.77975	-0.63792	14.28	B	0.97	0.80	89	
NGC2495	G	120.13813	39.84003	15.15	V	0.55	0.32	23	
NGC2496	G	119.65563	8.02981	14.70	B	1.86	1.48	173	
NGC2497	G	120.54637	56.94233	14.41	B	1.58	1.36	25	
NGC2498	G	119.91188	24.98233	14.28	B	1.04	0.67	127	
NGC2499	G	119.71546	7.49331	15.03	B	0.86	0.60	175	
NGC2500	G	120.47171	50.73711	11.65	V	2.47	2.34	15	
NGC2501	G	119.62517	-14.35428	14.50	B	1.73	1.16	120	
NGC2502	G	118.96467	-52.30678	11.96	V	2.21	1.12	118	
NGC2503	G	120.15283	22.40006	14.83	B	0.95	0.79	4	
NGC2504	G	119.96792	5.60811	14.21	B	0.62	0.37	126	
NGC2505	G	121.02850	53.54922	14.26	B	1.19	0.57	1	
NGC2506	OCl	120.00742	-10.76964	7.60	V	10.80			
NGC2507	G	120.40504	15.70975	13.92	B	1.52	1.43	60	
NGC2508	G	120.48842	8.55189	13.98	B	1.95	1.55	126	
NGC2509	OCl	120.19925	-19.05053	9.30	V	4.80			
NGC2510	G	120.54450	9.48597	14.54	B	0.97	0.67	114	
NGC2511	G	120.56254	9.39442	14.91	B	1.04	0.57	118	
NGC2512	G	120.78271	23.39183	13.15	V	1.35	0.78	116	
NGC2513	G	120.60279	9.41356	11.63	V	1.91	1.43	153	
NGC2514	G	120.70683	15.80828	13.45	V	1.20	1.13	30	
NGC2516	OCl	119.52942	-60.75347	3.80	V	24.30			
NGC2517	G	120.69613	-12.31783	11.92	V	1.74	1.49	44	
NGC2518	G	121.83438	51.13161	14.18	B	1.28	1.04	35	
NGC2520	OCl	121.24242	-28.14667	6.50	V	9.30			
NGC2521	G	122.20571	57.76961	13.10	V	0.96	0.54	35	
NGC2522	G	121.55600	17.70658	14.10	B	1.15	0.33	33	
NGC2523	G	123.75038	73.57897	11.90	V	2.79	1.78	66	
NGC2523A	G	121.03525	74.04778	14.44	B	1.11	0.95	80	
NGC2523B	G	123.23788	73.56325	14.70	B	1.87	0.25	91	
NGC2523C	G	124.43454	73.31761	14.20	B	1.49	0.87	92	
NGC2524	G	122.03996	39.15744	12.70	V	1.47	1.03	124	
NGC2525	G	121.40850	-11.42703	11.47	V	3.08	2.17	71	
NGC2526	G	121.74429	8.00394	14.58	B	0.91	0.46	137	
NGC2528	G	121.85346	39.19447	13.46	B	1.39	1.24	86	
NGC2529	Other	121.95463	17.82083						
NGC2530	G	121.98171	17.81850	14.62	B	1.40	0.95	171	
NGC2531	Other	122.00458	17.82061						
NGC2532	G	122.56325	33.95664	12.67	V	1.66	1.36	26	
NGC2533	OCl	121.76708	-29.88386	7.60	V	4.98			
NGC2534	G	123.22562	55.67206	12.97	V	1.40	1.30	50	
NGC2535	G	122.80621	25.20681	12.69	V	1.93	0.94	62	
NGC2536	G	122.81633	25.17936	14.14	V	0.73	0.45	53	
NGC2537	G	123.31100	45.98981	11.71	V	2.07	1.96	165	Bear Claw Nebula
NGC2537A	G	123.42096	45.99375	15.70	V	0.55	0.50	115	
NGC2538	G	122.84613	3.63319	13.75	B	1.58	1.12	30	
NGC2539	OCl	122.65408	-12.82067	6.50	V	12.30			
NGC2540	G	123.19350	26.36178	14.40	B	1.24	0.65	123	
NGC2541	G	123.66717	49.06172	11.70	V	3.02	1.60	170	
NGC2543	G	123.24133	36.25464	12.39	V	2.43	1.13	52	
NGC2544	G	125.41808	73.98836	12.91	V	1.53	1.06	67	
NGC2545	G	123.55900	21.35547	12.45	V	1.95	1.06	169	
NGC2546	OCl	123.06512	-37.59431	6.30	V	16.50			
NGC2547	OCl	122.53954	-49.20567	4.70	V	7.80			
NGC2548	OCl	123.42992	-5.75044	5.80	V	28.20			M48
NGC2549	G	124.74313	57.80306	11.14	V	3.63	0.92	179	
NGC2550	G	126.14108	74.01228	13.05	B	0.95	0.36	105	
NGC2550A	G	127.16642	73.74800	13.41	B	1.60	1.33	174	
NGC2551	G	126.20950	73.41203	12.11	V	1.57	1.09	53	
NGC2552	G	124.83554	50.00964	12.25	V	2.99	1.61	60	
NGC2553	G	124.39583	20.90308	14.70	B	1.11	0.67	57	
NGC2554	G	124.47287	23.47214	12.02	V	2.04	1.31	154	
NGC2555	G	124.48504	0.74569	13.40	B	1.85	1.39	111	
NGC2556	G	124.75354	20.93697	15.45	B	0.62	0.40	126	
NGC2557	G	124.79479	21.43578	14.32	B	1.08	0.87	50	
NGC2558	G	124.80317	20.51075	13.02	V	1.43	0.92	159	
NGC2559	G	124.27529	-27.45583	11.33	V	2.81	1.34	7	
NGC2560	G	124.96621	20.98497	13.28	V	1.60	0.38	92	
NGC2561	G	124.90404	4.65722	13.94	B	1.06	0.58	142	
NGC2562	G	125.09858	21.13147	12.98	V	1.03	0.79	1	
NGC2563	G	125.14871	21.06781	12.31	V	2.02	1.68	79	
NGC2564	G	124.62504	-21.81611	14.69	B	1.36	0.86	60	
NGC2565	G	124.95133	22.03144	12.48	V	1.67	0.73	166	
NGC2566	G	124.69025	-25.49953	10.81	V	3.98	2.75	56	
NGC2567	OCl	124.64658	-30.63561	7.40	V	6.00			
NGC2568	OCl	124.57550	-37.10539						
NGC2569	G	125.33808	20.86750	15.12	B	0.72	0.55	118	
NGC2570	G	125.34392	20.91056	14.67	V	0.70	0.37	71	
NGC2571	OCl	124.73479	-29.74928	7.00	V	7.20			
NGC2572	G	125.35262	19.14778	14.72	B	1.22	0.52	135	
NGC2573	G	25.40554	-89.33453	13.53	V	1.92	0.74	78	Polarissima Australis
NGC2573B	G	346.88675	-89.11650	15.33	B	1.13	0.35	122	
NGC2574	G	125.20067	-8.91847	13.22	B	2.17	1.08	172	
NGC2575	G	125.68733	24.29692	12.98	V	1.37	1.08	129	
NGC2576	G	125.74042	25.73872	15.15	B	1.61	0.30	40	
NGC2577	G	125.68104	22.55308	12.42	V	1.55	0.88	105	
NGC2578	G	125.35112	-13.31786	12.59	V	2.19	1.10	83	
NGC2579	Cl+N	125.22108	-36.21714			3.30			
NGC2580	OCl	125.36625	-30.29347	9.70	V	3.00			
NGC2581	G	126.12892	18.59708	14.43	B	0.96	0.70	4	
NGC2582	G	126.30029	20.33475	13.11	V	1.19	1.13	135	
NGC2583	G	125.78304	-5.00239	13.44	V	0.86	0.75	18	
NGC2584	G	125.81437	-4.97050	14.99	B	0.99	0.54	179	
NGC2585	G	125.85950	-4.91522	14.49	B	1.55	0.57	119	
NGC2586	Other	125.88087	-4.95194						
NGC2587	OCl	125.85033	-29.50872	9.20	V	6.00			
NGC2588	OCl	125.78987	-32.97517	11.80	V	3.90			
NGC2589	Other	126.12279	-8.76792						
NGC2590	G	126.25833	-0.59139	13.01	V	2.08	0.51	77	
NGC2591	G	129.35637	78.02642	12.66	B	2.95	0.64	33	
NGC2592	G	126.78354	25.97031	13.55	B	1.47	1.19	47	
NGC2593	G	126.69929	17.37492	14.83	B	0.97	0.53	171	
NGC2594	G	126.82150	25.87881	14.93	B	0.91	0.56	20	
NGC2595	G	126.92508	21.47911	12.39	V	1.66	1.12	175	
NGC2596	G	126.86050	17.28408	13.48	V	1.38	0.51	64	
NGC2598	G	127.51050	21.48867	13.61	V	1.19	0.38	3	
NGC2599	G	128.04708	22.56056	12.20	V	1.56	1.32	108	
NGC2600	G	128.68771	52.71569	15.05	B	1.21	0.41	72	
NGC2601	G	126.37775	-68.11767	13.43	B	1.69	1.15	114	
NGC2602	G	128.76771	52.83153	15.45	B	0.65	0.41	26	
NGC2603	G	128.62996	52.84022	16.82	B	0.40	0.34	164	
NGC2604	G	128.34642	29.53881	14.92	V	1.48	1.37	50	
NGC2604B	G	128.39858	29.49969	15.71	B	0.56	0.23	58	
NGC2605	G	128.72212	52.80431	16.43	B	0.45	0.35	27	
NGC2606	G	128.89350	52.78892	14.90	B	0.87	0.45	56	
NGC2607	G	128.48608	26.97267	14.95	B	0.84	0.80	160	
NGC2608	G	128.82221	28.47342	12.25	V	1.95	0.95	64	
NGC2609	OCl	127.37354	-61.11022			3.60			
NGC2610	PN	128.34750	-16.14944	12.70	V	0.63			
NGC2611	G	128.87154	25.02750	15.28	B	0.80	0.26	51	
NGC2612	G	128.45875	-13.17453	12.91	B	2.60	0.80	117	
NGC2613	G	128.34517	-22.97367	10.38	V	7.62	1.79	113	
NGC2614	G	130.69979	72.97647	13.89	B	2.04	1.67	132	
NGC2615	G	128.63896	-2.54681	13.38	B	1.20	0.82	44	
NGC2616	G	128.89196	-1.85014	12.57	V	1.43	0.98	147	
NGC2617	G	128.91163	-4.08822	14.00	V	1.40	1.10	127	
NGC2618	G	128.97308	0.70711	13.96	B	2.07	0.88	141	
NGC2619	G	129.38629	28.70519	12.72	V	1.93	1.17	38	
NGC2620	G	129.36767	24.94694	14.61	B	2.00	0.50	93	
NGC2621	G	129.40408	24.99981	15.42	B	0.73	0.47	176	
NGC2622	G	129.54558	24.89528	14.12	V	0.94	0.60	10	
NGC2623	G	129.60033	25.75464	13.55	V	2.39	0.70	36	
NGC2624	G	129.54012	19.72567	14.57	B	0.77	0.47	35	
NGC2625	G	129.59675	19.71667	15.17	B	0.53	0.44	32	
NGC2626	RfN	128.87033	-40.66833			5.00	5.00		
NGC2627	OCl	129.31225	-29.95042	8.40	V	5.40			
NGC2628	G	130.09462	23.53967	14.04	B	1.04	0.93	30	
NGC2629	G	131.81592	72.98564	12.26	V	1.97	1.42	100	
NGC2630	Other	131.78042	73.00031						
NGC2631	Other	131.78042	73.00031						
NGC2632	OCl	130.09250	19.67206	3.10	V	108.60			Beehive
NGC2633	G	132.01908	74.09886	12.08	V	2.31	1.45	175	
NGC2634	G	132.10579	73.96717	11.97	V	1.72	1.66	30	
NGC2634A	G	132.15892	73.93928	14.23	B	1.19	0.37	67	
NGC2635	OCl	129.60829	-34.77158	11.20	V	5.10			
NGC2636	G	132.10179	73.67114	13.77	V	0.34	0.34	30	
NGC2637	G	130.30621	19.69144	15.57	B	0.51	0.43	48	
NGC2638	G	130.60737	37.22103	13.72	B	1.66	0.59	70	
NGC2639	G	130.90867	50.20556	11.76	V	1.61	1.21	140	
NGC2640	G	129.35258	-55.12375	11.02	V	4.67	4.00	104	
NGC2641	G	131.98954	72.89578	14.93	B	1.26	1.04	178	
NGC2642	G	130.18488	-4.12172	12.65	V	1.92	1.43	145	
NGC2643	G	130.46558	19.70253	15.45	B	0.68	0.37	19	
NGC2644	G	130.38275	4.98033	13.49	B	1.64	0.65	12	
NGC2645	OCl	129.76300	-46.22731	7.32	V	6.60			
NGC2646	G	132.59188	73.46308	13.15	B	1.47	1.05	47	
NGC2647	G	130.67958	19.65061	15.02	B	0.72	0.57	50	
NGC2648	G	130.66583	14.28561	11.88	V	3.15	1.08	151	
NGC2649	G	131.03446	34.71725	13.16	B	1.47	1.38	60	
NGC2650	G	132.49312	70.29944	14.22	B	1.38	0.99	82	
NGC2651	G	130.97979	11.77100	15.64	B	0.53	0.44	124	
NGC2654	G	132.29946	60.22111	11.69	V	4.45	0.89	64	
NGC2655	G	133.90721	78.22308	10.39	V	3.93	2.06	16	
NGC2656	G	131.97113	53.87617	13.76	V	1.31	1.18	65	
NGC2657	G	131.31588	9.64550	13.93	B	1.28	1.09	116	
NGC2658	OCl	130.86392	-32.65622	9.20	V	7.20			
NGC2659	OCl	130.63758	-45.00053	8.60	V	5.10			
NGC2660	OCl	130.65829	-47.20067	8.80	V	3.60			
NGC2661	G	131.49808	12.61992	13.86	B	1.48	1.35	5	
NGC2662	G	131.38346	-15.12125	15.05	B	1.23	1.15	10	
NGC2663	G	131.28437	-33.79475	10.59	V	3.90	2.75	111	
NGC2664	OCl	131.77929	12.60578			6.60			
NGC2665	G	131.50413	-19.30289	11.63	V	2.00	1.72	55	
NGC2666	OCl	132.44592	44.70367						
NGC2667	G	132.11354	19.01950	14.76	B	1.03	0.37	78	
NGC2667B	G	132.12571	19.04389	15.49	B	0.85	0.28	43	
NGC2668	G	132.34400	36.71033	14.85	B	1.23	0.66	151	
NGC2669	OCl	131.59404	-52.94753	6.10	V	8.40			
NGC2670	OCl	131.37283	-48.79164	7.80	V	4.20			
NGC2671	OCl	131.54954	-41.87717	11.60	V	5.10			
NGC2672	G	132.34121	19.07497	11.64	V	3.20	2.87	100	
NGC2673	G	132.35058	19.07419	14.04	B	1.23	0.81	167	
NGC2674	G	132.30504	-14.29422	15.88	B	1.04	0.49	65	
NGC2675	G	133.02062	53.61731	13.26	V	1.51	1.05	83	
NGC2676	G	132.89854	47.55767	14.46	B	1.20	1.12	175	
NGC2677	G	132.50554	19.00978	15.18	B	0.70	0.41	169	
NGC2678	OCl	132.51146	11.33811			10.00	10.00	0	
NGC2679	G	132.88725	30.86536	14.07	B	1.85	1.85	165	
NGC2681	G	133.38642	51.31367	10.86	V	3.97	3.97	70	
NGC2682	OCl	132.83388	11.81194	6.90	V	33.00			M67
NGC2683	G	133.17221	33.42175	9.69	V	9.48	2.70	44	
NGC2684	G	133.72517	49.16039	13.01	V	1.10	0.84	49	
NGC2685	G	133.89462	58.73439	11.35	V	4.33	2.31	38	Helix Galaxy
NGC2686	GPair	133.74917	49.14236			1.60			
NGC2686A	G	133.74546	49.14233	17.12	V	0.88	0.51	71	
NGC2686B	G	133.75246	49.14244	16.66	B	0.48	0.35	63	
NGC2687	GPair	133.77292	49.15592			1.30			
NGC2687A	G	133.77092	49.15650	17.00	B	0.23	0.11		
NGC2687B	G	133.77517	49.15611	15.60	B	0.69	0.39	28	
NGC2688	G	133.79829	49.12261	16.41	B	0.47	0.36	87	
NGC2689	G	133.85587	49.11547	16.82	B	0.41	0.30	99	
NGC2690	G	133.15846	-2.60322	13.94	B	1.70	0.39	20	
NGC2691	G	133.69308	39.53867	13.47	V	1.26	0.90	166	
NGC2692	G	134.24171	52.06594	12.75	V	1.25	0.55	163	
NGC2693	G	134.24696	51.34744	11.86	V	2.00	1.37	158	
NGC2694	G	134.24692	51.33197	14.14	V	0.81	0.50	177	
NGC2695	G	133.61279	-3.06703	12.02	V	1.63	1.45	161	
NGC2696	G	132.67521	-5.00978	15.88	B	1.03	0.95	25	
NGC2697	G	133.74750	-2.98761	13.47	B	1.63	0.96	123	
NGC2698	G	133.90212	-3.18394	11.86	V	1.47	0.53	96	
NGC2699	G	133.95333	-3.12758	13.47	B	1.41	0.76	40	
NGC2701	G	134.77392	53.77167	12.36	V	1.94	1.30	25	
NGC2704	G	134.19871	39.38219	14.32	B	1.04	1.01	120	
NGC2706	G	134.05129	-2.56344	13.71	B	1.67	0.57	168	
NGC2708	G	134.03354	-3.36011	11.96	V	2.93	1.06	18	
NGC2709	G	134.05358	-3.24322	15.02	B	0.79	0.65	95	
NGC2710	G	134.95146	55.70639	13.08	V	2.02	0.97	119	
NGC2711	G	134.34833	17.28803	14.65	B	0.56	0.38	158	
NGC2712	G	134.87696	44.91389	12.19	V	2.93	1.59	1	
NGC2713	G	134.33546	2.92131	11.82	V	3.37	1.15	106	
NGC2714	G	133.37425	-59.21711	14.00	B	1.37	1.18	50	
NGC2715	G	137.02583	78.08517	11.49	V	4.20	1.41	20	
NGC2716	G	134.39950	3.09022	12.19	V	1.63	1.14	45	
NGC2717	G	134.25467	-24.67375	12.29	V	2.03	1.69	12	
NGC2718	G	134.71029	6.29300	14.24	V	1.72	1.09	152	
NGC2719	G	135.06442	35.72764	14.00	V	1.17	0.30	132	
NGC2719A	G	135.06642	35.72014	14.50	B	0.49	0.40	150	
NGC2720	G	134.78358	11.14922	14.22	B	1.26	1.11	40	
NGC2721	G	134.73550	-4.90194	13.22	B	1.85	1.33	164	
NGC2722	G	134.69237	-3.71011	13.46	B	1.83	0.95	80	
NGC2723	G	135.05983	3.17775	14.28	B	1.14	1.04	65	
NGC2724	G	135.25758	35.76206	14.74	B	1.20	0.68	175	
NGC2725	G	135.26342	11.09839	14.29	B	0.67	0.58	14	
NGC2726	G	136.23654	59.93292	13.00	V	1.53	0.46	87	
NGC2728	G	135.42054	11.08297	15.24	B	0.98	0.63	55	
NGC2729	G	135.36925	3.72061	14.14	B	1.06	0.64	1	
NGC2730	G	135.56596	16.83831	13.78	B	1.45	0.95	72	
NGC2731	G	135.53504	8.30167	14.12	B	0.72	0.49	72	
NGC2732	G	138.35304	79.18733	11.89	V	1.81	0.71	66	
NGC2734	G	135.75671	16.86361	15.74	B	0.92	0.78	88	
NGC2735	G	135.66100	25.93453	13.76	V	1.42	0.53	96	
NGC2735A	G	135.67446	25.93839	15.16	B	0.30	0.27	52	
NGC2736	HII	135.07058	-45.94806			30.00	7.00		Pencil Nebula
NGC2737	G	135.99883	21.90656	14.60	B	0.95	0.38	61	
NGC2738	G	136.00188	21.96761	13.79	B	1.36	0.62	53	
NGC2739	G	136.51179	51.74469	15.50	B	0.86	0.35	93	
NGC2740	G	136.52079	51.73531	15.02	B	0.73	0.61	52	
NGC2741	G	135.81875	18.26108	15.49	B	0.67	0.44	77	
NGC2742	G	136.88971	60.47933	11.49	V	2.86	1.49	87	
NGC2742A	G	137.49196	62.24736	13.94	B	1.57	0.67	89	
NGC2743	G	136.22525	25.00392	14.19	B	1.10	0.75	99	
NGC2744	GPair	136.16208	18.46028			1.20			
NGC2744 NED01	G	136.16125	18.45611			0.27	0.17	44	
NGC2744 NED02	G	136.16250	18.46444	13.40	V	1.66	0.81	114	
NGC2745	G	136.16387	18.25736	15.68	B	0.60	0.50	170	
NGC2746	G	136.49767	35.37739	14.18	B	1.57	1.31	51	
NGC2747	G	136.32642	18.44219	15.69	B	0.56	0.35	172	
NGC2748	G	138.42925	76.47533	11.68	V	2.60	1.11	39	
NGC2749	G	136.33883	18.31311	11.84	V	1.92	1.77	65	
NGC2750	G	136.44962	25.43742	12.59	B	2.03	1.46	82	
NGC2751	G	136.38500	18.26231	14.97	B	0.87	0.48	134	
NGC2752	G	136.42929	18.33972	14.74	B	1.74	0.33	61	
NGC2753	G	136.78442	25.34247	14.72	B	0.55	0.34	17	
NGC2754	G	136.29671	-19.08486	15.31	B	0.78	0.68	140	
NGC2755	G	136.99296	41.70894	14.26	B	1.15	0.76	127	
NGC2756	G	137.25387	53.84953	13.12	B	1.50	1.00	0	
NGC2757	Other	136.35733	-19.04781						
NGC2758	G	136.38000	-19.04278	14.04	B	1.87	0.41	18	
NGC2759	G	137.15537	37.62161	13.04	V	1.27	0.90	49	
NGC2760	G	141.05433	76.53128	14.90	B	1.21	0.27	100	
NGC2761	G	136.87846	18.43475	14.93	B	0.76	0.43	164	
NGC2762	G	137.47721	50.41825	15.86	B	0.51	0.36	180	
NGC2763	G	136.70437	-15.49978	12.07	V	2.43	1.88	136	
NGC2764	G	137.07279	21.44333	12.90	V	1.15	0.67	18	
NGC2765	G	136.90267	3.39292	13.18	B	2.74	0.93	105	
NGC2766	G	137.19808	29.86478	14.49	B	1.20	0.53	129	
NGC2767	G	137.54950	50.40131	14.51	B	0.72	0.63	167	
NGC2768	G	137.90625	60.03722	9.87	V	5.64	2.24	93	
NGC2769	G	137.63400	50.43328	13.89	B	1.61	0.37	145	
NGC2770	G	137.39046	33.12353	12.21	V	3.45	0.81	146	
NGC2771	G	137.66525	50.37986	13.90	B	1.73	1.49	42	
NGC2772	G	136.92446	-23.62142	14.21	B	1.71	1.07	170	
NGC2773	G	137.43413	7.17369	14.71	B	0.65	0.29	84	
NGC2774	G	137.66633	18.69658	14.67	B	1.19	1.17	60	
NGC2775	G	137.58383	7.03794	10.24	V	4.25	3.36	159	
NGC2776	G	138.06046	44.95483	11.68	V	2.14	0.91	111	
NGC2777	G	137.67429	7.20669	14.21	B	0.76	0.59	169	
NGC2778	G	138.10154	35.02753	12.41	V	1.30	0.98	46	
NGC2779	G	138.11787	35.05375	15.39	B	0.72	0.61	25	
NGC2780	G	138.18488	34.92558	14.21	B	1.06	0.77	147	
NGC2781	G	137.86467	-14.81683	11.57	V	2.52	1.26	78	
NGC2782	G	138.52129	40.11369	12.36	V	3.25	2.41	20	
NGC2783	G	138.41442	29.99297	13.55	B	1.98	1.10	165	
NGC2783B	G	138.38813	30.00014	15.12	B	1.45	0.28	76	
NGC2784	G	138.08125	-24.17261	10.10	V	4.82	1.85	73	
NGC2785	G	138.81412	40.91753	13.38	V	1.44	0.58	120	
NGC2786	G	138.39829	12.44081	13.86	B	0.83	0.59	77	
NGC2787	G	139.82750	69.20325	11.25	V	3.24	1.81	114	
NGC2788	G	137.26267	-67.93247	13.27	B	1.67	0.39	116	
NGC2788A	G	135.66433	-68.22683	13.99	B	2.51	0.49	55	
NGC2788B	G	135.89875	-67.96981	14.52	B	1.55	0.56	164	
NGC2789	G	138.74858	29.73028	13.06	V	1.15	0.96	36	
NGC2790	G	138.76158	19.69711	14.71	B	0.60	0.55	65	
NGC2791	G	138.75829	17.59222	15.77	B	0.89	0.32	160	
NGC2792	PN	138.11071	-42.42750	11.60	V	0.22			
NGC2793	G	139.19712	34.42981	13.39	B	1.12	0.93		
NGC2794	G	139.00746	17.58983	13.15	V	1.22	0.93	57	
NGC2795	G	139.01633	17.62836	14.01	B	1.19	1.02	166	
NGC2796	G	139.17438	30.91542	14.54	B	1.21	0.85	77	
NGC2797	G	139.09037	17.72722	14.45	B	0.66	0.58	28	
NGC2798	G	139.34496	41.99972	12.39	V	2.43	0.83	154	
NGC2799	G	139.37929	41.99408	13.71	V	1.76	0.47	122	
NGC2800	G	139.64675	52.51447	13.92	B	1.42	0.87	17	
NGC2801	G	139.18413	19.93572	15.30	B	0.96	0.78	51	
NGC2802	G	139.17263	18.96347	14.87	B	1.10	0.56	132	
NGC2803	G	139.18279	18.95458	15.16	B	0.98	0.72	138	
NGC2804	G	139.20837	20.19850	12.90	V	1.39	1.24	56	
NGC2805	G	140.08504	64.10278	11.56	V	3.39	2.76	154	
NGC2807	GPair	139.24583	20.03222			1.50			
NGC2807A	G	139.24033	20.02906	15.59	B	0.56	0.36	81	
NGC2807B	G	139.25275	20.03650	15.05	B	0.82	0.60	165	
NGC2808	GCl	138.01058	-64.86283	5.69	V	9.00			
NGC2809	G	139.27883	20.06969	13.02	V	1.24	1.08	162	
NGC2810	G	140.51875	71.84403	12.23	V	1.69	1.69	130	
NGC2811	G	139.04629	-16.31272	11.45	V	3.05	1.03	20	
NGC2812	G	139.41996	19.91889	15.89	B	0.75	0.23	154	
NGC2813	G	139.43937	19.90661	15.05	B	1.02	0.82	146	
NGC2814	G	140.29783	64.25319	13.77	V	1.05	0.23	179	
NGC2815	G	139.08229	-23.63325	11.86	V	3.51	1.41	13	
NGC2817	G	139.29387	-4.75211	13.68	B	1.37	1.27	0	
NGC2818	PN	139.00625	-36.62694	11.60	V	0.83			
NGC2818A	Cl+N	139.02554	-36.62692	12.50	B	6.90			
NGC2819	G	139.53871	16.19811	14.22	B	1.44	1.08	57	
NGC2820	G	140.43992	64.25794	12.78	V	3.75	0.35	61	
NGC2820A	G	140.37529	64.23872	15.04	V	0.47	0.16	9	
NGC2821	G	139.19992	-26.81628	13.89	B	2.10	0.44	103	
NGC2822	G	138.45717	-69.64483	11.40	V	3.96	2.72	94	
NGC2823	G	139.82275	34.00817	15.46	B	1.03	0.62	32	
NGC2824	G	139.75929	26.26997	12.67	V	0.97	0.57	159	
NGC2825	G	139.84350	33.74278	15.03	B	1.10	0.55	86	
NGC2826	G	139.85071	33.62400	14.43	B	1.47	0.22	141	
NGC2827	G	139.82921	33.88081	15.44	B	1.02	0.38	5	
NGC2828	G	139.89512	33.88808	15.61	B	0.72	0.44	44	
NGC2829	GPair	139.87792	33.64833			0.60			
NGC2829 NED01	G	139.87629	33.64847	16.67	B	0.48	0.38	30	
NGC2829 NED02	G	139.87975	33.64778	16.92	B	0.40	0.30	176	
NGC2830	G	139.92254	33.73814	14.11	V	1.24	0.24	112	
NGC2831	G	139.93954	33.74500	13.38	V	0.89	0.66	2	
NGC2832	G	139.94525	33.74975	11.79	V	3.20	2.07	172	
NGC2833	G	139.99108	33.92744	15.27	B	1.14	0.54	165	
NGC2834	G	140.01050	33.71047	15.38	B	0.83	0.66	57	
NGC2835	G	139.47046	-22.35467	10.64	V	6.43	3.72	179	
NGC2836	G	138.43583	-69.33475	12.65	B	1.66	0.59	111	
NGC2838	G	140.17933	39.31575	14.45	B	1.28	1.08	123	
NGC2839	G	140.15138	33.65067	14.75	B	1.23	1.17	165	
NGC2840	G	140.21967	35.36828	14.61	B	1.05	0.89	107	
NGC2841	G	140.51096	50.97653	10.18	V	6.90	3.31	147	
NGC2842	G	138.90179	-63.06964	12.49	V	2.25	1.63	107	
NGC2843	G	140.11992	18.92622	16.54	B	0.47	0.26	65	
NGC2844	G	140.45004	40.15125	12.89	V	1.77	0.82	11	
NGC2845	G	139.65296	-38.01008	11.97	V	1.87	1.30	69	
NGC2847	HII	140.03554	-16.51831						
NGC2848	G	140.04096	-16.52606	12.11	V	2.69	2.02	29	
NGC2849	OCl	139.84529	-40.52039	12.50	V	2.40			
NGC2850	G	140.23754	-4.94008	15.00	B	0.90	0.64	17	
NGC2851	G	140.12596	-16.49528	14.33	B	1.43	0.53	8	
NGC2852	G	140.81079	40.16381	14.13	B	0.94	0.89	140	
NGC2853	G	140.82221	40.20006	14.44	B	1.67	0.96	25	
NGC2854	G	141.01296	49.20414	13.76	B	1.28	0.56	52	
NGC2855	G	140.36454	-11.90950	11.05	V	3.45	1.85	120	
NGC2856	G	141.06671	49.24919	13.26	V	1.22	0.58	132	
NGC2857	G	141.15717	49.35706	12.32	V	1.89	1.51	90	
NGC2858	G	140.72921	3.15694	13.94	B	1.76	0.84	116	
NGC2859	G	141.07721	34.51350	10.94	V	3.19	2.78	85	
NGC2860	G	141.22171	41.06019	14.63	B	1.31	0.57	95	
NGC2861	G	140.90208	2.13647	13.06	V	1.28	1.17	50	
NGC2862	G	141.22962	26.77467	13.68	B	2.64	0.50	115	
NGC2863	G	140.90233	-10.43322	13.40	B	1.37	1.18	170	
NGC2864	G	141.06412	5.94117	14.94	B	0.71	0.47	4	
NGC2865	G	140.87587	-23.16144	11.48	V	2.44	2.03	155	
NGC2866	OCl	140.52100	-51.10261			2.70			
NGC2867	PN	140.35404	-58.31167	9.70	V	0.23			
NGC2868	G	140.86342	-10.42950	15.24	B	1.14	0.57	70	
NGC2870	G	141.97392	57.37550	13.87	B	2.44	0.66	121	
NGC2872	G	141.42725	11.43214	11.86	V	1.75	1.55	161	
NGC2873	G	141.45208	11.45422	16.11	B	0.73	0.41	118	
NGC2874	G	141.44721	11.42458	12.48	V	2.04	0.68	38	
NGC2875	Other	141.45337	11.43164						
NGC2876	G	141.30738	-6.71658	14.17	B	1.73	0.98	91	
NGC2877	G	141.44575	2.22911	14.65	B	0.67	0.64	165	
NGC2878	G	141.44775	2.08961	15.05	B	1.04	0.37	173	
NGC2879	Other	141.34383	-11.65150						
NGC2880	G	142.39400	62.49056	11.61	V	2.33	1.40	142	
NGC2881	GPair	141.47583	-11.99389			1.20			
NGC2881 NED01	G	141.47396	-11.99214			0.67	0.32	51	
NGC2881 NED02	G	141.47787	-11.99553	15.93	B	1.17	0.63	167	
NGC2882	G	141.65058	7.95447	13.50	B	1.49	0.75	84	
NGC2883	G	141.32675	-34.10325	13.65	B	2.02	0.80	178	
NGC2884	G	141.60188	-11.55558	13.61	B	2.16	0.76	173	
NGC2885	G	141.82712	23.02011	16.00	V	1.26	0.82	79	
NGC2886	Other	141.66125	-21.73781						
NGC2887	G	140.85021	-63.81256	11.66	V	2.55	1.63	80	
NGC2888	G	141.58196	-28.03508	12.57	V	1.96	1.49	155	
NGC2889	G	141.80246	-11.64342	11.78	V	1.95	1.75	26	
NGC2890	G	141.62433	-14.52869	15.23	B	0.87	0.25	69	
NGC2891	G	141.73596	-24.78303	12.60	V	1.60	1.52	0	
NGC2892	G	143.22054	67.61739	14.36	B	1.40	1.40	0	
NGC2893	G	142.57067	29.53997	13.19	V	1.02	0.82	83	
NGC2894	G	142.37600	7.71883	13.30	B	1.90	0.96	29	
NGC2895	G	143.10438	57.48289	14.62	B	0.91	0.80	65	
NGC2896	G	142.57071	23.66306	14.75	B	1.20	1.20	90	
NGC2897	G	142.44050	2.20681	15.60	B	0.84	0.62	177	
NGC2898	G	142.44308	2.06436	14.83	B	1.04	0.67	124	
NGC2899	PN	141.76233	-56.10603	11.80	V	1.50			
NGC2900	G	142.56329	4.14422	14.55	B	0.99	0.78	86	
NGC2901	Other	143.14271	31.11169						
NGC2902	G	142.72037	-14.73578	13.23	B	1.72	1.41	22	
NGC2903	G	143.04212	21.50083	8.91	V	11.94	5.28	22	
NGC2904	G	142.57083	-30.38503	12.46	V	1.47	1.09	89	
NGC2906	G	143.02592	8.44178	13.17	B	1.36	0.81	71	
NGC2907	G	142.90300	-16.73467	11.63	V	2.82	2.06	112	
NGC2908	G	145.88104	79.70125	14.17	B	0.74	0.52	145	
NGC2910	OCl	142.62092	-52.91400	7.20	V	4.80			
NGC2911	G	143.44213	10.15244	13.18	V	3.46	2.13	135	
NGC2913	G	143.51133	9.47919	14.14	B	1.12	0.69	132	
NGC2914	G	143.51158	10.10858	13.12	V	0.95	0.58	12	
NGC2915	G	141.54804	-76.62633	12.61	V	1.82	0.98	132	
NGC2916	G	143.74000	21.70528	12.08	V	2.40	1.59	16	
NGC2917	G	143.61208	-2.50417	14.36	B	1.34	0.37	170	
NGC2918	G	143.93350	31.70547	13.52	B	1.56	1.06	66	
NGC2919	G	143.69800	10.28372	13.60	V	1.52	0.53	159	
NGC2920	G	143.55104	-20.85906	13.94	B	0.86	0.61	121	
NGC2921	G	143.63167	-20.92036	12.96	B	2.86	0.92	85	
NGC2922	G	144.21863	37.69489	13.64	V	1.07	0.45	99	
NGC2923	G	144.01596	16.76039	15.64	B	0.53	0.31	28	
NGC2924	G	143.79504	-16.39839	13.36	B	2.04	1.62	142	
NGC2925	OCl	143.29550	-53.39597	8.30	V	7.50			
NGC2926	G	144.37921	32.84142	14.44	B	0.83	0.74	120	
NGC2927	G	144.31333	23.59061	13.96	B	1.31	0.78	155	
NGC2928	G	144.29200	16.97719	14.88	B	1.21	0.70	41	
NGC2929	G	144.37421	23.16167	14.48	B	1.10	0.38	144	
NGC2930	G	144.38583	23.20250	14.92	B	0.50	0.22	142	
NGC2931	G	144.40688	23.24075	14.84	B	0.75	0.54	68	
NGC2932	*Ass	143.96508	-46.92450			4.80			
NGC2933	G	144.47917	17.01472	15.02	B	0.97	0.31	31	
NGC2934	G	144.47983	17.05450	17.08	B	0.44	0.31	7	
NGC2935	G	144.18687	-21.12814	11.19	V	4.21	3.16	164	
NGC2936	G	144.43396	2.76081	13.08	V	0.94	0.52	78	
NGC2937	G	144.43762	2.74736	13.66	V	0.75	0.54	22	
NGC2938	G	144.59913	76.31956	14.33	B	1.24	0.85	97	
NGC2939	G	144.53363	9.52153	13.56	B	2.12	0.74	154	
NGC2940	G	144.52163	9.61672	14.77	B	0.97	0.77	91	
NGC2941	G	144.60087	17.04444	15.08	B	0.70	0.57	167	
NGC2942	G	144.78317	34.00633	12.89	V	1.67	1.32	152	
NGC2943	G	144.63696	17.03131	13.75	B	2.16	1.08	128	
NGC2944	GPair	144.82583	32.30833			1.00			
NGC2944 NED01	G	144.82550	32.31044	14.88	B	0.91	0.29	100	
NGC2944 NED02	G	144.83171	32.30600	17.64	B	0.32	0.19	161	
NGC2945	G	144.42137	-22.03506	13.34	B	1.66	1.31	160	
NGC2946	G	144.75658	17.02533	14.79	B	1.10	0.34	15	
NGC2947	G	144.02412	-12.43672	12.76	V	1.63	1.20	28	
NGC2948	G	144.74662	6.95544	13.75	B	1.43	0.78	1	
NGC2949	GPair	144.98438	16.78744	15.50	B	0.42	0.31	15	
NGC2950	G	145.64646	58.85128	11.03	V	2.62	1.65	142	
NGC2951	GPair	144.91833	-0.23528	15.10	B	1.34	0.51	85	
NGC2952	G	144.40413	-10.18339	15.11	B	0.80	0.55	90	
NGC2953	Other	145.07933	14.83269						
NGC2954	G	145.10029	14.92264	12.39	V	1.43	0.99	155	
NGC2955	G	145.31925	35.88228	12.89	V	1.59	0.87	160	
NGC2956	G	144.82104	-19.10108	15.30	B	0.86	0.38	58	
NGC2957	GPair	146.82042	72.98500			1.00			
NGC2957 NED01	G	146.81571	72.98606	16.00	B	0.91	0.33		
NGC2957A	G	146.82500	72.98408	15.35	B	0.77	0.34	49	
NGC2958	G	145.17342	11.88842	13.96	B	0.98	0.72	10	
NGC2959	G	146.28737	68.59458	12.69	V	1.38	1.17	113	
NGC2960	G	145.15158	3.57700	15.00	V	1.11	0.86	40	
NGC2961	G	146.34363	68.60828	14.70	V	0.86	0.32	145	
NGC2962	G	145.22471	5.16581	11.88	V	2.31	1.16	2	
NGC2963	G	146.96008	72.96439	14.24	B	1.18	0.64	158	
NGC2964	G	145.72596	31.84739	11.37	V	2.92	2.18	97	
NGC2965	G	145.82979	36.24781	14.70	V	1.30	0.92	77	
NGC2966	G	145.54783	4.67314	14.23	B	2.12	0.68	76	
NGC2967	G	145.51371	0.33644	11.61	V	2.14	2.01	135	
NGC2968	G	145.80004	31.92869	11.73	V	2.48	1.63	54	
NGC2969	G	145.47708	-8.60300	13.73	B	1.32	0.60	25	
NGC2970	G	145.87946	31.97697	13.64	V	0.85	0.75	67	
NGC2971	G	145.94217	36.17936	14.83	B	1.13	0.78	131	
NGC2972	OCl	145.04800	-50.32094	9.90	V	3.60			
NGC2973	Other	145.39479	-30.04839						
NGC2974	G	145.63867	-3.69914	10.89	V	3.48	2.13	44	
NGC2975	G	145.31696	-16.67439	15.79	B	0.84	0.63	80	
NGC2976	G	146.81442	67.91639	10.16	V	5.77	3.01	143	
NGC2977	G	145.94288	74.86022	13.27	B	2.08	1.05	145	
NGC2978	G	145.82000	-9.74589	13.97	B	1.07	0.87	112	
NGC2979	G	145.78604	-10.38325	14.00	B	2.06	1.25	21	
NGC2980	G	145.79988	-9.61239	12.99	V	1.79	0.86	164	
NGC2981	G	146.23571	31.09783	14.82	B	1.06	0.70	86	
NGC2982	OCl	145.50033	-44.02714			4.20			
NGC2983	G	145.92125	-20.47719	11.87	V	2.37	1.16	86	
NGC2984	G	145.91825	11.06086	14.30	B	0.85	0.83	155	
NGC2985	G	147.59263	72.27864	10.51	V	3.61	2.92	177	
NGC2986	G	146.06683	-21.27800	10.64	V	4.81	3.85	42	
NGC2987	G	146.42279	4.94183	13.93	B	1.31	0.60	163	
NGC2988	G	146.69988	22.01214	15.28	B	0.91	0.33	37	
NGC2989	G	146.35508	-18.37392	13.37	V	1.69	1.16	38	
NGC2990	G	146.57150	5.70881	12.76	V	0.93	0.44	86	
NGC2991	G	146.70883	22.01394	12.64	V	0.99	0.80	124	
NGC2992	G	146.42521	-14.32639	13.10	V	2.92	0.69	17	
NGC2993	G	146.45137	-14.36831	12.64	V	1.36	1.13	94	
NGC2994	G	146.81712	22.08950	13.08	V	0.95	0.52	127	
NGC2995	*Ass	145.99621	-54.59694						
NGC2996	G	146.62575	-21.57161	13.66	B	1.36	1.36	150	
NGC2997	G	146.41163	-31.19108	9.41	V	10.26	6.21	97	
NGC2998	G	147.18179	44.08144	12.54	V	2.44	1.23	54	
NGC3001	G	146.57775	-30.43747	11.57	V	3.02	2.26	5	
NGC3003	G	147.15021	33.42150	11.78	V	4.74	1.06	79	
NGC3005	G	147.31196	44.13131	14.94	B	1.14	0.30	150	
NGC3006	G	147.32225	44.02581	15.57	B	0.82	0.29	83	
NGC3007	G	146.94008	-6.43817	14.41	B	1.61	0.78	81	
NGC3008	G	147.39275	44.10269	15.23	B	0.75	0.47	136	
NGC3009	G	147.54638	44.29506	14.31	B	0.77	0.74	60	
NGC3010	G	147.63813	44.31439	16.23	V	0.98	0.58	47	
NGC3010A	G	147.64404	44.32342	14.87	B	0.39	0.20	125	
NGC3010C	G	147.66413	44.33097	15.59	B	0.68	0.51	36	
NGC3011	G	147.42167	32.22111	14.35	B	0.82	0.69	61	
NGC3012	G	147.46712	34.71411	14.70	B	1.24	1.18	145	
NGC3013	G	147.53900	33.56933	15.57	B	0.81	0.56	64	
NGC3014	G	147.28187	-4.74294	14.76	B	0.93	0.49	154	
NGC3015	G	147.34550	1.14542	14.27	B	0.53	0.40	92	
NGC3016	G	147.46108	12.69522	13.70	B	1.12	0.95	71	
NGC3017	G	147.26267	-2.82181	14.41	B	1.02	0.88	87	
NGC3018	G	147.42271	0.62125	13.88	B	1.17	0.54	28	
NGC3019	G	147.53004	12.74614	15.11	B	0.76	0.49	33	
NGC3020	G	147.52750	12.81364	13.28	B	2.34	1.28	100	
NGC3021	G	147.73812	33.55364	12.42	V	1.36	0.81	110	
NGC3022	G	147.41354	-5.16658	14.46	B	1.70	1.56	0	
NGC3023	G	147.46912	0.61817	12.70	V	1.82	0.94	80	
NGC3024	G	147.61413	12.76550	13.80	B	1.71	0.50	124	
NGC3025	G	147.37108	-21.74225	13.95	B	1.59	1.05	118	
NGC3026	G	147.73071	28.55111	13.78	B	2.22	0.60	82	
NGC3027	G	148.91917	72.20356	11.76	V	3.35	1.27	128	
NGC3028	G	147.47600	-19.18417	13.56	B	1.08	0.84	70	
NGC3029	G	147.22508	-8.05094	14.01	V	1.35	0.87	140	
NGC3030	G	147.54383	-12.22642	14.41	B	1.24	0.92	137	
NGC3031	G	148.88821	69.06531	6.92	V	21.63	11.25	157	Bode's Galaxy
NGC3032	G	148.03396	29.23622	13.09	V	1.43	1.31	90	
NGC3033	OCl	147.14600	-56.43006	8.80	V	4.80			
NGC3034	G	148.96971	69.67939	8.30	V	10.99	5.11	66	Cigar Galaxy
NGC3035	G	147.97929	-6.82292	13.50	V	1.47	1.19	0	
NGC3036	OCl	147.31621	-62.67558			4.80			
NGC3037	G	147.85008	-27.01111	13.72	B	1.29	1.13	57	
NGC3038	G	147.81438	-32.75256	11.69	V	2.80	1.69	126	
NGC3039	G	148.12363	2.15444	14.25	B	1.32	0.69	16	
NGC3040	GPair	148.26792	19.43722			1.80			
NGC3040 NED01	G	148.26442	19.44258	15.64	B	0.87	0.39	148	
NGC3040 NED02	G	148.27125	19.43217	14.36	B	1.51	0.91	165	
NGC3041	G	148.27975	16.67767	11.55	V	3.22	2.07	93	
NGC3042	G	148.33425	0.69769	13.97	B	1.02	0.74	110	
NGC3043	G	149.06188	59.30711	13.38	B	1.66	0.61	82	
NGC3044	G	148.42033	1.57964	11.94	V	4.20	0.70	114	
NGC3045	G	148.32358	-18.64511	13.77	B	1.43	0.64	20	
NGC3047	GPair	148.62792	-1.28972			1.20			
NGC3047A	G	148.63358	-1.29092	14.54	B	0.60	0.60	30	
NGC3047B	G	148.62288	-1.28806	14.89	B	0.59	0.45	44	
NGC3048	GPair	148.73833	16.45778			1.00			
NGC3048 NED01	G	148.73521	16.45628	15.45	B	0.71	0.40	110	
NGC3048 NED02	G	148.74183	16.45958	16.73	B	0.41	0.28	16	
NGC3049	G	148.70650	9.27108	13.53	B	2.11	1.22	28	
NGC3051	G	148.49433	-27.28633	15.00	V	2.20	1.39	169	
NGC3052	G	148.61638	-18.63889	12.36	V	2.15	1.42	109	
NGC3053	G	148.89004	16.43286	13.64	B	1.59	0.70	139	
NGC3054	G	148.61917	-25.70344	11.48	V	3.56	2.18	112	
NGC3055	G	148.82525	4.27003	12.06	V	1.96	1.11	63	
NGC3056	G	148.63700	-28.29819	11.70	V	2.26	1.39	20	
NGC3057	G	151.41400	80.28569	13.09	V	1.45	0.92	8	
NGC3058	GPair	148.39896	-12.48156			1.40			
NGC3058 NED01	G	148.39646	-12.47908			0.62	0.35	145	
NGC3058 NED02	G	148.40071	-12.48211	14.55	B	1.26	0.48	55	
NGC3059	G	147.53400	-73.92219	11.30	V	3.80	3.56	50	
NGC3060	G	149.08000	16.83122	13.75	B	2.02	0.42	77	
NGC3061	G	149.05004	75.86650	13.48	B	1.58	1.23	140	
NGC3062	G	149.14912	1.42856	15.17	B	0.83	0.40	63	
NGC3064	G	148.92271	-6.36392	14.98	B	1.15	0.33	25	
NGC3065	G	150.48008	72.17033	13.12	V	1.87	1.78	160	
NGC3066	G	150.54613	72.12539	12.89	V	1.12	1.06	75	
NGC3067	G	149.58783	32.36989	12.13	V	2.06	0.66	104	
NGC3068	G	149.66708	28.87756	14.05	V	0.87	0.70	92	
NGC3069	G	149.48625	10.43244	15.02	B	0.86	0.37	166	
NGC3070	G	149.52896	10.35978	12.29	V	1.55	1.28	51	
NGC3071	G	149.72079	31.62031	15.35	B	0.66	0.46	176	
NGC3072	G	149.34954	-19.35497	13.83	B	1.82	0.62	70	
NGC3073	G	150.21700	55.61883	13.43	V	1.20	1.07	130	
NGC3074	G	149.92171	35.39281	12.83	V	1.96	1.69	150	
NGC3075	G	149.73417	14.42047	14.42	B	1.50	0.64	132	
NGC3076	G	149.40675	-18.17869	14.11	B	0.87	0.84	25	
NGC3077	G	150.82946	68.73392	9.88	V	5.21	4.32	49	
NGC3078	G	149.60254	-26.92667	11.16	V	3.04	2.48	177	
NGC3079	G	150.49083	55.67978	10.71	V	8.18	1.29	166	
NGC3080	G	149.98267	13.04383	15.01	V	0.80	0.77	50	
NGC3081	G	149.87308	-22.82628	12.90	V	2.67	1.59	71	
NGC3082	G	149.72113	-30.35769	13.59	B	2.14	0.77	29	
NGC3083	G	149.95696	-2.87747	14.34	B	0.99	0.34	50	
NGC3084	G	149.77675	-27.12881	13.20	B	1.66	1.23	100	
NGC3085	G	149.87158	-19.49228	12.92	V	1.24	0.41	118	
NGC3086	G	150.04579	-2.97617	14.66	B	1.16	0.40	147	
NGC3087	G	149.78608	-34.22522	11.43	V	2.28	2.02	46	
NGC3088	GPair	150.28792	22.40361			2.00			
NGC3088A	G	150.27996	22.40317	14.40	B	1.35	0.83	114	
NGC3088B	G	150.29042	22.40231	15.95	B	0.93	0.26	139	
NGC3089	G	149.90283	-28.33136	13.23	B	1.95	1.13	144	
NGC3090	G	150.12596	-2.96900	12.58	V	1.63	1.30	15	
NGC3091	G	150.05954	-19.63697	11.00	V	3.69	2.18	144	
NGC3092	G	150.19763	-3.01239	14.70	B	1.30	0.50	27	
NGC3093	G	150.22329	-2.97200	15.35	B	0.77	0.36	51	
NGC3094	G	150.35808	15.77008	13.43	B	1.34	0.98	63	
NGC3095	G	150.02429	-31.55286	11.63	V	3.61	1.81	129	
NGC3096	G	150.13796	-19.66197	13.09	V	1.17	1.03	70	
NGC3097	Other	151.06696	60.12578						
NGC3098	G	150.56954	24.71108	11.96	V	2.33	0.50	90	
NGC3099	G	150.65229	32.70672	15.22	B	1.15	0.62	147	
NGC3100	G	150.17017	-31.66453	11.37	V	3.56	2.48	148	
NGC3101	G	150.39763	-2.99442	15.37	B	1.22	0.21	150	
NGC3102	G	151.13233	60.10797	14.23	B	0.98	0.98	110	
NGC3104	G	150.98896	40.75692	12.78	V	2.99	2.03	36	
NGC3105	OCl	150.16467	-54.78769	9.70	V	4.08			
NGC3106	G	151.02187	31.18547	12.42	V	0.89	0.25	124	
NGC3107	G	151.09362	13.62133	13.57	B	0.77	0.63	140	
NGC3108	G	150.62096	-31.67742	11.47	V	2.54	2.22	59	
NGC3109	G	150.77867	-26.15958	10.54	V	16.00	2.74	93	
NGC3110	G	151.00879	-6.47478	13.00	B	1.87	0.90	171	
NGC3111	G	151.53100	47.26264	14.12	B	1.42	1.34	150	
NGC3112	G	150.99658	-20.78181	15.99	B	1.10	0.30	47	
NGC3113	G	151.10879	-28.44403	13.34	B	3.43	1.05	86	
NGC3114	OCl	150.62321	-60.13053	4.20	V	12.30			
NGC3115	G	151.30825	-7.71858	9.09	V	7.10	3.01	43	Spindle Galaxy
NGC3116	G	151.68771	31.09772	15.23	B	0.70	0.64	45	
NGC3117	G	151.54375	2.91286	14.52	B	0.96	0.91	110	
NGC3118	G	151.79808	33.02739	14.31	B	2.08	0.44	39	
NGC3119	G	151.71613	14.37353	14.14	B	1.05	0.81	20	
NGC3120	G	151.34600	-34.21994	12.77	V	1.68	1.17	7	
NGC3123	Other	151.75771	0.06714						
NGC3124	G	151.66625	-19.22158	12.15	V	2.70	2.10	174	
NGC3125	G	151.63904	-29.93486	12.87	V	1.21	0.97	110	
NGC3126	G	152.08608	31.86269	13.53	B	3.10	0.66	123	
NGC3127	G	151.60354	-16.12608	14.81	B	1.62	0.28	55	
NGC3128	G	151.50571	-16.12203	14.11	B	1.54	0.63	173	
NGC3130	G	152.05142	9.97700	14.28	B	1.07	0.61	28	
NGC3131	G	152.15171	18.23122	13.88	B	2.16	0.67	58	
NGC3132	PN	151.75721	-40.43658	9.20	V	0.50			Eight-Burst Nebula
NGC3133	G	151.80338	-11.96531	15.73	B	0.68	0.29	27	
NGC3134	G	153.12204	12.37725	14.74	B	1.49	0.40	55	
NGC3135	G	152.72658	45.95036	14.33	B	1.00	0.60	88	
NGC3136	G	151.45067	-67.37797	10.67	V	4.20	2.94	27	
NGC3136A	G	150.88575	-67.44847	15.53	B	1.60	0.33	88	
NGC3136B	G	152.55388	-67.00508	11.79	V	1.75	1.35	23	
NGC3137	G	152.28117	-29.06431	11.57	V	5.57	3.85	4	
NGC3138	G	152.31946	-11.95675	15.58	B	1.10	0.21	80	
NGC3139	G	152.52158	-11.77825	14.62	B	1.21	0.97	68	
NGC3140	G	152.36592	-16.62817	14.07	V	0.96	0.68	130	
NGC3141	G	152.33288	-16.65342	16.14	B	0.76	0.47	25	
NGC3142	G	152.52654	-8.47975	14.48	B	0.86	0.30	171	
NGC3143	G	152.51658	-12.58136	14.28	V	0.82	0.67	103	
NGC3144	G	153.88408	74.22028	14.24	B	1.12	0.74	4	
NGC3145	G	152.54112	-12.43378	12.00	V	2.87	1.37	20	
NGC3146	G	152.79113	-20.87069	14.03	B	1.01	0.79	131	
NGC3147	G	154.22354	73.40075	11.94	V	4.11	3.55	152	
NGC3149	G	150.93371	-80.42167	13.49	B	1.15	0.94	23	
NGC3150	G	153.35967	38.65767	15.27	B	1.04	0.77	154	
NGC3151	G	153.37121	38.61983	14.96	B	0.93	0.42	164	
NGC3152	G	153.39217	38.84319	15.32	B	0.74	0.65	54	
NGC3153	G	153.21042	12.66667	12.84	V	1.73	0.89	165	
NGC3154	G	153.25533	17.03417	14.26	B	0.83	0.39	121	
NGC3155	G	154.41604	74.34739	13.83	B	1.21	0.64	37	
NGC3156	G	153.17188	3.12936	12.30	V	1.91	1.02	50	
NGC3157	G	152.92679	-31.64286	13.91	B	1.70	0.44	39	
NGC3158	G	153.46050	38.76489	11.88	V	2.32	1.94	152	
NGC3159	G	153.47012	38.65447	13.59	V	0.96	0.76	156	
NGC3160	G	153.47946	38.84283	15.02	B	1.25	0.25	140	
NGC3161	G	153.49667	38.65714	15.26	B	0.46	0.28	6	
NGC3162	G	153.38163	22.73756	11.72	V	2.09	1.69	26	
NGC3163	G	153.52958	38.65256	13.34	V	1.14	0.97	40	
NGC3164	G	153.79758	56.67208	14.52	B	0.80	0.57	178	
NGC3165	G	153.38042	3.37503	13.87	V	1.17	0.54	175	
NGC3166	G	153.44000	3.42472	10.62	V	4.50	2.84	87	
NGC3167	Other	153.64954	29.59633						
NGC3168	G	154.09588	60.23494	14.46	B	0.91	0.79	35	
NGC3169	G	153.56271	3.46608	10.89	V	4.34	2.65	49	
NGC3171	G	153.90342	-20.64739	14.05	B	1.87	1.25	173	
NGC3172	G	176.80833	89.09306	15.00	B	1.14	1.00	85	Polarissima Borealis
NGC3173	G	153.64529	-27.69283	13.68	B	1.90	1.71	19	
NGC3175	G	153.67546	-28.87206	11.26	V	5.25	1.95	55	
NGC3176	Other	153.82308	-19.03256						
NGC3177	G	154.14225	21.12306	12.37	V	1.44	1.10	140	
NGC3178	G	154.03821	-15.79128	13.68	B	1.47	0.93	71	
NGC3179	G	154.48837	41.11431	14.08	B	1.86	0.41	48	
NGC3180	HII	154.54029	41.44503						
NGC3181	HII	154.54796	41.41269	15.79	B	2.84	0.83	123	
NGC3182	G	154.88758	58.20572	12.95	B	1.92	1.59	145	
NGC3183	G	155.45417	74.17686	12.67	B	2.22	1.38	160	
NGC3184	G	154.57025	41.42406	9.84	V	7.40	7.18	117	
NGC3185	G	154.41071	21.68825	12.20	V	2.15	1.23	131	
NGC3186	G	153.97246	6.96375	15.04	B	1.08	1.08	110	
NGC3187	G	154.44942	21.87333	13.28	V	2.24	0.74	108	
NGC3188	G	154.92838	57.42347	15.00	B	0.84	0.63	180	
NGC3188A	G	154.90950	57.41858	16.86	B	0.44	0.21	77	
NGC3189	G	154.52346	21.83231	11.05	V	3.64	1.22	124	
NGC3191	G	154.77137	46.45411	14.01	B	0.71	0.52	4	
NGC3193	G	154.60375	21.89397	11.02	V	2.36	2.16	20	
NGC3195	PN	152.33742	-80.85858	11.60	V	0.70			
NGC3196	G	154.70429	27.66894	16.08	B	0.46	0.26	121	
NGC3197	G	153.61529	77.82025	14.44	B	1.11	0.80	161	
NGC3198	G	154.97896	45.54961	10.38	V	6.46	1.84	30	
NGC3199	Neb	154.35179	-57.92222			20.00	15.00		
NGC3200	G	154.65229	-17.98253	12.10	V	4.07	1.14	168	
NGC3201	GCl	154.40317	-46.41122	8.24	V	9.60			
NGC3202	G	155.13225	43.02161	14.09	B	1.27	0.81	25	
NGC3203	G	154.89096	-26.69889	12.13	V	3.16	0.64	60	
NGC3204	G	155.04617	27.81706	14.63	B	1.25	0.88	106	
NGC3205	G	155.20821	42.97206	14.31	B	1.31	1.11	158	
NGC3206	G	155.44829	56.93042	13.29	B	2.30	1.17	7	
NGC3207	G	155.25229	42.98531	14.33	B	1.24	0.83	87	
NGC3208	G	154.92204	-25.81475	12.89	V	1.78	1.55	55	
NGC3209	G	155.16008	25.50497	13.85	B	1.57	1.21	80	
NGC3211	PN	154.46046	-62.67006	10.70	V	0.27			
NGC3212	G	157.06858	79.82339	14.32	B	0.83	0.75	88	
NGC3213	G	155.32229	19.65178	14.21	B	1.05	0.83	128	
NGC3214	G	155.78662	57.03908	15.01	B	1.08	0.45	35	
NGC3215	G	157.16908	79.81308	13.95	B	0.95	0.52	40	
NGC3216	G	155.42179	23.92306	14.46	B	1.71	1.07	176	
NGC3217	G	155.88592	10.95972	15.21	B	0.53	0.40	22	
NGC3219	G	155.65600	38.57917	14.21	V	1.08	0.63	70	
NGC3220	G	155.93608	57.02686	13.95	V	1.18	0.48	96	
NGC3221	G	155.58325	21.56958	14.05	B	1.70	0.76	166	
NGC3222	G	155.64379	19.88703	12.79	V	1.12	1.01	25	
NGC3223	G	155.39617	-34.26681	10.96	V	4.28	2.79	132	
NGC3224	G	155.42162	-34.69678	12.21	V	1.72	1.41	120	
NGC3225	G	156.29125	58.15000	13.66	V	1.65	0.75	154	
NGC3226	G	155.86254	19.89853	12.95	V	3.13	2.26	13	
NGC3227	G	155.87742	19.86506	11.72	V	3.98	1.86	156	
NGC3228	OCl	155.34267	-51.72258	6.00	V	6.60			
NGC3229	Other	155.85150	0.06481						
NGC3230	G	155.93317	12.56778	14.79	B	2.02	0.64	114	
NGC3231	OCl	156.74104	66.81517						
NGC3232	G	156.10096	28.02614	15.50	B	0.85	0.69	57	
NGC3233	G	155.48942	-22.26775	13.54	B	1.52	0.64	141	
NGC3234	G	156.24713	28.02392	14.46	B	1.34	0.96	85	
NGC3236	G	156.70212	61.27292	15.12	B	0.95	0.67	52	
NGC3237	G	156.43042	39.64639	14.08	B	1.07	1.04	37	
NGC3238	G	156.67912	57.22633	13.96	B	1.11	0.91	151	
NGC3239	G	156.27038	17.16358	11.40	V	3.61	2.71	80	
NGC3240	G	156.12762	-21.79103	13.91	B	1.19	1.03	78	
NGC3241	G	156.07067	-32.48261	12.99	B	2.29	1.55	122	
NGC3242	PN	156.19200	-18.64222	7.70	V	0.42			Jupiter's Ghost Nebula
NGC3243	G	156.58946	-2.62219	14.47	B	1.73	1.19	120	
NGC3244	G	156.37017	-39.82756	12.32	V	2.18	1.46	170	
NGC3245	G	156.82663	28.50744	10.75	V	3.61	2.30	176	
NGC3245A	G	156.75471	28.63933	15.23	B	2.32	0.30	148	
NGC3246	G	156.67421	3.86192	13.73	B	1.94	0.95	98	
NGC3247	HII	156.05833	-57.76333	7.60	V	5.00	5.00		
NGC3248	G	156.93933	22.84719	13.81	B	1.70	0.94	135	
NGC3249	G	156.59254	-34.96369	13.86	B	1.57	1.40	126	
NGC3250	G	156.63450	-39.94394	11.02	V	2.96	2.20	140	
NGC3250A	G	156.97387	-40.08133	15.66	B	1.62	0.32	88	
NGC3250B	G	156.93654	-40.43503	12.63	V	2.77	0.80	6	
NGC3250C	G	156.92696	-40.00258	14.23	V	1.91	0.70	58	
NGC3250D	G	156.99142	-39.81478	14.37	B	1.89	0.33	26	
NGC3250E	G	157.25292	-40.08281	13.26	B	1.82	1.45	133	
NGC3251	G	157.32017	26.09925	14.07	B	2.06	0.50	55	
NGC3252	G	158.59642	73.76497	14.10	B	1.87	0.66	36	
NGC3253	G	157.11383	12.70406	13.59	V	1.15	1.07	150	
NGC3254	G	157.33308	29.49183	11.66	V	2.34	1.12	50	
NGC3255	OCl	156.63067	-60.67519	11.00	V	4.80			
NGC3256	G	156.96362	-43.90375	11.58	V	3.29	2.26	83	
NGC3256A	G	156.46267	-43.74808	15.06	B	1.33	0.65	85	
NGC3256B	G	157.25446	-44.40289	13.79	B	2.10	0.61	135	
NGC3256C	G	157.27392	-43.84928	13.32	B	1.91	1.30	90	
NGC3257	G	157.19633	-35.65808	13.12	V	1.08	0.87	170	
NGC3258	G	157.22321	-35.60553	11.41	V	2.94	2.34	67	
NGC3258A	G	157.07983	-35.45447	13.24	V	1.22	0.44	170	
NGC3258B	G	157.60542	-35.56356	15.54	B	1.06	0.35	47	
NGC3258C	G	157.85063	-35.22047	14.60	B	1.11	0.74	47	
NGC3258D	G	157.98221	-35.40981	13.98	B	1.98	0.84	9	
NGC3258E	G	158.10379	-34.99836	15.41	B	1.57	0.37	29	
NGC3259	G	158.14521	65.04108	12.72	V	1.72	0.90	16	
NGC3260	G	157.27662	-35.59519	12.67	V	1.41	1.22	9	
NGC3261	G	157.25608	-44.65683	11.41	V	3.65	2.84	76	
NGC3262	G	157.27596	-44.15967	13.13	V	1.17	0.91	109	
NGC3263	G	157.30567	-44.12292	12.15	V	7.83	1.84	99	
NGC3264	G	158.08208	56.08528	13.16	V	2.09	0.62	2	
NGC3265	G	157.77821	28.79667	13.54	V	0.97	0.71	73	
NGC3266	G	158.32338	64.74939	13.46	B	1.39	1.21	107	
NGC3267	G	157.45246	-35.32239	13.35	V	1.55	0.73	155	
NGC3268	G	157.50275	-35.32547	11.41	V	3.50	2.62	71	
NGC3269	G	157.48775	-35.22439	12.26	V	2.51	1.02	9	
NGC3270	G	157.87492	24.86944	13.05	V	2.34	0.62	12	
NGC3271	G	157.61037	-35.35950	11.73	V	3.01	1.67	109	
NGC3273	G	157.62154	-35.61064	12.48	V	1.91	0.88	96	
NGC3274	G	158.07196	27.66878	12.84	V	1.63	0.81	93	
NGC3275	G	157.71583	-36.73697	11.65	V	2.81	2.05	121	
NGC3276	G	157.78833	-39.94467	14.46	B	1.26	0.74	69	
NGC3277	G	158.23104	28.51172	11.65	V	2.11	1.59	29	
NGC3278	G	157.89746	-39.95464	13.09	B	1.35	1.04	60	
NGC3279	G	158.67833	11.19733	13.87	B	2.48	0.41	151	
NGC3280	GTrpl	158.18863	-12.63625			1.40			
NGC3280A	G	158.19325	-12.63458	15.95	B	0.65	0.57	29	
NGC3280B	G	158.18254	-12.63731	15.13	B	1.02	0.58	122	
NGC3280C	G	158.18979	-12.63722	16.02	B	1.23	0.54	22	
NGC3281	G	157.96704	-34.85369	11.95	V	3.10	1.27	140	
NGC3281A	G	157.99283	-35.19850	14.44	B	1.25	0.89	121	
NGC3281B	G	157.96733	-35.20486	15.14	B	1.31	0.64	65	
NGC3281C	G	158.24813	-34.88622	14.38	B	1.13	0.41	159	
NGC3281D	G	158.57925	-34.40342	14.66	B	2.06	0.39	159	
NGC3282	G	158.09133	-22.30228	14.06	B	1.77	0.65	81	
NGC3283	G	157.79833	-46.25128	11.74	V	2.86	2.07	166	
NGC3284	G	159.08850	58.62017	13.67	V	1.36	0.83	80	
NGC3285	G	158.39933	-27.45444	11.98	V	2.97	1.52	109	
NGC3285A	G	158.20325	-27.52244	13.84	V	1.21	0.87	174	
NGC3285B	G	158.65367	-27.65294	13.20	V	1.64	1.04	52	
NGC3287	G	158.69708	21.64828	12.83	B	1.78	0.85	18	
NGC3288	G	159.10696	58.55619	13.99	V	0.89	0.70	8	
NGC3289	G	158.53096	-35.32339	12.55	V	1.99	0.47	152	
NGC3290	G	158.82263	-17.27678	14.44	B	1.05	0.60	58	
NGC3292	G	158.89346	-6.17961	14.79	B	1.11	0.85	178	
NGC3293	OCl	158.95321	-58.22447	4.70	V	5.10			
NGC3294	G	159.06771	37.32469	11.68	V	3.08	1.60	119	
NGC3296	G	158.18917	-12.71742	14.89	B	1.11	0.99	56	
NGC3297	G	158.29917	-12.67183	15.56	B	0.87	0.51	161	
NGC3298	G	159.30117	50.12058	14.80	B	1.10	0.70	157	
NGC3299	G	159.09917	12.70739	14.00	B	1.79	1.32	3	
NGC3300	G	159.16017	14.17111	13.32	B	1.53	0.78	174	
NGC3301	G	159.23350	21.88214	11.41	V	3.63	1.06	53	
NGC3302	G	158.94763	-32.35850	13.59	B	1.93	1.28	115	
NGC3303	GPair	159.24917	18.13667			1.20			
NGC3303 NED01	G	159.24767	18.13769	15.61	B	0.59	0.35	97	
NGC3303 NED02	G	159.25004	18.13589	14.50	V	1.10	0.74	157	
NGC3304	G	159.40796	37.45564	14.34	B	1.55	0.53	160	
NGC3305	G	159.04896	-27.16219	12.74	V	1.17	1.11	130	
NGC3306	G	159.29258	12.65247	13.84	B	1.04	0.45	136	
NGC3307	G	159.07154	-27.52975	14.40	V	0.95	0.32	28	
NGC3308	G	159.09333	-27.43814	12.30	V	1.21	0.72	34	
NGC3309	G	159.14875	-27.51844	11.74	V	1.82	1.57	94	
NGC3310	G	159.69108	53.50339	11.61	V	1.80	1.73	10	
NGC3311	G	159.17842	-27.52833	11.32	V	2.63	2.33	57	
NGC3312	G	159.26050	-27.56506	12.89	V	3.31	1.07	172	
NGC3313	G	159.35604	-25.31944	11.73	V	2.96	2.02	110	
NGC3314	GPair	159.30500	-27.68444			1.20			
NGC3314A	G	159.30354	-27.68394	13.11	V	1.17	0.64	145	
NGC3314B	G	159.30521	-27.68497	13.51	B	0.64	0.46	46	
NGC3315	G	159.33013	-27.19231	13.05	V	1.20	1.04	119	
NGC3316	G	159.40550	-27.59431	12.59	V	0.96	0.78	8	
NGC3317	Other	159.42962	-27.51961						
NGC3318	G	159.31463	-41.62756	11.50	V	2.52	1.36	82	
NGC3318A	G	158.88375	-41.74094	15.84	B	1.29	0.58	4	
NGC3318B	G	159.39100	-41.46539	13.91	B	1.54	1.12	113	
NGC3319	G	159.78942	41.68667	11.37	V	3.63	1.77	38	
NGC3320	G	159.90221	47.39792	12.96	B	1.95	0.87	24	
NGC3321	G	159.71067	-11.64886	13.67	B	2.30	1.11	29	
NGC3323	G	159.91267	25.32275	14.34	B	0.95	0.52	171	
NGC3324	Cl+N	159.31754	-58.61956	6.70	V	4.80			
NGC3325	G	159.83521	-0.20025	13.00	V	1.26	1.07	64	
NGC3326	G	159.88275	5.10761	14.22	B	0.97	0.87	154	
NGC3327	G	159.99142	24.09125	14.03	B	1.26	0.86	81	
NGC3329	G	161.16404	76.80944	12.82	B	1.91	1.14	139	
NGC3330	OCl	159.68929	-54.13072	7.40	V	5.10			
NGC3331	G	160.03725	-23.82036	13.97	B	1.19	0.95	9	
NGC3332	G	160.11821	9.18256	13.59	B	1.37	1.14	145	
NGC3333	G	159.95763	-36.03617	13.12	V	1.44	0.41	159	
NGC3334	G	160.38000	37.31286	12.84	V	1.21	1.13	150	
NGC3335	G	159.89192	-23.92269	14.07	B	1.10	0.91	117	
NGC3336	G	160.07092	-27.77708	12.31	V	1.97	1.74	117	
NGC3337	G	160.44829	4.98839	15.07	B	1.16	0.57	51	
NGC3338	G	160.53142	13.74700	10.88	V	1.23	0.71	98	
NGC3340	G	160.57496	-0.37686	13.24	V	1.29	0.94	166	
NGC3341	G	160.63112	5.04381	14.84	B	1.07	0.31	23	
NGC3343	G	161.54354	73.35314	14.63	B	1.34	0.93	55	
NGC3344	G	160.87979	24.92222	9.98	V	6.70	6.37	150	
NGC3346	G	160.91213	14.87186	12.57	B	2.64	2.20	119	
NGC3347	G	160.69396	-36.35267	11.51	V	4.05	1.14	177	
NGC3347A	G	160.08587	-36.41111	13.46	B	2.21	0.84	179	
NGC3347B	G	160.49925	-36.93533	13.72	B	2.99	0.57	91	
NGC3347C	G	160.22371	-36.28792	14.86	B	1.35	0.94	25	
NGC3348	G	161.79167	72.83967	10.92	V	2.13	2.13	65	
NGC3349	G	160.96067	6.76297	15.09	B	0.70	0.64	70	
NGC3350	G	161.09571	30.72486	15.29	B	0.65	0.60	80	
NGC3351	G	160.99042	11.70381	9.77	V	7.23	4.45	11	M95
NGC3352	G	161.06221	22.37119	12.56	V	1.43	0.95	179	
NGC3353	G	161.34338	55.96039	12.70	V	1.36	0.98	76	
NGC3354	G	160.76225	-36.36239	13.23	V	1.02	0.82	169	
NGC3355	G	160.35829	-23.38425	13.73	V	1.25	0.93	51	
NGC3356	G	161.05096	6.75878	13.28	V	1.69	0.82	98	
NGC3357	G	161.08642	14.08447	14.10	B	1.03	0.83	88	
NGC3358	G	160.88758	-36.41069	11.61	V	3.62	1.82	140	
NGC3359	G	161.65358	63.22422	10.55	V	4.07	2.83	167	
NGC3360	G	161.06742	-11.24256	13.73	V	1.03	0.81	54	
NGC3361	G	161.12154	-11.20792	12.84	V	2.23	0.77	155	
NGC3362	G	161.21550	6.59672	15.00	V	1.32	1.08	82	
NGC3363	G	161.28942	22.07850	14.47	B	0.86	0.63	179	
NGC3364	G	162.12425	72.42503	13.47	B	1.39	1.22	68	
NGC3365	G	161.55246	1.81328	12.57	V	4.04	0.69	160	
NGC3366	G	158.78450	-43.69181	11.71	V	2.72	1.31	36	
NGC3367	G	161.64563	13.75086	11.73	V	2.88	2.83	70	
NGC3368	G	161.69058	11.81994	9.21	V	8.26	5.51	5	M96
NGC3369	G	161.68604	-25.24444	13.58	V	0.72	0.54	118	
NGC3370	G	161.76687	17.27361	12.16	V	2.44	1.42	147	
NGC3372	HII	161.28554	-59.86669	3.00	B	120.00	120.00		Carina Nebula
NGC3374	G	162.00438	43.18656	14.51	B	1.22	0.88	161	
NGC3375	G	161.75329	-9.94131	12.61	V	1.49	1.26	130	
NGC3376	G	161.86071	6.04814	14.16	B	1.13	0.53	166	
NGC3377	G	161.92637	13.98592	10.27	V	3.87	1.87	36	
NGC3377A	G	161.84292	14.06944	13.71	V	1.43	1.37	0	
NGC3378	G	161.68029	-40.01603	13.46	B	1.50	1.35	93	
NGC3379	G	161.95663	12.58161	9.27	V	4.89	4.25	71	M105
NGC3380	G	162.05075	28.60178	13.45	B	1.56	1.40	21	
NGC3381	G	162.10342	34.71142	12.89	B	2.02	1.82	76	
NGC3383	G	161.83000	-24.43817	13.55	B	1.45	1.11	5	
NGC3384	G	162.07038	12.62928	9.96	V	5.24	2.37	53	
NGC3385	G	162.04846	4.92775	13.57	B	1.61	0.88	98	
NGC3386	G	162.04962	4.99858	14.57	B	1.06	1.00	95	
NGC3387	Other	162.06975	4.96661						
NGC3389	G	162.11629	12.53319	12.04	V	2.68	1.18	104	
NGC3390	G	162.01817	-31.53336	12.23	V	3.11	0.69	179	
NGC3391	G	162.23483	14.21983	13.30	B	0.87	0.56	31	
NGC3392	G	162.76250	65.78156	16.11	V	0.90	0.67	117	
NGC3393	G	162.09775	-25.16206	13.09	V	1.95	1.70	13	
NGC3394	G	162.66600	65.72722	13.15	B	1.77	1.36	43	
NGC3395	G	162.45879	32.98286	12.06	V	1.60	0.89	40	
NGC3396	G	162.47946	32.99083	12.50	V	3.10	1.27	97	
NGC3398	G	162.88096	55.39097	14.42	B	0.86	0.32	76	
NGC3399	G	162.36500	16.21856	14.48	B	1.52	1.38	30	
NGC3400	G	162.68946	28.46908	14.07	B	1.53	0.91	97	
NGC3401	Other	162.58279	5.81150						
NGC3402	G	162.61029	-12.84461	11.89	V	1.85	1.78	170	
NGC3403	G	163.47858	73.69036	13.02	B	2.78	1.04	73	
NGC3404	G	162.57492	-12.10872	14.06	B	2.06	0.60	81	
NGC3405	GPair	162.43250	16.24028			1.20			
NGC3405 NED01	G	162.43046	16.23883	14.71	B	1.29	0.98	74	
NGC3405 NED02	G	162.43483	16.24219	15.56	B	0.66	0.50	95	
NGC3406	GPair	162.93417	51.02389			1.20			
NGC3406 NED01	G	162.93179	51.02217	13.84	B	1.45	1.00	84	
NGC3406 NED02	G	162.93533	51.02508	14.79	B	1.12	0.55	11	
NGC3407	G	163.07413	61.37964	14.63	B	1.35	0.67	17	
NGC3408	G	163.04867	58.43814	14.23	B	0.85	0.72	150	
NGC3409	G	162.58479	-17.04364	15.81	B	1.39	0.32	9	
NGC3410	G	162.97379	51.00650	14.89	B	0.87	0.59	40	
NGC3412	G	162.72200	13.41214	10.53	V	3.96	2.17	155	
NGC3413	G	162.83642	32.76639	13.12	B	2.02	0.85	177	
NGC3414	G	162.81754	27.97511	11.09	V	2.67	1.37	9	
NGC3415	G	162.92750	43.71261	12.61	V	1.35	0.78	10	
NGC3416	G	162.95129	43.76414	15.51	B	0.59	0.25	31	
NGC3417	G	162.75717	8.47350	15.21	B	0.81	0.52	87	
NGC3418	G	162.84979	28.11203	14.28	B	1.10	0.94	77	
NGC3419	G	162.82392	13.94600	13.84	B	0.75	0.63	117	
NGC3419A	G	162.83308	14.02344	14.85	B	1.67	0.34	136	
NGC3420	G	162.54025	-17.24253	15.01	B	1.16	1.13	120	
NGC3421	G	162.74013	-12.44853	14.58	B	1.58	1.24	65	
NGC3422	G	162.82225	-12.40239	14.71	B	1.33	0.44	54	
NGC3423	G	162.80971	5.84003	11.17	V	3.56	3.03	4	
NGC3424	G	162.94304	32.90075	13.13	B	2.49	0.78	111	
NGC3425	G	162.85637	8.56714	14.44	B	1.16	1.01	65	
NGC3426	G	162.92396	18.48083	13.78	B	1.71	1.39	104	
NGC3427	G	162.85971	8.29869	13.95	B	1.30	0.83	77	
NGC3428	G	162.87296	9.27950	14.03	B	1.40	0.60	167	
NGC3430	G	163.04750	32.95044	11.81	V	3.99	2.22	32	
NGC3431	G	162.81267	-17.00803	14.53	B	1.50	0.40	133	
NGC3432	G	163.12971	36.61878	11.27	V	7.41	2.08	33	
NGC3433	G	163.01613	10.14831	13.30	B	2.51	2.40	170	
NGC3434	G	162.99179	3.79206	13.47	B	1.45	1.09	178	
NGC3435	G	163.70138	61.28986	14.05	B	1.75	1.17	33	
NGC3436	G	163.11454	8.09403	14.92	B	0.86	0.60	79	
NGC3437	G	163.14896	22.93414	12.19	V	2.35	0.82	119	
NGC3438	G	163.10825	10.54725	14.25	B	0.89	0.83	65	
NGC3439	G	163.10717	8.55758	15.24	B	0.44	0.35	135	
NGC3440	G	163.45625	57.11875	14.06	B	2.03	0.47	51	
NGC3441	G	163.12967	7.22489	14.02	B	0.79	0.43	6	
NGC3442	G	163.28379	33.91036	13.41	V	0.54	0.36	18	
NGC3443	G	163.25050	17.57364	14.58	B	1.77	0.89	146	
NGC3444	G	163.24742	10.21058	15.52	B	1.36	0.16	19	
NGC3445	G	163.64787	56.99069	12.66	V	1.41	1.28	130	
NGC3446	OCl	163.02887	-45.13925			7.50			
NGC3447	GPair	163.11167	16.77889			3.60			
NGC3447A	G	163.34992	16.77244	14.47	B	3.38	1.95	14	
NGC3447B	G	163.37354	16.78600	15.35	B	1.49	0.79	107	
NGC3448	G	163.66333	54.30486	11.98	V	2.97	0.88	65	
NGC3449	G	163.22358	-32.92761	12.98	B	3.66	0.96	145	
NGC3450	G	162.01508	-20.84919	11.83	V	2.61	2.29	110	
NGC3451	G	163.58704	27.23975	13.50	B	1.66	0.78	50	
NGC3452	G	163.55867	-11.40506	14.80	B	1.25	0.31	65	
NGC3453	G	163.41875	-21.79275	13.91	B	1.09	0.56	13	
NGC3454	G	163.62304	17.34403	13.71	B	2.41	0.53	116	
NGC3455	G	163.62954	17.28475	12.73	V	2.27	1.42	70	
NGC3456	G	163.51379	-16.02772	13.33	B	1.75	1.26	105	
NGC3457	G	163.70263	17.62125	12.98	B	0.97	0.93	175	
NGC3458	G	164.00617	57.11697	13.05	B	1.38	0.73	7	
NGC3459	G	163.68450	-17.04200	14.50	B	1.45	0.55	149	
NGC3461	G	163.73038	17.70814	15.99	B	0.51	0.43	66	
NGC3462	G	163.83775	7.69675	13.36	B	1.76	1.16	62	
NGC3463	G	163.80567	-26.14075	13.82	B	1.51	0.70	77	
NGC3464	G	163.66671	-21.06664	12.63	V	2.37	1.55	111	
NGC3465	G	164.88029	75.19128	14.55	B	0.95	0.80	65	
NGC3466	G	164.06450	9.75444	14.55	B	1.00	0.56	53	
NGC3467	G	164.18367	9.75892	13.43	V	0.92	0.81	20	
NGC3468	G	164.37987	40.94614	14.02	B	1.50	0.73	9	
NGC3469	G	164.24038	-14.30081	14.28	B	1.56	1.05	142	
NGC3470	G	164.68708	59.51069	14.19	B	1.36	1.16	161	
NGC3471	G	164.78754	61.53069	12.78	V	1.79	0.92	12	
NGC3472	Other	164.34267	-19.63769						
NGC3473	G	164.52154	17.12442	14.64	B	1.05	0.84	36	
NGC3474	G	164.53650	17.09569	15.02	B	1.06	0.82	160	
NGC3475	G	164.60508	24.22633	14.54	B	1.13	0.70	60	
NGC3476	G	164.53167	9.27614	14.86	B	1.01	0.90	146	
NGC3477	G	164.55242	9.21781	15.57	B	1.41	0.31	72	
NGC3478	G	164.86400	46.12239	12.87	V	2.05	0.85	127	
NGC3479	G	164.73117	-14.96139	13.91	B	1.53	1.07	3	
NGC3481	G	164.85904	-7.54364	13.81	B	0.81	0.56	125	
NGC3482	G	164.64279	-46.58389	12.62	V	1.85	1.36	16	
NGC3483	G	164.75075	-28.47697	13.24	B	1.79	1.35	98	
NGC3484	Other	164.35021	-19.63325						
NGC3485	G	165.00992	14.84158	12.24	V	2.17	2.05	50	
NGC3486	G	165.09946	28.97514	10.57	V	5.82	4.12	80	
NGC3487	G	165.19396	17.58761	14.60	B	0.89	0.38	152	
NGC3488	G	165.34838	57.67767	13.68	B	1.51	0.72	172	
NGC3489	G	165.07738	13.90122	10.23	V	3.44	2.03	70	
NGC3490	G	164.97671	9.36189	15.25	B	0.89	0.72	26	
NGC3491	G	165.14750	12.16156	13.23	V	0.92	0.90	140	
NGC3492	GPair	165.23750	10.50500			1.00			
NGC3492 NED01	G	165.23646	10.50422	15.34	B	0.98	0.76	27	
NGC3492 NED02	G	165.23925	10.50547	13.14	V	1.17	0.76	100	
NGC3493	G	165.36596	27.71958	15.08	B	0.98	0.34	85	
NGC3495	G	165.31763	3.62794	12.43	B	4.66	1.00	20	
NGC3496	OCl	164.89087	-60.33686	8.20	V	6.00			
NGC3497	G	166.82529	-19.47156	13.01	B	2.58	1.56	57	
NGC3498	Other	165.42579	14.35072						
NGC3499	G	165.79596	56.22172	14.20	B	0.83	0.71	20	
NGC3500	G	165.46446	75.20136	14.76	B	0.87	0.42	48	
NGC3501	G	165.69696	17.98933	13.60	B	4.31	0.65	27	
NGC3503	RfN	165.32183	-59.84575			3.00	3.00		
NGC3504	G	165.79671	27.97250	12.18	V	2.48	2.24	150	
NGC3506	G	165.80404	11.07667	13.16	B	1.16	1.04	175	
NGC3507	G	165.85567	18.13544	12.07	B	2.92	2.51	95	
NGC3508	G	165.74863	-16.28944	13.38	B	1.00	0.80	23	
NGC3509	G	166.09813	4.82861	14.11	B	1.93	0.51	37	
NGC3510	G	165.93071	28.88717	13.49	B	1.55	0.71	163	
NGC3511	G	165.84904	-23.08678	11.02	V	6.04	2.00	76	
NGC3512	G	166.01225	28.03681	12.29	V	1.59	1.36	141	
NGC3513	G	165.94200	-23.24550	11.66	V	2.81	1.28	113	
NGC3514	G	165.99958	-18.78058	13.79	B	1.22	0.99	100	
NGC3515	G	166.15517	28.22797	14.70	B	0.98	0.69	51	
NGC3516	G	166.69787	72.56858	12.09	V	1.91	1.62	55	
NGC3517	G	166.40338	56.52492	13.80	B	0.95	0.81	91	
NGC3519	OCl	166.01154	-61.36825	7.70	V	4.80			
NGC3520	G	166.78838	-18.02369	14.87	B	0.95	0.75	51	
NGC3521	G	166.45242	-0.03586	9.11	V	8.32	4.47	162	
NGC3522	G	166.66858	20.08556	14.07	B	1.17	0.62	115	
NGC3523	G	165.77633	75.11575	13.74	B	1.14	0.97	160	
NGC3524	G	166.63375	11.38542	13.33	B	1.47	0.43	14	
NGC3526	G	166.73596	7.17392	13.58	B	2.38	0.56	55	
NGC3527	G	166.82579	28.52778	14.92	B	1.18	1.00	171	
NGC3529	G	166.82967	-19.55564	14.07	B	1.11	0.92	104	
NGC3530	G	167.16825	57.23019	14.32	B	0.81	0.27	99	
NGC3532	OCl	166.44925	-58.77050	3.00	V	12.00			Wishing Well Cluster
NGC3533	G	166.78146	-37.17264	13.77	B	2.88	0.73	70	
NGC3534	G	167.23192	26.61050	14.04	V	1.44	0.45	88	
NGC3534B	G	167.23821	26.59614	14.86	V	0.92	0.38	169	
NGC3535	G	167.14133	4.83189	14.18	B	1.16	0.51	178	
NGC3536	G	167.21333	28.47569	15.14	B	0.84	0.68	161	
NGC3537	GPair	167.11125	-10.25778			1.40			
NGC3537 NED01	G	167.11046	-10.25603	14.18	B	1.35	1.20	30	
NGC3537 NED02	G	167.11221	-10.25883			1.38	1.23	170	
NGC3539	G	167.28683	28.67253	15.22	B	1.26	0.41	5	
NGC3540	G	167.31700	36.02108	14.49	B	1.32	1.19	63	
NGC3541	G	167.13421	-10.49183	15.39	B	1.30	1.18	90	
NGC3542	G	167.48112	36.94650	14.89	B	0.81	0.35	45	
NGC3543	G	167.73521	61.34703	14.14	V	1.21	0.25	9	
NGC3544	G	167.87696	-18.28950	13.06	B	3.06	0.97	94	
NGC3545	GPair	167.55292	36.96556			1.30			
NGC3545A	G	167.55104	36.96478	14.97	B	1.16	1.16	69	
NGC3545B	G	167.55521	36.96656	15.17	B	0.44	0.44	60	
NGC3546	G	167.44496	-13.38086	14.46	B	1.91	0.90	101	
NGC3547	G	167.48308	10.72083	12.88	V	1.74	0.77	6	
NGC3549	G	167.73696	53.38778	12.14	V	2.64	0.86	39	
NGC3550	GPair	167.66125	28.76833			1.20			
NGC3550 NED01	G	167.66083	28.76778	14.44	B	0.87	0.83	20	
NGC3550 NED02	G	167.66000	28.76761	13.22	V	1.07	1.02	50	
NGC3551	G	167.43517	21.75892	14.70	B	1.38	0.95	38	
NGC3552	G	167.67854	28.69317	15.04	B	0.82	0.77	55	
NGC3553	G	167.66867	28.68475	16.03	B	0.54	0.27	2	
NGC3554	G	167.69925	28.66028	15.21	B	0.74	0.61	57	
NGC3555	G	167.45971	21.81019	15.64	B	0.60	0.29	32	
NGC3556	G	167.87904	55.67411	10.05	V	3.98	1.66	79	M108
NGC3557	G	167.49017	-37.53917	10.42	V	4.36	3.43	32	
NGC3557B	G	167.38387	-37.34964	12.55	V	1.83	0.52	110	
NGC3558	G	167.73279	28.54381	14.55	B	0.99	0.91	115	
NGC3559	G	167.68837	12.01614	13.78	B	1.50	0.91	51	
NGC3561	G	167.80500	28.69647	14.70	V	1.71	1.71	175	the Guitar
NGC3562	G	168.24450	72.87931	12.20	V	1.69	1.26	165	
NGC3563	GPair	167.85208	26.96250			1.40			
NGC3563A	G	167.84888	26.96186	15.60	B	0.58	0.50	41	
NGC3563B	G	167.85500	26.96358	14.75	B	1.13	0.82	15	
NGC3564	G	167.65158	-37.54758	12.16	V	1.95	1.09	16	
NGC3565	G	166.94854	-20.02156	15.43	B	0.68	0.52	126	
NGC3567	G	167.82783	5.83631	14.40	B	1.22	0.46	115	
NGC3568	G	167.70237	-37.44786	12.41	V	2.70	1.18	6	
NGC3569	G	168.03371	35.45214	14.43	B	1.15	1.07	50	
NGC3570	G	168.01396	27.58978	14.94	B	1.06	0.99	100	
NGC3572	OCl	167.58000	-60.24836	6.60	V	4.08			
NGC3573	G	167.82738	-36.87553	12.33	V	2.55	1.08	4	
NGC3574	G	168.05054	27.62483	15.68	B	0.73	0.59	31	
NGC3576	HII	167.88196	-61.36300			3.00	3.00		
NGC3577	G	168.43708	48.27272	14.73	B	1.16	1.01	61	
NGC3578	Other	168.21996	-15.95725						
NGC3579	Neb	167.99833	-61.24322			20.00	15.00		
NGC3580	G	168.31637	3.65733	14.68	B	0.85	0.29	175	
NGC3581	HII	168.00817	-61.30186						
NGC3582	Neb	168.04987	-61.27356						
NGC3583	G	168.54537	48.31853	12.17	B	2.24	1.26	127	
NGC3584	Neb	168.08246	-61.22861						
NGC3585	G	168.32121	-26.75483	9.69	V	6.61	3.27	104	
NGC3586	Neb	168.12475	-61.35225						
NGC3587	PN	168.69879	55.01903	9.90	V	3.58			Owl Nebula
NGC3588	GPair	168.51125	20.38861	15.30	B	0.55	0.55	10	
NGC3589	G	168.80554	60.69992	14.48	B	1.49	0.76	50	
NGC3590	OCl	168.24571	-60.78903	8.20	V	5.10			
NGC3591	G	168.51379	-14.08733	14.49	B	1.22	0.77	151	
NGC3592	G	168.61404	17.26000	14.55	B	2.13	0.57	118	
NGC3593	G	168.65417	12.81767	10.91	V	4.69	1.85	91	
NGC3594	G	169.05829	55.70433	14.96	B	1.25	1.06	8	
NGC3595	G	168.85646	47.44703	12.92	B	1.51	0.63	176	
NGC3596	G	168.77588	14.78703	11.49	V	3.55	3.37	65	
NGC3597	G	168.67487	-23.72769	13.09	V	1.49	1.06	84	
NGC3598	G	168.79862	17.26269	13.47	B	1.61	1.26	38	
NGC3599	G	168.86233	18.11039	12.01	V	2.40	2.18	105	
NGC3600	G	168.96671	41.59103	12.98	B	1.87	0.59	4	
NGC3601	G	168.88875	5.11542	14.25	B	0.51	0.43	17	
NGC3602	G	168.95133	17.41611	15.63	B	1.04	0.43	48	
NGC3603	Cl+N	168.77746	-61.26122			3.30			
NGC3604	G	169.37571	4.55558	12.22	V	1.40	0.75	11	
NGC3605	G	169.19413	18.01717	12.30	V	1.25	0.71	19	
NGC3606	G	169.06513	-33.82744	13.39	B	1.59	1.49	10	
NGC3607	G	169.22767	18.05175	10.00	V	4.59	4.03	120	
NGC3608	G	169.24563	18.14869	10.63	V	3.18	2.67	78	
NGC3609	G	169.46092	26.62581	13.97	B	1.17	0.97	49	
NGC3610	G	169.60529	58.78628	10.77	V	2.39	2.37	135	
NGC3612	G	169.56133	26.62056	14.93	B	0.93	0.64	169	
NGC3613	G	169.65046	58.00000	10.81	V	3.55	1.78	100	
NGC3614	G	169.58883	45.74822	12.15	V	2.50	1.74	88	
NGC3614A	G	169.54946	45.71689	16.00	B	0.69	0.62	34	
NGC3615	G	169.52771	23.39733	13.89	B	1.51	0.91	40	
NGC3617	G	169.46192	-26.13442	12.75	V	1.79	1.22	137	
NGC3618	G	169.63558	23.46908	14.28	B	0.89	0.77	3	
NGC3619	G	169.83983	57.75783	12.53	B	3.89	3.08	25	
NGC3620	G	169.01950	-76.21631	13.88	V	3.16	0.84	80	
NGC3621	G	169.56879	-32.81406	9.55	V	9.79	4.03	161	
NGC3622	G	170.05154	67.24156	13.13	V	1.25	0.51	9	
NGC3623	G	169.73300	13.09236	9.32	V	7.64	1.97	173	M65
NGC3624	G	169.71242	7.52139	14.80	B	0.91	0.51	166	
NGC3625	G	170.13058	57.78142	13.92	B	1.91	0.50	151	
NGC3626	G	170.01587	18.35683	10.98	V	2.94	1.94	157	
NGC3627	G	170.06233	12.99153	8.92	V	10.28	4.61	168	M66
NGC3628	G	170.07071	13.58969	9.45	V	11.04	3.44	104	
NGC3629	G	170.13254	26.96336	12.94	B	1.77	1.14	35	
NGC3630	G	170.07075	2.96439	12.80	B	1.92	0.88	38	
NGC3631	G	170.26196	53.16956	10.42	V	3.72	3.08	118	
NGC3633	G	170.10925	3.58561	14.29	B	1.19	0.44	71	
NGC3634	G	170.12629	-9.01375	15.50	B	0.35	0.21		
NGC3635	G	170.13079	-9.01361	14.64	B	1.35	1.35	55	
NGC3636	G	170.10433	-10.28178	12.40	V	2.51	1.29	91	
NGC3637	G	170.16488	-10.25736	12.63	V	2.45	2.14	20	
NGC3638	G	170.04179	-8.10569	14.18	B	1.60	0.38	140	
NGC3639	G	170.39867	18.45858	14.05	B	1.10	0.85	27	
NGC3640	G	170.27854	3.23483	10.41	V	4.33	3.81	98	
NGC3641	G	170.28671	3.19458	13.21	V	0.99	0.82	178	
NGC3642	G	170.57454	59.07453	12.19	V	4.27	3.65	120	
NGC3643	G	170.35412	3.01392	14.66	B	0.95	0.74	107	
NGC3644	G	170.38696	2.81044	15.02	B	1.43	0.61	65	
NGC3646	G	170.42950	20.16956	11.20	V	3.09	1.48	45	
NGC3647	G	170.41075	2.89172	15.67	B	0.39	0.38	75	
NGC3648	G	170.63129	39.87689	12.64	V	1.19	0.73	73	
NGC3649	G	170.56142	20.20853	14.67	B	0.76	0.54	141	
NGC3650	G	170.64746	20.70392	14.48	B	1.91	0.32	54	
NGC3651	GPair	170.60958	24.29722			1.00			
NGC3651 NED01	G	170.60967	24.29908	14.16	B	1.35	1.10	137	
NGC3651 NED02	G	170.60992	24.29544	15.22	B	0.78	0.36	99	
NGC3652	G	170.66262	37.76511	12.66	V	2.48	0.77	153	
NGC3653	G	170.62529	24.27928	14.58	B	1.21	0.65	79	
NGC3654	G	171.04475	69.41308	13.32	B	1.46	0.84	45	
NGC3655	G	170.72758	16.59003	11.67	V	1.45	1.00	32	
NGC3656	G	170.91104	53.84211	12.75	V	1.46	0.97	168	
NGC3657	G	170.98158	52.92100	13.24	B	0.99	0.88	169	
NGC3658	G	170.99275	38.56233	12.16	V	1.72	1.59	30	
NGC3659	G	170.93975	17.81867	12.82	B	1.96	1.04	59	
NGC3660	G	170.88450	-8.65856	12.66	V	2.56	2.17	105	
NGC3661	G	170.91012	-13.83111	14.34	B	1.77	0.75	139	
NGC3662	G	170.94358	-1.10486	13.77	B	1.32	0.76	19	
NGC3663	G	170.99962	-12.29644	13.16	B	1.98	1.43	85	
NGC3664	G	171.10104	3.32500	12.70	V	1.45	0.94	34	
NGC3664A	G	171.10458	3.22250	15.77	B	0.63	0.51	1	
NGC3665	G	171.18196	38.76286	10.83	V	4.06	3.00	29	
NGC3666	G	171.10863	11.34222	12.69	B	3.44	0.99	97	
NGC3667	G	171.07092	-13.85731	14.00	B	2.10	1.20	82	
NGC3667A	G	171.08954	-13.85581	14.80	B	0.92	0.68	41	
NGC3668	G	171.37683	63.44633	13.11	B	1.82	1.11	133	
NGC3669	G	171.36150	57.72125	13.34	B	1.79	0.45	154	
NGC3670	G	171.20692	23.94522	14.35	B	1.06	0.66	36	
NGC3671	G	171.46896	60.47958	15.61	B	0.82	0.67	1	
NGC3672	G	171.26029	-9.79539	11.34	V	2.90	1.69	7	
NGC3673	G	171.30354	-26.73672	11.57	V	3.48	2.32	74	
NGC3674	G	171.61088	57.04839	13.01	B	1.59	0.47	32	
NGC3675	G	171.53575	43.58592	10.09	V	5.90	3.27	178	
NGC3676	G	171.40625	-11.13967	14.68	B	1.01	0.76	151	
NGC3677	G	171.57400	46.97411	13.82	B	1.49	1.29	130	
NGC3678	G	171.56567	27.86714	14.14	B	0.71	0.68	50	
NGC3679	G	170.45025	-5.75769	14.85	B	1.21	0.95	90	
NGC3680	OCl	171.40450	-43.25011	7.60	V	5.70			
NGC3681	G	171.62417	16.86319	11.92	V	1.74	1.68	10	
NGC3682	G	171.92167	66.58983	12.49	V	2.23	1.41	93	
NGC3683	G	171.88271	56.87706	12.97	B	1.74	0.71	124	
NGC3683A	G	172.29900	57.13233	12.72	B	2.03	1.48	68	
NGC3684	G	171.79667	17.03017	11.81	V	2.29	1.50	126	
NGC3685	G	172.06758	4.32728	15.46	B	0.75	0.38	147	
NGC3686	G	171.93321	17.22419	11.43	V	2.88	2.18	21	
NGC3687	G	172.00254	29.51106	12.58	V	1.40	0.49	173	
NGC3688	G	171.93521	-9.16561	15.38	B	1.11	0.93	168	
NGC3689	G	172.04596	25.66117	12.31	V	1.48	0.97	94	
NGC3690	GPair	172.13458	58.56194			2.10			
NGC3690A	G	172.12925	58.56131	12.86	V	0.21	0.15	164	
NGC3690B	G	172.14012	58.56294	11.68	B	2.40	1.86	41	
NGC3691	G	172.03921	16.92047	12.63	B	1.49	1.04	20	
NGC3692	G	172.10004	9.40764	12.94	B	3.22	0.75	93	
NGC3693	G	172.04821	-13.19486	14.02	B	2.33	0.75	86	
NGC3694	G	172.22554	35.41400	13.56	B	1.00	0.78	116	
NGC3695	G	172.32121	35.57572	14.85	B	0.97	0.67	165	
NGC3696	G	172.18287	-11.28283	14.97	B	0.90	0.73	102	
NGC3697	G	172.20992	20.79503	13.06	V	2.07	0.61	93	
NGC3699	PN	171.98812	-59.95806	11.30	V	0.75			
NGC3700	G	172.41088	35.51464	14.87	B	0.98	0.71	146	
NGC3701	G	172.37050	24.09344	13.02	V	1.60	0.77	143	
NGC3702	G	172.55617	-8.86292	14.67	B	1.29	0.95	158	
NGC3703	G	172.28900	-8.44644	15.68	B	0.60	0.42	110	
NGC3704	G	172.51937	-11.54633	13.88	B	1.55	1.44	30	
NGC3705	G	172.53108	9.27664	10.97	V	4.31	1.74	121	
NGC3705A	G	172.62383	9.38794	15.72	B	0.89	0.28	128	
NGC3705B	G	172.43208	9.20581	16.59	B	0.59	0.27	69	
NGC3706	G	172.43512	-36.39131	11.30	V	3.10	2.10	78	
NGC3707	G	172.54817	-11.54350	15.83	B	0.67	0.53	77	
NGC3708	Other	172.66367	-3.22258						
NGC3709	Other	172.66362	-3.25592						
NGC3710	G	172.77892	22.76806	13.09	V	1.22	0.45	99	
NGC3711	G	172.35633	-11.07908	14.69	B	0.95	0.46	155	
NGC3712	G	172.78813	28.56794	15.63	B	1.97	0.70	159	
NGC3713	G	172.92508	28.15358	14.18	B	1.21	0.80	123	
NGC3714	G	172.97338	28.35847	14.33	B	1.23	0.85	65	
NGC3715	G	172.88475	-14.23136	13.45	B	1.23	0.81	133	
NGC3716	G	172.92138	3.48800	14.24	B	0.92	0.78	152	
NGC3717	G	172.88329	-30.30775	11.23	V	6.52	2.04	32	
NGC3718	G	173.14521	53.06792	10.70	V	4.70	2.34	9	
NGC3719	G	173.05608	0.81928	13.11	V	1.67	1.11	24	
NGC3720	G	173.09000	0.80400	13.02	V	1.07	0.99	125	
NGC3721	G	173.53258	-9.46714	15.47	B	0.91	0.53	130	
NGC3722	G	173.59713	-9.68006	15.44	B	1.11	0.81	58	
NGC3723	G	173.12729	-9.96953	14.36	B	1.30	1.10	75	
NGC3724	G	173.61950	-9.66019	15.02	B	1.46	0.35	63	
NGC3725	G	173.41888	61.88800	13.18	V	1.54	1.27	144	
NGC3726	G	173.33800	47.02919	10.49	V	5.27	3.54	14	
NGC3727	G	173.42054	-13.87889	15.14	B	0.92	0.63	87	
NGC3728	G	173.31575	24.44689	14.53	B	1.56	0.85	22	
NGC3729	G	173.45550	53.12556	11.56	V	2.89	2.09	14	
NGC3730	G	173.57033	-9.57611	14.69	B	1.42	1.06	13	
NGC3731	G	173.54867	12.51231	14.37	B	0.97	0.85	45	
NGC3732	G	173.55808	-9.84567	12.36	V	1.28	1.10	89	
NGC3733	G	173.75667	54.85050	12.43	V	3.40	1.07	167	
NGC3734	G	173.66950	-14.08183	14.85	B	1.11	0.97	59	
NGC3735	G	173.98875	70.53558	12.50	V	3.54	0.80	130	
NGC3736	G	173.92388	73.45183	15.82	B	1.15	0.55	151	
NGC3737	G	173.90158	54.94856	13.87	B	1.10	0.95	89	
NGC3738	G	173.95329	54.52389	11.45	V	2.26	1.63	156	
NGC3739	G	173.90667	25.08864	15.16	B	1.22	0.35	18	
NGC3740	G	174.05117	59.97650	14.82	B	1.26	0.69	109	
NGC3741	G	174.02575	45.28364	14.03	V	0.94	0.81	2	
NGC3742	G	173.88546	-37.95639	12.06	V	2.60	1.83	113	
NGC3743	G	173.98900	21.72261	15.65	B	0.56	0.48	3	
NGC3744	G	173.99113	23.01156	15.50	B	0.73	0.32	13	
NGC3745	G	174.43512	22.02128	16.17	B	0.58	0.33	102	
NGC3746	G	174.43175	22.00983	14.98	B	1.13	0.53	115	
NGC3747	G	173.12942	74.37839	16.33	B	0.48	0.23	110	
NGC3748	G	174.45442	22.02614	15.77	B	0.85	0.31	138	
NGC3749	G	173.97171	-37.99736	12.76	V	2.82	0.48	109	
NGC3750	G	174.46517	21.97425	14.91	B	1.05	0.73	154	
NGC3751	G	174.47442	21.93647	15.00	B	0.91	0.53	9	
NGC3752	G	173.13421	74.62753	13.81	V	1.62	0.68	152	
NGC3753	G	174.47458	21.98139	14.54	B	1.60	0.46	109	
NGC3754	G	174.47883	21.98550	15.02	B	0.55	0.45	1	
NGC3755	G	174.13904	36.41033	12.79	V	2.90	1.16	124	
NGC3756	G	174.20008	54.29356	11.52	V	1.91	0.97	179	
NGC3757	G	174.26192	58.41553	13.44	B	1.14	0.89	125	
NGC3758	G	174.12125	21.59611	14.08	V	0.70	0.57	54	
NGC3759	G	174.22537	54.82331	13.29	V	1.03	0.95	10	
NGC3759A	G	174.24179	55.16206	14.36	B	1.08	0.97	35	
NGC3761	G	174.18383	22.99203	15.01	B	1.09	0.83	63	
NGC3762	G	174.34929	61.75936	13.25	B	1.83	0.42	166	
NGC3763	G	174.12579	-9.84669	13.16	V	1.07	0.95	159	
NGC3764	GPair	174.22542	17.88944			0.80			
NGC3764 NED01	G	174.22758	17.88861	14.88	B	0.69	0.56	132	
NGC3764 NED02	G	174.22358	17.89044	18.15	B	0.24	0.19	25	
NGC3765	G	174.26742	24.09625	14.89	B	0.85	0.57	61	
NGC3766	OCl	174.05996	-61.60517	5.30	V	6.90			Pearl Cluster
NGC3767	G	174.31483	16.87717	13.44	V	0.98	0.70	88	
NGC3768	G	174.31033	17.83989	13.66	B	1.36	0.84	154	
NGC3769	G	174.43379	47.89308	12.52	B	2.82	0.89	150	
NGC3769A	G	174.46400	47.88133	14.74	B	0.92	0.37	107	
NGC3770	G	174.49475	59.61692	13.58	B	0.95	0.63	119	
NGC3771	G	174.77500	-9.34819	12.59	V	1.47	0.86	10	
NGC3772	G	174.45200	22.69128	14.26	B	1.31	0.69	14	
NGC3773	G	174.55367	12.11206	13.31	B	1.23	0.97	161	
NGC3774	G	174.62608	-8.97614	14.74	B	1.11	0.67	79	
NGC3775	G	174.61125	-10.63878	14.70	B	1.28	0.50	30	
NGC3776	G	174.57492	-3.35439	16.08	B	0.48	0.38	155	
NGC3777	G	174.02854	-12.56908	14.42	B	1.18	0.63	35	
NGC3778	G	174.58921	-50.71536	14.16	B	1.21	0.99	40	
NGC3779	G	174.71271	-10.58375	14.39	B	1.62	0.82	92	
NGC3780	G	174.84317	56.27067	12.13	B	2.64	2.17	74	
NGC3781	G	174.76567	26.36175	14.73	B	0.68	0.55	25	
NGC3782	G	174.83650	46.51383	13.09	B	1.23	0.64	178	
NGC3783	G	174.75733	-37.73867	12.67	V	2.15	1.94	163	
NGC3784	G	174.87417	26.30914	15.11	B	0.93	0.50	137	
NGC3785	G	174.88704	26.30228	15.06	B	1.11	0.44	27	
NGC3786	G	174.92729	31.90928	13.74	V	1.96	1.00	72	
NGC3787	G	174.90813	20.45469	14.57	B	0.75	0.70	25	
NGC3788	G	174.93604	31.93119	12.50	V	2.00	0.58	179	
NGC3789	G	174.53775	-9.60714	14.26	B	1.80	0.52	178	
NGC3790	G	174.94692	17.71225	14.41	B	1.03	0.36	154	
NGC3791	G	174.92375	-9.36725	14.36	B	1.34	0.92	165	
NGC3794	G	175.22258	56.20203	13.01	V	2.03	1.12	118	
NGC3795	G	175.02779	58.61308	13.99	B	2.10	0.55	54	
NGC3795A	G	174.83879	58.26869	14.26	B	2.03	1.48	71	
NGC3796	G	175.12967	60.29892	12.86	V	1.46	0.88	126	
NGC3798	G	175.05808	24.69706	13.10	V	2.15	1.01	60	
NGC3799	G	175.03908	15.32731	14.47	B	0.67	0.38	105	
NGC3800	G	175.05629	15.34236	13.01	B	1.67	0.58	53	
NGC3801	G	175.07058	17.72806	12.26	V	2.31	1.29	120	
NGC3802	G	175.07825	17.76533	13.55	V	1.04	0.24	85	
NGC3803	G	175.07187	17.80125	16.40	B	0.62	0.50	19	
NGC3805	G	175.17367	20.34294	13.70	B	1.53	1.25	62	
NGC3806	G	175.19429	17.79628	13.62	V	1.14	0.94	170	
NGC3808	GPair	175.18500	22.43778			2.20			
NGC3808A	G	175.18433	22.42936	13.63	V	0.94	0.73	135	
NGC3808B	G	175.18600	22.44694	12.02	V	0.75	0.33	46	
NGC3809	G	175.31692	59.88578	13.53	B	1.22	1.12	125	
NGC3810	G	175.24483	11.47114	10.75	V	3.35	2.29	28	
NGC3811	G	175.31929	47.69081	12.33	V	2.03	1.51	172	
NGC3812	G	175.28213	24.82169	13.81	B	1.71	0.52	25	
NGC3813	G	175.32775	36.54681	11.70	V	2.12	1.22	85	
NGC3814	G	175.36533	24.80542	15.54	B	0.79	0.42	172	
NGC3815	G	175.41371	24.80050	14.08	B	1.44	0.77	70	
NGC3816	G	175.45017	20.10364	12.52	V	1.70	0.90	68	
NGC3817	G	175.47063	10.30439	13.30	V	1.10	0.85	122	
NGC3818	G	175.48900	-6.15567	11.75	V	2.44	1.55	96	
NGC3819	G	175.52442	10.35114	14.79	B	0.90	0.63	145	
NGC3820	G	175.52046	10.38425	15.42	B	0.69	0.52	25	
NGC3821	G	175.53796	20.31567	12.85	V	1.36	1.01	175	
NGC3822	G	175.54629	10.27778	13.70	V	1.36	0.76	176	
NGC3823	G	175.56292	-13.86694	13.84	B	1.93	1.18	86	
NGC3824	G	175.68692	52.77958	14.47	B	1.23	0.69	115	
NGC3825	G	175.59887	10.26414	12.98	V	1.35	0.89	147	
NGC3826	G	175.63687	26.48889	14.24	B	1.06	0.79	68	
NGC3827	G	175.65113	18.84544	13.30	V	1.01	0.73	74	
NGC3828	G	175.74342	16.48761	15.37	B	0.77	0.55	51	
NGC3829	G	175.86367	52.71114	14.96	B	1.04	0.55	97	
NGC3831	G	175.82750	-12.87836	13.87	B	2.28	0.63	23	
NGC3832	G	175.88100	22.72544	12.94	V	1.87	1.51	7	
NGC3833	G	175.87075	10.16186	14.56	B	1.34	0.67	29	
NGC3834	G	175.90721	19.09047	14.87	B	0.86	0.60	133	
NGC3835	G	176.02042	60.11978	13.07	V	1.91	0.64	62	
NGC3835A	G	176.84542	60.30044	13.94	B	1.10	1.08	170	
NGC3836	GPair	175.87417	-16.79556			1.50			
NGC3836 NED01	G	175.87296	-16.79425			0.43	0.18	111	
NGC3836 NED02	G	175.87433	-16.79647	13.70	B	1.20	0.93	138	
NGC3837	G	175.98513	19.89458	13.24	V	0.93	0.84	6	
NGC3838	G	176.05733	57.94822	12.32	V	1.43	0.59	141	
NGC3839	G	175.97637	10.78469	13.73	B	1.04	0.51	85	
NGC3840	G	175.99567	20.07703	13.94	V	0.79	0.68	67	
NGC3841	G	176.00896	19.97189	13.55	V	0.99	0.65	119	
NGC3842	G	176.00896	19.94981	11.84	V	2.14	1.49	177	
NGC3843	G	175.97762	7.92569	14.08	B	0.99	0.37	43	
NGC3844	G	176.00329	20.02933	13.87	V	1.16	0.30	28	
NGC3845	G	176.02279	19.99611	14.03	V	0.95	0.47	125	
NGC3846	G	176.12117	55.65225	13.63	B	0.97	0.63	134	
NGC3846A	G	176.06175	55.03497	14.10	B	1.94	1.55	47	
NGC3847	G	176.05821	33.51453	14.36	B	1.52	1.36	130	
NGC3849	G	176.39687	3.23183	14.83	B	0.67	0.40	29	
NGC3850	G	176.39817	55.88689	14.46	B	1.71	0.69	124	
NGC3851	G	176.08508	19.98086	15.19	B	0.63	0.48	83	
NGC3853	G	176.11804	16.55811	12.43	V	1.43	0.82	140	
NGC3854	G	176.21687	-9.23328	12.99	B	1.87	1.64	57	
NGC3855	G	176.10742	33.35508	14.85	B	1.22	0.95	73	
NGC3857	G	176.20896	19.53286	14.08	V	0.90	0.55	48	
NGC3858	G	176.29867	-9.31397	14.25	B	1.41	0.77	71	
NGC3859	G	176.21767	19.45419	14.14	V	1.05	0.33	58	
NGC3860	G	176.20483	19.79503	13.45	V	1.32	0.72	40	
NGC3861	G	176.26617	19.97369	12.75	V	2.04	1.01	61	
NGC3862	G	176.27087	19.60631	13.34	V	1.09	1.09	155	
NGC3863	G	176.27300	8.46950	13.87	B	2.51	0.52	74	
NGC3864	G	176.31533	19.39211	15.58	B	0.77	0.58	82	
NGC3867	G	176.37342	19.40017	13.20	V	1.44	0.82	176	
NGC3868	G	176.37475	19.44469	14.78	B	0.84	0.44	80	
NGC3869	G	176.43983	10.82461	13.46	B	1.67	0.46	136	
NGC3870	G	176.48583	50.19975	13.03	V	1.03	0.75	24	
NGC3871	G	176.54225	33.10875	15.25	B	0.94	0.20	104	
NGC3872	G	176.45442	13.76669	11.71	V	2.39	1.77	4	
NGC3873	G	176.44208	19.77394	12.85	V	1.14	1.06	0	
NGC3875	G	176.45604	19.76742	14.50	B	1.59	0.36	86	
NGC3876	G	176.36113	9.16072	13.78	B	1.12	0.64	105	
NGC3877	G	176.53208	47.49433	11.00	V	5.36	1.23	36	
NGC3878	G	176.57408	33.20447	14.04	B	0.60	0.60	145	
NGC3879	G	176.70592	69.38369	13.39	B	2.04	0.50	131	
NGC3880	G	176.59263	33.16178	14.69	B	0.94	0.90	115	
NGC3881	G	176.64337	33.10642	14.95	B	1.20	1.04	15	
NGC3882	G	176.52729	-56.38814	11.81	V	3.32	1.82	107	
NGC3883	G	176.69658	20.67542	13.07	V	1.77	1.56	159	
NGC3884	G	176.55075	20.39164	12.59	V	1.91	1.41	10	
NGC3885	G	176.69371	-27.92217	11.87	V	2.74	1.11	120	
NGC3886	G	176.77333	19.83719	14.12	B	1.35	0.71	125	
NGC3887	G	176.76904	-16.85461	10.93	V	3.27	2.57	10	
NGC3888	G	176.89321	55.96722	12.10	V	1.61	1.31	119	
NGC3889	G	176.95054	56.01833	15.55	B	0.73	0.41	123	
NGC3890	G	177.33271	74.30219	14.06	B	0.87	0.78	50	
NGC3891	G	177.01400	30.35933	12.76	V	1.72	1.29	71	
NGC3892	G	177.00413	-10.96206	11.24	V	3.08	2.70	98	
NGC3893	G	177.15913	48.71083	10.63	V	2.69	1.43	158	
NGC3894	G	177.20983	59.41567	11.62	V	2.66	1.83	18	
NGC3895	G	177.26679	59.43267	13.03	V	1.19	0.81	124	
NGC3896	G	177.23496	48.67467	12.63	V	1.39	0.86	129	
NGC3897	G	177.24775	35.01606	13.03	V	1.53	1.16	107	
NGC3898	G	177.31404	56.08436	10.72	V	3.47	2.11	107	
NGC3899	G	177.51854	26.47925	13.16	B	1.51	0.67	4	
NGC3900	G	177.28942	27.02203	11.44	V	2.55	1.25	2	
NGC3901	G	175.70717	77.37269	14.52	B	1.37	0.67	166	
NGC3902	G	177.32817	26.12161	13.99	B	1.27	0.82	89	
NGC3903	G	177.26475	-37.51711	13.53	B	1.28	1.11	133	
NGC3904	G	177.30508	-29.27675	10.79	V	3.47	2.51	11	
NGC3905	G	177.27046	-9.72983	12.84	V	1.89	1.29	63	
NGC3906	G	177.41875	48.42597	13.52	B	1.35	0.84	80	
NGC3907	G	177.37558	-1.08653	13.64	V	1.06	0.67	40	
NGC3907B	G	177.34808	-1.08378	13.94	V	1.49	0.41	71	
NGC3908	G	177.46950	12.18592	16.27	B	0.65	0.52	79	
NGC3909	OCl	177.53392	-48.23814			6.60			
NGC3910	G	177.49712	21.33364	14.32	B	1.43	0.94	144	
NGC3911	G	177.34204	24.93847	15.31	B	0.87	0.71	112	
NGC3913	G	177.66225	55.35386	12.51	V	1.64	1.38	146	
NGC3914	G	177.63604	6.56758	13.87	B	0.84	0.39	37	
NGC3915	G	177.35221	-5.11844	14.62	B	1.90	0.43	96	
NGC3916	G	177.71271	55.14364	14.62	B	1.21	0.31	47	
NGC3917	G	177.68929	51.82467	11.81	V	4.61	1.03	76	
NGC3918	PN	177.57479	-57.18233	8.10	V	0.32			Blue Planetary
NGC3919	G	177.67304	20.01519	14.39	B	0.95	0.87	150	
NGC3920	G	177.52471	24.92000	14.11	B	1.05	0.89	131	
NGC3921	G	177.77862	55.07875	12.49	V	2.02	1.20	30	
NGC3922	G	177.80596	50.15689	13.60	B	1.91	0.65	39	
NGC3923	G	177.75704	-28.80603	9.60	V	6.89	4.55	48	
NGC3925	G	177.83737	21.88914	15.05	B	1.23	0.82	15	
NGC3926	GPair	177.86417	22.02694			1.20			
NGC3926A	G	177.86067	22.02797	15.67	B	0.62	0.51	86	
NGC3926B	G	177.86762	22.02597	15.18	B	0.83	0.38	135	
NGC3928	G	177.94842	48.68314	12.48	V	1.36	1.25	0	Miniature Spiral
NGC3929	G	177.92721	21.00272	14.66	B	0.58	0.44	85	
NGC3930	G	177.94171	38.01511	13.51	B	2.66	1.98	38	
NGC3931	G	177.80604	52.00086	14.42	B	1.13	0.88	157	
NGC3933	G	178.00854	16.80969	13.55	V	1.01	0.50	83	
NGC3934	G	178.05233	16.85144	14.85	B	0.92	0.67	73	
NGC3935	G	178.10029	32.40381	13.93	B	1.03	0.60	112	
NGC3936	G	178.08579	-26.90589	12.29	V	4.55	0.78	64	
NGC3937	G	178.17758	20.63131	12.48	V	1.75	1.54	20	
NGC3938	G	178.20604	44.12072	10.36	V	3.55	3.44	28	
NGC3940	G	178.19354	20.98928	12.85	V	1.22	1.04	99	
NGC3941	G	178.23067	36.98633	10.37	V	3.51	2.33	10	
NGC3942	G	177.87558	-11.42472	13.78	B	1.34	0.69	124	
NGC3943	G	178.23571	20.47911	14.46	B	0.97	0.91	130	
NGC3944	G	178.27117	26.20694	14.13	B	1.07	0.76	30	
NGC3945	G	178.30721	60.67556	10.75	V	5.55	3.29	15	
NGC3946	G	178.33596	21.02153	14.45	V	0.66	0.54	83	
NGC3947	G	178.33467	20.75172	13.20	V	1.37	0.80	106	
NGC3949	G	178.42383	47.85869	10.89	V	2.26	1.32	116	
NGC3950	G	178.42254	47.88458	16.18	B	0.40	0.34	52	
NGC3951	G	178.42188	23.38222	13.63	V	1.02	0.51	175	
NGC3952	G	178.41929	-3.99653	13.02	V	1.63	0.41	84	
NGC3953	G	178.45383	52.32678	10.10	V	6.14	3.13	14	
NGC3954	G	178.42367	20.88250	14.34	B	0.91	0.75	19	
NGC3955	G	178.48812	-23.16417	11.84	V	4.15	1.21	166	
NGC3956	G	178.50287	-20.56733	12.46	V	3.46	1.00	64	
NGC3957	G	178.50629	-19.56889	12.94	B	3.24	0.61	176	
NGC3958	G	178.64033	58.36703	13.02	V	1.26	0.51	30	
NGC3959	G	178.65688	-7.75650	13.97	B	0.88	0.59	153	
NGC3960	OCl	177.63838	-55.66983	8.30	V	6.00			
NGC3961	G	178.74017	69.33011	14.63	B	1.30	1.28	165	
NGC3962	G	178.66708	-13.97503	10.65	V	4.17	3.00	10	
NGC3963	G	178.74462	58.49364	12.01	V	2.52	2.22	96	
NGC3964	G	178.72283	28.26242	14.90	B	0.89	0.67	78	
NGC3965	G	178.59629	-10.86686	16.29	B	0.60	0.39	123	
NGC3966	G	179.18413	32.02178	13.82	B	2.48	0.52	109	
NGC3967	G	178.79333	-7.84378	14.42	B	1.28	1.01	108	
NGC3968	G	178.86958	11.96836	13.22	B	1.91	1.31	17	
NGC3969	G	178.78850	-18.92742	14.00	B	1.32	1.16	64	
NGC3970	G	178.86696	-12.06128	14.45	B	1.19	0.52	101	
NGC3971	G	178.90162	29.99592	13.13	V	1.05	0.91	76	
NGC3972	G	178.93787	55.32075	12.32	V	3.67	0.99	117	
NGC3973	G	178.90417	11.99739	15.53	B	0.69	0.42	166	
NGC3974	G	178.91725	-12.02744	14.27	B	1.18	0.96	170	
NGC3975	G	178.97371	60.52942	15.53	B	0.76	0.42	94	
NGC3976	G	178.98871	6.74944	12.45	B	3.13	0.90	57	
NGC3977	G	179.03000	55.39078	14.47	B	1.53	1.19	177	
NGC3978	G	179.04300	60.52253	12.74	V	1.58	1.46	25	
NGC3979	G	179.00438	-2.72086	13.96	B	1.23	0.65	99	
NGC3981	G	179.03104	-19.89617	11.65	V	3.32	2.11	15	
NGC3982	G	179.11721	55.12525	11.70	V	2.13	1.87	25	
NGC3983	G	179.09867	23.86794	14.62	B	1.17	0.27	113	
NGC3985	G	179.17546	48.33394	13.12	B	1.06	0.70	67	
NGC3987	G	179.33717	25.19539	12.93	V	2.72	0.68	59	
NGC3988	G	179.35092	27.87753	14.61	B	0.76	0.59	50	
NGC3989	G	179.36121	25.23308	15.71	B	0.76	0.38	123	
NGC3990	G	179.39817	55.45867	12.58	V	1.38	0.81	42	
NGC3991	GPair	179.37950	32.33778			1.80			
NGC3991 NED01	G	179.37658	32.33383	13.12	V	1.17	0.29	31	
NGC3991 NED02	G	179.38221	32.34172	14.93	B	0.83	0.50	15	
NGC3992	G	179.39992	53.37453	9.88	V	8.07	5.64	78	M109
NGC3993	G	179.40758	25.24061	14.65	B	1.68	0.51	140	
NGC3994	G	179.40363	32.27761	12.80	V	0.85	0.46	10	
NGC3995	G	179.43375	32.29406	12.41	V	2.59	0.95	38	
NGC3996	G	179.44192	14.29742	14.32	B	0.83	0.64	51	
NGC3997	G	179.45096	25.27064	13.46	V	1.10	0.56	126	
NGC3998	G	179.48388	55.45358	11.33	V	2.78	2.26	139	
NGC3999	G	179.48538	25.06828	15.84	B	0.63	0.40	86	
NGC4000	G	179.48758	25.14447	15.23	B	1.04	0.37	1	
NGC4001	G	179.52825	47.33486	15.87	B	0.59	0.40	149	
NGC4002	G	179.49708	23.20206	14.58	B	1.34	0.61	111	
NGC4003	G	179.49600	23.12489	14.59	B	1.04	0.61	160	
NGC4004	G	179.52179	27.87886	13.61	V	1.17	0.51	8	
NGC4004B	G	179.46408	27.86867	15.04	B	0.76	0.47	75	
NGC4005	G	179.54237	25.12225	13.14	V	1.12	0.74	92	
NGC4006	G	179.52408	-2.12008	14.18	B	1.52	0.96	13	
NGC4008	G	179.57100	28.19250	12.02	V	2.07	1.11	166	
NGC4010	G	179.65787	47.26150	13.17	B	3.07	0.65	66	
NGC4011	G	179.60596	25.09764	15.78	B	0.77	0.37	35	
NGC4012	G	179.61471	10.02150	14.43	B	1.73	0.52	151	
NGC4013	G	179.63075	43.94658	11.31	V	4.89	1.23	58	
NGC4014	G	179.64921	16.17731	13.41	B	1.63	0.99	119	
NGC4015	GPair	179.67875	25.04028			1.40			
NGC4015 NED01	G	179.67750	25.03661	14.08	B	1.62	1.26	156	
NGC4015 NED02	G	179.68008	25.04383	14.15	B	0.78	0.16	35	
NGC4016	G	179.62092	27.52878	13.82	B	0.76	0.47	155	
NGC4017	G	179.69029	27.45244	13.04	B	1.57	1.08	69	
NGC4018	G	179.66958	25.31642	13.81	V	1.39	0.41	162	
NGC4019	G	180.29342	14.10431	14.09	B	1.48	0.30	145	
NGC4020	G	179.73613	30.41189	13.10	B	1.87	0.82	19	
NGC4021	G	179.76079	25.08322	15.38	B	0.93	0.84	81	
NGC4022	G	179.75421	25.22281	14.32	B	1.00	0.96	105	
NGC4023	G	179.77279	24.98897	14.56	B	0.92	0.75	30	
NGC4024	G	179.63021	-18.34683	11.80	V	1.75	1.51	64	
NGC4025	G	179.79246	37.79342	13.63	V	1.42	0.92	34	
NGC4026	G	179.85496	50.96169	10.78	V	4.41	0.87	178	
NGC4027	G	179.87571	-19.26522	11.17	V	3.54	2.80	163	
NGC4027A	G	179.87246	-19.33200	14.51	V	1.11	0.57	165	
NGC4029	G	180.01321	8.18172	14.44	B	1.25	0.60	156	
NGC4030	G	180.09846	-1.10008	10.51	V	3.78	2.65	19	
NGC4031	G	180.13062	31.94758	14.84	B	0.67	0.47	48	
NGC4032	G	180.13675	20.07394	12.47	V	1.35	1.06	179	
NGC4033	G	180.14475	-17.84261	11.79	V	2.59	1.30	44	
NGC4034	G	180.37358	69.32392	14.42	B	1.45	0.87	11	
NGC4035	G	180.12225	-15.94808	14.50	B	1.23	1.11	22	
NGC4036	G	180.36146	61.89578	10.84	V	4.85	2.08	83	
NGC4037	G	180.34862	13.40103	12.88	B	2.38	2.22	30	
NGC4038	G	180.47088	-18.86761	10.20	V	5.42	3.78	80	Antennae Galaxies
NGC4039	G	180.47296	-18.88619	11.04	B	5.36	2.73	50	Antennae Galaxies
NGC4040	G	180.52267	17.82322	14.98	B	1.20	0.61	140	
NGC4041	G	180.55083	62.13722	11.08	V	2.57	2.39	70	
NGC4042	G	180.69492	20.16325	16.36	B	0.41	0.32	124	
NGC4043	G	180.59567	4.32981	14.03	B	0.95	0.63	136	
NGC4044	G	180.62296	-0.21242	14.58	B	1.12	1.03	5	
NGC4045	G	180.67600	1.97681	11.81	V	2.55	1.58	86	
NGC4045A	G	180.67788	1.95222	14.29	V	0.92	0.42	146	
NGC4047	G	180.71117	48.63619	12.76	B	1.53	1.17	100	
NGC4048	G	180.70912	18.01558	14.44	B	0.67	0.52	92	
NGC4049	G	180.72792	18.75250	14.10	B	1.16	0.72	51	
NGC4050	G	180.72479	-16.37361	11.79	V	3.43	2.14	89	
NGC4051	G	180.79004	44.53133	11.37	V	4.89	4.26	146	
NGC4052	OCl	180.52163	-63.22347	8.80	V	5.10			
NGC4053	G	180.79821	19.72883	14.45	B	1.06	0.62	107	
NGC4054	GTrpl	180.80458	57.89444			1.00			
NGC4054 NED01	G	180.80192	57.89344	15.45	B	0.65	0.43	91	
NGC4054 NED02	G	180.80592	57.89806	17.39	B	0.43	0.19	167	
NGC4054 NED03	G	180.80763	57.89056	15.87	B	0.62	0.44	121	
NGC4055	G	181.00617	20.23233	13.78	B	0.92	0.79	1	
NGC4056	G	180.99071	20.31250	16.47	B	0.63	0.53	133	
NGC4057	G	181.02571	20.23508	12.57	V	1.29	0.99	120	
NGC4058	G	180.95442	3.54822	13.89	B	1.39	0.69	167	
NGC4060	G	181.00417	20.33742	15.49	B	0.55	0.35	88	
NGC4062	G	181.01596	31.89581	11.15	V	4.14	1.61	101	
NGC4063	G	181.02496	1.84697	14.86	B	0.92	0.40	8	
NGC4064	G	181.04650	18.44342	11.33	V	3.22	1.31	151	
NGC4066	G	181.03925	20.34794	14.17	B	1.16	1.09	170	
NGC4067	G	181.04808	10.85439	13.42	B	1.13	0.82	38	
NGC4068	G	181.00325	52.58828	12.71	V	1.92	1.16	29	
NGC4069	G	181.02517	20.32378	16.30	B	0.49	0.35	25	
NGC4070	G	181.04708	20.40983	14.06	B	1.24	0.99	46	
NGC4071	PN	181.06571	-67.31011	13.00	V	1.05			
NGC4072	G	181.05767	20.20972	15.54	B	0.44	0.22	29	
NGC4073	G	181.11279	1.89597	11.51	V	2.09	1.70	99	
NGC4074	G	181.12367	20.31622	14.44	V	0.55	0.31	110	
NGC4075	G	181.15762	2.07253	14.52	B	1.21	0.66	110	
NGC4076	G	181.13550	20.20494	13.45	V	0.87	0.79	78	
NGC4077	G	181.15854	1.78772	14.13	B	1.26	0.86	19	
NGC4078	G	181.19850	10.59558	13.77	B	1.17	0.58	17	
NGC4079	G	181.20771	-2.38239	13.81	B	1.73	1.18	135	
NGC4080	G	181.21596	26.99253	13.88	B	1.23	0.58	121	
NGC4081	G	181.14129	64.43675	13.06	V	1.43	0.63	130	
NGC4082	G	181.29771	10.67061	14.94	B	0.78	0.35	70	
NGC4083	G	181.30854	10.61322	15.12	B	0.88	0.46	35	
NGC4084	G	181.31358	21.21444	14.64	B	1.08	1.07	120	
NGC4085	G	181.34463	50.35294	12.37	V	2.22	0.57	78	
NGC4086	G	181.37238	20.24675	14.95	B	1.17	0.87	85	
NGC4087	G	181.39721	-26.52264	13.15	B	2.00	1.69	40	
NGC4088	G	181.39246	50.53903	10.60	V	7.01	2.65	44	
NGC4089	G	181.40596	20.55572	14.64	B	0.86	0.84	75	
NGC4090	G	181.36633	20.30875	14.78	B	1.12	0.50	38	
NGC4091	G	181.41704	20.55572	15.00	B	0.94	0.24	42	
NGC4092	G	181.45879	20.47700	13.57	V	1.01	0.99	40	
NGC4093	G	181.46446	20.52197	15.15	B	0.75	0.61	50	
NGC4094	G	181.47483	-14.52642	12.01	V	4.40	1.51	62	
NGC4095	G	181.47592	20.57253	14.35	B	1.36	1.07	149	
NGC4096	G	181.50471	47.47844	10.57	V	5.65	1.43	20	
NGC4097	G	181.51046	36.86367	14.40	B	1.22	0.92	94	
NGC4098	GPair	181.51625	20.60611			1.20			
NGC4098 NED01	G	181.51492	20.60808	14.38	B	1.32	0.85	156	
NGC4098 NED02	G	181.51758	20.60392	15.06	B	1.23	0.79	161	
NGC4100	G	181.53521	49.58269	11.09	V	4.56	1.30	167	
NGC4101	G	181.54404	25.55700	14.54	B	1.18	0.74	59	
NGC4102	G	181.59579	52.71108	11.87	V	2.94	1.67	37	
NGC4103	OCl	181.66487	-61.25008	7.40	V	7.80			
NGC4104	G	181.66237	28.17419	12.14	V	2.50	1.09	34	
NGC4105	G	181.66987	-29.76022	10.62	V	4.33	3.41	136	
NGC4106	G	181.68667	-29.76831	11.30	V	4.14	3.33	94	
NGC4108	G	181.68571	67.16308	13.05	B	1.63	1.33	105	
NGC4108A	G	181.45692	67.25208	14.58	B	1.28	0.56	12	
NGC4108B	G	181.79842	67.23517	14.50	B	1.33	1.02	122	
NGC4109	G	181.71300	42.99564	14.97	B	0.70	0.53	146	
NGC4110	G	181.76438	18.53172	14.50	B	1.31	0.65	128	
NGC4111	G	181.76304	43.06572	10.81	V	1.78	0.64	152	
NGC4112	G	181.78946	-40.20817	12.71	V	1.70	0.99	5	
NGC4113	G	181.78533	32.99589	14.84	B	0.81	0.47	62	
NGC4114	G	181.80121	-14.18547	14.06	B	2.16	1.07	135	
NGC4116	G	181.90479	2.69050	12.02	V	2.57	1.49	152	
NGC4117	G	181.94213	43.12636	14.30	V	1.58	0.63	20	
NGC4118	G	181.97029	43.11106	15.75	B	0.69	0.38	148	
NGC4119	G	182.04008	10.37889	11.50	V	1.58	1.10	120	
NGC4120	G	182.12925	69.54483	14.01	B	1.57	0.38	167	
NGC4121	G	181.98596	65.11394	12.99	V	0.52	0.46	65	
NGC4123	G	182.04629	2.87828	11.39	V	3.18	2.32	125	
NGC4125	G	182.02508	65.17414	9.71	V	5.87	4.58	95	
NGC4126	G	182.15600	16.14278	14.48	B	0.81	0.61	4	
NGC4127	G	182.10983	76.80403	13.42	B	1.51	0.82	134	
NGC4128	G	182.13471	68.76761	11.96	V	2.21	0.67	62	
NGC4129	G	182.22175	-9.03650	12.48	V	2.58	0.71	94	
NGC4131	G	182.19704	29.30478	13.27	V	1.36	0.59	69	
NGC4132	G	182.25583	29.25011	13.99	V	1.14	0.41	21	
NGC4133	G	182.20817	74.90431	13.01	B	1.66	1.09	132	
NGC4134	G	182.29171	29.17692	13.10	V	1.85	0.79	149	
NGC4135	G	182.28671	44.00319	14.02	V	0.76	0.54	96	
NGC4136	G	182.32371	29.92761	11.90	B	2.34	2.18	30	
NGC4137	G	182.32296	44.09017	14.34	V	0.79	0.52	175	
NGC4138	G	182.37408	43.68531	11.80	V	2.92	1.64	150	
NGC4139	G	181.14179	1.80161	14.72	B	1.20	0.48	159	
NGC4141	G	182.44717	58.84919	14.60	B	1.18	0.75	70	
NGC4142	G	182.37579	53.10494	13.91	B	1.76	0.91	174	
NGC4143	G	182.40025	42.53417	12.08	V	2.73	1.68	144	
NGC4144	G	182.49417	46.45717	11.61	V	5.24	1.00	103	
NGC4145	G	182.50633	39.88386	11.22	V	4.62	2.11	100	
NGC4146	G	182.57608	26.43075	13.86	B	1.29	1.17	75	
NGC4147	GCl	182.52571	18.54214	10.74	V	2.40			
NGC4148	G	182.53321	35.87761	14.39	B	1.63	1.07	163	
NGC4149	G	182.63683	58.30414	13.92	B	1.37	0.27	86	
NGC4150	G	182.64021	30.40153	11.69	V	1.99	1.33	148	
NGC4151	G	182.63575	39.40572	11.48	V	2.88	2.21	50	
NGC4152	G	182.65625	16.03292	12.50	V	1.36	0.89	138	
NGC4155	G	182.69037	19.04083	14.43	B	1.24	1.05	76	
NGC4156	G	182.70671	39.47272	13.53	V	1.11	0.95	71	
NGC4157	G	182.76821	50.48467	11.29	V	6.22	1.14	65	
NGC4158	G	182.79237	20.17567	13.28	B	1.45	1.14	77	
NGC4159	G	182.72342	76.12586	14.22	B	1.36	0.55	34	
NGC4161	G	182.88942	57.73750	13.74	B	1.06	0.68	51	
NGC4162	G	182.96863	24.12367	11.70	V	2.28	1.37	173	
NGC4163	G	183.03817	36.16919	13.15	V	1.67	1.12	8	
NGC4164	G	183.02275	13.20564	15.36	B	0.71	0.46	114	
NGC4165	G	183.04917	13.24653	13.63	V	1.24	0.67	161	
NGC4166	G	183.03983	17.75703	14.16	B	1.05	0.52	34	
NGC4168	G	183.07196	13.20519	11.45	V	2.92	2.28	121	
NGC4169	G	183.07825	29.17942	12.20	V	1.64	0.81	151	
NGC4172	G	183.06204	56.17756	14.26	B	1.23	1.16	0	
NGC4173	G	183.08942	29.20706	13.34	V	2.34	0.52	134	
NGC4174	G	183.11204	29.14922	13.64	V	0.91	0.41	50	
NGC4175	G	183.12937	29.16844	13.45	V	1.61	0.33	130	
NGC4176	G	183.15346	-9.16047	15.44	B	0.70	0.46	76	
NGC4177	G	183.17192	-14.01456	13.29	B	1.82	1.27	61	
NGC4178	G	183.19354	10.86597	11.43	V	4.66	1.24	32	
NGC4179	G	183.21712	1.29969	10.93	V	4.48	1.22	146	
NGC4180	G	183.26271	7.03894	13.22	B	1.45	0.49	21	
NGC4181	G	183.20413	52.90331	14.83	B	1.12	0.77	8	
NGC4183	G	183.32033	43.69858	12.29	V	4.29	0.63	166	
NGC4184	OCl	183.38579	-62.72142			6.00			
NGC4185	G	183.34250	28.51097	13.41	B	1.85	1.26	165	
NGC4186	G	183.52721	14.72581	14.52	B	1.02	0.79	57	
NGC4187	G	183.37200	50.74150	14.26	B	1.64	1.05	147	
NGC4188	G	183.53067	-12.58600	14.31	B	0.67	0.55	110	
NGC4189	G	183.44696	13.42481	11.84	V	2.20	1.79	87	
NGC4190	G	183.43654	36.63403	13.13	V	1.53	1.41	30	
NGC4191	G	183.46000	7.20089	13.56	B	1.52	1.23	3	
NGC4192	G	183.45121	14.90033	10.84	V	11.04	2.66	152	M98
NGC4193	G	183.47329	13.17286	12.29	V	2.23	0.99	90	
NGC4194	G	183.53946	54.52683	12.77	V	1.64	1.14	170	Medusa Galaxy Merger
NGC4195	G	183.57533	59.61544	15.29	B	1.51	1.32	173	
NGC4196	G	183.62396	28.42344	13.62	B	1.14	0.81	59	
NGC4197	G	183.66062	5.80572	13.36	B	2.84	0.73	36	
NGC4198	G	183.59187	56.01144	14.44	B	0.80	0.43	137	
NGC4199	GPair	183.70917	59.90750			1.10			
NGC4199A	G	183.70263	59.90619	15.30	B	1.02	0.69	49	
NGC4199B	G	183.71542	59.90839	16.43	B	0.85	0.41	83	
NGC4200	G	183.68429	12.18075	12.96	V	1.43	0.86	97	
NGC4201	G	183.67442	-11.58286	14.47	B	1.00	0.73	81	
NGC4202	G	184.53563	-1.06411	14.53	B	1.03	0.56	129	
NGC4203	G	183.77108	33.19733	11.55	V	3.42	1.43	10	
NGC4204	G	183.81017	20.65858	12.89	B	4.06	4.06	120	
NGC4205	G	183.73142	63.78278	13.71	B	1.67	0.66	31	
NGC4206	G	183.82004	13.02397	12.17	V	4.69	0.88	0	
NGC4207	G	183.87708	9.58489	13.40	B	1.50	0.77	122	
NGC4208	G	183.91400	13.90150	11.10	V	2.80	1.69	74	
NGC4210	G	183.81596	65.98533	13.38	B	1.94	1.39	96	
NGC4211	G	183.89937	28.17764	14.30	B	1.03	0.60	123	
NGC4211A	G	183.90550	28.16964	15.85	B	0.44	0.29	157	
NGC4213	G	183.90650	23.98189	12.57	V	1.57	1.10	67	
NGC4214	G	183.91321	36.32689	9.77	V	6.79	5.28	128	
NGC4215	G	183.97725	6.40114	11.96	V	1.69	0.57	174	
NGC4216	G	183.97683	13.14939	9.93	V	7.82	1.84	20	
NGC4217	G	183.96208	47.09178	11.23	V	5.43	1.61	50	
NGC4218	G	183.94338	48.13083	13.45	B	0.96	0.62	135	
NGC4219	G	184.11383	-43.32425	11.83	V	3.75	1.23	31	
NGC4219A	G	184.49954	-43.54003	14.73	B	1.29	0.56	31	
NGC4220	G	184.04879	47.88325	11.33	V	3.30	0.99	140	
NGC4221	G	183.99942	66.23081	13.32	B	1.85	1.21	24	
NGC4222	G	184.09383	13.30706	13.80	B	2.83	0.42	56	
NGC4223	G	184.35754	6.69008	11.95	V	2.02	1.25	131	
NGC4224	G	184.14079	7.46208	11.77	V	2.90	1.17	55	
NGC4225	G	184.15988	-12.32767	14.97	B	0.84	0.61	66	
NGC4226	G	184.10950	47.02519	14.34	B	1.12	0.53	123	
NGC4227	G	184.14042	33.52206	13.72	B	1.49	0.82	71	
NGC4229	G	184.16163	33.56089	14.22	B	1.24	0.79	9	
NGC4230	OCl	184.28904	-55.28614	9.40	V	5.40			
NGC4231	G	184.20363	47.45739	14.65	B	0.78	0.63	3	
NGC4232	G	184.20429	47.43881	14.52	B	1.23	0.54	152	
NGC4233	G	184.28200	7.62439	11.94	V	2.34	0.98	177	
NGC4234	G	184.28817	3.68306	12.88	V	1.15	1.11	25	
NGC4235	G	184.29117	7.19158	11.97	V	4.41	0.89	49	
NGC4236	G	184.17550	69.46258	9.77	V	23.50	6.85	161	
NGC4237	G	184.29758	15.32397	11.83	V	1.82	1.18	106	
NGC4238	G	184.23250	63.40992	14.13	B	1.73	0.53	35	
NGC4239	G	184.31221	16.53139	12.77	V	1.36	0.79	117	
NGC4240	G	184.35150	-9.95164	14.27	B	1.47	1.28	90	
NGC4241	G	184.49958	6.65419	13.05	V	1.46	1.03	164	
NGC4242	G	184.37575	45.61931	11.03	V	3.80	2.67	23	
NGC4244	G	184.37358	37.80711	10.18	V	16.22	7.24	45	
NGC4245	G	184.40321	29.60800	11.42	V	2.55	1.62	145	
NGC4246	G	184.49217	7.18592	12.72	V	2.14	1.09	84	
NGC4247	G	184.49200	7.27394	14.79	B	0.99	0.84	43	
NGC4248	G	184.45771	47.40919	12.58	V	2.01	0.90	108	
NGC4249	G	184.49746	5.59858	14.48	B	0.86	0.84	100	
NGC4250	G	184.35946	70.80258	12.90	B	1.87	0.94	166	
NGC4251	G	184.53438	28.17539	10.77	V	2.34	1.23	100	
NGC4252	G	184.62871	5.55947	14.65	B	1.19	0.41	49	
NGC4253	G	184.61046	29.81286	13.23	V	0.89	0.64	73	
NGC4254	G	184.70667	14.41650	9.84	V	5.04	4.74	23	Coma Pinwheel
NGC4255	G	184.73396	4.78614	13.40	B	1.35	0.62	113	
NGC4256	G	184.67954	65.89825	12.68	B	3.87	0.76	41	
NGC4257	G	184.77696	5.72597	14.57	B	0.47	0.18	66	
NGC4258	G	184.73958	47.30397	9.29	V	16.98	7.24	150	M106
NGC4259	G	184.84254	5.37639	13.57	V	1.04	0.45	143	
NGC4260	G	184.84267	6.09867	11.55	V	2.51	1.15	58	
NGC4261	G	184.84675	5.82522	11.11	V	4.25	3.35	160	
NGC4262	G	184.87738	14.87767	11.46	V	1.74	1.52	145	
NGC4263	G	184.92583	-12.22556	13.64	B	1.16	0.55	116	
NGC4264	G	184.89900	5.84675	12.79	V	0.86	0.67	110	
NGC4266	G	184.92625	5.53828	13.42	B	2.00	0.50	74	
NGC4267	G	184.93850	12.79828	10.89	V	2.55	1.76	143	
NGC4268	G	184.94675	5.28378	12.71	V	1.51	0.64	47	
NGC4269	G	184.95496	6.01497	13.41	B	1.22	0.93	130	
NGC4270	G	184.95612	5.46344	12.18	V	1.88	0.78	110	
NGC4271	G	184.88583	56.73658	13.59	B	1.77	1.36	59	
NGC4272	G	184.94850	30.33908	14.04	B	1.02	0.83	117	
NGC4273	G	184.98367	5.34333	11.80	V	2.19	1.95	11	
NGC4274	G	184.96079	29.61447	10.42	V	3.63	1.70	102	
NGC4275	G	184.96908	27.62100	13.37	B	0.87	0.81	120	
NGC4276	G	185.03117	7.69186	13.56	B	1.34	1.18	80	
NGC4277	G	185.01550	5.34136	13.50	V	0.76	0.32	132	
NGC4278	G	185.02842	29.28075	10.21	V	2.89	2.83	35	
NGC4279	G	185.10417	-11.66661	15.13	B	1.17	0.72	26	
NGC4280	Other	185.13292	-11.65244						
NGC4281	G	185.08967	5.38639	11.31	V	2.85	1.43	86	
NGC4282	G	185.10129	5.57283	14.55	B	0.88	0.56	100	
NGC4283	G	185.08688	29.31094	12.32	V	1.23	1.13	140	
NGC4284	G	185.05258	58.09289	14.49	B	1.90	0.86	101	
NGC4285	G	185.16583	-11.64192	15.00	B	0.93	0.46	43	
NGC4286	G	185.17538	29.34589	14.51	B	1.08	0.38	144	
NGC4287	G	185.20208	5.63989	14.99	B	1.22	0.39	71	
NGC4288	G	185.15879	46.29167	12.91	V	1.70	1.35	138	
NGC4288A	G	185.16904	46.25544	15.70	B	0.72	0.64	155	
NGC4289	G	185.25937	3.72214	14.32	B	4.26	0.46	1	
NGC4290	G	185.19804	58.09250	12.76	B	2.19	1.47	70	
NGC4291	G	185.07583	75.37083	11.42	V	1.93	1.62	108	
NGC4292	G	185.31858	4.59569	12.21	V	1.60	1.11	10	
NGC4293	G	185.30371	18.38239	10.17	V	6.24	3.72	72	
NGC4294	G	185.32429	11.51044	12.05	V	2.69	1.02	148	
NGC4295	G	185.29075	28.16511	14.87	B	0.51	0.44	152	
NGC4296	G	185.36829	6.65356	13.68	V	1.44	0.79	16	
NGC4297	G	185.36421	6.67103	12.92	V	0.64	0.31	171	
NGC4298	G	185.38650	14.60617	11.35	V	2.54	1.40	137	
NGC4299	G	185.41896	11.49992	12.47	V	1.48	1.38	0	
NGC4300	G	185.42279	5.38481	13.36	B	1.79	0.72	40	
NGC4301	G	185.61338	4.56628	13.12	V	1.14	1.09	15	
NGC4302	G	185.42700	14.59831	11.54	V	6.00	1.13	178	
NGC4303	G	185.47875	4.47364	10.25	V	6.89	6.56	20	M61
NGC4304	G	185.55300	-33.48450	11.77	V	2.48	2.43	105	
NGC4305	G	185.51500	12.74092	12.61	V	2.30	1.19	30	
NGC4306	G	185.51713	12.78747	13.58	B	1.49	1.06	142	
NGC4307	G	185.52367	9.04364	12.71	B	3.44	0.81	24	
NGC4307A	G	185.53050	8.99056	14.98	B	0.76	0.69	90	
NGC4308	G	185.48687	30.07436	13.25	V	0.94	0.69	21	
NGC4309	G	185.55158	7.14431	13.56	B	1.93	0.92	86	
NGC4310	G	185.60958	29.20903	13.44	B	1.93	0.76	148	
NGC4312	G	185.63067	15.53792	11.70	V	5.02	1.15	170	
NGC4313	G	185.66058	11.80094	12.42	B	3.80	0.99	141	
NGC4314	G	185.63258	29.89589	10.57	V	3.70	3.56	150	
NGC4316	G	185.67600	9.33247	13.54	B	2.47	0.58	112	
NGC4317	Other	185.67492	31.03786						
NGC4318	G	185.68037	8.19828	14.20	V	0.73	0.50	65	
NGC4319	G	185.43279	75.32258	12.88	B	2.45	0.97	154	
NGC4320	G	185.74050	10.54833	14.91	B	0.94	0.66	149	
NGC4321	G	185.72846	15.82181	9.47	V	6.10	5.62	108	M100
NGC4323	G	185.75721	15.90558	13.76	V	1.23	0.71	133	
NGC4324	G	185.77575	5.25033	11.50	V	2.96	1.21	55	
NGC4325	G	185.77783	10.62119	13.30	V	1.23	0.77	180	
NGC4326	G	185.79846	6.07214	14.23	B	1.13	1.07	110	
NGC4328	G	185.83346	15.82039	14.19	B	1.60	1.23	99	
NGC4329	G	185.83629	-12.55861	14.65	B	1.08	0.59	49	
NGC4330	G	185.82187	11.36797	13.12	B	2.29	0.60	60	
NGC4331	G	185.64983	76.17247	14.71	B	1.58	0.37	2	
NGC4332	G	185.69483	65.84378	13.22	B	1.97	1.43	137	
NGC4333	G	185.84279	6.04072	14.33	B	0.80	0.75	90	
NGC4334	G	185.84950	7.47319	14.09	B	2.00	0.91	135	
NGC4335	G	185.75783	58.44456	13.64	B	1.85	1.37	149	
NGC4336	G	185.87429	19.42692	13.23	B	1.54	0.81	162	
NGC4337	OCl	186.01379	-58.12378	8.90	V	6.60			
NGC4339	G	185.89562	6.08175	11.41	V	2.32	2.20	50	
NGC4340	G	185.89704	16.72236	11.15	V	2.82	1.79	87	
NGC4341	G	185.97317	7.10711	13.26	V	1.67	0.51	95	
NGC4342	G	185.91250	7.05400	12.51	V	1.25	0.64	165	
NGC4343	G	185.91125	6.95408	12.29	V	1.92	1.92	130	
NGC4344	G	185.90612	17.54086	13.31	B	1.34	1.30	56	
NGC4346	G	185.86642	46.99383	12.14	B	3.13	1.13	99	
NGC4348	G	185.97496	-3.44292	12.28	V	2.67	0.50	31	
NGC4349	OCl	186.02517	-61.87044	7.40	V	6.30			
NGC4350	G	185.99113	16.69342	10.87	V	2.80	1.33	28	
NGC4351	G	186.00625	12.20478	12.55	V	1.58	1.28	72	
NGC4352	G	186.02092	11.21806	12.52	V	1.64	0.77	102	
NGC4353	G	186.00108	7.78519	13.41	V	1.05	0.81	67	
NGC4355	G	186.72758	-0.87761	13.37	V	1.41	0.68	64	
NGC4356	G	186.06054	8.53586	13.41	B	2.01	0.73	40	
NGC4357	G	185.99508	48.77947	12.68	V	3.48	1.27	77	
NGC4358	G	186.00842	58.38522	14.18	B	1.15	0.92	167	
NGC4359	G	186.04654	31.52194	13.65	B	1.38	0.83	108	
NGC4360	G	186.09042	9.29278	13.32	B	1.40	1.20	148	
NGC4360B	G	186.06133	9.26686	14.90	B	0.50	0.41	151	
NGC4361	PN	186.12817	-18.78483	10.90	V	1.05			
NGC4362	G	186.04692	58.36067	14.96	B	1.28	0.49	41	
NGC4363	G	185.86833	74.95222	14.54	B	0.79	0.63	10	
NGC4365	G	186.11783	7.31767	9.43	V	5.12	3.66	40	
NGC4366	G	186.19588	7.35303	14.90	B	0.85	0.31	41	
NGC4369	G	186.15083	39.38300	11.69	V	1.98	1.89	175	
NGC4370	G	186.22875	7.44489	13.84	V	1.62	1.06	79	
NGC4371	G	186.23096	11.70422	10.83	V	3.88	1.81	96	
NGC4372	GCl	186.43908	-72.65908	9.85	V	12.00			
NGC4373	G	186.32425	-39.75972	10.92	V	3.98	2.11	54	
NGC4373A	G	186.40721	-39.31967	12.20	V	2.80	1.04	152	
NGC4373B	G	186.68242	-39.13422	15.06	B	1.03	0.80	95	
NGC4374	G	186.26558	12.88697	9.79	V	7.41	6.44	133	M84
NGC4375	G	186.25196	28.55861	13.83	B	1.16	0.85	14	
NGC4376	G	186.32525	5.74119	13.81	B	1.32	0.79	152	
NGC4377	G	186.30142	14.76217	11.80	V	1.60	1.24	179	
NGC4378	G	186.32542	4.92514	11.29	V	2.09	1.93	155	
NGC4379	G	186.31142	15.60747	11.63	V	1.87	1.52	103	
NGC4380	G	186.34238	10.01681	11.29	V	3.35	1.78	158	
NGC4382	G	186.35046	18.19150	9.05	V	6.95	5.35	12	M85
NGC4383	G	186.35633	16.47014	12.18	V	1.67	0.90	31	
NGC4384	G	186.29992	54.50622	13.06	V	1.27	0.99	85	
NGC4385	G	186.42833	0.57261	12.96	V	2.15	1.16	91	
NGC4386	G	186.11813	75.52892	11.69	V	2.52	1.44	135	
NGC4387	G	186.42367	12.81053	12.13	V	1.58	0.94	138	
NGC4388	G	186.44479	12.66208	11.02	V	5.38	1.29	91	
NGC4389	G	186.39625	45.68467	12.55	B	2.51	1.67	98	
NGC4390	G	186.46112	10.45906	13.34	B	1.52	1.13	99	
NGC4391	G	186.32829	64.93347	13.73	B	1.25	1.24	125	
NGC4392	G	186.32900	45.84747	14.29	B	1.58	1.16	75	
NGC4393	G	186.46346	27.56156	13.72	B	2.92	2.70	15	
NGC4394	G	186.48137	18.21406	11.03	V	3.48	3.35	145	
NGC4395	G	186.45358	33.54692	10.29	V	4.17	1.39	128	
NGC4396	G	186.49508	15.67147	12.64	V	2.97	1.04	124	
NGC4397	Other	186.49233	18.30103						
NGC4399	Other	186.42921	33.51608						
NGC4400	Other	186.48296	33.51483						
NGC4401	Other	186.48987	33.52836						
NGC4402	G	186.53187	13.11333	11.78	V	3.52	1.00	89	
NGC4403	G	186.55329	-7.68494	13.49	B	1.58	0.61	17	
NGC4404	G	186.56754	-7.68083	14.25	B	1.56	1.00	139	
NGC4405	G	186.52979	16.18100	12.94	B	1.52	1.02	21	
NGC4406	G	186.54892	12.94622	8.86	V	11.53	8.43	128	M86
NGC4407	G	186.63438	12.61097	12.25	V	2.08	1.46	53	
NGC4408	G	186.57183	27.87117	15.15	B	0.62	0.52	36	
NGC4409	G	186.74375	2.49436	12.77	B	1.82	0.89	9	
NGC4410	GPair	186.62025	9.01967			1.20			
NGC4410A	G	186.61787	9.01986	16.08	V	0.62	0.45	135	
NGC4410B	G	186.62325	9.01922	14.17	B	0.58	0.53	105	
NGC4410C	G	186.64792	9.03547	14.78	B	0.85	0.56	93	
NGC4411	G	186.62542	8.87222	12.82	V	1.63	0.98	19	
NGC4411B	G	186.69679	8.88461	12.41	V	1.92	1.72	90	
NGC4412	G	186.65033	3.96469	13.16	V	1.50	1.35	109	
NGC4414	G	186.61292	31.22353	10.20	V	1.95	1.12	162	
NGC4415	G	186.66871	8.43569	13.59	B	1.28	1.13	6	
NGC4416	G	186.69467	7.91900	11.57	V	1.57	1.37	112	
NGC4417	G	186.71087	9.58425	11.22	V	3.09	1.09	49	
NGC4419	G	186.73517	15.04739	11.06	V	3.89	1.30	133	
NGC4421	G	186.76058	15.46147	11.42	V	2.59	1.97	9	
NGC4422	G	186.80046	-5.83100	14.59	B	1.48	1.43	80	
NGC4423	G	186.78737	5.88017	13.88	B	2.05	0.41	20	
NGC4424	G	186.79837	9.42067	11.68	V	3.04	1.57	95	
NGC4425	G	186.80554	12.73472	11.95	V	3.08	1.26	26	
NGC4428	G	186.86792	-8.16789	13.15	B	1.62	0.67	93	
NGC4429	G	186.86046	11.10772	10.08	V	5.30	2.42	98	
NGC4430	G	186.86004	6.26278	12.65	B	2.02	1.50	75	
NGC4431	G	186.86408	12.29028	12.97	V	1.53	0.88	179	
NGC4432	G	186.88737	6.23325	14.93	B	0.64	0.49	4	
NGC4433	G	186.91079	-8.27842	12.66	V	2.00	0.67	3	
NGC4434	G	186.90283	8.15433	12.12	V	1.42	1.36	75	
NGC4435	G	186.91871	13.07894	10.96	V	3.03	2.14	12	Eyes
NGC4436	G	186.92183	12.31589	13.19	V	1.66	0.79	114	
NGC4438	G	186.93996	13.00883	10.92	V	9.16	4.02	27	Eyes
NGC4439	OCl	187.10979	-60.10322	8.40	V	4.50			
NGC4440	G	186.97321	12.29328	11.81	V	1.77	1.44	120	
NGC4441	G	186.83479	64.80150	12.67	V	4.13	2.96	171	
NGC4442	G	187.01617	9.80372	10.60	V	4.32	1.61	87	
NGC4444	G	187.15171	-43.26175	13.06	B	2.27	1.85	68	
NGC4445	G	187.06637	9.43619	12.76	V	2.54	0.50	105	
NGC4446	G	187.02829	13.91175	14.58	B	0.98	0.59	89	
NGC4447	G	187.05221	13.89922	14.80	B	0.75	0.62	117	
NGC4448	G	187.06429	28.62031	11.11	V	1.58	1.04	92	
NGC4449	G	187.04625	44.09364	9.64	V	4.66	2.71	51	
NGC4450	G	187.12346	17.08494	10.87	V	5.46	3.78	173	
NGC4451	G	187.16896	9.25881	12.51	V	1.35	0.86	166	
NGC4452	G	187.18046	11.75503	11.90	V	3.36	0.60	32	
NGC4453	GPair	187.19667	6.50750			1.20			
NGC4453 NED01	G	187.19504	6.51200	15.71	B	0.63	0.30	157	
NGC4453 NED02	G	187.19867	6.50356	17.82	B	0.34	0.22	42	
NGC4454	G	187.21146	-1.93919	11.93	V	2.17	1.99	25	
NGC4455	G	187.18379	22.82044	13.12	B	1.61	0.56	16	
NGC4456	G	186.96833	-30.09789	14.12	B	1.29	0.69	154	
NGC4457	G	187.24588	3.57058	10.57	V	2.79	2.37	79	
NGC4458	G	187.23987	13.24189	12.12	V	1.59	1.48	175	
NGC4459	G	187.25004	13.97836	10.25	V	4.17	3.16	109	
NGC4460	G	187.18983	44.86422	12.40	B	3.93	1.05	40	
NGC4461	G	187.26254	13.18375	11.02	V	3.61	1.23	8	
NGC4462	G	187.33842	-23.16636	11.85	V	3.60	1.33	124	
NGC4463	OCl	187.48008	-64.78967	7.20	V	4.80			
NGC4464	G	187.33871	8.15661	12.60	V	1.01	0.76	11	
NGC4465	G	187.34808	8.02600	15.22	B	0.26	0.21	108	
NGC4466	G	187.37737	7.69642	14.34	B	0.93	0.57	101	
NGC4467	G	187.37604	7.99286	14.15	V	0.59	0.49	55	
NGC4468	G	187.37875	14.04908	12.96	V	1.54	1.00	72	
NGC4469	G	187.36679	8.74992	11.04	V	2.86	1.05	87	
NGC4470	G	187.40742	7.82419	13.06	B	1.28	0.86	1	
NGC4471	G	187.40437	7.93275	15.24	V	0.44	0.43	150	
NGC4472	G	187.44483	8.00047	8.28	V	10.21	8.38	156	M49
NGC4473	G	187.45362	13.42936	10.09	V	4.27	2.51	100	
NGC4474	G	187.47312	14.06858	11.56	V	2.33	1.57	79	
NGC4475	G	187.44825	27.24333	13.85	V	1.10	0.61	9	
NGC4476	G	187.49617	12.34867	12.20	V	1.70	1.15	27	
NGC4477	G	187.50917	13.63661	10.31	V	3.70	3.22	26	
NGC4478	G	187.57258	12.32856	11.44	V	1.75	1.43	144	
NGC4479	G	187.57654	13.57764	12.52	V	1.43	1.25	14	
NGC4480	G	187.61158	4.24658	12.40	V	1.89	0.97	173	
NGC4481	G	187.45279	64.03300	14.76	B	1.23	0.52	146	
NGC4482	G	187.54304	10.77947	13.01	V	1.51	0.85	137	
NGC4483	G	187.66938	9.01567	12.18	V	1.65	0.85	70	
NGC4484	G	187.21950	-11.65206	14.21	B	1.26	1.10	72	
NGC4485	G	187.62971	41.70117	12.18	V	2.01	1.34	2	
NGC4486	G	187.70592	12.39111	9.00	V	7.11	6.67	153	Virgo Galaxy
NGC4486A	G	187.74046	12.27036	12.53	V	0.92	0.81	25	
NGC4486B	G	187.63321	12.49017	13.38	V	0.38	0.37	20	
NGC4487	G	187.76858	-8.05392	11.45	V	3.46	1.90	74	
NGC4488	G	187.71404	8.36000	12.02	V	2.75	0.76	167	
NGC4489	G	187.71771	16.75886	12.68	V	1.72	1.56	125	
NGC4490	G	187.65100	41.64389	9.72	V	6.71	1.65	133	
NGC4491	G	187.73796	11.48353	12.43	V	1.64	0.86	147	
NGC4492	G	187.74879	8.07786	11.99	V	2.11	1.86	65	
NGC4493	G	187.78488	0.61369	14.72	B	1.52	0.74	139	
NGC4494	G	187.85042	25.77525	9.80	V	4.35	4.13	173	
NGC4495	G	187.84533	29.13647	13.46	V	1.34	0.57	132	
NGC4496	GPair	187.91667	3.93278			3.50			
NGC4496A	G	187.91338	3.93947	11.59	V	3.37	2.78	68	
NGC4496B	G	187.92033	3.92633	14.52	B	1.05	0.91	112	
NGC4497	G	187.88554	11.62472	12.46	V	2.00	1.03	62	
NGC4498	G	187.91483	16.85278	12.76	B	2.88	1.53	131	
NGC4499	G	188.02058	-39.98247	13.14	V	2.01	1.29	102	
NGC4500	G	187.84233	57.96464	12.52	V	1.53	1.06	135	
NGC4501	G	187.99650	14.42039	10.33	V	8.65	4.38	138	M88
NGC4502	G	188.01396	16.68772	14.56	B	1.04	0.54	43	
NGC4503	G	188.02596	11.17642	10.97	V	3.48	1.58	12	
NGC4504	G	188.07271	-7.56344	11.61	V	3.18	1.97	163	
NGC4506	G	188.04387	13.41961	13.56	B	1.63	1.11	107	
NGC4507	G	188.90263	-39.90925	13.13	V	1.39	1.19	50	
NGC4509	G	188.27829	32.09156	14.08	B	0.67	0.37	161	
NGC4510	G	187.94671	64.23381	14.07	B	1.46	0.84	151	
NGC4511	G	188.03379	56.47117	14.52	B	0.92	0.57	7	
NGC4512	G	188.19854	63.93919	12.97	B	2.57	0.50	166	
NGC4513	G	188.00633	66.33258	13.99	B	2.06	1.35	16	
NGC4514	G	188.17904	29.71239	13.98	V	1.00	0.80	62	
NGC4515	G	188.27071	16.26553	12.65	V	1.35	1.06	6	
NGC4516	G	188.28142	14.57494	13.53	B	1.75	0.97	175	
NGC4517	G	188.18996	0.11503	10.48	V	9.02	1.42	84	
NGC4517A	G	188.11729	0.38967	12.24	V	2.05	0.98	30	
NGC4518	G	188.29900	7.85164	14.53	B	1.18	0.58	179	
NGC4519	G	188.37604	8.65475	12.00	V	2.33	1.77	147	
NGC4519A	G	188.35296	8.69075	15.71	B	0.58	0.30	45	
NGC4520	G	188.45792	-7.37556	14.65	B	0.79	0.46	98	
NGC4522	G	188.41546	9.17503	12.93	B	3.51	0.91	34	
NGC4523	G	188.45000	15.16831	13.61	V	1.24	1.15	0	
NGC4524	G	188.47663	-12.02761	14.23	B	1.25	0.70	80	
NGC4525	G	188.46308	30.27747	12.98	B	2.00	1.03	53	
NGC4526	G	188.51288	7.69953	9.59	V	9.64	3.32	113	
NGC4527	G	188.53508	2.65367	10.50	V	6.30	1.72	69	
NGC4528	G	188.52529	11.32125	11.97	V	1.60	0.86	5	
NGC4529	G	188.21521	20.18350	15.09	B	1.11	0.25	98	
NGC4531	G	188.56621	13.07533	12.36	B	3.03	1.97	155	
NGC4532	G	188.58054	6.46769	11.92	V	2.49	0.88	161	
NGC4533	G	188.59175	2.32536	14.25	B	1.82	0.43	165	
NGC4534	G	188.52258	35.51833	13.15	B	2.78	1.64	120	
NGC4535	G	188.58463	8.19775	9.89	V	8.15	7.48	27	
NGC4536	G	188.61271	2.18814	10.48	V	7.08	2.55	121	
NGC4537	G	188.70379	50.80517	15.20	B	1.34	0.76	21	
NGC4538	G	188.67042	3.32367	14.55	B	0.71	0.40	80	
NGC4539	G	188.64475	18.20269	12.05	V	2.74	1.08	94	
NGC4540	G	188.71196	15.55172	12.31	B	2.19	1.83	43	
NGC4541	G	188.79442	-0.22114	13.94	B	1.63	0.64	91	
NGC4543	G	188.83433	6.11508	14.27	B	1.02	0.63	178	
NGC4544	G	188.90238	3.03453	13.84	B	1.93	0.60	163	
NGC4545	G	188.64229	63.52506	13.14	B	2.43	1.37	9	
NGC4546	G	188.87296	-3.79319	10.57	V	3.16	1.76	90	
NGC4547	G	188.71600	58.91678	15.01	B	1.19	0.92	38	
NGC4548	G	188.86021	14.49633	10.96	V	5.55	4.52	150	M91
NGC4549	G	188.83863	58.94967	15.95	B	0.60	0.27	100	
NGC4550	G	188.87742	12.22083	12.03	V	3.16	0.71	179	
NGC4551	G	188.90813	12.26397	11.98	V	1.71	1.26	67	
NGC4552	G	188.91587	12.55633	10.08	V	8.13	8.00	150	M89
NGC4553	G	189.03167	-39.43867	12.20	V	2.59	1.34	175	
NGC4555	G	188.92158	26.52311	13.40	B	1.40	1.04	121	
NGC4556	G	188.94108	26.90889	14.24	B	1.31	0.87	81	
NGC4557	Other	188.95725	27.05378						
NGC4558	G	188.96938	26.99214	14.93	B	0.73	0.31	95	
NGC4559	G	188.99021	27.96000	9.92	V	10.57	4.82	148	
NGC4559A	G	189.22267	27.86203	14.49	V	0.40	0.21	133	
NGC4559B	G	189.22471	27.74911	15.33	B	0.62	0.25	3	
NGC4559C	HII	188.96717	27.93208						
NGC4561	G	189.03417	19.32292	12.61	V	1.32	1.12	61	
NGC4562	G	188.89500	25.85000	14.37	B	1.93	0.64	49	
NGC4563	G	189.05367	26.94144	15.55	B	0.56	0.40	106	
NGC4564	G	189.11242	11.43928	11.26	V	3.13	1.68	48	
NGC4565	G	189.08658	25.98767	10.86	V	16.75	2.89	135	Needle Galaxy
NGC4565B	G	188.92371	26.22219	15.11	B	0.80	0.45	139	
NGC4565C	G	188.92258	26.28583	16.43	B	0.96	0.14	141	
NGC4566	G	189.00046	54.22097	13.23	V	1.08	0.75	72	
NGC4567	G	189.13629	11.25800	11.32	V	2.74	2.15	89	Butterfly Galaxies
NGC4568	G	189.14275	11.23889	10.80	V	4.31	1.87	29	Butterfly Galaxies
NGC4569	G	189.20746	13.16294	9.54	V	9.12	3.82	22	M90
NGC4570	G	189.22250	7.24664	11.11	V	3.88	0.94	160	
NGC4571	G	189.23492	14.21736	11.29	V	3.56	3.31	35	
NGC4572	G	188.93875	74.24556	14.82	B	1.47	0.42	168	
NGC4573	G	189.43246	-43.62114	12.92	V	2.49	1.89	125	
NGC4574	G	189.43129	-35.51764	12.99	V	1.83	1.14	112	
NGC4575	G	189.46300	-40.53736	12.60	V	2.06	1.24	109	
NGC4576	G	189.38983	4.36769	13.49	V	1.22	0.66	152	
NGC4577	G	189.80183	6.01231	13.84	B	1.42	0.78	39	
NGC4578	G	189.37733	9.55508	11.40	V	2.50	1.75	34	
NGC4579	G	189.43133	11.81819	10.30	V	5.01	3.84	90	M58
NGC4580	G	189.45163	5.36853	12.57	B	1.87	1.28	156	
NGC4581	G	189.52154	1.47775	12.38	V	1.62	1.06	172	
NGC4583	G	189.51892	33.45883	14.47	V	1.51	1.51	95	
NGC4584	G	189.57446	13.10989	13.76	B	1.61	1.11	8	
NGC4585	G	189.55533	28.93703	14.22	V	0.79	0.47	105	
NGC4586	G	189.61833	4.31908	11.58	V	3.43	1.12	116	
NGC4587	G	189.64758	2.65733	13.79	B	1.32	0.75	47	
NGC4588	G	189.68929	6.76817	14.96	B	1.19	0.46	60	
NGC4589	G	189.35413	74.19192	10.74	V	2.93	2.31	84	
NGC4590	GCl	189.86671	-26.74303	7.96	V	6.60			M68
NGC4592	G	189.82808	-0.53200	11.88	V	4.10	1.17	94	
NGC4593	G	189.91429	-5.34425	11.43	V	2.40	2.04	38	
NGC4594	G	189.99762	-11.62306	8.59	V	8.45	4.91	90	Sombrero Galaxy
NGC4595	G	189.96629	15.29781	12.94	B	1.52	0.97	110	
NGC4596	G	189.98313	10.17614	10.46	V	3.93	3.30	120	
NGC4597	G	190.05388	-5.79928	12.87	B	3.55	1.42	70	
NGC4598	G	190.04971	8.38375	13.54	B	1.50	1.15	131	
NGC4599	G	190.11287	1.19692	13.49	B	1.71	0.72	145	
NGC4600	G	190.09567	3.11775	13.27	B	1.42	1.01	59	
NGC4601	G	190.19475	-40.89306	13.91	V	1.82	0.50	18	
NGC4602	G	190.15354	-5.13300	11.75	V	1.29	0.79	88	
NGC4603	G	190.23004	-40.97639	11.67	V	2.60	1.84	18	
NGC4603A	G	189.90383	-40.74003	14.27	B	1.84	0.63	90	
NGC4603B	G	190.12392	-41.06983	15.43	B	1.30	0.26	38	
NGC4603C	G	190.17962	-40.76336	14.24	B	1.83	0.44	159	
NGC4603D	G	190.53375	-40.82086	13.20	V	1.62	0.97	75	
NGC4604	G	190.18775	-5.30289	14.40	B	1.06	0.44	104	
NGC4605	G	189.99742	61.60919	10.26	V	5.87	2.29	122	
NGC4606	G	190.23975	11.91222	11.90	V	2.47	1.36	14	
NGC4607	G	190.30167	11.88664	12.79	V	2.86	0.58	2	
NGC4608	G	190.30537	10.15567	11.08	V	2.88	2.49	25	
NGC4609	OCl	190.57012	-62.99575	6.90	V	5.40			Coalsack Cluster
NGC4611	G	190.35604	13.72953	14.96	B	1.24	0.38	125	
NGC4612	G	190.38646	7.31489	12.10	B	2.57	1.77	138	
NGC4613	G	190.37063	26.08861	15.43	B	0.52	0.49	15	
NGC4614	G	190.38113	26.04267	14.32	B	1.00	0.86	152	
NGC4615	G	190.40550	26.07283	13.89	B	1.54	0.46	120	
NGC4616	G	190.56854	-40.64206	13.32	V	1.31	1.06	50	
NGC4617	G	190.27446	50.39342	14.10	B	2.81	0.52	180	
NGC4618	G	190.38688	41.15078	10.78	V	3.56	2.29	32	
NGC4619	G	190.43563	35.06278	13.50	V	1.37	1.33	0	
NGC4620	G	190.49733	12.94278	13.38	B	1.60	1.45	52	
NGC4621	G	190.50933	11.64703	9.56	V	4.55	3.21	165	M59
NGC4622	G	190.65675	-40.74422	13.01	V	1.81	1.56	9	
NGC4622A	G	190.95462	-40.71461	14.68	B	0.70	0.58	119	
NGC4622B	G	190.96087	-40.71747	15.27	B	1.15	0.77	68	
NGC4623	G	190.54454	7.67694	13.14	B	2.23	0.74	175	
NGC4625	G	190.46967	41.27397	12.46	V	1.41	1.06	27	
NGC4626	G	190.60546	-7.04428	13.71	B	1.63	0.49	39	
NGC4627	G	190.49867	32.57356	12.48	V	2.36	1.66	21	
NGC4628	G	190.60525	-6.97100	14.50	V	1.64	0.57	46	
NGC4629	G	190.63612	-1.35067	13.90	B	1.03	0.71	90	
NGC4630	G	190.62971	3.96025	13.04	B	1.66	1.21	10	
NGC4631	G	190.53337	32.54150	9.24	V	14.45	2.20	86	Whale Galaxy
NGC4632	G	190.63346	-0.08261	11.86	V	2.56	0.98	59	
NGC4633	G	190.65575	14.35719	13.12	V	1.77	0.75	33	
NGC4634	G	190.67067	14.29583	12.33	V	2.47	0.60	156	
NGC4635	G	190.66350	19.94531	13.00	V	1.94	1.40	178	
NGC4636	G	190.70762	2.68778	9.99	V	6.35	4.70	150	
NGC4637	G	190.72542	11.43828	14.89	B	1.29	0.71	91	
NGC4638	G	190.69758	11.44250	11.12	V	2.31	1.50	123	
NGC4639	G	190.71829	13.25739	11.60	V	2.87	1.88	138	
NGC4640	G	190.74071	12.28697	14.17	B	1.61	0.89	53	
NGC4641	G	190.78192	12.05119	13.72	B	1.28	1.05	172	
NGC4642	G	190.82408	-0.64425	13.81	B	1.55	0.53	27	
NGC4643	G	190.83392	1.97828	10.65	V	2.24	1.75	132	
NGC4644	G	190.67775	55.14550	13.84	V	1.51	0.63	51	
NGC4645	G	191.04162	-41.74994	11.83	V	1.97	0.89	46	
NGC4645A	G	190.77321	-41.35892	12.39	V	3.03	0.97	30	
NGC4645B	G	190.87992	-41.36253	12.99	V	2.16	0.89	158	
NGC4646	G	190.71717	54.85600	13.31	V	0.63	0.28	17	
NGC4647	G	190.88462	11.58186	11.60	V	2.75	2.36	139	
NGC4648	G	190.43496	74.42094	12.03	V	1.41	1.16	73	
NGC4649	G	190.91658	11.55269	8.79	V	6.78	5.45	105	M60
NGC4650	G	191.08162	-40.73181	11.80	V	3.05	2.04	111	
NGC4650A	G	191.20442	-40.71431	13.58	V	1.46	0.33	172	
NGC4651	G	190.92763	16.39339	10.82	V	3.87	2.58	77	Umbrella Galaxy
NGC4652	G	190.83229	58.96489	15.34	B	1.10	0.38	40	
NGC4653	G	190.96213	-0.56122	12.36	V	2.31	2.08	17	
NGC4654	G	190.98575	13.12667	10.49	V	4.72	2.49	123	
NGC4655	G	190.90204	41.01853	14.77	B	0.86	0.79	10	
NGC4656	GPair	190.99054	32.16814			8.00			
NGC4656 NED01	G	190.99029	32.17025	10.47	V	6.46	0.66	36	
NGC4657	G	191.02958	32.20875	14.50	B	1.86	0.63	71	
NGC4658	G	191.15746	-10.08311	12.43	V	1.38	0.86	3	
NGC4659	G	191.12246	13.49856	12.96	B	1.75	1.24	176	
NGC4660	G	191.13325	11.19053	11.27	V	2.09	1.57	100	
NGC4661	G	191.31229	-40.82425	14.65	B	1.17	0.41	116	
NGC4662	G	191.10917	37.12122	12.78	V	1.83	1.48	60	
NGC4663	G	191.19604	-10.19783	14.01	B	1.07	0.85	170	
NGC4664	G	191.27496	3.05578	10.50	V	4.52	4.52	5	
NGC4666	G	191.28579	-0.46189	10.75	V	4.97	1.97	40	
NGC4668	G	191.38329	-0.53572	13.10	V	1.59	0.92	3	
NGC4669	G	191.19475	54.87567	13.18	V	1.53	0.38	2	
NGC4670	G	191.32112	27.12542	12.76	V	0.97	0.83	90	
NGC4671	G	191.44846	-7.06969	13.52	B	1.69	1.26	138	
NGC4672	G	191.56563	-41.70597	14.25	V	2.06	0.50	59	
NGC4673	G	191.39446	27.06083	14.78	B	1.07	0.84	171	
NGC4674	G	191.51446	-8.65544	13.96	B	1.79	0.70	105	
NGC4675	G	191.38287	54.73761	14.84	B	1.34	0.43	92	
NGC4676	GPair	191.54458	30.72722			3.00			Mice Galaxy
NGC4676A	G	191.54213	30.73192	14.53	B	2.16	1.26	179	
NGC4676B	G	191.54683	30.72275	14.33	B	0.98	0.66	169	
NGC4677	G	191.73804	-41.58253	12.81	V	1.49	0.84	166	
NGC4678	G	192.42437	-4.57972	14.26	B	0.97	0.51	85	
NGC4679	G	191.87604	-39.57086	13.52	V	2.43	0.88	5	
NGC4680	G	191.72796	-11.63706	13.23	B	1.36	0.76	40	
NGC4681	G	191.87004	-43.33481	13.44	B	1.40	1.17	171	
NGC4682	G	191.81454	-10.06344	13.12	B	2.58	1.19	86	
NGC4683	G	191.92654	-41.52828	12.84	V	1.44	1.33	130	
NGC4684	G	191.82300	-2.72742	11.55	V	2.97	0.96	18	
NGC4685	G	191.79767	19.46436	13.63	B	1.59	0.87	155	
NGC4686	G	191.66617	54.53428	12.59	V	1.92	0.67	2	
NGC4687	G	191.84904	35.35206	13.01	V	0.96	0.90	95	
NGC4688	G	191.94383	4.33606	12.92	B	3.72	3.42	35	
NGC4689	G	191.93983	13.76281	10.93	V	3.82	2.86	163	
NGC4690	G	191.98133	-1.65606	13.57	B	1.60	1.14	150	
NGC4691	G	192.05679	-3.33272	10.99	V	3.03	2.46	28	
NGC4692	G	191.98050	27.22236	12.65	V	1.00	0.94	85	
NGC4693	G	191.78821	71.17614	13.95	B	1.00	0.56	34	
NGC4694	G	192.06283	10.98361	12.52	V	2.00	1.11	135	
NGC4695	G	191.88379	54.37483	13.38	V	1.12	0.65	79	
NGC4696	G	192.20521	-41.31083	10.30	V	3.85	2.56	88	
NGC4696A	G	191.73175	-41.49675	14.56	B	1.74	0.57	174	
NGC4696B	G	191.84075	-41.23750	12.71	V	1.33	0.81	40	
NGC4696C	G	192.01108	-40.81856	14.65	B	2.30	0.37	140	
NGC4696D	G	192.09025	-41.71403	13.98	B	1.38	0.54	129	
NGC4696E	G	192.10883	-40.93650	14.55	B	1.41	0.71	178	
NGC4697	G	192.14950	-5.80075	9.37	V	7.14	4.16	83	
NGC4698	G	192.09546	8.48739	10.65	V	3.81	1.55	170	
NGC4699	G	192.25929	-8.66486	9.53	V	3.99	3.02	35	
NGC4700	G	192.28396	-11.40986	12.21	V	2.72	0.47	51	
NGC4701	G	192.29829	3.38872	12.37	V	1.74	1.28	39	
NGC4702	G	192.25621	27.17914	16.04	B	0.58	0.33	176	
NGC4703	G	192.32904	-9.10842	13.58	B	1.70	0.41	155	
NGC4704	G	192.19346	41.92125	13.69	V	1.01	0.95	40	
NGC4705	G	192.35404	-5.19586	12.60	V	3.65	1.09	106	
NGC4706	G	192.47563	-41.27956	12.88	V	1.47	0.75	26	
NGC4707	G	192.09529	51.16469	12.97	V	2.19	2.00	25	
NGC4708	G	192.42283	-11.09303	13.92	B	1.25	0.91	30	
NGC4709	G	192.51617	-41.38197	11.10	V	3.09	1.51	107	
NGC4710	G	192.41179	15.16544	10.71	V	4.39	1.13	26	
NGC4711	G	192.19112	35.33269	14.27	B	1.21	0.68	41	
NGC4712	G	192.39258	25.46994	13.01	V	1.56	0.75	162	
NGC4713	G	192.49113	5.31142	11.73	V	1.66	1.52	50	
NGC4714	G	192.58021	-13.32433	14.24	B	2.00	1.11	152	
NGC4715	G	192.49117	27.82242	15.12	B	1.34	0.99	18	
NGC4716	G	192.63796	-9.45111	13.66	B	1.13	0.85	94	
NGC4717	G	192.64329	-9.46303	14.08	B	1.61	0.68	2	
NGC4718	G	192.63600	-5.28192	14.30	B	2.02	0.70	97	
NGC4719	G	192.53633	33.15914	14.04	B	1.42	1.25	159	
NGC4720	G	192.67825	-4.15583	14.18	B	1.23	0.73	107	
NGC4721	G	192.58300	27.32400	15.08	B	0.84	0.24	113	
NGC4722	G	192.88496	-13.33003	13.68	B	1.98	0.69	32	
NGC4723	G	192.76212	-13.23661	15.38	B	1.02	0.55	43	
NGC4724	G	192.72433	-14.33186	13.70	B	0.95	0.54	95	
NGC4725	G	192.61075	25.50081	9.38	V	9.71	7.10	36	
NGC4726	G	192.69192	-14.26856	15.47	B	1.10	0.24	76	
NGC4727	G	192.73850	-14.33294	12.22	V	2.70	1.54	127	
NGC4728	G	192.61700	27.43492	15.32	B	0.78	0.60	107	
NGC4729	G	192.94283	-41.13228	12.48	V	1.97	0.90	145	
NGC4730	G	193.00196	-41.14731	14.03	B	1.28	1.05	28	
NGC4731	G	192.75454	-6.39306	11.42	V	6.32	2.14	97	
NGC4732	G	192.52958	52.85011	14.92	B	1.21	0.56	8	
NGC4733	G	192.77825	10.91208	11.76	V	1.97	1.82	70	
NGC4734	G	192.80371	4.85906	14.26	B	0.97	0.80	60	
NGC4735	G	192.75721	28.92797	14.57	V	0.66	0.51	117	
NGC4736	G	192.72108	41.12044	8.24	V	7.74	6.68	105	M94
NGC4737	G	192.72058	34.15686	14.85	B	1.36	0.97	49	
NGC4738	G	192.78708	28.78806	13.44	V	1.82	0.26	33	
NGC4739	G	192.90450	-8.41022	14.18	B	1.50	1.37	115	
NGC4741	G	192.74800	47.67156	14.38	B	1.17	0.76	171	
NGC4742	G	192.95017	-10.45472	11.20	V	2.14	1.39	76	
NGC4743	G	193.06658	-41.39067	13.31	V	1.73	0.66	176	
NGC4744	G	193.08167	-41.06003	12.59	V	2.45	0.95	126	
NGC4745	G	192.85900	27.42128	15.16	V	0.61	0.56	25	
NGC4746	G	192.98067	12.08297	13.33	B	2.03	0.42	120	
NGC4747	G	192.94146	25.77708	12.38	V	2.09	1.00	33	
NGC4748	G	193.05192	-13.41472	14.03	V	1.27	0.82	66	
NGC4749	G	192.79987	71.63672	14.11	B	1.59	0.53	156	
NGC4750	G	192.53029	72.87464	12.10	V	2.40	2.06	142	
NGC4751	G	193.21162	-42.65992	13.00	B	1.66	0.63	175	
NGC4752	G	192.87113	13.78181	15.27	B	0.95	0.45	153	
NGC4753	G	193.09213	-1.19969	9.66	V	6.49	3.06	86	
NGC4754	G	193.07292	11.31389	10.48	V	4.16	1.95	22	
NGC4755	OCl	193.40450	-60.35631			7.80			Herschel's Jewel Box
NGC4756	G	193.21929	-15.41328	12.22	V	2.28	1.56	47	
NGC4757	G	193.20871	-10.31022	14.54	B	0.80	0.26	58	
NGC4758	G	193.18354	15.84853	13.41	B	2.75	0.77	159	
NGC4759	GPair	193.27167	-9.20222			1.60			
NGC4760	G	193.28012	-10.49419	11.58	V	2.57	2.01	9	
NGC4761	G	193.29087	-9.19781	14.85	B	1.55	0.65	168	
NGC4762	G	193.23354	11.23081	10.17	V	8.26	3.52	32	
NGC4763	G	193.36342	-17.00553	12.49	V	1.86	1.16	105	
NGC4764	G	193.27763	-9.25764	15.99	B	0.46	0.37	78	
NGC4765	G	193.31004	4.46311	12.98	V	1.16	0.85	80	
NGC4766	G	193.28404	-10.37819	15.35	B	0.98	0.23	129	
NGC4767	G	193.47062	-39.71431	11.51	V	2.82	1.39	141	
NGC4767A	G	193.25617	-39.83525	16.40	B	0.59	0.27	110	
NGC4767B	G	193.68762	-39.85228	13.93	B	1.47	1.17	96	
NGC4770	G	193.38396	-9.54150	13.78	B	1.73	1.11	88	
NGC4771	G	193.33842	1.26908	12.73	B	3.10	0.98	133	
NGC4772	G	193.37150	2.16839	11.34	V	4.12	2.00	155	
NGC4773	G	193.40004	-8.63875	13.67	B	0.85	0.52	77	
NGC4774	GPair	193.27583	36.82278			1.20			
NGC4774 NED01	G	193.27508	36.82633	17.16	B	0.40	0.27	143	
NGC4774 NED02	G	193.27746	36.81906	14.34	V	0.60	0.35	125	
NGC4775	G	193.44042	-6.62217	11.56	V	2.22	1.96	59	
NGC4776	G	193.26858	-9.19992	14.03	B	1.96	1.08	65	
NGC4777	G	193.49392	-8.77572	14.02	B	1.84	0.79	8	
NGC4778	G	193.27421	-9.20383	13.49	B	2.69	2.09	120	
NGC4779	G	193.46183	9.71006	13.07	B	1.86	1.31	54	
NGC4780	G	193.52179	-8.62111	13.51	B	1.96	0.50	173	
NGC4780A	G	193.51267	-8.65381	15.96	B	0.74	0.25	26	
NGC4781	G	193.59896	-10.53719	11.39	V	3.66	1.48	120	
NGC4782	G	193.64883	-12.56864	12.75	V	1.48	0.87	171	
NGC4783	G	193.65246	-12.55783	12.80	V	1.41	0.69	134	
NGC4784	G	193.65425	-10.61306	14.35	B	1.67	0.41	103	
NGC4785	G	193.36387	-48.74919	12.09	V	2.04	0.97	80	
NGC4786	G	193.63508	-6.85942	11.71	V	1.98	1.51	171	
NGC4787	G	193.52300	27.06864	15.36	B	1.02	0.32	1	
NGC4788	G	193.56679	27.30369	15.20	B	0.91	0.32	141	
NGC4789	G	193.57925	27.06803	12.06	V	1.66	1.12	174	
NGC4789A	G	193.52188	27.14964	13.92	V	1.90	1.24	37	
NGC4790	G	193.71642	-10.24783	12.41	B	1.69	0.93	87	
NGC4791	G	193.68313	8.05311	14.94	B	1.06	0.70	66	
NGC4792	G	193.76533	-12.49717	15.00	V	0.85	0.42	143	
NGC4793	G	193.66925	28.93867	11.64	V	1.82	0.94	54	
NGC4794	G	193.79375	-12.60847	13.00	V	1.12	0.51	151	
NGC4795	G	193.76192	8.06550	12.76	B	2.16	1.42	119	
NGC4796	G	193.76954	8.06622	15.35	B	1.80	1.73	110	
NGC4797	G	193.72988	27.41269	13.16	V	1.15	0.85	34	
NGC4799	G	193.81471	2.89664	13.80	B	1.44	0.62	91	
NGC4800	G	193.65750	46.53117	12.32	B	1.65	1.16	21	
NGC4801	G	193.65738	53.09000	15.15	B	1.35	0.67	138	
NGC4802	G	193.95683	-12.05531	11.34	V	2.64	2.30	18	
NGC4803	G	193.89033	8.24042	14.95	B	0.76	0.42	15	
NGC4806	G	194.05167	-29.50294	13.45	B	1.35	1.15	52	
NGC4807	G	193.87125	27.52142	13.49	V	0.88	0.65	22	
NGC4808	G	193.95396	4.30411	11.79	V	2.36	0.93	127	
NGC4809	G	193.71275	2.65408	13.78	V	1.58	0.64	65	
NGC4810	G	193.71333	2.64028	14.71	B	0.86	0.43	167	
NGC4811	G	194.21817	-41.79719	14.49	B	1.32	0.89	40	
NGC4812	G	194.21958	-41.81333	14.23	B	1.50	0.63	34	
NGC4813	G	194.15050	-6.81783	14.15	B	1.59	0.86	26	
NGC4814	G	193.84142	58.34411	12.03	V	2.75	2.00	128	
NGC4815	OCl	194.49321	-64.96175	8.60	V	3.90			
NGC4816	G	194.05062	27.74547	12.68	V	1.38	0.63	90	
NGC4817	G	194.12425	27.94000	15.77	B	0.69	0.60	120	
NGC4818	G	194.20375	-8.52531	11.34	V	4.27	1.28	178	
NGC4819	G	194.11608	26.98733	13.19	V	1.00	0.78	150	
NGC4820	G	194.25233	-13.71933	14.86	B	1.19	0.42	106	
NGC4821	G	194.12138	26.95700	15.02	B	0.59	0.34	8	
NGC4822	G	194.26558	-10.76183	14.36	B	1.38	0.97	93	
NGC4823	G	194.35683	-13.69869	15.97	B	0.81	0.22	178	
NGC4825	G	194.30100	-13.66483	11.56	V	2.69	1.64	139	
NGC4826	G	194.18183	21.68297	8.52	V	10.52	5.33	114	Black Eye Galaxy
NGC4827	G	194.18138	27.17864	12.90	V	1.22	0.97	34	
NGC4828	G	194.17858	28.02044	13.68	V	0.75	0.70	155	
NGC4829	G	194.35200	-13.73750	16.16	B	0.58	0.37	106	
NGC4830	G	194.36629	-19.69128	12.09	V	2.31	1.49	164	
NGC4831	G	194.40287	-27.29214	13.47	B	1.57	0.87	177	
NGC4832	G	194.44804	-39.76169	12.27	V	2.14	1.48	35	
NGC4833	GCl	194.89558	-70.87458	7.79	V	8.40			
NGC4834	G	194.10533	52.29586	15.09	B	1.08	0.46	109	
NGC4835	G	194.53267	-46.26422	11.81	V	3.30	0.68	150	
NGC4835A	G	194.30471	-46.37469	14.09	B	2.95	0.38	178	
NGC4836	G	194.39288	-12.74411	14.93	B	1.48	1.08	8	
NGC4837	GPair	194.20458	48.29861			1.30			
NGC4837 NED01	G	194.20125	48.29689	14.55	B	1.32	0.54	64	
NGC4837 NED02	G	194.20792	48.30011	14.40	B	0.33	0.28		
NGC4838	G	194.48400	-13.06008	14.00	B	1.79	1.41	9	
NGC4839	G	194.35150	27.49781	12.11	V	2.70	1.24	65	
NGC4840	G	194.38683	27.61033	13.68	V	0.73	0.70	125	
NGC4841	GPair	194.38708	28.47944			2.00			
NGC4841A	G	194.38312	28.47694	13.76	B	1.45	1.38	60	
NGC4841B	G	194.39121	28.48225	13.69	B	1.00	0.79	169	
NGC4842	GPair	194.39958	27.48917			1.00			
NGC4842A	G	194.39933	27.49325	15.22	B	0.58	0.57	70	
NGC4842B	G	194.40058	27.48481	16.11	B	0.42	0.29	49	
NGC4843	G	194.50342	-3.62114	14.20	B	1.98	0.44	91	
NGC4845	G	194.50496	1.57583	10.97	V	5.50	1.20	82	
NGC4846	G	194.44871	36.37072	14.54	B	1.21	0.50	62	
NGC4847	G	194.62063	-13.14092	15.33	B	0.83	0.63	155	
NGC4848	G	194.52350	28.24275	13.68	V	1.27	0.42	157	
NGC4849	G	194.55283	26.39689	14.27	B	1.40	0.99	176	
NGC4850	G	194.59100	27.96772	14.23	V	0.66	0.64	130	
NGC4851	G	194.59046	28.14875	14.94	V	0.40	0.33	94	
NGC4852	OCl	195.01829	-59.60944	8.90	V	5.40			
NGC4853	G	194.64663	27.59633	13.66	V	0.68	0.57	76	
NGC4854	G	194.69750	27.67475	13.95	V	0.95	0.67	44	
NGC4855	G	194.82687	-13.23103	14.32	B	1.68	1.24	170	
NGC4856	G	194.83863	-15.04217	10.62	V	4.25	1.57	38	
NGC4857	G	194.32642	70.20344	14.64	B	1.15	0.66	118	
NGC4858	G	194.75850	28.11575	15.22	V	0.51	0.42	28	
NGC4859	G	194.75762	26.81567	13.59	V	1.51	0.65	93	
NGC4860	G	194.76625	28.12369	13.43	V	1.07	0.94	121	
NGC4861	G	194.75975	34.85944	12.32	V	3.81	1.45	18	
NGC4862	G	194.87842	-14.13233	15.31	B	1.09	0.89	147	
NGC4863	G	194.92692	-14.02964	14.90	B	1.90	0.40	23	
NGC4864	G	194.80462	27.97700	13.50	V	0.77	0.47	90	
NGC4865	G	194.83279	28.08431	13.44	V	0.88	0.42	113	
NGC4866	G	194.86308	14.17106	11.08	V	5.77	0.98	88	
NGC4867	G	194.81354	27.97072	14.41	V	0.65	0.50	13	
NGC4868	G	194.78708	37.31033	12.95	B	1.43	1.30	155	
NGC4869	G	194.84733	27.91158	13.36	V	0.77	0.73	0	
NGC4870	G	194.82404	37.04836	15.54	B	0.91	0.31	2	
NGC4871	G	194.87483	27.95644	14.22	V	0.77	0.57	160	
NGC4872	G	194.89183	27.94694	13.59	V	0.67	0.41	124	
NGC4873	G	194.88662	27.98361	14.16	V	0.81	0.52	103	
NGC4874	G	194.89879	27.95928	11.83	V	2.29	1.98	49	
NGC4875	G	194.90796	27.90733	14.65	V	0.48	0.36	117	
NGC4876	G	194.93504	27.91247	14.38	V	0.56	0.42	26	
NGC4877	G	195.10975	-15.28344	13.08	B	2.36	0.94	8	
NGC4878	G	195.08404	-6.10383	13.96	B	1.53	1.43	70	
NGC4880	G	195.04404	12.48331	12.66	B	2.63	1.97	164	
NGC4881	G	194.99000	28.24739	13.48	V	0.98	0.91	15	
NGC4883	G	194.98337	28.03472	14.31	V	0.77	0.61	83	
NGC4885	G	195.14112	-6.85308	14.92	B	0.85	0.66	100	
NGC4886	G	195.01850	27.98758	13.84	V	0.80	0.70	112	
NGC4887	G	195.16358	-14.66625	14.14	B	1.14	0.59	155	
NGC4888	G	195.15108	-6.07519	14.32	B	1.55	0.79	107	
NGC4889	G	195.03387	27.97700	11.45	V	2.59	1.68	80	
NGC4890	G	195.16300	-4.60433	13.84	B	0.96	0.79	93	
NGC4892	G	195.01471	26.89811	14.53	B	1.40	0.26	12	
NGC4893	G	194.99838	37.19339	15.47	B	1.10	0.70	3	
NGC4893A	G	194.99933	37.18814	15.95	B	0.56	0.39	177	
NGC4894	G	195.06883	27.96753	15.18	V	0.60	0.28	36	
NGC4895	G	195.07471	28.20231	13.20	V	1.66	0.56	152	
NGC4895A	G	195.03800	28.17039	14.94	V	0.59	0.32	99	
NGC4896	G	195.12825	28.34622	13.90	V	0.85	0.48	5	
NGC4897	G	195.22062	-13.44981	12.54	V	2.65	2.12	153	
NGC4898	GPair	195.07500	27.95722			0.80			
NGC4898A	G	195.07362	27.95539	14.59	V	0.68	0.31	96	
NGC4898B	G	195.07538	27.95656	14.33	V	0.61	0.47	155	
NGC4899	G	195.23596	-13.94422	12.33	V	2.02	1.17	15	
NGC4900	G	195.16296	2.50144	11.36	V	2.13	2.02	150	
NGC4901	G	194.98504	47.20556	15.22	B	1.15	1.10	155	
NGC4902	G	195.24887	-14.51364	11.26	V	2.63	2.37	78	
NGC4903	G	195.34488	-30.93497	12.50	V	1.72	1.41	90	
NGC4904	G	195.24442	-0.02761	11.96	V	1.99	1.24	7	
NGC4905	G	195.37783	-30.86828	14.29	B	1.55	0.50	174	
NGC4906	G	195.16571	27.92389	14.10	V	0.70	0.64	0	
NGC4907	G	195.20333	28.15833	13.66	V	1.00	0.90	32	
NGC4908	G	195.22692	28.00764	13.23	V	1.19	0.77	97	
NGC4909	G	195.50771	-42.77142	12.76	V	1.96	1.80	30	
NGC4911	G	195.23367	27.79083	12.88	V	1.16	0.96	130	
NGC4912	G	195.39000	29.13061	13.84	V	1.06	0.53	135	
NGC4913	G	195.43071	29.04467	13.84	V	1.45	0.40	88	
NGC4914	G	195.17896	37.31528	11.60	V	2.69	1.31	154	
NGC4915	G	195.36758	-4.54653	12.00	V	1.64	1.55	65	
NGC4916	G	195.51750	29.25344	13.95	V	0.98	0.23	156	
NGC4917	G	195.23154	47.22211	14.87	B	1.33	0.81	152	
NGC4918	G	195.46092	-4.50056	15.07	B	0.89	0.33	77	
NGC4919	G	195.32329	27.80908	14.04	V	1.11	0.58	142	
NGC4920	G	195.51729	-11.37842	14.15	B	1.08	0.83	170	
NGC4921	G	195.35896	27.88594	12.62	V	1.96	1.80	135	
NGC4922	GPair	195.35375	29.31111			1.10			
NGC4922 NED01	G	195.35217	29.30836	14.00	V	1.23	1.17	137	
NGC4922 NED02	G	195.35525	29.31378	14.02	V	0.58	0.34	123	
NGC4923	G	195.38250	27.84753	13.74	V	0.72	0.67	60	
NGC4924	G	195.55354	-14.96983	13.87	B	1.77	1.35	58	
NGC4925	G	195.53079	-7.71078	14.34	B	1.18	0.87	119	
NGC4926	G	195.47388	27.62444	12.99	V	1.23	1.04	64	
NGC4926A	G	195.53283	27.64831	15.39	B	0.63	0.44	87	
NGC4927	G	195.49000	28.00589	14.75	B	1.01	0.64	12	
NGC4928	G	195.75238	-8.08497	12.92	B	1.05	0.80	73	
NGC4929	G	195.68500	28.04536	14.88	B	0.82	0.68	48	
NGC4930	G	196.02196	-41.41158	11.43	V	3.54	2.84	44	
NGC4931	G	195.75367	28.03247	13.43	V	1.65	0.62	77	
NGC4932	G	195.65712	50.43842	14.55	B	1.44	1.08	1	
NGC4933	GTrpl	195.99125	-11.49778			3.50			
NGC4933A	G	195.97804	-11.50506	13.96	B	0.74	0.74	40	
NGC4933B	G	195.98642	-11.49806	11.74	V	4.37	1.88	46	
NGC4933C	G	196.00454	-11.49056	15.89	B	0.65	0.52	146	
NGC4934	G	195.81767	28.03042	14.33	V	1.00	0.16	103	
NGC4935	G	195.83846	14.37750	13.97	B	1.09	0.92	84	
NGC4936	G	196.07037	-30.52625	10.71	V	2.85	2.43	6	
NGC4937	*Ass	196.21487	-47.21936						
NGC4938	G	195.73996	51.31853	15.10	B	0.87	0.78	44	
NGC4939	G	196.05996	-10.33961	11.91	V	5.71	2.30	6	
NGC4940	G	196.25104	-47.23692	13.18	V	1.13	1.00	28	
NGC4941	G	196.05475	-5.55161	11.27	V	3.29	2.70	23	
NGC4942	G	196.07962	-7.64944	13.79	B	1.68	1.22	25	
NGC4943	G	195.93725	28.08422	15.46	B	0.79	0.54	105	
NGC4944	G	195.95813	28.18572	12.87	V	1.39	0.43	88	
NGC4945	G	196.36450	-49.46822	11.86	V	23.33	4.03	44	
NGC4945A	G	196.64054	-49.69064	13.31	B	2.63	1.62	57	
NGC4946	G	196.37242	-43.59114	12.35	V	2.00	1.67	135	
NGC4947	G	196.33417	-35.33742	12.20	V	2.65	1.34	11	
NGC4947A	G	196.08679	-35.22778	15.01	B	1.28	0.51	23	
NGC4948	G	196.23317	-7.94769	13.44	B	2.30	0.82	140	
NGC4948A	G	196.27412	-8.16133	13.50	V	1.44	1.04	180	
NGC4949	G	196.07467	29.02953	14.97	V	0.72	0.38	102	
NGC4950	G	196.40221	-43.50053	14.95	B	0.92	0.79	99	
NGC4951	G	196.28208	-6.49383	11.84	V	3.14	1.16	90	
NGC4952	G	196.24325	29.12225	13.01	V	1.60	0.97	22	
NGC4953	G	196.54362	-37.58575	14.18	B	1.84	0.99	51	
NGC4954	G	195.58279	75.40417	14.15	B	0.99	0.65	68	
NGC4955	G	196.52008	-29.75428	12.15	V	2.34	1.72	15	
NGC4956	G	196.25392	35.17803	12.38	V	1.56	1.52	60	
NGC4957	G	196.30163	27.56975	12.99	V	1.22	0.93	97	
NGC4958	G	196.45367	-8.02028	10.59	V	4.79	1.20	7	
NGC4959	G	196.42096	33.17892	15.29	B	0.74	0.64	178	
NGC4961	G	196.44821	27.73414	13.51	V	1.11	0.88	106	
NGC4963	G	196.46646	41.72192	14.12	B	0.86	0.81	55	
NGC4964	G	196.35358	56.32278	14.04	B	1.10	0.69	134	
NGC4965	G	196.78908	-28.22819	12.41	V	2.49	2.05	142	
NGC4966	G	196.57212	29.06286	13.32	V	1.03	0.49	142	
NGC4967	G	196.40179	53.56428	14.95	B	1.15	0.87	117	
NGC4968	G	196.77492	-23.67703	14.79	V	2.28	1.04	57	
NGC4969	GPair	196.76250	13.63694			0.80			
NGC4969 NED01	G	196.76142	13.63736	15.00	B	0.78	0.74	77	
NGC4969 NED02	G	196.76446	13.63711	15.64	B	0.68	0.66	82	
NGC4970	G	196.89058	-24.00856	13.33	B	1.79	1.14	138	
NGC4971	G	196.72900	28.54803	14.98	B	0.78	0.68	101	
NGC4973	G	196.38396	53.68514	14.63	B	0.96	0.82	94	
NGC4974	G	196.48288	53.65928	13.30	V	1.57	1.11	123	
NGC4975	G	196.95917	-5.01747	15.02	B	0.97	0.61	29	
NGC4976	G	197.15637	-49.50642	10.08	V	5.83	3.27	161	
NGC4977	G	196.51846	55.65608	14.49	B	1.05	1.02	45	
NGC4978	G	196.96054	18.41550	14.30	B	1.51	0.63	142	
NGC4979	G	196.92842	24.81058	15.07	B	0.86	0.74	102	
NGC4980	G	197.29200	-28.64178	13.55	B	1.77	0.78	165	
NGC4981	G	197.20308	-6.77753	11.41	V	2.70	1.97	155	
NGC4982	Other	197.19225	-10.58867						
NGC4983	G	197.11371	28.32050	13.95	V	1.04	0.57	122	
NGC4984	G	197.23846	-15.51631	11.01	V	3.37	2.50	45	
NGC4985	G	197.05042	41.67633	14.82	B	1.15	0.82	126	
NGC4986	G	197.10192	35.20644	14.11	B	1.55	0.93	82	
NGC4987	G	196.99608	51.92931	14.42	B	1.24	0.71	33	
NGC4988	G	197.47658	-43.10572	13.87	B	1.86	0.64	26	
NGC4989	G	197.31688	-5.39642	14.31	B	1.41	0.55	175	
NGC4990	G	197.32204	-5.27281	13.82	V	0.90	0.81	48	Cocoon Galaxy
NGC4991	G	197.31296	2.34767	15.40	B	0.59	0.48	101	
NGC4992	G	197.27333	11.63417	14.46	B	1.06	0.60	11	
NGC4993	G	197.44875	-23.38389	13.45	B	1.55	1.35	173	
NGC4995	G	197.41938	-7.83342	11.11	V	2.43	1.49	99	
NGC4996	G	197.38287	0.85703	14.29	B	1.81	1.36	16	
NGC4997	G	197.46542	-16.51547	14.00	B	1.61	0.89	85	
NGC4998	G	197.04233	50.66375	14.92	B	1.02	0.87	19	
NGC4999	G	197.38804	1.67306	13.06	B	2.50	2.11	98	
NGC5000	G	197.44787	28.90694	13.28	V	1.28	1.02	63	
NGC5001	G	197.38796	53.49428	14.56	B	1.15	0.42	157	
NGC5002	G	197.65838	36.63392	14.65	B	1.39	0.71	179	
NGC5003	G	197.15796	43.73753	15.03	B	1.03	0.77	148	
NGC5004	G	197.75646	29.63669	13.15	V	1.33	0.96	167	
NGC5004A	G	197.75708	29.57828	14.44	V	1.25	0.55	173	
NGC5004B	G	197.69854	29.70989	14.67	V	0.81	0.48	175	
NGC5005	G	197.73429	37.05919	10.71	V	4.82	1.52	70	
NGC5006	G	197.94071	-19.26175	13.40	B	2.07	1.66	2	
NGC5007	G	197.30996	62.17503	14.15	B	0.93	0.57	136	
NGC5008	G	212.73850	25.49722	14.41	B	1.07	0.83	165	
NGC5009	G	197.69596	50.09286	15.31	B	1.08	0.62	67	
NGC5010	G	198.10979	-15.79786	14.40	B	1.00	0.75	115	
NGC5011	G	198.21608	-43.09622	11.38	V	2.92	2.43	154	
NGC5011A	G	198.04050	-43.30786	14.36	B	1.58	0.81	92	
NGC5012	G	197.90433	22.91550	12.40	B	2.64	1.44	10	
NGC5013	G	198.03062	3.19906	14.95	B	0.74	0.51	148	
NGC5014	G	197.88008	36.28214	12.83	V	2.11	0.73	100	
NGC5015	G	198.09537	-4.33647	13.24	B	2.00	0.79	62	
NGC5016	G	198.02783	24.09500	12.56	V	1.57	1.14	56	
NGC5017	G	198.22708	-16.76583	12.57	V	1.50	1.29	29	
NGC5018	G	198.25429	-19.51819	10.85	V	3.49	2.17	99	
NGC5019	G	198.17663	4.72967	14.46	B	0.85	0.72	101	
NGC5020	G	198.16612	12.59975	13.00	B	2.69	2.42	85	
NGC5021	G	198.02612	46.19614	14.19	B	1.49	0.60	78	
NGC5022	G	198.37829	-19.54664	13.81	B	2.46	0.49	19	
NGC5023	G	198.05250	44.04122	12.29	V	6.22	0.78	28	
NGC5024	GCl	198.23012	18.16911	7.79	V	9.00			M53
NGC5025	G	198.18646	31.80939	14.50	B	2.07	0.51	59	
NGC5026	G	198.55683	-42.96128	11.81	V	3.52	1.79	50	
NGC5027	G	198.33746	6.06128	14.96	B	1.10	1.01	0	
NGC5028	G	198.44108	-13.04247	14.18	B	2.12	1.38	118	
NGC5029	G	198.15662	47.06328	14.20	B	1.52	0.93	147	
NGC5030	G	198.47563	-16.49094	14.03	B	1.78	1.16	173	
NGC5031	G	198.51342	-16.12311	14.21	B	1.89	0.30	110	
NGC5032	G	198.36229	27.80239	12.82	V	1.95	1.08	18	
NGC5033	G	198.36446	36.59394	10.68	V	9.84	4.58	172	
NGC5034	G	198.07921	70.64936	14.06	B	0.89	0.65	20	
NGC5035	G	198.70512	-16.49269	12.84	V	1.56	0.99	171	
NGC5036	G	198.67850	-4.17858	15.26	B	0.69	0.57	73	
NGC5037	G	198.74738	-16.59031	12.14	V	2.02	0.47	44	
NGC5038	G	198.75887	-15.95181	14.20	B	1.79	0.38	94	
NGC5039	G	198.71633	-4.15817	17.46	B	0.55	0.19	133	
NGC5040	G	198.38600	51.25836	14.75	B	1.03	0.48	70	
NGC5041	G	198.63525	30.70578	13.38	V	1.26	0.97	143	
NGC5042	G	198.87925	-23.98406	11.78	V	4.15	2.20	19	
NGC5043	OCl	199.06108	-60.04550			5.52			
NGC5044	G	198.84987	-16.38553	10.78	V	3.66	3.17	41	
NGC5045	*Ass	199.19583	-63.41667			20.00	11.00		
NGC5046	G	198.93800	-16.32683	14.08	B	1.02	0.85	42	
NGC5047	G	198.95217	-16.51889	13.60	B	2.86	0.29	84	
NGC5048	G	199.03492	-28.41053	13.96	B	1.57	0.92	43	
NGC5049	G	198.99708	-16.39717	13.05	V	2.01	0.40	115	
NGC5050	G	198.92387	2.87897	14.31	B	1.40	0.44	32	
NGC5051	G	199.08375	-28.28569	14.00	B	1.65	0.71	48	
NGC5052	G	198.89538	29.67608	13.57	V	1.37	1.02	150	
NGC5053	GCl	199.11246	17.69775	9.96	V	4.80			
NGC5054	G	199.24371	-16.63486	10.79	V	5.04	2.90	171	
NGC5055	G	198.95554	42.02928	8.61	V	11.83	7.16	103	Sunflower Galaxy
NGC5056	G	199.05133	30.95033	13.13	V	1.62	0.82	1	
NGC5057	G	199.11571	31.03150	14.44	B	1.31	0.99	0	
NGC5058	G	199.21796	12.54822	14.25	B	0.76	0.56	13	
NGC5059	G	199.24358	7.84450	15.44	B	1.12	0.41	6	
NGC5060	G	199.31758	6.03744	14.09	B	1.17	0.95	61	
NGC5061	G	199.52113	-26.83722	10.31	V	3.75	3.05	109	
NGC5062	G	199.59842	-35.45867	12.24	V	2.69	1.18	132	
NGC5063	G	199.60713	-35.35247	13.26	B	2.02	1.63	146	
NGC5064	G	199.74971	-47.90867	12.04	V	2.70	1.40	36	
NGC5065	G	199.37754	31.09269	14.24	B	1.22	0.73	87	
NGC5066	G	199.61854	-10.23389	14.16	B	0.80	0.56	0	
NGC5068	G	199.72837	-21.03911	10.06	V	7.48	6.70	138	
NGC5070	G	199.80233	-12.53989	14.46	B	1.17	0.98	90	
NGC5071	G	199.65496	7.93553	15.49	B	0.77	0.57	142	
NGC5073	G	199.83604	-14.84453	13.50	B	3.78	0.56	149	
NGC5074	G	199.60737	31.46908	14.03	V	0.82	0.41	145	
NGC5075	G	199.77604	7.83103	15.08	B	1.02	0.76	57	
NGC5076	G	199.87667	-12.74086	13.84	B	1.35	0.97	31	
NGC5077	G	199.88196	-12.65697	11.65	V	2.65	2.07	4	
NGC5078	G	199.95825	-27.41039	10.64	V	2.56	0.62	147	
NGC5079	G	199.90854	-12.69903	12.55	B	1.38	0.89	31	
NGC5080	G	199.83008	8.42914	14.32	B	1.31	1.17	93	
NGC5081	G	199.78433	28.50692	13.13	V	1.90	0.73	101	
NGC5082	G	200.16679	-43.69994	13.79	B	1.73	1.04	33	
NGC5083	G	199.76292	39.58933	15.14	B	1.09	0.83	136	
NGC5084	G	200.07050	-21.82758	10.49	V	9.93	2.46	80	
NGC5085	G	200.07396	-24.44014	12.60	V	4.06	3.26	42	
NGC5087	G	200.10400	-20.61100	11.13	V	2.99	2.52	6	
NGC5088	G	200.08438	-12.57178	13.15	B	1.86	0.51	180	
NGC5089	G	199.91400	30.25656	14.33	B	0.95	0.65	122	
NGC5090	G	200.30342	-43.70456	11.28	V	3.51	2.76	106	
NGC5090A	G	199.83796	-43.64939	14.43	B	1.91	0.73	142	
NGC5090B	G	200.07300	-43.86467	14.15	B	2.39	0.85	128	
NGC5091	G	200.32383	-43.71967	13.35	V	2.15	1.33	122	
NGC5092	G	199.96471	22.99989	14.39	B	1.01	0.96	50	
NGC5093	G	199.90754	40.38611	14.54	B	1.14	0.53	139	
NGC5094	G	200.19521	-14.08067	14.41	B	1.52	1.13	99	
NGC5095	G	200.15363	-2.28933	14.53	B	1.29	0.41	122	
NGC5096	GTrpl	200.03625	33.08944			0.70			
NGC5096 NED01	G	200.03621	33.08794	15.26	B	0.87	0.71	7	
NGC5096 NED02	G	200.03817	33.09075	16.35	B	0.66	0.49	79	
NGC5096 NED03	G	200.03371	33.08958	16.59	B	0.65	0.48	60	
NGC5097	G	200.24871	-12.47125	14.86	B	0.54	0.39	38	
NGC5098	GPair	200.06750	33.14417			1.60			
NGC5098 NED01	G	200.07396	33.14475	15.12	B	0.79	0.65	61	
NGC5098 NED02	G	200.06138	33.14342	14.70	B	1.10	0.98	61	
NGC5099	G	200.33154	-13.04236	15.34	B	0.69	0.59	50	
NGC5100	GPair	200.24417	8.98194			1.40			
NGC5100 NED01	G	200.23992	8.98547	17.05	B	0.66	0.42	146	
NGC5101	G	200.44267	-27.43053	10.46	V	5.90	5.52	123	
NGC5102	G	200.49004	-36.63025	9.88	V	9.71	3.71	49	
NGC5103	G	200.12533	43.08397	13.43	B	1.59	0.98	142	
NGC5104	G	200.34621	0.34239	14.28	B	1.20	0.46	170	
NGC5105	G	200.45454	-13.20678	11.81	V	1.93	1.37	140	
NGC5106	G	200.24829	8.97831	14.89	B	0.94	0.67	22	
NGC5107	G	200.35283	38.53761	13.75	B	1.71	0.51	128	
NGC5108	G	200.82850	-32.34211	15.02	B	1.32	0.37	2	
NGC5109	G	200.21813	57.64475	13.51	B	1.60	0.43	155	
NGC5110	G	200.73550	-12.96481	13.61	B	2.63	2.10	108	
NGC5112	G	200.48500	38.73469	12.17	V	2.99	1.83	127	
NGC5114	G	201.00721	-32.34394	13.65	B	1.81	1.12	78	
NGC5115	G	200.75158	13.95067	14.73	B	1.14	0.63	97	
NGC5116	G	200.73171	26.98072	13.41	B	1.95	0.67	39	
NGC5117	G	200.73533	28.31644	14.40	B	1.54	0.76	154	
NGC5118	G	200.86437	6.39256	14.38	B	0.95	0.82	91	
NGC5119	G	201.00133	-12.27644	14.29	B	1.49	0.41	22	
NGC5120	OCl	201.41421	-63.45833	10.80	V				
NGC5121	G	201.19004	-37.68219	11.62	V	2.16	1.67	30	
NGC5121A	G	201.38667	-37.37881	15.70	B	1.21	0.38	106	
NGC5122	G	201.06225	-10.65428	13.94	B	1.15	1.00	126	
NGC5123	G	200.79383	43.08625	13.51	B	1.18	1.05	154	
NGC5124	G	201.21013	-30.30753	12.08	V	2.48	0.80	12	
NGC5125	G	201.00296	9.71019	13.53	B	1.77	1.37	169	
NGC5126	G	201.22333	-30.33361	14.20	B	1.86	0.64	57	
NGC5127	G	200.93758	31.56575	13.62	B	2.18	1.58	72	
NGC5128	G	201.36508	-43.01911	7.22	V	25.88	19.77	33	Centaurus A
NGC5129	G	201.04171	13.97653	12.11	V	1.65	1.29	7	
NGC5130	G	201.11317	-10.21022	14.25	B	1.11	0.82	45	
NGC5131	G	200.98725	30.98806	14.22	B	0.45	0.39	77	
NGC5132	G	201.12042	14.09258	14.23	B	1.31	0.88	63	
NGC5133	G	201.22046	-4.08200	14.54	B	1.10	0.65	25	
NGC5134	G	201.32729	-21.13417	11.77	V	2.70	1.53	159	
NGC5135	G	201.43358	-29.83367	12.59	V	2.40	2.20	125	
NGC5136	G	201.21421	13.73786	14.46	B	1.31	1.17	89	
NGC5137	G	201.21875	14.07719	15.55	B	0.77	0.55	120	
NGC5138	OCl	201.81337	-59.04094	5.33	V	4.20			
NGC5139	GCl	201.69121	-47.47686	5.33	V	27.00			Omega Centauri
NGC5140	G	201.59054	-33.86847	12.97	V	2.36	1.98	47	
NGC5141	G	201.21433	36.37853	12.80	V	1.59	1.10	78	
NGC5142	G	201.25462	36.39950	13.25	V	1.18	1.04	14	
NGC5143	G	201.25533	36.43717	15.91	B	0.53	0.34	101	
NGC5144	GPair	200.72375	70.51222			1.10			
NGC5144 NED01	G	200.72287	70.51011	15.67	B	0.89	0.40	55	
NGC5144 NED02	G	200.72533	70.51472	13.15	V	1.00	0.81	151	
NGC5145	G	201.30800	43.26728	13.48	B	1.97	1.45	84	
NGC5146	G	201.65621	-12.32397	14.09	B	2.16	1.39	33	
NGC5147	G	201.58221	2.10086	12.13	V	1.47	1.36	160	
NGC5148	G	201.66158	2.31372	15.37	B	0.66	0.60	0	
NGC5149	G	201.53813	35.93442	13.73	B	1.62	0.95	153	
NGC5150	G	201.90225	-29.56225	12.60	V	1.40	1.03	117	
NGC5151	G	201.67017	16.87381	14.62	B	0.91	0.82	175	
NGC5152	G	201.96300	-29.61861	13.57	B	2.03	1.04	110	
NGC5153	G	201.97637	-29.61803	11.92	V	2.44	1.89	17	
NGC5154	G	201.61892	36.01028	14.73	B	1.35	1.26	60	
NGC5155	*Ass	202.14621	-63.50869			6.30			
NGC5156	G	202.18371	-48.91681	11.86	V	2.54	2.08	115	
NGC5157	G	201.82021	32.03072	14.13	B	1.32	1.11	116	
NGC5158	G	201.94571	17.77883	13.78	B	0.98	0.93	30	
NGC5159	G	202.06737	2.98267	15.09	B	1.24	0.35	162	
NGC5161	G	202.30796	-33.17383	11.52	V	5.36	1.62	77	
NGC5162	G	202.35804	11.00789	13.63	B	2.96	1.60	162	
NGC5163	G	201.72608	52.75353	14.79	B	1.13	0.72	10	
NGC5164	G	201.79958	55.48717	14.50	B	0.99	0.90	35	
NGC5165	G	202.16325	11.38706	14.55	B	1.64	0.91	2	
NGC5166	G	202.06267	32.03239	14.31	B	2.13	0.37	67	
NGC5167	G	202.16762	12.71119	14.63	B	1.00	0.96	15	
NGC5168	OCl	202.77188	-60.93922	9.10	V	4.20			
NGC5169	G	202.04188	46.67214	14.56	B	1.51	0.60	104	
NGC5170	G	202.45329	-17.96642	11.23	V	7.96	1.41	123	
NGC5171	G	202.33983	11.73511	12.80	V	1.07	0.78	5	
NGC5172	G	202.33046	17.05192	11.96	V	2.38	1.34	101	
NGC5173	G	202.10529	46.59164	13.38	B	1.10	1.04	130	
NGC5176	G	202.35400	11.78147	15.43	B	0.38	0.38	130	
NGC5177	G	202.35108	11.79703	15.33	B	0.86	0.23	134	
NGC5178	G	202.37212	11.62478	14.82	B	1.03	0.66	94	
NGC5179	G	202.37867	11.74583	14.74	B	1.10	0.73	40	
NGC5180	G	202.36233	16.82583	13.00	V	1.25	0.89	34	
NGC5181	G	202.42500	13.30411	14.54	B	1.04	0.90	30	
NGC5182	G	202.67129	-28.15031	12.56	V	2.06	1.60	12	
NGC5183	G	202.52562	-1.72058	13.66	B	1.72	0.60	118	
NGC5184	G	202.54787	-1.66314	13.51	B	1.57	0.94	128	
NGC5185	G	202.50937	13.41606	14.47	B	2.00	0.74	58	
NGC5186	G	202.51625	12.17519	15.65	B	0.73	0.49	160	
NGC5187	G	202.45079	31.13014	14.55	B	0.81	0.54	45	
NGC5188	G	202.86783	-34.79442	12.04	V	3.41	2.41	98	
NGC5189	PN	203.38712	-65.97406	10.30	B	2.33			
NGC5190	G	202.66063	18.13461	13.14	V	0.97	0.76	155	
NGC5191	G	202.69733	11.20075	14.76	B	1.03	0.67	89	
NGC5192	G	202.71533	-1.77869	15.27	B	0.61	0.30	12	
NGC5193	G	202.97304	-33.23422	11.73	V	2.07	1.89	65	
NGC5193A	G	202.95450	-33.23947	14.14	B	1.49	0.53	48	
NGC5194	G	202.46962	47.19517	8.36	V	13.71	11.67	163	Whirlpool Galaxy
NGC5195	G	202.49829	47.26614	9.58	V	5.50	4.36	79	
NGC5196	G	202.83192	-1.61506	15.19	B	0.87	0.80	165	
NGC5197	G	202.85471	-1.69306	15.81	B	0.86	0.19	148	
NGC5198	G	202.54750	46.67078	11.78	V	2.03	1.68	15	
NGC5199	G	202.67817	34.83067	14.80	B	1.27	0.91	130	
NGC5201	G	202.31754	53.08197	14.19	B	1.58	0.99	127	
NGC5202	G	203.00212	-1.69878	15.52	B	0.67	0.29	178	
NGC5203	G	203.05583	-8.78622	14.24	B	1.66	1.05	90	
NGC5204	G	202.40212	58.41872	11.32	V	4.50	2.82	5	
NGC5205	G	202.51492	62.51158	12.77	V	1.58	0.94	168	
NGC5206	G	203.43325	-48.15117	10.49	V	4.26	2.81	28	
NGC5207	G	203.05829	13.89239	14.37	B	1.75	0.88	142	
NGC5208	G	203.11638	7.31644	14.21	B	1.69	0.60	161	
NGC5209	G	203.17725	7.32725	14.65	B	1.25	0.88	111	
NGC5210	G	203.20521	7.17008	14.15	B	1.51	1.25	12	
NGC5211	G	203.27225	-1.03581	13.10	V	2.00	1.55	30	
NGC5212	G	203.23354	7.28775	15.95	B	0.51	0.47	90	
NGC5213	GPair	203.66417	4.13333	14.90	B	0.93	0.71	133	
NGC5214	G	203.20292	41.87183	13.67	V	1.04	0.83	131	
NGC5215	GPair	203.78417	-33.48389			2.20			
NGC5215A	G	203.77775	-33.48100	14.14	B	1.57	0.35	135	
NGC5215B	G	203.79108	-33.48297	13.95	B	1.24	0.88	85	
NGC5216	G	203.02871	62.70069	16.14	V	1.69	1.10	54	
NGC5217	G	203.52471	17.85686	13.87	B	1.56	0.53	16	
NGC5218	G	203.04325	62.76775	12.32	V	1.84	1.21	93	
NGC5220	G	203.98613	-33.45381	13.54	B	2.62	1.21	95	
NGC5221	G	203.73292	13.83250	14.44	B	1.56	0.77	109	
NGC5222	GPair	203.73625	13.74333			1.20			
NGC5222 NED01	G	203.73313	13.74217	13.95	B	1.51	1.00	12	
NGC5222 NED02	G	203.73996	13.74428	15.56	B	0.93	0.59	33	
NGC5223	G	203.60508	34.69044	14.29	B	2.14	1.42	170	
NGC5224	G	203.78692	6.48111	15.01	B	0.87	0.76	139	
NGC5225	G	203.33400	51.49033	14.37	B	0.73	0.73	60	
NGC5226	G	203.76508	13.92217	16.40	B	0.50	0.26	17	
NGC5227	G	203.85233	1.41058	13.21	V	1.51	1.29	161	
NGC5228	G	203.64608	34.77781	14.30	B	1.15	0.98	20	
NGC5229	G	203.51179	47.91544	13.85	V	2.28	0.63	169	
NGC5230	G	203.88283	13.67617	13.19	B	1.55	1.48	0	
NGC5231	G	203.95104	2.99892	16.15	V	1.15	0.76	133	
NGC5232	G	204.03442	-8.49772	13.44	B	1.72	1.34	65	
NGC5233	G	203.80558	34.67744	14.53	B	1.46	0.76	80	
NGC5234	G	204.37475	-49.83692	13.98	B	1.51	0.87	46	
NGC5235	G	204.00588	6.58536	15.06	B	1.31	0.57	115	
NGC5236	G	204.25396	-29.86542	7.21	V	13.61	13.21	45	Southern Pinwheel Galaxy
NGC5237	G	204.41271	-42.84697	12.49	V	2.34	1.57	111	
NGC5238	G	203.67712	51.61367	13.40	V	1.75	1.44	162	
NGC5239	G	204.10917	7.36958	14.47	B	1.80	1.75	150	
NGC5240	G	203.98000	35.58825	13.88	B	1.83	1.26	57	
NGC5241	G	204.16612	-8.40189	13.81	B	1.05	0.46	50	
NGC5242	Other	204.28079	2.77058						
NGC5243	G	204.06229	38.34392	14.05	B	1.01	0.45	126	
NGC5244	G	204.67375	-45.85597	13.30	V	2.22	1.49	18	
NGC5245	G	204.34679	3.89742	15.17	B	0.56	0.21	90	
NGC5246	G	204.37238	4.10444	14.67	B	0.85	0.65	85	
NGC5247	G	204.51267	-17.88403	10.41	V	5.32	4.26	170	
NGC5248	G	204.38342	8.88517	9.97	V	4.07	2.38	120	
NGC5249	G	204.40625	15.97222	13.97	V	1.49	0.93	176	
NGC5250	G	204.03054	51.23581	13.88	B	0.93	0.85	110	
NGC5251	G	204.35346	27.41922	14.63	B	0.90	0.76	54	
NGC5252	G	204.56650	4.54258	14.21	V	1.29	0.75	11	
NGC5253	G	204.98317	-31.64011	10.28	V	5.01	2.12	43	
NGC5254	G	204.90796	-11.49386	12.16	V	3.35	1.44	127	
NGC5255	G	204.32550	57.10894	15.09	B	1.41	0.40	26	
NGC5256	GPair	204.57292	48.27694	13.42	V	0.95	0.83		
NGC5256 NED01	G	204.57212	48.27556	13.42	V	0.22	0.19	117	
NGC5256 NED02	G	204.57413	48.27806	14.02	B	1.48	1.29	9	
NGC5257	G	204.97046	0.84000	13.04	V	1.48	0.77	85	
NGC5258	G	204.99038	0.83094	13.04	V	1.48	1.24	178	
NGC5259	GPair	204.84958	30.99139			1.00			
NGC5259 NED01	G	204.84637	30.99236	16.43	B	0.83	0.55	101	
NGC5259 NED02	G	204.85279	30.99081	15.17	B	0.87	0.69	132	
NGC5260	G	205.08292	-23.85808	13.57	B	1.64	1.60	160	
NGC5261	G	205.06704	5.07631	15.16	B	0.86	0.45	131	
NGC5262	G	203.91075	75.03942	13.65	V	1.22	0.69	177	
NGC5263	G	204.98183	28.40058	14.11	B	1.14	0.39	26	
NGC5264	G	205.40283	-29.91308	11.98	V	2.97	2.20	64	
NGC5265	G	205.03796	36.86108	14.69	B	0.95	0.85	140	
NGC5266	G	205.75879	-48.16942	10.77	V	2.92	2.09	98	
NGC5266A	G	205.15458	-48.34197	13.82	V	1.91	1.69	30	
NGC5267	G	205.16650	38.79408	14.13	B	1.53	0.55	53	
NGC5269	OCl	206.18417	-62.91250			4.80			
NGC5270	G	205.54533	4.26258	14.70	B	1.00	0.76	20	
NGC5271	G	205.42671	30.12544	15.11	B	0.84	0.67	80	
NGC5272	GCl	205.54679	28.37544	6.39	V	16.20			M3
NGC5273	G	205.53475	35.65422	12.16	V	2.31	1.52	6	
NGC5274	G	205.59712	29.84783	15.37	B	0.60	0.54	111	
NGC5275	G	205.59817	29.82489	14.20	V	0.88	0.67	79	
NGC5276	G	205.59167	35.62414	14.72	B	0.86	0.60	156	
NGC5277	G	205.65992	29.95442	15.48	B	0.58	0.45	119	
NGC5278	G	205.41508	55.67064	13.58	B	0.76	0.60	73	
NGC5279	G	205.43229	55.67381	13.60	B	0.61	0.35	24	
NGC5280	G	205.73142	29.86861	13.63	V	0.84	0.81	100	
NGC5281	OCl	206.64646	-62.91653	5.90	V	6.90			
NGC5282	G	205.85367	30.06953	14.95	B	0.66	0.62	80	
NGC5283	G	205.27400	67.67231	14.05	V	1.19	1.03	132	
NGC5284	*Ass	206.84708	-59.14939			8.40			
NGC5285	G	206.10746	2.10992	15.47	B	0.77	0.64	61	
NGC5286	GCl	206.61075	-51.37347	8.31	V	6.60			
NGC5287	G	206.21892	29.77092	15.42	B	0.68	0.45	116	
NGC5288	OCl	207.18725	-64.68539	11.80	V	3.60			
NGC5289	G	206.28629	41.50339	12.97	V	2.33	0.70	100	
NGC5290	G	206.32992	41.71258	16.50	V	3.24	0.90	95	
NGC5291	G	206.85200	-30.40700	14.00	V	1.77	1.24	173	
NGC5292	G	206.91696	-30.93953	11.92	V	2.29	1.33	51	
NGC5293	G	206.71950	16.27286	13.10	V	1.58	1.07	122	
NGC5294	G	206.32554	55.29083	15.12	B	1.26	0.65	125	
NGC5295	G	204.66413	79.45889	14.59	B	0.63	0.62	70	
NGC5296	G	206.57775	43.85136	13.81	V	0.95	0.55	11	
NGC5297	G	206.59862	43.87233	11.76	V	3.72	0.91	147	
NGC5298	G	207.15204	-30.42853	13.09	V	1.86	0.87	69	
NGC5299	OCl	207.60942	-59.94772			4.20			
NGC5300	G	207.06683	3.95086	13.17	B	2.83	1.84	147	
NGC5301	G	206.60279	46.10706	12.63	V	3.96	0.84	150	
NGC5302	G	207.20700	-30.51111	12.43	V	1.05	0.59	162	
NGC5303	G	206.93746	38.30464	12.86	B	0.86	0.44	90	
NGC5304	G	207.50617	-30.57847	13.56	V	1.91	1.39	140	
NGC5305	G	206.98225	37.82633	14.45	B	1.46	1.02	26	
NGC5306	G	207.29750	-7.22439	13.10	B	1.94	1.24	33	
NGC5307	PN	207.76375	-51.20578	11.20	V	0.21			
NGC5308	G	206.75179	60.97317	11.32	V	4.33	0.57	60	
NGC5309	G	207.54483	-15.61842	15.71	B	0.63	0.56	125	
NGC5311	G	207.23367	39.98511	13.30	V	2.01	1.66	102	
NGC5312	G	207.46071	33.62175	14.62	B	1.09	0.57	39	
NGC5313	G	207.43475	39.98478	12.09	V	1.81	1.05	42	
NGC5314	G	206.54750	70.33956	14.52	B	0.95	0.49	86	
NGC5315	PN	208.48704	-66.51417	9.80	V	0.10			
NGC5316	OCl	208.48842	-61.86911	6.00	V	9.90			
NGC5318	G	207.65004	33.70489	13.50	V	1.51	1.12	165	
NGC5319	G	207.66942	33.76156	16.64	B	0.65	0.27	68	
NGC5320	G	207.58492	41.36622	12.40	V	1.82	0.92	17	
NGC5321	G	207.68204	33.63261	15.02	B	0.89	0.63	49	
NGC5322	G	207.31363	60.19053	10.14	V	5.62	3.49	95	
NGC5323	G	206.40217	76.82833	14.24	B	1.05	0.44	164	
NGC5324	G	208.02454	-6.05831	12.18	V	2.22	1.09	15	
NGC5325	G	207.72588	38.27478	14.92	B	0.86	0.62	108	
NGC5326	G	207.71125	39.57486	11.87	V	2.18	1.03	136	
NGC5327	G	208.01737	-2.20661	13.82	B	1.61	0.95	93	
NGC5328	G	208.22213	-28.48939	11.71	V	3.07	1.71	78	
NGC5329	G	208.04204	2.32511	12.46	V	1.48	0.71	170	
NGC5330	G	208.24663	-28.47067	13.57	V	1.14	0.93	165	
NGC5331	GPair	208.06792	2.10303			1.10			
NGC5331 NED01	G	208.06729	2.10092	16.59	B	1.07	0.58	132	
NGC5331 NED02	G	208.06842	2.10864	14.93	B	0.56	0.29	50	
NGC5332	G	208.03300	16.96975	12.95	V	1.06	0.77	55	
NGC5333	G	208.60092	-48.51253	11.89	V	2.18	1.09	51	
NGC5334	G	208.22692	-1.11464	11.73	V	3.38	2.44	17	
NGC5335	G	208.23567	2.81428	14.24	B	1.45	1.32	155	
NGC5336	G	208.04083	43.24292	13.64	B	1.22	0.92	101	
NGC5337	G	208.09596	39.68725	13.37	B	1.66	0.80	22	
NGC5338	G	208.36062	5.20778	14.11	B	1.94	0.85	98	
NGC5339	G	208.50113	-7.93067	12.24	V	1.82	1.50	85	
NGC5340	G	207.24963	72.65383	15.00	B	0.84	0.64	85	
NGC5341	G	208.13317	37.81742	14.11	B	1.07	0.58	159	
NGC5342	G	207.85771	59.86394	14.28	B	0.92	0.30	154	
NGC5343	G	208.54879	-7.58814	14.22	B	1.23	0.93	78	
NGC5344	GPair	207.49179	73.95289	15.40	B	0.54	0.47	100	
NGC5345	G	208.55938	-1.43647	13.79	B	1.50	0.91	157	
NGC5346	G	208.25787	39.58078	14.71	B	1.56	0.64	160	
NGC5347	G	208.32429	33.49083	12.68	V	1.62	1.19	122	
NGC5348	G	208.54696	5.22744	14.34	B	3.88	0.73	175	
NGC5349	G	208.30471	37.88314	14.96	B	1.60	0.48	81	
NGC5350	G	208.34013	40.36394	11.47	V	2.69	1.66	35	
NGC5351	G	208.36546	37.91497	12.15	V	2.43	1.31	101	
NGC5352	G	208.41012	36.13406	14.08	B	1.42	1.24	92	
NGC5353	G	208.36121	40.28303	11.02	V	2.37	1.18	152	
NGC5354	G	208.36125	40.30275	11.38	V	3.03	1.15	174	
NGC5355	G	208.43983	40.33867	13.18	V	1.15	0.72	30	
NGC5356	G	208.74358	5.33372	13.79	B	2.83	0.67	16	
NGC5357	G	208.99812	-30.34144	12.01	V	2.18	1.87	24	
NGC5358	G	208.50171	40.27731	14.58	B	1.12	0.38	138	
NGC5359	OCl	210.03987	-70.39231			5.40			
NGC5360	G	208.91146	4.98506	14.93	B	1.10	0.62	63	
NGC5361	G	208.64679	38.44942	14.77	B	0.76	0.42	64	
NGC5362	G	208.72208	41.31353	12.76	V	1.89	0.78	87	
NGC5363	G	209.03004	5.25478	10.21	V	4.17	2.75	133	
NGC5364	G	209.05000	5.01447	10.52	V	3.80	1.66	45	
NGC5365	G	209.46100	-43.93131	11.32	V	3.88	2.14	174	
NGC5365A	G	209.16471	-44.00925	13.52	V	2.84	0.68	94	
NGC5365B	G	209.66488	-43.96372	14.15	B	1.79	0.42	51	
NGC5366	G	209.10358	-0.24756	14.46	B	0.80	0.57	43	
NGC5367	RfN	209.43279	-39.97842			2.00	2.00		
NGC5368	G	208.62150	54.33067	13.86	B	0.99	0.75	19	
NGC5369	G	209.15675	-5.46989	14.38	B	1.08	0.87	110	
NGC5370	G	208.53904	60.67806	14.11	B	1.37	1.29	65	
NGC5371	G	208.91642	40.46175	11.69	V	3.98	2.45	7	
NGC5372	G	208.69162	58.66686	13.37	V	0.69	0.37	137	
NGC5373	G	209.28108	5.25189	15.35	B	0.60	0.52	45	
NGC5374	G	209.37346	6.09700	13.68	B	1.62	1.32	45	
NGC5375	G	209.23333	29.16436	12.08	V	2.34	1.73	179	
NGC5376	G	208.81696	59.50661	12.33	V	1.48	0.92	66	
NGC5377	G	209.06946	47.23569	11.27	V	3.64	1.42	34	
NGC5378	G	209.21258	37.79725	13.63	B	2.03	1.57	73	
NGC5379	G	208.89300	59.74281	13.42	V	2.06	0.72	60	
NGC5380	G	209.23621	37.61039	12.29	V	2.00	0.99	95	
NGC5381	OCl	210.17483	-59.58681			6.30			
NGC5382	G	209.56204	6.25869	12.60	V	1.45	1.08	24	
NGC5383	G	209.27071	41.84625	11.57	V	2.48	1.88	98	
NGC5384	G	209.55358	6.51819	13.07	V	1.80	0.74	56	
NGC5385	OCl	208.13300	76.16278						
NGC5386	G	209.59308	6.33911	13.65	B	0.98	0.45	47	
NGC5387	G	209.60329	6.07128	14.79	B	1.17	0.37	24	
NGC5388	Other	209.74154	-14.15089						
NGC5389	G	209.02638	59.74206	11.98	V	3.27	0.71	4	
NGC5391	G	209.42825	46.46958	16.42	B	0.51	0.30	38	
NGC5392	G	209.85321	-3.20919	14.43	B	0.95	0.74	145	
NGC5393	G	210.13350	-28.87458	14.03	B	0.95	0.62	5	
NGC5394	G	209.64021	37.45347	12.94	V	2.63	1.07	60	
NGC5395	G	209.65825	37.42447	11.66	V	2.49	1.16	171	
NGC5397	G	210.29358	-33.94583	12.85	V	1.62	1.01	65	
NGC5398	G	210.33983	-33.06378	12.39	V	2.76	1.65	174	
NGC5399	G	209.88092	34.77358	14.54	B	1.14	0.32	87	
NGC5400	G	210.15500	-2.85781	14.30	B	1.40	1.25	104	
NGC5401	G	209.93096	36.23811	14.46	B	1.46	0.31	81	
NGC5402	G	209.56896	59.81456	14.54	B	1.13	0.28	166	
NGC5403	G	209.96217	38.18253	14.65	B	2.75	0.89	143	
NGC5405	G	210.28946	7.70228	14.52	B	0.83	0.76	145	
NGC5406	G	210.08383	38.91542	12.33	V	1.69	1.22	115	
NGC5407	G	210.20875	39.15622	14.29	B	1.37	0.89	97	
NGC5408	G	210.83712	-41.37769	11.64	V	2.84	1.53	66	
NGC5409	G	210.44200	9.49028	13.33	V	1.56	1.00	51	
NGC5410	G	210.22754	40.98861	14.14	B	1.15	0.65	63	
NGC5411	G	210.49692	8.93769	13.31	V	1.51	0.79	138	
NGC5412	G	209.30638	73.61672	14.78	B	1.17	0.95	22	
NGC5413	G	209.47304	64.91097	14.34	B	1.29	1.00	27	
NGC5414	G	210.51467	9.92931	13.85	B	0.97	0.66	165	
NGC5415	G	209.23717	70.75439	15.00	B	0.87	0.63	126	
NGC5416	G	210.54717	9.44011	13.29	V	1.29	0.73	105	
NGC5417	G	210.55433	8.03711	13.63	B	1.67	0.84	118	
NGC5418	G	210.57329	7.68417	14.39	B	0.95	0.41	45	
NGC5419	G	210.91138	-33.97825	10.77	V	3.98	2.95	78	
NGC5420	G	210.99958	-14.61686	14.08	B	1.90	0.70	135	
NGC5421	GPair	210.42450	33.82378	14.30	V	1.30			
NGC5421 NED01	G	210.42246	33.82683	14.39	B	1.17	0.68	156	
NGC5421 NED02	G	210.42546	33.82150	15.11	B	1.00	0.55	168	
NGC5422	G	210.17517	55.16447	11.80	V	2.81	0.59	153	
NGC5423	G	210.70258	9.34139	12.86	V	1.53	0.90	75	
NGC5424	G	210.73208	9.42067	13.14	V	1.46	1.18	108	
NGC5425	G	210.19863	48.44386	14.23	B	1.58	0.44	127	
NGC5426	G	210.85354	-6.06911	12.16	V	3.06	1.21	1	
NGC5427	G	210.85854	-6.03081	12.39	V	3.61	3.27	178	
NGC5430	G	210.19058	59.32828	12.78	B	2.18	1.46	177	
NGC5431	G	210.77979	9.36306	15.60	B	0.90	0.38	83	
NGC5432	Other	210.91938	-5.97544						
NGC5433	G	210.65033	32.51044	13.99	B	1.52	0.36	4	
NGC5434	G	210.84642	9.44808	13.28	V	1.48	1.39	35	
NGC5436	G	210.92125	9.57350	13.83	V	1.24	0.53	124	
NGC5437	G	210.94725	9.52369	14.91	B	1.07	0.54	1	
NGC5438	G	210.95000	9.61058	14.42	B	1.18	1.11	70	
NGC5439	G	210.49029	46.31192	14.51	B	1.27	0.40	10	
NGC5440	G	210.75433	34.75786	13.27	B	2.84	1.45	48	
NGC5441	G	210.80000	34.68461	14.90	B	0.44	0.38	111	
NGC5442	G	211.18008	-9.71367	13.94	B	1.19	0.56	162	
NGC5443	G	210.54917	55.81403	13.11	B	1.68	0.57	31	
NGC5444	G	210.85054	35.13211	11.86	V	2.48	1.94	87	
NGC5445	G	210.88125	35.02531	13.91	B	1.56	0.56	26	
NGC5447	HII	210.61833	54.27692						
NGC5448	G	210.70846	49.17269	11.88	V	3.77	1.95	109	
NGC5449	Other	210.61362	54.33022						
NGC5450	HII	210.62412	54.27103						
NGC5451	HII	210.65438	54.36253	16.70	B	0.52	0.31	58	
NGC5452	G	208.60375	78.22056	14.13	B	1.25	0.80	110	
NGC5453	HII	210.73496	54.30797						
NGC5454	G	211.19046	14.38206	14.22	B	1.34	0.79	113	
NGC5455	HII	210.75488	54.24147	15.22	B	0.63	0.49	178	
NGC5456	G	211.24537	11.87164	13.99	B	1.36	1.10	174	
NGC5457	G	210.80225	54.34894	7.90	V	23.99	23.07	28	M101
NGC5458	HII	210.80196	54.29833						
NGC5459	G	211.25079	13.13189	14.39	B	1.27	1.11	7	
NGC5460	OCl	211.86588	-48.34253	5.60	V	13.20			
NGC5461	HII	210.92254	54.31803	14.38	B	1.62	0.98	49	
NGC5462	HII	210.97083	54.36558	18.17	B	0.13	0.11	80	
NGC5463	G	211.54392	9.35344	14.01	B	1.25	0.45	48	
NGC5464	G	211.76833	-30.01711	12.97	V	1.38	0.73	82	
NGC5466	GCl	211.36400	28.53450	9.70	V	6.60			
NGC5468	G	211.64538	-5.45311	12.05	V	2.28	2.13	155	
NGC5469	G	213.12458	8.64794	14.98	B	0.92	0.78	135	
NGC5470	G	211.63296	6.02969	14.24	B	2.60	0.42	62	
NGC5471	HII	211.12092	54.39692	14.54	B	0.82	0.61		
NGC5472	G	211.72925	-5.46047	14.68	B	1.46	0.29	29	
NGC5473	G	211.18013	54.89264	11.47	V	1.99	1.54	156	
NGC5474	G	211.25671	53.66222	11.01	V	2.39	1.57	100	
NGC5475	G	211.30171	55.74186	13.27	B	1.94	0.58	166	
NGC5476	G	212.03537	-6.09206	13.34	B	1.41	1.31	130	
NGC5477	G	211.38875	54.46114	13.78	V	1.11	0.78	87	
NGC5478	G	212.03546	-1.70231	13.64	V	0.97	0.66	22	
NGC5479	G	211.48904	65.69075	15.02	B	0.93	0.76	20	
NGC5480	G	211.58992	50.72511	12.18	V	1.67	1.28	177	
NGC5481	G	211.67196	50.72333	13.24	B	1.76	1.22	113	
NGC5482	G	212.12792	8.93192	14.00	B	1.17	0.81	88	
NGC5483	G	212.60429	-43.32461	11.13	V	3.42	3.08	16	
NGC5484	G	211.70092	55.02992	15.74	B	0.47	0.46	5	
NGC5485	G	211.79729	55.00169	11.50	V	2.51	1.75	170	
NGC5486	G	211.85400	55.10308	14.01	B	1.36	0.82	69	
NGC5487	G	212.43292	8.06914	14.61	B	1.05	0.52	67	
NGC5488	G	212.01296	-33.31492	13.31	B	2.63	0.73	26	
NGC5489	G	213.00300	-46.08872	13.16	B	2.29	1.28	126	
NGC5490	G	212.48871	17.54556	12.05	V	1.66	1.29	2	
NGC5490C	G	212.52879	17.61575	15.22	B	0.75	0.61	34	
NGC5491	G	212.73896	6.36486	13.82	B	1.32	0.75	78	
NGC5492	G	212.64667	19.61233	13.71	B	1.58	0.38	151	
NGC5493	G	212.87242	-5.04361	11.42	V	2.17	1.92	125	
NGC5494	G	213.10075	-30.64408	12.63	V	2.33	2.18	50	
NGC5495	G	213.09729	-27.10803	13.50	V	1.52	1.26	44	
NGC5496	G	212.90775	-1.15911	13.45	B	2.69	0.58	176	
NGC5497	G	212.63183	38.89356	15.11	B	0.60	0.49	62	
NGC5498	G	212.76887	25.69797	14.73	B	1.23	0.84	118	
NGC5499	G	212.69854	35.91350	14.27	B	1.12	0.74	143	
NGC5500	G	212.56346	48.54611	14.37	B	0.92	0.76	136	
NGC5501	G	213.08408	1.27253	15.00	B	0.89	0.65	65	
NGC5502	G	212.39146	60.40958	16.23	B	0.63	0.34	81	
NGC5504	G	213.06588	15.84192	14.04	B	1.18	1.03	114	
NGC5504B	G	213.05300	15.86889	15.23	B	0.56	0.38	112	
NGC5504C	G	213.06579	15.87933	15.65	B	0.81	0.32	78	
NGC5505	G	213.13212	13.30472	13.13	B	0.89	0.71	127	
NGC5506	G	213.31204	-3.20758	12.56	V	2.88	0.76	89	
NGC5507	G	213.33279	-3.14889	12.44	V	1.60	0.79	80	
NGC5508	G	213.12100	24.63550	15.03	B	0.98	0.65	135	
NGC5509	G	213.16492	20.38700	14.97	B	1.19	0.74	92	
NGC5510	G	213.40508	-17.98381	14.26	B	0.95	0.65	32	
NGC5511	G	213.27258	8.63189	15.62	B	0.68	0.24	166	
NGC5512	G	213.17137	30.85506	15.30	B	0.67	0.56	74	
NGC5513	G	213.28596	20.41628	13.78	B	2.02	1.09	114	
NGC5514	GPair	213.41158	7.65953			1.30			
NGC5514 NED01	G	213.41017	7.66053	14.37	B	1.15	0.65	97	
NGC5514 NED02	G	213.41408	7.65800	15.89	B	0.85	0.74	111	
NGC5515	G	213.15904	39.31028	13.70	V	1.22	0.64	107	
NGC5516	G	213.97787	-48.11486	11.99	V	2.39	1.56	162	
NGC5517	G	213.21350	35.71089	14.73	B	1.01	0.71	123	
NGC5518	G	213.44867	20.84831	14.51	B	1.28	1.09	121	
NGC5519	G	213.58696	7.51592	14.51	B	1.77	1.08	76	
NGC5520	G	213.09496	50.34842	12.75	V	1.61	0.80	66	
NGC5521	G	213.84883	4.40853	14.62	B	0.61	0.49	40	
NGC5522	G	213.70988	15.14689	14.00	B	1.87	0.42	50	
NGC5523	G	213.71800	25.31761	13.13	B	2.04	0.89	92	
NGC5525	G	213.91346	14.28261	12.84	V	1.21	0.66	21	
NGC5526	G	213.47400	57.77133	14.24	B	1.10	0.30	135	
NGC5527	G	213.61346	36.40450	14.94	B	0.94	0.69	153	
NGC5528	G	214.08300	8.29347	14.66	B	0.99	0.55	17	
NGC5529	G	213.89196	36.22658	11.91	V	5.79	0.68	114	
NGC5530	G	214.61312	-43.38858	11.19	V	4.86	2.18	127	
NGC5531	GPair	214.18042	10.88478	14.70	B	1.07	0.60	170	
NGC5532	G	214.22063	10.80739	11.94	V	2.34	1.94	144	
NGC5533	G	214.03225	35.34383	11.81	V	2.86	1.58	28	
NGC5534	G	214.41775	-7.41742	12.49	V	1.36	1.23	65	
NGC5535	G	214.38029	8.20839	15.74	B	0.66	0.42	15	
NGC5536	G	214.09942	39.50219	14.41	B	0.83	0.64	11	
NGC5537	G	214.40454	7.05500	15.05	B	0.94	0.40	32	
NGC5538	G	214.42704	7.47667	15.50	B	0.89	0.31	62	
NGC5539	G	214.40738	8.17961	15.05	B	1.15	0.75	35	
NGC5540	G	213.72679	60.01111	14.70	B	1.10	0.88	17	
NGC5541	G	214.13250	39.58906	13.58	B	0.92	0.59	31	
NGC5542	G	214.47167	7.55878	14.84	B	0.60	0.35	164	
NGC5543	G	214.51696	7.65486	15.18	B	0.79	0.42	140	
NGC5544	G	214.26050	36.57158	13.89	B	1.03	0.96	57	
NGC5545	G	214.27150	36.57511	13.20	B	0.97	0.33	59	
NGC5546	G	214.53846	7.56456	12.29	V	1.57	1.29	22	
NGC5547	G	212.43833	78.60106	14.83	B	0.74	0.30	61	
NGC5548	G	214.49804	25.13678	13.37	V	1.33	1.05	118	
NGC5549	G	214.66171	7.37733	13.95	B	1.53	0.75	119	
NGC5550	G	214.61654	12.88308	14.09	B	1.10	0.81	98	
NGC5551	G	214.72850	5.45147	14.88	B	0.81	0.59	116	
NGC5552	G	214.76604	7.03169	15.12	B	0.91	0.39	172	
NGC5553	G	214.62388	26.28783	14.59	B	1.15	0.25	87	
NGC5554	G	214.81250	7.02114	15.12	B	0.65	0.45	38	
NGC5555	G	214.70033	-19.13892	15.14	B	0.61	0.37	113	
NGC5556	G	215.14204	-29.24178	11.82	V	3.45	2.75	145	
NGC5557	G	214.60717	36.49356	11.02	V	2.28	1.12	97	
NGC5559	G	214.80325	24.79872	14.81	B	1.31	0.38	65	
NGC5560	G	215.01871	3.99247	12.35	V	3.45	0.85	109	
NGC5561	G	214.34512	58.75050	15.45	B	0.65	0.52	161	
NGC5562	G	215.04604	10.26283	14.37	B	0.80	0.74	10	
NGC5563	G	215.05454	7.05542	15.13	B	0.95	0.45	77	
NGC5566	G	215.08288	3.93375	10.51	V	5.36	2.08	35	
NGC5567	G	214.82350	35.13794	14.48	B	1.06	0.92	53	
NGC5568	G	214.83883	35.09217	15.43	B	0.74	0.57	117	
NGC5569	G	215.13371	3.98322	14.89	B	1.11	0.87	56	
NGC5571	Other	214.88346	35.15094						
NGC5572	G	214.89708	36.14067	15.04	B	0.89	0.72	178	
NGC5573	G	215.17296	6.90731	15.01	B	1.24	0.37	106	
NGC5574	G	215.23321	3.23800	12.45	V	1.32	0.83	61	
NGC5575	G	215.24754	6.20267	14.35	B	0.91	0.75	95	
NGC5576	G	215.26533	3.27100	10.90	V	2.83	1.87	91	
NGC5577	G	215.30462	3.43578	13.47	B	2.86	0.73	61	
NGC5579	G	215.11033	35.18881	14.54	B	1.49	1.12	177	
NGC5580	G	215.41004	35.20486	13.55	B	1.54	1.38	137	
NGC5581	G	215.31796	23.48003	14.67	B	0.60	0.48	0	
NGC5582	G	215.17967	39.69358	11.62	V	2.20	1.40	24	
NGC5583	G	215.41875	13.23239	14.20	B	0.84	0.64	81	
NGC5584	G	215.59904	-0.38767	12.77	B	3.13	2.34	154	
NGC5585	G	214.95083	56.72906	11.02	V	4.27	2.62	33	
NGC5586	Other	215.53192	13.18428						
NGC5587	G	215.54462	13.91806	13.79	B	2.13	0.67	162	
NGC5588	G	215.35462	35.27064	14.20	B	0.95	0.80	58	
NGC5591	GPair	215.64167	13.71667			1.40			
NGC5591 NED01	G	215.63871	13.71719	13.88	V	0.85	0.48	79	
NGC5591 NED02	G	215.64483	13.71736	15.85	B	1.02	0.25	64	
NGC5592	G	215.97937	-28.68806	12.73	V	1.63	0.75	88	
NGC5593	OCl	216.41325	-54.79869			4.50			
NGC5594	G	215.79296	26.26581	14.80	B	1.47	0.70	152	
NGC5595	G	216.05517	-16.72300	12.02	V	2.12	1.01	54	
NGC5596	G	215.61975	37.12219	13.50	V	1.04	0.72	95	
NGC5597	G	216.11433	-16.76275	12.89	V	2.00	1.55	65	
NGC5598	G	215.61783	40.31981	14.10	B	1.55	0.99	51	
NGC5599	G	215.96087	6.57611	14.56	B	1.34	0.51	158	
NGC5600	G	215.95633	14.63878	12.39	V	1.60	1.57	135	
NGC5601	G	215.72200	40.30958	15.47	B	0.83	0.33	4	
NGC5602	G	215.57846	50.50139	12.53	V	1.31	0.68	167	
NGC5603	G	215.75637	40.37742	13.01	V	1.11	1.04	90	
NGC5604	G	216.17833	-3.21217	12.87	V	1.80	0.92	6	
NGC5605	G	216.28154	-13.16300	12.50	V	1.50	1.23	66	
NGC5606	OCl	216.94700	-59.63225	7.70	V	3.60			
NGC5607	G	214.86125	71.58822	13.50	V	0.87	0.73	71	
NGC5608	G	215.82454	41.77589	13.36	V	1.66	0.74	98	
NGC5609	G	215.95125	34.84278	16.18	B	0.48	0.39	116	
NGC5610	G	216.09558	24.61414	14.29	B	1.73	0.60	105	
NGC5611	G	216.01992	33.04739	13.46	B	1.36	0.59	65	
NGC5612	G	218.50521	-78.38750	12.08	V	1.94	1.15	64	
NGC5613	G	216.02483	34.89211	15.60	B	0.56	0.37	30	
NGC5614	G	216.03163	34.85886	11.71	V	2.43	2.00	150	
NGC5615	G	216.02708	34.86500	15.29	B	0.16	0.16	162	
NGC5616	G	216.08625	36.46142	14.55	B	2.13	0.41	158	
NGC5617	OCl	217.43362	-60.71083	6.30	V	5.10			
NGC5618	G	216.79921	-2.26242	13.40	V	1.45	0.78	4	
NGC5619	G	216.82596	4.80283	13.89	B	2.29	0.93	12	
NGC5619B	G	216.88487	4.82161	14.76	B	1.05	0.44	121	
NGC5621	Other	216.95754	8.24025						
NGC5622	G	216.55079	48.56400	13.44	V	1.34	0.76	86	
NGC5623	G	216.78617	33.25256	12.53	V	1.65	1.08	17	
NGC5624	G	216.64671	51.58536	13.69	V	1.02	0.68	7	
NGC5625	GPair	216.75625	39.95694			1.20			
NGC5625 NED01	G	216.75250	39.95622	16.74	B	0.48	0.28	144	
NGC5625 NED02	G	216.75971	39.95728	14.84	B	1.00	0.78	67	
NGC5626	G	217.45454	-29.74847	14.02	B	1.37	1.05	102	
NGC5627	G	217.14283	11.37825	14.55	B	1.28	0.78	121	
NGC5628	G	217.10746	17.92436	14.45	B	0.97	0.63	173	
NGC5629	G	217.06821	25.84878	12.19	V	1.71	1.58	110	
NGC5630	G	216.90254	41.25775	13.61	B	1.48	0.52	96	
NGC5631	G	216.63875	56.58264	11.56	V	1.95	1.95	140	
NGC5633	G	216.86825	46.14653	12.46	V	1.09	0.72	11	
NGC5634	GCl	217.40533	-5.97642	10.05	V	4.50			
NGC5635	G	217.13233	27.40894	13.90	V	2.62	1.00	64	
NGC5636	G	217.41258	3.26631	13.85	B	1.36	0.89	56	
NGC5637	G	217.24833	23.19150	14.50	B	0.84	0.44	7	
NGC5638	G	217.41825	3.23331	11.21	V	1.94	1.71	154	
NGC5639	G	217.19396	30.41294	14.53	B	1.26	0.81	108	
NGC5640	G	215.17004	80.12311	15.50	B	0.78	0.47	22	
NGC5641	G	217.31925	28.82189	13.29	B	2.07	1.03	160	
NGC5642	G	217.30621	30.02644	14.20	B	1.77	1.13	126	
NGC5643	G	218.16975	-44.17442	11.49	V	5.27	4.60	88	
NGC5644	G	217.60658	11.92800	13.93	B	1.24	1.14	150	
NGC5645	G	217.66396	7.27508	12.41	V	2.02	1.09	85	
NGC5646	G	217.39171	35.46194	15.03	B	1.19	0.45	79	
NGC5647	G	217.65042	11.87669	15.41	B	1.02	0.24	180	
NGC5648	G	217.63583	14.02306	14.29	B	0.77	0.63	175	
NGC5650	G	217.75450	5.97842	13.80	B	1.05	0.24	114	
NGC5653	G	217.54342	31.21550	12.22	V	1.60	1.33	120	
NGC5654	G	217.50554	36.36092	14.12	B	1.25	0.73	133	
NGC5655	G	217.71221	13.96875	14.06	B	0.73	0.47	152	
NGC5656	G	217.60629	35.32103	12.43	V	1.26	0.89	57	
NGC5657	G	217.68167	29.18083	14.34	B	1.75	0.71	168	
NGC5659	G	217.77558	25.35511	14.75	B	1.79	0.51	45	
NGC5660	G	217.45754	49.62267	11.91	V	2.64	2.43	30	
NGC5661	G	217.98913	6.25042	14.24	B	1.14	0.61	22	
NGC5662	OCl	218.90658	-56.61808	5.50	V	8.10			
NGC5663	G	218.48458	-16.58106	15.10	B	0.92	0.87	60	
NGC5664	G	218.43175	-14.61969	14.52	V	0.85	0.39	27	
NGC5665	G	218.10725	8.07864	12.61	B	1.88	1.17	150	
NGC5665A	Other	218.11392	8.07872						
NGC5666	G	218.28838	10.51081	13.52	B	0.97	0.75	150	
NGC5667	G	217.59546	59.46978	12.95	V	1.62	0.82	170	
NGC5668	G	218.35142	4.45044	11.71	V	1.91	1.61	107	
NGC5669	G	218.18121	9.89044	12.97	B	2.57	1.46	54	
NGC5670	G	218.90013	-45.96697	11.96	V	2.59	1.18	67	
NGC5671	G	216.92500	69.69417	14.32	B	1.41	1.02	62	
NGC5672	G	218.15975	31.67017	13.52	V	0.91	0.75	49	
NGC5673	G	217.87879	49.95872	12.17	V	2.33	0.45	134	
NGC5674	G	218.46767	5.45822	13.70	V	1.15	0.30	6	
NGC5675	G	218.16596	36.30219	14.00	V	2.27	0.72	135	
NGC5676	G	218.19521	49.45789	11.22	V	3.59	1.61	46	
NGC5677	G	218.55308	25.46803	14.70	B	0.94	0.70	136	
NGC5678	G	218.02337	57.92144	11.43	V	2.96	1.55	2	
NGC5679	GTrpl	218.78625	5.35639			1.60			
NGC5679A	G	218.77663	5.35683	14.20	B	0.78	0.47	133	
NGC5679B	G	218.78650	5.35894	14.33	B	1.08	0.62	124	
NGC5679C	G	218.79579	5.35428	17.43	B	0.27	0.18	11	
NGC5680	G	218.93554	-0.01336	15.32	B	0.96	0.67	21	
NGC5681	G	218.92863	8.30061	14.30	B	0.86	0.61	2	
NGC5682	G	218.68742	48.67025	14.34	V	0.65	0.24	136	
NGC5683	G	218.71854	48.66192	15.04	V	0.57	0.49	95	
NGC5684	G	218.95900	36.54322	12.72	V	1.41	1.12	101	
NGC5685	G	219.06404	29.90839	14.72	B	1.05	0.94	20	
NGC5686	G	219.01079	36.50319	14.92	B	0.77	0.73	80	
NGC5687	G	218.71833	54.47586	11.74	V	2.41	1.37	103	
NGC5688	G	219.89646	-45.01900	11.81	V	4.13	1.91	86	
NGC5689	G	218.87371	48.74164	11.80	V	3.66	0.91	86	
NGC5690	G	219.42113	2.29083	12.48	B	3.20	0.99	145	
NGC5691	G	219.47225	-0.39889	12.38	V	1.86	1.40	101	
NGC5692	G	219.57546	3.41033	13.41	B	0.95	0.60	36	
NGC5693	G	219.04663	48.58503	14.26	B	1.57	1.07	50	
NGC5694	GCl	219.90212	-26.53833	10.89	V	3.30			
NGC5695	G	219.34217	36.56781	12.93	V	0.99	0.49	139	
NGC5696	G	219.23783	41.82811	13.95	B	1.21	0.84	42	
NGC5697	G	219.13358	41.68589	14.66	B	1.00	0.64	26	
NGC5698	G	219.31125	38.45428	14.01	B	1.73	0.74	61	
NGC5699	G	219.67650	30.46592	15.66	B	0.61	0.56	40	
NGC5700	G	219.25650	48.54483	15.09	B	0.99	0.55	37	
NGC5701	G	219.79617	5.36347	11.20	V	2.00	1.60	4	
NGC5702	G	219.72950	20.50672	14.31	B	1.19	0.91	137	
NGC5703	G	219.70842	30.44253	14.38	B	1.51	0.44	103	
NGC5704	G	219.56783	40.45675	13.81	B	1.56	0.57	177	
NGC5705	G	219.95704	-0.71847	14.03	B	1.35	0.60	77	
NGC5707	G	219.37821	51.56186	13.21	B	2.38	0.60	33	
NGC5710	G	219.81746	20.04369	12.99	V	1.42	1.03	174	
NGC5711	G	219.84400	19.99089	15.14	B	1.03	0.46	71	
NGC5712	G	217.42383	78.86425	15.22	B	0.72	0.68	110	
NGC5713	G	220.04796	-0.28897	11.32	V	2.47	1.70	11	
NGC5714	G	219.54800	46.63825	14.10	B	2.84	0.50	82	
NGC5715	OCl	220.87371	-57.57703	9.80	V	3.60			
NGC5716	G	220.27300	-17.47697	13.53	B	1.57	1.19	89	
NGC5717	G	219.65704	46.66314	15.23	B	1.02	0.63	33	
NGC5718	G	220.17850	3.46542	14.27	B	1.54	1.09	96	
NGC5719	G	220.23483	-0.31822	13.37	B	3.08	1.29	99	
NGC5720	G	219.63871	50.81522	14.45	B	1.90	1.23	132	
NGC5721	G	219.72067	46.67444	14.40	B	0.35	0.28	147	
NGC5722	G	219.72671	46.66561	15.38	B	0.72	0.63	114	
NGC5723	G	219.74133	46.68961	16.55	B	0.64	0.23	180	
NGC5725	G	220.24300	2.18656	14.45	B	0.95	0.57	31	
NGC5726	G	220.73354	-18.44489	13.97	B	1.20	0.93	151	
NGC5727	G	220.10883	33.98911	13.65	V	0.78	0.31	141	
NGC5728	G	220.59958	-17.25308	11.51	V	3.20	1.87	15	
NGC5729	G	220.52867	-9.00944	12.98	B	2.47	0.62	175	
NGC5730	G	219.96733	42.74236	14.45	B	2.01	0.38	89	
NGC5731	G	220.03837	42.77956	14.10	B	1.50	0.37	115	
NGC5732	G	220.16229	38.63781	14.34	B	1.23	0.65	42	
NGC5733	G	220.69137	-0.35108	14.68	B	0.99	0.34	29	
NGC5734	G	221.28771	-20.87047	13.77	B	1.40	0.92	45	
NGC5735	G	220.63850	28.72644	13.36	V	2.00	1.47	51	
NGC5736	G	220.87838	11.20269	14.69	B	0.96	0.62	97	
NGC5737	G	220.79925	18.87994	14.58	B	1.14	0.78	177	
NGC5738	G	220.98487	1.60417	14.64	B	0.94	0.48	71	
NGC5739	G	220.62046	41.84233	13.27	B	1.75	1.26	44	
NGC5740	G	221.10187	1.67978	11.90	V	2.70	1.34	165	
NGC5741	G	221.46550	-11.91428	14.58	B	1.05	0.99	145	
NGC5742	G	221.40367	-11.80964	13.86	B	1.17	0.87	72	
NGC5743	G	221.29579	-20.91350	13.89	B	1.29	0.47	92	
NGC5744	G	221.66104	-18.51328	14.28	B	1.05	0.69	97	
NGC5745	GTrpl	221.25900	-13.94622	14.00	B	1.62	0.81	79	
NGC5746	G	221.23300	1.95500	10.55	V	7.24	1.08	172	
NGC5747	GPair	221.08667	12.12972			1.30			
NGC5747 NED01	G	221.08667	12.12833	14.40	B	0.43	0.20	161	
NGC5747 NED02	G	221.08667	12.13200	14.36	B	1.00	0.78	174	
NGC5748	G	221.27129	21.91622	15.28	B	0.96	0.63	150	
NGC5749	OCl	222.22475	-54.49769	8.80	V	7.20			
NGC5750	G	221.54633	-0.22294	11.69	V	2.65	1.37	70	
NGC5751	G	220.95492	53.40067	13.80	B	1.30	0.68	53	
NGC5752	G	221.30900	38.72886	15.16	B	0.77	0.24	122	
NGC5753	G	221.32867	38.80589	15.96	B	0.54	0.43	156	
NGC5754	G	221.33187	38.73122	13.99	B	1.28	1.10	96	
NGC5755	G	221.35217	38.77989	14.89	B	0.46	0.31	103	
NGC5756	G	221.89054	-14.85358	12.28	V	2.95	1.13	52	
NGC5757	G	221.94325	-19.07856	13.60	V	2.09	1.39	178	
NGC5758	G	221.75867	13.66839	13.65	V	1.11	0.81	84	
NGC5759	GPair	221.81087	13.45794	14.90	B	1.10	0.51	138	
NGC5760	G	221.92608	18.50203	14.19	B	1.57	0.65	95	
NGC5761	G	222.28533	-20.37603	12.49	V	1.79	1.41	85	
NGC5762	G	222.17738	12.45722	14.17	B	1.34	0.97	141	
NGC5763	G	222.24467	12.49014	15.44	B	0.64	0.55	90	
NGC5764	OCl	223.38433	-52.67053	12.60	V	4.20			
NGC5765	GPair	222.71250	5.11694			1.20			
NGC5765A	G	222.71125	5.11944	14.60	V	0.80	0.35	96	
NGC5765B	G	222.71463	5.11447	14.52	B	0.81	0.56	144	
NGC5766	G	223.28983	-21.39411	14.21	B	0.96	0.63	145	
NGC5767	G	222.39346	47.37617	14.81	B	0.95	0.68	160	
NGC5768	G	223.03313	-2.52975	13.57	B	1.28	0.97	111	
NGC5769	G	223.17304	7.93181	14.88	B	0.98	0.79	102	
NGC5770	G	223.31258	3.95972	12.27	V	1.10	0.90	105	
NGC5771	G	223.05971	29.84542	14.78	B	0.86	0.75	168	
NGC5772	G	222.91200	40.59917	13.71	B	1.38	0.52	32	
NGC5773	G	223.12675	29.80739	14.62	B	0.89	0.89	30	
NGC5774	G	223.42692	3.58250	12.24	V	1.70	1.06	123	
NGC5775	G	223.49000	3.54444	11.43	V	3.70	0.85	148	
NGC5776	G	223.63646	2.96644	14.56	B	1.21	0.80	121	
NGC5777	G	222.82437	58.97794	14.03	B	2.96	0.42	145	
NGC5778	G	223.63121	18.64231	13.93	V	1.23	0.79	11	
NGC5779	G	223.03983	55.89944	15.53	B	0.73	0.69	50	
NGC5780	G	223.59446	28.93967	13.96	V	0.69	0.45	124	
NGC5781	G	224.17175	-17.24394	13.82	B	1.29	0.70	20	
NGC5782	G	223.98029	11.86153	14.76	B	0.95	0.84	153	
NGC5783	G	223.36796	52.07611	13.84	B	2.45	1.49	176	
NGC5784	G	223.56854	42.55792	13.65	B	1.48	1.36	65	
NGC5786	G	224.73442	-42.01336	11.89	V	2.40	1.32	79	
NGC5787	G	223.81492	42.50686	13.95	B	1.15	1.04	85	
NGC5788	G	223.32079	52.04425	15.60	B	0.73	0.59	33	
NGC5789	G	224.14800	30.23403	13.84	B	1.15	1.03	92	
NGC5790	G	224.39921	8.28528	14.79	B	1.18	0.78	73	
NGC5791	G	224.69258	-19.26686	11.85	V	2.71	1.43	172	
NGC5792	G	224.59463	-1.09108	11.26	V	3.55	1.38	88	
NGC5793	G	224.85317	-16.69336	13.23	V	1.94	0.65	148	
NGC5794	G	223.97346	49.72608	14.32	B	1.07	0.91	143	
NGC5795	G	224.08283	49.40006	14.67	B	0.78	0.33	63	
NGC5796	G	224.85046	-16.62386	11.58	V	2.65	2.18	90	
NGC5797	G	224.10021	49.69617	13.51	B	1.58	1.01	108	
NGC5798	G	224.40821	29.96850	13.43	B	1.24	0.83	46	
NGC5799	G	226.39671	-72.43283	14.02	B	1.20	1.09	135	
NGC5800	OCl	225.44946	-51.91858			4.50			
NGC5801	G	225.10808	-13.90431	15.86	B	0.71	0.53	40	
NGC5802	G	225.12500	-13.91903	15.30	B	1.29	0.81	101	
NGC5803	G	225.14392	-13.89453	15.78	B	0.67	0.50	111	
NGC5804	G	224.27833	49.66903	15.94	V	1.17	1.05	5	
NGC5805	GPair	224.29958	49.62778			0.70			
NGC5805 NED01	G	224.29842	49.62900	15.91	B	0.66	0.41	148	
NGC5805 NED02	G	224.30054	49.62689	17.58	B	0.38	0.38	166	
NGC5806	G	225.00167	1.89131	11.65	V	3.03	1.63	172	
NGC5807	G	223.95279	63.90347	15.25	B	0.78	0.65	83	
NGC5808	G	223.51171	73.13169	14.25	B	0.95	0.78	88	
NGC5809	G	225.21804	-14.16519	14.42	B	1.65	0.60	150	
NGC5810	G	225.67804	-17.86800	14.02	B	0.98	0.52	17	
NGC5811	GPair	225.11208	1.62389	14.80	B	1.02	0.91	96	
NGC5812	G	225.23208	-7.45736	11.23	V	2.66	2.29	73	
NGC5813	G	225.29679	1.70197	10.53	V	4.13	2.70	143	
NGC5814	G	225.33813	1.63708	14.51	B	0.82	0.56	40	
NGC5815	G	225.12204	-16.83431	14.43	B	0.78	0.26	5	
NGC5816	G	225.02025	-16.09364	15.62	B	0.95	0.66	103	
NGC5817	G	224.92021	-16.18036	15.40	B	1.04	0.85	15	
NGC5818	G	224.74329	49.82142	14.76	B	0.99	0.77	152	
NGC5820	G	224.66592	53.88608	12.24	V	1.66	1.13	94	
NGC5821	G	224.74858	53.92328	14.71	B	1.49	0.79	146	
NGC5822	OCl	226.08854	-54.39642	6.50	V	18.00			
NGC5823	OCl	226.37763	-55.60375	7.90	V	3.90			
NGC5824	GCl	225.99433	-33.06814	9.56	V	5.10			
NGC5826	G	226.64100	55.47911	15.11	B	1.39	1.04	26	
NGC5827	G	225.47388	25.96453	13.72	B	1.04	0.75	131	
NGC5828	G	225.19213	49.99367	14.35	B	0.84	0.29	46	
NGC5829	G	225.67504	23.33361	13.47	V	1.42	1.08	41	
NGC5830	G	225.46213	47.87539	14.99	B	0.90	0.48	172	
NGC5831	G	226.02917	1.21992	11.46	V	2.24	1.98	130	
NGC5832	G	224.44046	71.68233	12.26	V	1.86	0.78	42	
NGC5833	G	227.97354	-72.85942	11.93	V	3.10	0.98	129	
NGC5835	G	225.60571	48.87769	15.48	B	1.13	0.78	163	
NGC5836	G	224.87912	73.89322	14.84	B	1.16	0.93	38	
NGC5837	G	226.16908	12.63344	14.40	B	1.00	0.62	23	
NGC5838	G	226.35942	2.09933	10.81	V	3.86	1.29	40	
NGC5839	G	226.36454	1.63481	12.19	V	1.44	1.29	103	
NGC5840	Other	226.08562	29.50603						
NGC5841	G	226.64600	2.00481	14.50	B	1.19	0.49	150	
NGC5842	G	226.21662	21.06944	15.26	B	0.52	0.50	50	
NGC5843	G	226.86621	-36.32742	13.13	B	1.96	1.24	68	
NGC5844	PN	227.67062	-64.67367	13.20	B	0.88			
NGC5845	G	226.50338	1.63381	11.40	V	1.00	0.71	152	
NGC5846	G	226.62200	1.60561	10.18	V	4.27	4.05	35	
NGC5846A	G	226.62167	1.59486	13.37	V	3.16	2.22	112	
NGC5847	G	226.59279	6.37989	15.17	B	0.70	0.47	153	
NGC5849	G	226.71121	-14.57183	15.74	B	1.05	0.78	35	
NGC5850	G	226.78204	1.54425	11.00	V	3.35	2.37	119	
NGC5851	G	226.72258	12.85886	15.00	V	1.07	0.38	44	
NGC5852	G	226.73504	12.84683	14.59	B	1.10	0.71	127	
NGC5853	G	226.47204	39.52219	14.59	B	1.10	0.65	140	
NGC5854	G	226.94875	2.56864	11.80	V	3.02	0.71	55	
NGC5855	G	226.95433	3.98417	15.34	B	0.83	0.61	62	
NGC5857	G	226.86379	19.59764	13.09	V	1.14	0.57	137	
NGC5858	G	227.20475	-11.20783	14.12	B	2.16	1.19	140	
NGC5859	G	226.89475	19.58231	12.43	V	2.55	0.63	134	
NGC5860	GPair	226.64083	42.64139			0.80			
NGC5860 NED01	G	226.64008	42.64036	14.26	B	1.07	0.95	79	
NGC5860 NED02	G	226.64083	42.64281	15.19	B	0.28	0.28	25	
NGC5861	G	227.31704	-11.32167	11.69	V	2.78	1.11	149	
NGC5862	G	226.51379	55.57386	15.56	B	0.77	0.51	35	
NGC5863	G	227.70150	-18.43103	13.23	B	1.45	1.16	27	
NGC5864	G	227.38983	3.05275	12.72	B	2.49	0.77	67	
NGC5865	G	227.45492	0.52983	14.77	B	1.25	1.03	165	
NGC5866	G	226.62292	55.76322	9.89	V	6.31	2.72	126	
NGC5866B	G	228.03012	55.78508	15.43	B	2.33	1.66	16	
NGC5867	G	226.60133	55.73158	16.77	B	0.44	0.36	58	
NGC5869	G	227.45600	0.47003	12.19	V	2.17	1.39	114	
NGC5872	G	227.73192	-11.48014	14.21	B	1.77	0.96	10	
NGC5873	PN	228.21167	-38.12556	11.00	V	0.12			
NGC5874	G	226.96596	54.75278	12.49	V	2.38	1.56	51	
NGC5875	G	227.30483	52.52844	13.34	B	2.42	1.08	143	
NGC5876	G	227.38150	54.50650	13.71	B	2.46	1.16	48	
NGC5878	G	228.44046	-14.26983	11.67	V	3.27	1.21	6	
NGC5879	G	227.44471	57.00019	11.47	V	3.79	1.42	1	
NGC5880	G	228.75475	-14.57903	15.04	B	0.87	0.67	145	
NGC5881	G	226.58675	62.98097	14.06	B	0.81	0.58	61	
NGC5882	PN	229.20833	-45.64931	10.18	V	0.23			
NGC5883	G	228.79242	-14.61706	14.54	B	1.29	0.85	122	
NGC5885	G	228.76733	-10.08600	11.70	V	3.07	2.59	58	
NGC5886	G	228.18933	41.23358	14.87	B	0.86	0.60	92	
NGC5887	G	228.68325	1.15425	14.87	B	1.38	1.08	166	
NGC5888	G	228.28071	41.26464	14.17	B	1.33	0.81	157	
NGC5889	G	228.31562	41.32797	15.93	B	0.70	0.27	40	
NGC5890	G	229.46321	-17.58919	14.22	B	1.56	1.08	85	
NGC5891	G	229.05583	-11.49425	14.59	B	0.83	0.54	140	
NGC5892	G	228.45087	-15.46389	12.17	V	3.05	2.39	165	
NGC5893	G	228.39238	41.95881	14.07	B	1.05	0.97	20	
NGC5894	G	227.92075	59.80894	13.22	B	2.98	0.47	14	
NGC5895	G	228.45833	42.00808	15.20	B	0.87	0.23	23	
NGC5896	G	228.46117	42.02428	15.38	B	0.29	0.26	65	
NGC5897	GCl	229.35167	-21.01011	8.52	V	9.90			
NGC5898	G	229.55650	-24.09794	11.38	V	2.66	2.37	51	
NGC5899	G	228.76342	42.04983	12.28	V	2.10	0.85	21	
NGC5900	G	228.77150	42.20942	13.39	V	1.49	0.54	130	
NGC5902	G	228.59333	50.32967	14.72	B	1.26	1.11	100	
NGC5903	G	229.65221	-24.06858	11.27	V	3.00	2.23	164	
NGC5904	GCl	229.64063	2.08269	5.95	V	15.00			M5
NGC5905	G	228.84717	55.51736	12.50	V	3.22	2.60	131	
NGC5907	G	228.97404	56.32878	10.37	V	11.30	1.75	156	
NGC5908	G	229.18008	55.40925	11.89	V	3.37	1.61	153	
NGC5909	G	227.86679	75.38381	13.58	V	1.00	0.56	53	
NGC5910	GTrpl	229.85458	20.89500			1.10			
NGC5910 NED01	G	229.85108	20.89081	15.62	B	0.74	0.56	119	
NGC5910 NED02	G	229.85308	20.89636	14.59	B	1.15	0.47	110	
NGC5910 NED03	G	229.85762	20.89953	16.55	B	0.55	0.36	121	
NGC5911	G	230.07592	3.51833	14.59	B	1.09	0.69	44	
NGC5912	G	227.92042	75.38481	12.98	V	1.04	0.91	100	
NGC5913	G	230.23100	-2.57794	14.18	B	1.85	0.75	173	
NGC5914	G	229.68258	41.86547	14.51	B	0.92	0.36	156	
NGC5914B	G	229.68879	41.89081	15.31	B	0.50	0.43	26	
NGC5915	G	230.38783	-13.09175	12.41	V	1.67	1.23	125	
NGC5916	G	230.40800	-13.16928	13.48	B	3.09	0.70	21	
NGC5916A	G	230.30767	-13.10061	14.56	B	1.38	0.44	145	
NGC5917	G	230.38571	-7.37717	13.81	B	1.68	1.05	90	
NGC5918	G	229.85525	45.88025	13.91	B	2.01	0.84	85	
NGC5919	G	230.40367	7.71931	14.44	V	1.00	0.59	103	
NGC5920	G	230.46604	7.70881	13.77	V	1.28	0.70	100	
NGC5921	G	230.48567	5.07053	11.02	V	3.02	2.03	137	
NGC5923	G	230.30933	41.72594	13.13	V	1.33	1.22	45	
NGC5924	G	230.50825	31.23308	15.34	B	0.65	0.33	16	
NGC5925	OCl	231.86175	-54.52878	8.40	V	4.80			
NGC5926	G	230.85375	12.71528	14.71	B	0.91	0.91	20	
NGC5927	GCl	232.00179	-50.67278	8.86	V	6.60			
NGC5928	G	231.51200	18.07364	13.68	B	1.64	1.08	103	
NGC5929	G	231.52567	41.67067	14.00	V	0.90	0.83	45	
NGC5930	G	231.53308	41.67606	12.53	V	1.85	0.79	173	
NGC5931	G	232.37346	7.57325	14.49	B	1.58	0.93	40	
NGC5932	G	231.70087	48.61497	14.82	B	1.10	1.06	160	
NGC5933	G	231.75654	48.61331	15.60	B	0.82	0.59	26	
NGC5934	G	232.05325	42.92992	14.44	B	0.61	0.29	5	
NGC5935	G	232.06963	42.94411	14.85	B	0.85	0.40	37	
NGC5936	G	232.50346	12.98933	12.46	V	1.18	1.12	60	
NGC5937	G	232.69221	-2.82950	13.08	B	1.89	1.08	175	
NGC5938	G	234.10946	-66.85975	11.49	V	2.31	1.59	15	
NGC5939	G	231.19179	68.73064	13.66	B	0.82	0.43	33	
NGC5940	G	232.82529	7.45775	14.90	V	0.78	0.74	170	
NGC5941	G	232.91767	7.33900	14.91	B	0.90	0.71	55	
NGC5942	G	232.90342	7.31242	15.27	B	0.71	0.67	80	
NGC5943	G	232.43383	42.77797	14.45	B	1.24	1.11	170	
NGC5944	G	232.94833	7.30814	15.87	B	0.86	0.21	112	
NGC5945	G	232.43758	42.91867	14.16	B	1.66	0.72	20	
NGC5946	GCl	233.86904	-50.65972	10.72	V	3.60			
NGC5947	G	232.65250	42.71714	14.58	B	1.17	0.82	45	
NGC5949	G	232.00279	64.76319	12.75	B	1.84	0.76	148	
NGC5950	G	232.87829	40.43003	14.55	B	1.25	0.63	38	
NGC5951	G	233.42942	15.00728	13.67	B	3.03	0.66	4	
NGC5952	G	233.73517	4.95883	15.77	B	0.56	0.43	131	
NGC5953	G	233.63492	15.19378	12.45	V	1.47	1.12	50	
NGC5954	G	233.64592	15.20006	12.81	B	1.02	0.48	19	
NGC5955	G	233.80200	5.06300	15.24	B	0.72	0.50	31	
NGC5956	G	233.74392	11.75028	13.27	B	1.49	1.49	30	
NGC5957	G	233.84671	12.04761	12.25	V	2.44	2.34	95	
NGC5958	G	233.70479	28.65525	13.25	B	1.07	1.00	175	
NGC5959	G	234.34346	-16.59578	14.79	B	2.09	1.44	1	
NGC5960	G	234.07679	5.66536	14.88	B	0.88	0.71	99	
NGC5961	G	233.81800	30.86417	13.78	V	0.81	0.33	103	
NGC5962	G	234.13200	16.60778	11.50	V	2.48	1.61	108	
NGC5963	G	233.36608	56.55969	12.12	V	3.14	2.47	58	
NGC5964	G	234.40092	5.97403	11.82	V	3.42	2.56	147	
NGC5965	G	233.51025	56.68561	11.78	V	5.08	0.78	52	
NGC5966	G	233.96725	39.76894	12.22	V	1.53	0.98	88	
NGC5967	G	237.06637	-75.67294	12.20	V	2.37	1.55	90	
NGC5967A	G	236.74467	-75.78744	14.15	B	1.50	1.14	36	
NGC5968	G	234.98821	-30.55278	12.23	V	2.29	2.13	20	
NGC5969	G	233.71258	56.45108	15.15	B	0.79	0.65	160	
NGC5970	G	234.62487	12.18661	11.61	V	2.77	1.91	88	
NGC5971	G	233.90371	56.46169	14.72	B	1.25	0.53	132	
NGC5972	G	234.72571	17.02619	14.27	V	0.70	0.57	10	
NGC5973	G	235.06446	-8.60094	15.16	B	0.92	0.26	138	
NGC5974	G	234.76008	31.75992	14.16	V	0.58	0.33	111	
NGC5975	G	234.99154	21.47081	14.56	B	0.93	0.24	171	
NGC5976	G	234.19987	59.39775	14.77	V	0.98	0.33	125	
NGC5977	G	235.13937	17.12797	15.24	B	0.91	0.82	80	
NGC5978	G	235.61342	-13.23444	15.55	B	0.81	0.74	135	
NGC5979	PN	236.92108	-61.21786	11.50	V	0.13			
NGC5980	G	235.37667	15.78767	13.21	B	1.63	0.52	14	
NGC5981	G	234.47271	59.39175	12.93	V	2.73	0.37	139	
NGC5982	G	234.66596	59.35583	11.07	V	3.07	2.00	110	
NGC5983	G	235.69012	8.24111	15.03	B	0.97	0.92	55	
NGC5984	G	235.72154	14.23147	13.28	B	2.48	0.57	144	
NGC5985	G	234.90454	59.33194	11.81	V	3.98	2.01	15	
NGC5986	GCl	236.51433	-37.78614	6.92	V	5.40			
NGC5987	G	234.98904	58.07953	11.72	V	3.84	1.32	60	
NGC5988	G	236.14108	10.29314	15.01	B	1.12	0.77	110	
NGC5989	G	235.38667	59.75522	13.56	B	0.88	0.82	130	
NGC5990	G	236.56817	2.41542	13.30	V	1.59	0.95	107	
NGC5991	G	236.31992	24.63053	14.42	B	1.00	0.78	129	
NGC5992	G	236.08962	41.08636	13.97	V	0.69	0.47	156	
NGC5993	G	236.11508	41.12081	13.51	V	0.95	0.60	140	
NGC5994	G	236.72192	17.87261	15.60	B	0.60	0.30	93	
NGC5995	G	237.10396	-13.75778	13.69	V	1.02	0.79	147	
NGC5996	G	236.74533	17.88419	12.79	V	1.50	0.68	1	
NGC5997	G	236.86529	8.32119	15.61	B	0.68	0.30	87	
NGC5998	OCl	237.40921	-28.57822			5.40			
NGC5999	OCl	238.03596	-56.47281	9.00	V	3.30			
NGC6000	G	237.45646	-29.38683	13.00	V	1.91	1.66	159	
NGC6001	G	236.94150	28.64169	14.26	B	1.06	0.95	163	
NGC6003	G	237.35683	19.03208	13.36	V	0.97	0.87	101	
NGC6004	G	237.59467	18.93928	13.37	B	1.89	1.49	95	
NGC6005	OCl	238.95292	-57.43739	10.70	V	4.20			
NGC6006	G	238.26071	12.00536	15.51	B	0.71	0.42	157	
NGC6007	G	238.34658	11.95919	13.20	V	1.55	1.19	53	
NGC6008	G	238.23346	21.10050	14.09	B	1.16	0.89	94	
NGC6009	G	238.35033	12.05867	15.63	B	0.66	0.26	167	
NGC6010	G	238.57979	0.54306	13.17	B	1.82	0.40	100	
NGC6011	G	236.63704	72.16922	14.40	B	1.77	0.48	108	
NGC6012	G	238.55808	14.60125	11.96	V	1.77	1.27	164	
NGC6013	G	238.22017	40.64672	13.63	V	1.44	0.76	174	
NGC6014	G	238.98917	5.93189	13.71	B	1.75	1.42	20	
NGC6015	G	237.85512	62.31003	11.17	V	5.81	2.57	28	
NGC6016	G	238.97862	26.96650	15.00	B	0.98	0.48	25	
NGC6017	G	239.31433	5.99839	13.80	B	0.80	0.75	140	
NGC6018	G	239.37404	15.87261	13.44	V	1.32	0.62	67	
NGC6019	G	238.03808	64.84067	15.72	B	0.43	0.39	135	
NGC6020	G	239.28392	22.40458	12.73	V	1.74	1.10	136	
NGC6021	G	239.37787	15.95606	13.03	V	1.55	0.91	158	
NGC6022	G	239.44904	16.28231	14.72	V	0.80	0.57	62	
NGC6023	G	239.45675	16.31019	13.13	V	1.61	1.16	67	
NGC6024	G	238.28279	64.91806	15.02	B	0.98	0.73	130	
NGC6025	OCl	240.82413	-60.43136	5.10	V	11.40			
NGC6026	PN	240.33713	-34.54422	12.90	V	0.67			
NGC6027	G	239.80225	20.76336	15.28	B	1.64	1.02	18	
NGC6027A	G	239.79642	20.75486	14.79	B	1.79	1.73	75	
NGC6027B	G	239.79512	20.76219	15.23	B	0.91	0.41		
NGC6027C	G	239.79946	20.74761	16.58	B	1.10	0.22	174	
NGC6027D	G	239.80375	20.75992	16.45	B	0.30	0.26	110	
NGC6027E	G	239.81033	20.76592	14.39	B	2.28	1.29	81	
NGC6028	G	240.37067	19.35989	13.48	V	1.31	1.18	54	
NGC6029	G	240.49529	12.57400	15.75	B	0.80	0.45	14	
NGC6030	G	240.46425	17.95750	12.93	V	1.29	0.94	43	
NGC6031	OCl	241.89742	-54.01494	8.50	V	4.80			
NGC6032	G	240.75467	20.95594	13.56	V	0.83	0.51	1	
NGC6033	G	241.11658	-2.12097	14.93	B	1.00	0.91	144	
NGC6034	G	240.88367	17.19869	13.53	V	1.15	0.83	64	
NGC6035	G	240.85075	20.89125	13.50	V	0.97	0.85	137	
NGC6036	G	241.12812	3.86847	13.87	B	1.04	0.39	146	
NGC6037	G	241.12458	3.81514	15.34	B	0.75	0.67	64	
NGC6038	G	240.66896	37.35950	14.32	B	1.21	1.05	63	
NGC6039	G	241.16487	17.70086	14.10	V	1.00	0.81	46	
NGC6040	GPair	241.11096	17.74514	14.60	B	1.41	0.44	47	
NGC6041	GPair	241.14700	17.71925	14.90	B	1.48	1.17	44	
NGC6043	GPair	241.25500	17.77389	15.40	B	0.74	0.50	35	
NGC6044	G	241.24867	17.87036	14.30	V	0.65	0.60	150	
NGC6045	G	241.28288	17.75767	13.97	V	1.40	0.32	78	
NGC6047	G	241.28746	17.72989	13.49	V	1.18	0.73	117	
NGC6048	G	239.37604	70.68911	13.54	B	1.95	1.32	137	
NGC6050	G	241.34737	17.75717	14.71	V	0.86	0.57	114	
NGC6050B	G	241.34258	17.75419	15.43	V	0.62	0.42	9	
NGC6051	G	241.23613	23.93269	13.02	V	2.69	0.79	166	
NGC6052	GPair	241.30412	20.54236			1.20			
NGC6052 NED01	G	241.30363	20.54239	13.18	V	0.83	0.65	5	
NGC6052 NED02	G	241.30513	20.54242	15.30	B	0.69	0.30	2	
NGC6054	G	241.40896	17.76789	14.18	V	0.83	0.48	71	
NGC6055	G	241.41521	18.16436	14.62	V	0.68	0.52	135	
NGC6056	G	241.38033	17.96364	13.89	V	0.98	0.59	56	
NGC6057	G	241.38567	18.15958	13.84	V	1.22	0.69	41	
NGC6058	PN	241.11058	40.68306	12.90	V	0.38			
NGC6060	G	241.46658	21.48497	14.08	B	1.89	1.02	103	
NGC6061	G	241.56679	18.24994	13.64	V	1.13	0.95	94	
NGC6062	G	241.59508	19.77797	13.70	V	1.19	0.79	21	
NGC6062B	G	241.57904	19.76325	16.19	B	0.54	0.49	150	
NGC6063	G	241.80412	7.97900	13.95	B	1.63	0.85	157	
NGC6065	G	241.84567	13.88792	14.86	B	0.98	0.94	150	
NGC6066	G	241.89729	13.94372	15.05	B	1.00	0.77	112	
NGC6067	OCl	243.29604	-54.21894	5.60	V	8.10			
NGC6068	G	238.85829	78.99678	12.34	V	1.29	0.79	158	
NGC6068A	G	238.69796	78.98511	14.10	V	0.94	0.35	1	
NGC6069	G	241.92350	38.93075	15.06	B	1.09	1.02	140	
NGC6070	G	242.49454	0.70931	11.75	V	3.49	1.84	63	
NGC6071	G	240.52929	70.41703	14.72	B	0.75	0.56	105	
NGC6072	PN	243.24250	-36.23000	11.70	V	1.17			
NGC6073	G	242.54521	16.69961	13.55	V	1.31	0.65	127	
NGC6074	GPair	242.82083	14.25694			0.80			
NGC6074 NED01	G	242.81983	14.25503	15.61	B	0.46	0.36	45	
NGC6074 NED02	G	242.82175	14.25875	15.08	B	0.85	0.71	0	
NGC6075	G	242.84412	23.96500	14.95	B	1.03	0.80	93	
NGC6076	GPair	242.80583	26.87250			0.80			
NGC6076 NED01	G	242.80421	26.87203	15.31	B	1.00	0.46	62	
NGC6076 NED02	G	242.80750	26.87333	15.40	B	0.57	0.53	48	
NGC6077	G	242.80883	26.92342	14.84	B	1.16	1.09	45	
NGC6078	G	243.02271	14.20878	14.43	B	0.93	0.48	15	
NGC6079	G	241.12171	69.66578	13.86	B	1.37	0.94	150	
NGC6080	GPair	243.24583	2.17917			1.30			
NGC6080 NED01	G	243.24433	2.17728	14.24	B	1.23	1.17	30	
NGC6080 NED02	G	243.24775	2.18106	15.58	B	1.20	0.66	179	
NGC6081	G	243.23692	9.86711	14.33	B	1.55	0.56	131	
NGC6082	Other	243.86483	-34.23275						
NGC6083	G	243.30275	14.18542	15.44	B	0.79	0.56	33	
NGC6084	G	243.56967	17.75744	13.89	V	1.24	0.79	29	
NGC6085	G	243.14675	29.36508	14.48	B	1.31	1.09	161	
NGC6086	G	243.14804	29.48478	12.80	V	1.90	1.23	2	
NGC6087	OCl	244.71075	-57.93458	5.40	V	10.20			S Nor Cluster
NGC6088	GPair	242.68125	57.46417			1.10			
NGC6088 NED01	G	242.67763	57.46653	13.80	B	1.07	0.62	170	
NGC6088 NED02	G	242.68492	57.46214	14.10	B	0.78	0.72	96	
NGC6089	GPair	243.16958	33.03639			1.10			
NGC6089 NED01	G	243.16729	33.03489	14.81	B	0.85	0.68	17	
NGC6089 NED02	G	243.17225	33.03772	15.49	B	1.41	0.71	45	
NGC6090	GPair	242.91958	52.45667			0.80			
NGC6090 NED01	G	242.91804	52.45658	14.69	B	0.85	0.74	96	
NGC6090 NED02	G	242.92008	52.45747	14.53	B	0.44	0.19		
NGC6091	G	241.97079	69.90478	14.77	B	0.93	0.66	113	
NGC6093	GCl	244.26046	-22.97511	7.30	V	5.70			M80
NGC6094	G	241.64125	72.49439	14.42	B	1.85	1.38	113	
NGC6095	G	242.79571	61.26797	12.65	V	1.90	1.25	154	
NGC6096	G	243.69458	26.55883	15.40	B	0.99	0.50	124	
NGC6097	G	243.60904	35.10917	14.65	B	1.12	0.59	159	
NGC6098	G	243.89242	19.46197	14.41	B	1.56	1.10	154	
NGC6099	G	243.89817	19.45339	14.94	B	1.42	0.97	139	
NGC6100	G	244.21821	0.84131	14.62	B	1.42	0.99	112	
NGC6101	GCl	246.45238	-72.20156	10.08	V	4.50			
NGC6102	G	243.90383	28.15858	15.30	B	0.78	0.57	68	
NGC6103	G	243.93592	31.96394	14.44	B	0.72	0.45	77	
NGC6104	G	244.12787	35.70806	13.62	V	0.87	0.69	62	
NGC6105	G	244.28879	34.87889	15.47	B	0.71	0.57	110	
NGC6106	G	244.69654	7.41089	12.20	V	2.19	1.18	139	
NGC6107	G	244.33388	34.90194	13.76	V	1.59	1.02	36	
NGC6108	G	244.35679	35.13572	15.05	B	0.95	0.64	105	
NGC6109	G	244.41883	35.00428	12.81	V	1.02	0.97	85	
NGC6110	G	244.43321	35.08697	15.57	B	0.69	0.33	105	
NGC6111	GPair	243.59500	63.26111	15.20	B	0.85	0.72	12	
NGC6112	G	244.50233	35.11028	14.87	B	0.78	0.73	135	
NGC6113	G	244.79392	14.13364	14.60	B	1.23	0.58	153	
NGC6114	G	244.59846	35.17431	15.10	B	0.93	0.53	112	
NGC6115	OCl	246.10992	-51.94825	9.80	V	4.50			
NGC6116	G	244.72750	35.15397	15.08	B	0.94	0.58	15	
NGC6117	G	244.82567	37.09522	14.57	B	1.05	0.87	84	
NGC6118	G	245.45258	-2.28344	11.71	V	4.45	1.78	59	
NGC6119	G	244.92487	37.80631	15.39	B	0.60	0.46	73	
NGC6120	G	244.95042	37.77447	14.31	B	0.48	0.37	35	
NGC6121	GCl	245.89750	-26.52553	5.40	V	28.20			M4
NGC6122	G	245.03971	37.79822	15.54	B	1.10	0.25	160	
NGC6123	G	244.33225	61.93911	14.36	B	0.91	0.32	4	
NGC6124	OCl	246.33358	-40.65369	5.80	V	13.50			
NGC6125	G	244.79812	57.98422	12.00	V	1.38	1.38	40	
NGC6126	G	245.36638	36.37664	13.62	V	0.93	0.77	22	
NGC6129	G	245.43029	37.99603	14.69	B	0.93	0.84	120	
NGC6130	G	244.88933	57.61497	14.25	B	1.22	0.78	32	
NGC6131	G	245.46771	38.93244	13.28	V	1.08	1.04	25	
NGC6132	G	245.91183	11.78625	14.71	B	1.28	0.43	127	
NGC6133	Other	245.07171	56.65242						
NGC6134	OCl	246.94375	-49.15117	7.20	V	6.90			
NGC6135	G	243.60367	64.98275	14.71	B	1.01	0.35	45	
NGC6136	G	245.24758	55.97050	15.37	B	0.91	0.49	94	
NGC6137	G	245.76292	37.92236	12.45	V	1.78	0.92	180	
NGC6139	GCl	246.91879	-38.84975	9.68	V	4.50			
NGC6140	G	245.24233	65.39056	11.66	V	2.09	1.78	83	
NGC6141	G	245.77671	40.85831	15.59	B	0.43	0.35	150	
NGC6142	G	245.83779	37.25839	14.65	B	1.49	0.48	165	
NGC6143	G	245.42621	55.08606	13.92	B	1.10	0.99	175	
NGC6144	GCl	246.80892	-26.02472	9.63	V	5.40			
NGC6145	G	246.25983	40.94664	14.89	B	0.98	0.51	2	
NGC6146	G	246.29317	40.89286	12.52	V	1.66	1.26	83	
NGC6147	G	246.27433	40.92878	15.44	B	0.57	0.48	50	
NGC6148	G	246.76679	24.09328	16.75	B	0.42	0.24	54	
NGC6149	G	246.85096	19.59719	14.55	B	1.24	0.43	18	
NGC6150	G	246.45846	40.48856	14.48	B	1.61	0.85	74	
NGC6151	Other	249.60092	-73.25244						
NGC6152	OCl	248.19008	-52.64400	8.10	V	6.60			
NGC6153	PN	247.87767	-40.25344	10.90	V	0.40			
NGC6154	G	246.37700	49.84025	13.87	B	1.40	1.00	150	
NGC6155	G	246.53475	48.36681	13.06	B	1.33	0.85	147	
NGC6156	G	248.71896	-60.61881	11.98	V	1.87	1.60	149	
NGC6157	G	246.45163	55.36058	15.35	B	0.90	0.74	19	
NGC6158	G	246.92038	39.38300	13.69	V	1.22	0.99	81	
NGC6159	G	246.85513	42.67972	14.30	V	1.50	1.02	126	
NGC6160	G	246.92137	40.92700	14.23	B	1.79	1.22	72	
NGC6161	G	247.08596	32.81064	15.62	B	0.72	0.26	153	
NGC6162	G	247.09321	32.84933	14.63	B	1.11	0.72	49	
NGC6163	G	247.11629	32.84639	15.26	B	0.90	0.61	24	
NGC6164	Neb	248.42433	-48.08006	6.71	V	1.41	0.60		
NGC6165	Neb	248.51438	-48.15050	6.71	V	2.50	0.50		
NGC6166	G	247.16033	39.55156	11.91	V	2.14	1.54	35	
NGC6166B	G	247.22171	39.56000	15.72	B	0.43	0.35	176	
NGC6166C	G	247.09712	39.57031	15.22	B	0.74	0.71	90	
NGC6167	OCl	248.64575	-49.77189	6.70	V	7.20			
NGC6168	G	247.83875	20.18494	14.61	B	1.65	0.48	111	
NGC6169	OCl	248.51929	-44.04564	6.60	V	4.20			
NGC6170	G	246.90208	59.56250	14.84	B	0.80	0.67	85	
NGC6171	GCl	248.13300	-13.05364	8.85	V	7.80			M107
NGC6172	G	245.54292	-1.51486	14.15	B	0.90	0.89	80	
NGC6173	G	247.43708	40.81161	12.14	V	2.03	1.40	145	
NGC6174	GPair	247.44867	40.87197			0.90			
NGC6174 NED01	G	247.44375	40.87486	16.56	B	0.41	0.29	150	
NGC6174 NED02	G	247.44717	40.87272	15.67	B	0.72	0.65	123	
NGC6175	GPair	247.49125	40.62917			1.50			
NGC6175 NED01	G	247.48971	40.63072	14.74	B	1.45	0.85	97	
NGC6175 NED02	G	247.49192	40.62856	14.73	B	1.32	1.05	121	
NGC6177	G	247.66200	35.05644	14.61	B	1.62	1.09	19	
NGC6178	OCl	248.94687	-45.64375	7.20	V	6.90			
NGC6179	G	247.69604	35.10225	15.97	B	0.36	0.31	24	
NGC6180	G	247.64133	40.53944	14.72	B	1.09	0.85	22	
NGC6181	G	248.08733	19.82656	11.82	V	2.39	0.99	177	
NGC6182	G	247.39167	55.51778	14.46	B	1.51	0.56	144	
NGC6183	G	250.42458	-69.37217	14.09	B	2.36	0.80	37	
NGC6184	G	247.89387	40.56561	14.91	B	0.93	0.56	121	
NGC6185	G	248.32429	35.34233	14.42	B	1.47	0.80	3	
NGC6186	G	248.60617	21.54089	14.23	B	1.57	0.70	59	
NGC6187	G	247.90292	57.70667	15.34	B	0.75	0.62	140	
NGC6188	Neb	250.02433	-48.66228			20.00	12.00		Rim Nebula
NGC6189	G	247.92042	59.62611	13.22	B	1.49	0.75	27	
NGC6190	G	248.02792	58.43897	13.12	B	1.42	1.04	77	
NGC6191	G	242.87704	58.78583	14.85	B	1.30	0.49	180	
NGC6192	OCl	250.09946	-43.36681	8.50	V	7.50			
NGC6193	OCl	250.33429	-48.76253			8.10			
NGC6194	G	249.15479	36.20044	14.41	B	0.90	0.70	112	
NGC6195	G	249.13571	39.02789	13.22	V	1.44	0.97	41	
NGC6196	G	249.47467	36.07306	12.91	V	1.14	0.82	140	
NGC6197	G	249.49950	35.99550	15.20	B	0.75	0.38	38	
NGC6198	G	248.87771	57.48678	14.97	B	0.88	0.60	92	
NGC6200	OCl	251.03063	-47.46267	7.40	V	8.10			
NGC6201	G	250.06004	23.76533	15.30	B	0.56	0.48	50	
NGC6202	G	250.84679	61.98394	13.77	B	0.72	0.40	69	
NGC6203	G	250.11421	23.77483	15.29	B	1.07	1.07	0	
NGC6204	OCl	251.53958	-47.01697	8.20	V	4.50			
NGC6205	GCl	250.42346	36.46131	5.80	V	16.50			Hercules Globular Cluster
NGC6206	G	250.03292	58.61736	14.49	B	0.72	0.63	94	
NGC6207	G	250.76562	36.83242	11.64	V	3.46	1.61	17	
NGC6208	OCl	252.36746	-53.72833	7.20	V	8.40			
NGC6209	G	253.74025	-72.58664	13.16	B	2.11	1.54	14	
NGC6210	PN	251.12300	23.79983	9.65	V	0.50			
NGC6211	G	250.36517	57.78364	14.30	V	1.30	0.95	95	
NGC6212	G	250.84642	39.80644	15.00	V	0.91	0.81	84	
NGC6213	G	250.40496	57.81486	15.66	B	0.69	0.31	62	
NGC6214	G	249.88304	66.03953	14.25	B	0.96	0.82	156	
NGC6215	G	252.77838	-58.99347	11.16	V	2.64	2.34	83	
NGC6215A	G	253.24771	-58.94800	14.24	B	1.96	0.64	11	
NGC6216	OCl	252.34838	-44.73153	10.10	V	4.20			
NGC6217	G	248.16333	78.19817	12.82	V	2.24	1.63	155	
NGC6218	GCl	251.81050	-1.94783	6.07	V	11.10			M12
NGC6219	G	251.59379	9.03786	15.14	B	0.80	0.65	158	
NGC6220	G	251.80533	-0.27547	15.20	B	1.53	0.97	134	
NGC6221	G	253.19200	-59.21861	10.54	V	4.84	3.15	1	
NGC6223	G	250.76796	61.57892	12.96	B	3.16	2.33	90	
NGC6224	G	252.07725	6.31222	14.94	B	1.10	1.01	140	
NGC6225	G	252.08992	6.22278	14.94	B	1.18	0.79	149	
NGC6228	G	252.01108	26.21356	15.35	B	0.93	0.39	133	
NGC6229	GCl	251.74525	47.52781	9.86	V	4.80			
NGC6230	GPair	252.68625	4.60500			1.70			
NGC6230 NED01	G	252.67804	4.60500	16.19	B	0.58	0.35	124	
NGC6230 NED02	G	252.69458	4.60464	15.47	B	0.72	0.52	60	
NGC6231	OCl	253.54550	-41.82425	2.60	V	13.80			
NGC6232	G	250.83433	70.63253	13.42	B	1.47	1.16	176	
NGC6233	G	252.56542	23.57983	14.61	B	1.46	0.73	28	
NGC6234	G	252.98892	4.38353	15.33	B	0.74	0.67	39	
NGC6235	GCl	253.35567	-22.17744	7.20	V	4.20			
NGC6236	G	251.14438	70.78022	13.93	V	1.82	1.07	12	
NGC6237	Other	251.03142	70.63481						
NGC6238	G	251.81929	62.14703	14.47	V	0.68	0.41	16	
NGC6239	G	252.52075	42.73969	12.40	V	2.30	1.07	113	
NGC6240	G	253.24529	2.40092	13.27	V	2.20	1.03	12	
NGC6241	G	252.54563	45.42061	14.80	B	0.52	0.36	80	
NGC6242	OCl	253.88933	-39.46094	6.40	V	6.60			
NGC6243	G	253.10954	23.33258	14.85	B	1.21	0.60	152	
NGC6244	G	252.01629	62.20044	14.21	B	1.54	0.34	139	
NGC6245	Other	251.34367	70.80458						
NGC6246	G	252.46967	55.54206	13.63	V	1.38	0.73	46	
NGC6246A	G	252.55825	55.38461	12.49	V	2.17	1.28	164	
NGC6247	G	252.08433	62.97642	13.81	B	0.89	0.28	56	
NGC6248	G	251.59162	70.35881	14.03	B	1.23	0.76	157	
NGC6249	OCl	254.42292	-44.81189	8.20	V	7.60			
NGC6250	Cl+N	254.48362	-45.93664	5.90	V	9.60			
NGC6251	G	248.13321	82.53789	14.00	V	1.67	1.44	20	
NGC6252	G	248.16904	82.57678	15.27	B	0.76	0.36	63	
NGC6253	OCl	254.77138	-52.70881	10.20	V	6.00			
NGC6254	GCl	254.28746	-4.09933	4.98	V	9.30			M10
NGC6255	G	253.69979	36.50111	12.87	V	3.10	1.37	95	
NGC6256	GCl	254.88621	-37.12142			4.20			
NGC6257	G	254.01463	39.64550	15.61	B	0.87	0.27	122	
NGC6258	G	253.12413	60.51453	14.48	B	0.87	0.67	65	
NGC6259	OCl	255.18917	-44.65497	8.00	V	6.00			
NGC6260	G	252.96088	63.71458	14.66	B	0.93	0.77	130	
NGC6261	G	254.12717	27.97750	15.15	B	1.09	0.44	85	
NGC6262	G	254.67833	57.09839	14.55	B	0.78	0.32	77	
NGC6263	G	254.18000	27.82208	14.74	B	1.05	0.31	109	
NGC6264	G	254.31721	27.84961	15.40	V	0.82	0.52	24	
NGC6265	G	254.37125	27.84422	15.21	B	0.88	0.57	35	
NGC6266	GCl	255.30250	-30.11236	7.39	V	7.80			M62
NGC6267	G	254.53608	22.98511	13.93	B	1.30	0.99	33	
NGC6268	OCl	255.54329	-39.72822	9.50	V	6.00			
NGC6269	G	254.49204	27.85433	12.31	V	1.84	1.32	80	
NGC6270	G	254.68354	27.85911	15.55	B	0.72	0.47	93	
NGC6271	G	254.71154	27.96464	15.65	B	0.67	0.54	20	
NGC6272	G	254.74275	27.93092	15.49	B	0.56	0.29	159	
NGC6273	GCl	255.65700	-26.26794	5.57	V	7.50			M19
NGC6274	GPair	254.83717	29.94383			1.20			
NGC6274 NED01	G	254.83542	29.94642	14.33	V	0.60	0.43	16	
NGC6274 NED02	G	254.83929	29.94056	16.60	B	0.83	0.17	117	
NGC6275	G	253.88904	63.24219	17.37	V	0.76	0.47	146	
NGC6276	G	255.18787	23.04400	15.08	B	0.64	0.55	130	
NGC6278	G	255.20971	23.01103	13.75	B	1.73	0.86	128	
NGC6279	G	254.75596	47.23717	14.78	B	1.04	0.87	34	
NGC6280	GPair	255.48954	6.66575	15.50	B	0.71	0.62	137	
NGC6281	OCl	256.17208	-37.98522	5.40	V	10.20			
NGC6282	G	255.19629	29.82061	15.15	B	0.73	0.54	45	
NGC6283	G	254.86071	49.92197	13.64	B	1.11	0.98	56	
NGC6284	GCl	256.11979	-24.76433	7.43	V	6.60			
NGC6285	G	254.60004	58.95597	14.50	B	1.08	0.57	110	
NGC6286	G	254.63075	58.93625	14.13	B	1.22	1.12	35	
NGC6287	GCl	256.28892	-22.70800	10.30	V	5.40			
NGC6288	G	254.35188	68.45703	15.24	B	0.72	0.52	110	
NGC6289	G	254.43746	68.51472	15.40	B	1.10	0.76	14	
NGC6290	G	255.23513	58.97050	13.56	V	0.99	0.90	135	
NGC6291	G	255.23300	58.93756	14.78	B	0.62	0.50	176	
NGC6292	G	255.76446	61.04389	14.32	B	1.32	0.63	102	
NGC6293	GCl	257.54338	-26.58175	9.02	V	4.50			
NGC6295	G	255.81396	60.33775	15.38	B	0.98	0.42	77	
NGC6296	G	257.18529	3.89408	14.16	B	0.89	0.70	124	
NGC6297	G	255.90229	62.02561	14.42	B	0.64	0.45	84	
NGC6299	G	256.26837	62.45783	14.90	B	0.95	0.59	50	
NGC6300	G	259.24779	-62.82056	10.27	V	5.33	3.37	119	
NGC6301	G	257.13642	42.33911	14.50	B	1.77	1.00	113	
NGC6302	PN	258.43596	-37.10314	9.60	V	0.74			Bug Nebula
NGC6303	G	256.26154	68.82758	15.02	B	1.47	0.67	61	
NGC6304	GCl	258.63546	-29.46228	9.03	V	3.60			
NGC6305	G	259.50383	-59.17208	12.15	V	1.69	1.32	137	
NGC6306	G	256.90408	60.72889	13.86	V	1.32	0.49	161	
NGC6307	G	256.91863	60.75078	13.61	B	1.36	1.03	153	
NGC6308	G	257.99879	23.37994	14.24	B	1.19	0.95	156	
NGC6309	PN	258.51792	-12.91056	11.50	V	0.26			Box Nebula
NGC6310	G	256.98946	60.99017	13.79	B	1.68	0.35	70	
NGC6311	G	257.68154	41.65111	14.57	B	1.23	1.17	5	
NGC6312	G	257.70067	42.28769	14.98	B	0.87	0.74	5	
NGC6313	G	257.58667	48.33175	14.72	B	1.45	0.52	156	
NGC6314	G	258.16129	23.27006	13.10	V	1.37	0.70	174	
NGC6315	G	258.19229	23.22356	13.31	V	0.76	0.59	5	
NGC6316	GCl	259.15587	-28.14003	9.03	V	4.80			
NGC6317	G	257.24796	62.89800	15.01	B	0.96	0.61	44	
NGC6318	OCl	259.04829	-39.42497	11.80	V	3.30			
NGC6319	G	257.43367	62.97306	14.33	B	1.17	1.14	170	
NGC6320	G	258.23225	40.26650	14.83	B	1.26	0.82	98	
NGC6321	G	258.60092	20.31392	14.45	B	1.00	0.91	95	
NGC6322	OCl	259.60746	-42.93403	6.00	V	6.30			
NGC6323	G	258.32533	43.78244	14.73	B	1.20	0.55	175	
NGC6324	G	256.35550	75.40703	13.45	B	0.98	0.52	74	
NGC6325	GCl	259.49696	-23.76603	11.49	B	4.02			
NGC6326	PN	260.19317	-51.75439	12.20	B	0.21			
NGC6327	G	258.50954	43.64947	15.72	B	0.58	0.56	120	
NGC6328	G	260.92096	-65.01017	15.50	V	1.61	1.56	160	
NGC6329	G	258.56263	43.68469	14.22	B	1.18	1.15	75	
NGC6330	G	258.93508	29.40431	15.16	B	1.19	0.55	165	
NGC6331	G	255.89988	78.62900	15.20	B	1.04	1.00	30	
NGC6332	G	258.76208	43.66019	14.51	B	1.74	0.89	45	
NGC6333	GCl	259.79908	-18.51625	8.42	V	6.90			M9
NGC6334	SNR	260.20708	-36.10272			8.40			
NGC6335	*Ass	259.88300	-30.16417						
NGC6336	G	259.06904	43.82047	14.45	B	1.05	0.73	167	
NGC6337	PN	260.56504	-38.48372	12.30	V	0.85			
NGC6338	G	258.84579	57.41119	12.42	V	1.73	1.04	16	
NGC6339	G	259.27708	40.84497	13.76	B	1.86	1.17	170	
NGC6340	G	257.60354	72.30444	11.11	V	3.04	2.88	155	
NGC6341	GCl	259.28029	43.13653	6.52	V	14.40			M92
NGC6342	GCl	260.29225	-19.58742	10.01	V	6.60			
NGC6343	G	259.31779	41.05272	14.51	B	1.24	0.94	130	
NGC6345	G	258.85117	57.35031	15.12	B	0.95	0.39	35	
NGC6346	G	258.85204	57.32253	14.97	B	0.91	0.58	94	
NGC6347	G	259.97779	16.66069	13.45	V	1.22	0.57	98	
NGC6348	G	259.58829	41.64761	15.31	B	0.85	0.57	118	
NGC6349	G	259.77729	36.06092	15.20	B	1.07	0.25	80	
NGC6350	G	259.67604	41.69433	14.23	B	1.24	1.04	89	
NGC6351	GPair	259.79750	36.06056			0.40			
NGC6351 NED01	G	259.79617	36.06042	16.00	B	0.31	0.27	110	
NGC6351 NED02	G	259.79863	36.06106	17.27	B	0.08	0.07	43	
NGC6352	GCl	261.37150	-48.42269	8.87	V	7.20			
NGC6353	Other	260.30196	15.68856						
NGC6354	Other	261.14283	-38.54161						
NGC6355	GCl	260.99437	-26.35342	11.05	V	2.70			
NGC6356	GCl	260.89579	-17.81303	7.42	V	5.40			
NGC6357	Cl+N	261.18154	-34.20133			3.90			the War and Peace Nebula
NGC6358	G	259.72087	52.61528	15.05	B	1.00	0.40	110	
NGC6359	G	259.47079	61.78081	12.62	V	1.06	0.75	141	
NGC6360	*Ass	261.11508	-29.87158			5.10			
NGC6361	G	259.67121	60.60817	13.80	B	2.06	0.56	52	
NGC6362	GCl	262.97850	-67.04786	8.86	V	8.40			
NGC6363	G	260.66675	41.10169	14.61	B	1.02	0.84	145	
NGC6364	G	261.11387	29.39017	14.36	B	1.38	1.08	7	
NGC6365	GPair	260.68208	62.17000			1.50			
NGC6365A	G	260.68254	62.16608	17.98	V	0.98	0.78	150	
NGC6365B	G	260.68138	62.17372	16.23	B	1.13	0.24	32	
NGC6366	GCl	261.93471	-5.07664			13.80			
NGC6367	G	261.28754	37.75989	14.91	B	0.99	0.79	161	
NGC6368	G	261.79808	11.54361	13.55	B	3.44	0.80	43	
NGC6369	PN	262.33542	-23.75944	11.40	V	0.63			Little Ghost Nebula
NGC6370	G	260.85492	56.97453	14.20	V	1.31	1.08	112	
NGC6371	G	261.83579	26.50506	15.12	B	0.72	0.55	165	
NGC6372	G	261.88271	26.47514	12.92	V	1.61	0.94	75	
NGC6373	G	261.03371	58.99508	14.56	B	1.04	0.70	84	
NGC6374	OCl	263.67725	-32.58136	5.50	V	6.90			
NGC6375	G	262.34121	16.20667	14.53	B	1.53	1.48	145	
NGC6376	G	261.32992	58.81744	14.10	V	0.52	0.29	172	
NGC6377	G	261.34671	58.82275	14.84	B	0.64	0.27	64	
NGC6378	G	262.67492	6.28228	15.04	B	1.13	0.77	2	
NGC6379	G	262.64546	16.28875	12.89	V	1.04	0.85	36	
NGC6380	GCl	263.61842	-39.06967			3.90			
NGC6381	G	261.82021	60.01406	13.68	B	1.22	0.85	34	
NGC6382	G	261.97992	56.86872	14.87	B	1.16	0.71	95	
NGC6384	G	263.10125	7.06028	10.63	V	2.45	1.11	20	
NGC6385	G	262.00587	57.52181	14.09	B	1.14	1.08	70	
NGC6386	G	262.21575	52.72336	15.23	B	0.97	0.97	75	
NGC6387	G	262.09929	57.54539	16.81	V	0.31	0.15	63	
NGC6388	GCl	264.07263	-44.73561	7.40	B	8.40			
NGC6389	G	263.16571	16.40178	12.10	V	1.20	0.92	135	
NGC6390	G	262.11704	60.09417	14.48	B	0.88	0.45	11	
NGC6391	G	262.20412	58.85089	14.85	B	0.75	0.52	87	
NGC6392	G	265.87654	-69.78519	12.27	V	1.94	1.71	60	
NGC6393	G	262.53521	59.53181	15.84	B	0.43	0.40	126	
NGC6394	G	262.58925	59.63989	15.40	V	1.14	0.43	40	
NGC6395	G	261.63029	71.09628	12.69	B	2.25	0.73	17	
NGC6396	OCl	264.40142	-35.02586	8.50	V	3.30			
NGC6397	GCl	265.17233	-53.67369	5.17	V	15.30			
NGC6398	G	265.68225	-61.69428	13.46	B	2.44	0.85	161	
NGC6399	G	262.95958	59.61553	14.60	B	1.21	0.58	13	
NGC6400	OCl	265.05333	-36.94772	8.80	V	6.00			
NGC6401	GCl	264.65387	-23.90878	10.71	V	4.50			
NGC6402	GCl	264.40067	-3.24592	5.73	V	9.90			M14
NGC6403	G	265.84817	-61.68211	14.34	B	1.15	0.89	19	
NGC6404	OCl	264.90567	-33.24672	10.60	V	4.20			
NGC6405	OCl	265.08646	-32.25417	4.20	V	15.60			Butterfly Cluster
NGC6407	G	266.24037	-60.73981	12.99	B	2.47	1.93	56	
NGC6408	G	264.69733	18.87786	14.40	B	1.55	1.26	155	
NGC6409	G	264.14750	50.76589	14.60	B	0.72	0.61	55	
NGC6411	G	263.88687	60.81339	11.86	V	1.76	1.15	69	
NGC6412	G	262.40629	75.70442	11.83	V	2.13	1.84	142	
NGC6413	Other	265.16967	12.62394						
NGC6414	G	262.65358	74.37614	15.71	B	1.00	0.47	141	
NGC6415	*Ass	266.08563	-35.07103						
NGC6416	OCl	266.08329	-32.36100			6.90			
NGC6417	G	265.44925	23.67219	14.32	B	1.42	1.17	27	
NGC6418	G	264.53883	58.71492	14.50	V	0.65	0.52	171	
NGC6419	G	264.02458	68.15578	15.26	B	0.97	0.25	131	
NGC6420	G	264.06792	68.05236	15.41	B	1.02	0.56	62	
NGC6421	*Ass	266.43421	-33.69264						
NGC6422	G	264.12504	68.05861	14.99	B	1.17	0.93	58	
NGC6423	G	264.22221	68.17147	15.60	V	0.63	0.59	170	
NGC6424	G	264.05029	69.98889	14.66	B	0.81	0.78	75	
NGC6425	OCl	266.75700	-31.52939	7.20	V	4.80			
NGC6426	GCl	266.22796	3.17014			5.70			
NGC6427	G	265.91079	25.49392	14.52	B	1.55	0.52	36	
NGC6429	G	266.02229	25.35072	14.20	B	1.82	0.70	32	
NGC6430	G	266.30946	18.13894	14.71	B	1.68	0.58	96	
NGC6432	Other	266.84338	-24.88747						
NGC6433	G	265.98421	36.80011	14.00	B	1.91	0.50	162	
NGC6434	G	264.20342	72.08897	13.20	V	2.09	0.86	95	
NGC6435	G	265.04617	62.64175	14.86	B	0.87	0.58	7	
NGC6436	G	265.30517	60.44969	14.85	B	1.04	0.60	168	
NGC6437	*Ass	267.08800	-35.36619						
NGC6438	G	275.57283	-85.40206	11.61	V	1.76	1.49	131	
NGC6438A	G	275.64787	-85.40633	12.58	B	3.44	1.36	48	
NGC6439	PN	267.08250	-16.47889	12.60	V	0.08			
NGC6440	GCl	267.21946	-20.35958	10.10	V	5.10			
NGC6441	GCl	267.55350	-37.05108	8.00	V	4.80			
NGC6442	G	266.71392	20.76108	14.44	B	1.42	0.97	135	
NGC6443	G	266.14104	48.11406	14.74	B	1.13	0.50	127	
NGC6444	OCl	267.39658	-34.81967			6.90			
NGC6445	PN	267.31275	-20.00950	11.20	V	0.55			Little Gem
NGC6446	G	266.53129	35.56939	15.03	V	0.58	0.42	29	
NGC6447	G	266.57179	35.57197	12.99	V	1.35	0.73	150	
NGC6448	Other	265.92833	53.54611						
NGC6449	G	265.94308	56.80414	14.56	B	0.90	0.75	136	
NGC6450	Other	266.88483	18.57522						
NGC6451	OCl	267.66933	-30.21161	8.20	V	7.20			
NGC6452	G	266.99388	20.83781	15.10	B	0.70	0.55	10	
NGC6453	GCl	267.71546	-34.59989	10.49	B	5.40			
NGC6454	G	266.23588	55.70478	13.50	V	1.41	1.07	180	
NGC6455	*Ass	267.78375	-35.33781			7.80			
NGC6456	G	265.63271	67.59231	15.50	B	0.51	0.41	145	
NGC6457	G	265.72017	66.47600	15.24	B	1.08	0.72	131	
NGC6458	G	267.29587	20.80428	14.91	B	1.08	0.72	147	
NGC6459	G	266.44663	55.77675	15.23	B	0.86	0.46	75	
NGC6460	G	267.37650	20.76367	14.66	B	1.72	0.98	154	
NGC6461	G	264.98546	74.03422	15.56	B	0.82	0.47	21	
NGC6462	G	266.20358	61.91058	14.90	B	0.55	0.52	85	
NGC6463	G	265.89300	67.60350	15.12	B	0.95	0.81	161	
NGC6464	G	266.44804	60.89747	15.29	B	0.56	0.53	175	
NGC6465	Other	268.23158	-25.39769						
NGC6466	G	267.03375	51.39922	14.80	B	0.70	0.41	120	
NGC6467	G	267.66733	17.53778	14.83	B	1.41	0.75	76	
NGC6469	OCl	268.30054	-22.27511	8.20	V	9.00			
NGC6470	G	266.06196	67.61939	15.14	B	1.08	0.69	157	
NGC6471	GPair	266.06500	67.59194			1.20			
NGC6471 NED01	G	266.05433	67.59306	15.35	B	0.93	0.31	172	
NGC6471 NED02	G	266.07567	67.59108	16.03	B	0.52	0.47	70	
NGC6472	G	266.01292	67.63033	16.27	B	0.65	0.45	10	
NGC6473	G	266.49100	57.25711	15.26	B	0.91	0.71	40	
NGC6474	G	266.77317	57.30117	14.96	B	0.87	0.42	72	
NGC6475	OCl	268.46325	-34.79283	3.30	V	22.20			Ptolemy's Cluster
NGC6476	*Ass	268.50838	-29.14417						
NGC6477	G	266.12508	67.61058	16.65	B	0.55	0.35	126	
NGC6478	G	267.15979	51.15725	14.02	B	1.45	0.44	35	
NGC6479	G	267.08996	54.14900	14.45	B	0.94	0.83	151	
NGC6480	*Ass	268.60850	-30.45206			2.70			
NGC6481	Other	268.20379	4.16783			3.90			
NGC6482	G	267.95337	23.07194	11.33	V	2.03	1.71	68	
NGC6483	G	269.87838	-63.66872	11.96	V	1.83	1.49	117	
NGC6484	G	267.94575	24.48347	13.35	B	1.74	0.91	77	
NGC6485	G	267.96975	31.46178	14.13	B	1.23	1.16	15	
NGC6486	G	268.14708	29.81800	15.04	B	0.61	0.56	70	
NGC6487	G	268.17437	29.83864	11.97	V	1.80	1.57	20	
NGC6488	G	267.33738	62.22292	14.81	B	0.65	0.25	82	
NGC6489	G	267.50546	60.09222	16.24	B	0.51	0.40	32	
NGC6490	G	268.62696	18.37583	14.73	B	1.01	0.78	112	
NGC6491	G	267.50292	61.53178	14.43	B	1.25	0.46	37	
NGC6492	G	270.70146	-66.43064	11.94	V	2.38	1.38	79	
NGC6493	G	267.59442	61.55942	15.44	B	1.07	1.02	25	
NGC6494	OCl	269.26988	-18.98533	5.50	V	16.80			M23
NGC6495	G	268.71150	18.32692	13.86	B	1.44	1.07	75	
NGC6496	GCl	269.76542	-44.26631	9.96	B	4.62			
NGC6497	G	267.82488	59.47089	14.22	B	1.45	0.66	110	
NGC6500	G	268.99908	18.33825	12.54	V	2.08	1.65	45	
NGC6501	G	269.01558	18.37308	13.11	B	1.73	1.52	15	
NGC6502	G	271.05717	-65.40994	13.63	B	1.40	1.23	45	
NGC6503	G	267.36012	70.14436	10.12	V	5.94	1.98	123	
NGC6504	G	269.02379	33.20839	13.30	B	1.94	0.41	95	
NGC6505	G	267.78100	65.53078	15.28	B	1.15	0.84	149	
NGC6506	OCl	269.97287	-24.68533						
NGC6507	OCl	269.96163	-17.45028	9.60	V	4.80			
NGC6508	G	267.44350	72.02111	14.03	B	1.29	1.09	23	
NGC6509	G	269.85529	6.28703	13.32	B	1.45	1.24	104	
NGC6510	G	268.66375	60.81792	14.26	B	0.83	0.48	15	
NGC6512	G	268.70962	62.64508	14.74	B	0.81	0.66	36	
NGC6513	G	269.89387	24.88053	14.64	B	1.08	0.77	32	
NGC6514	Neb	270.67546	-22.97189	8.50	V	28.00	28.00		Trifid Nebula
NGC6515	G	269.35496	50.72811	14.25	B	1.53	1.14	17	
NGC6516	G	268.81992	62.66986	15.65	B	0.74	0.32	146	
NGC6517	GCl	270.45996	-8.95950	11.08	B	4.80			
NGC6518	G	269.93225	28.86667	14.94	B	0.80	0.64	53	
NGC6520	OCl	270.85058	-27.88611	7.60	V	5.40			
NGC6521	G	268.95183	62.61225	13.90	V	1.55	1.01	157	
NGC6522	GCl	270.89196	-30.03397	9.48	V	3.90			
NGC6523	Neb	270.92196	-24.38017	5.80	V	45.00	30.00		Lagoon Nebula
NGC6524	G	269.81129	45.88708	13.91	B	1.63	0.99	156	
NGC6525	OCl	270.51979	11.03833			5.40			
NGC6526	Neb	271.02562	-24.44189			40.00	40.00		
NGC6527	G	270.44304	19.72872	14.89	B	1.48	1.13	146	
NGC6528	GCl	271.20671	-30.05578	10.65	V	3.60			
NGC6529	*Ass	271.37025	-36.29539						
NGC6530	Cl+N	271.12929	-24.35806	4.60	V	6.00			
NGC6531	OCl	271.05604	-22.49006	5.90	V	6.00			M21
NGC6532	G	269.80813	56.23178	14.91	B	1.69	0.66	120	
NGC6534	G	269.03567	64.28369	15.42	B	0.93	0.49	17	
NGC6535	GCl	270.96121	-0.29692	9.85	V	3.60			
NGC6536	G	269.31813	64.93808	14.24	B	1.14	0.92	125	
NGC6537	PN	271.30458	-19.84297	11.60	V	0.17			Red Spider Nebula
NGC6538	G	268.56921	73.42394	14.05	B	0.94	0.52	50	
NGC6539	GCl	271.20729	-7.58586			6.00			
NGC6540	GCl	271.53312	-27.76281			4.08			
NGC6541	GCl	272.00971	-43.71589	7.32	V	7.50			
NGC6542	G	269.91092	61.35939	13.92	B	1.38	0.40	97	
NGC6543	PN	269.63912	66.63319	9.01	V	0.90			Cat's Eye Nebula
NGC6544	GCl	271.83333	-24.99836	9.90	V	6.00			
NGC6545	G	273.06154	-63.77614	14.24	B	1.11	0.97	151	
NGC6546	OCl	271.84396	-23.29622	8.00	V	6.90			
NGC6547	G	271.29175	25.23261	14.21	B	1.63	0.58	134	
NGC6548	G	271.49683	18.58725	11.73	V	2.65	2.37	155	
NGC6549	G	271.45625	18.53803	14.73	B	1.22	0.30	52	
NGC6551	Other	272.24858	-29.55767						
NGC6552	G	270.03012	66.61511	14.60	V	1.06	0.73	103	
NGC6553	GCl	272.32283	-25.90786	9.08	B	5.40			
NGC6554	OCl	272.34992	-18.37869			8.70			
NGC6555	G	271.95488	17.60489	12.39	V	1.96	1.61	115	
NGC6556	*Ass	272.48996	-27.52481						
NGC6557	G	275.35342	-76.58297	13.99	B	1.38	0.92	77	
NGC6558	GCl	272.57658	-31.76347	11.29	V	5.40			
NGC6559	Neb	272.48687	-24.10639			15.00	10.00		
NGC6560	G	271.30825	46.88158	13.61	V	1.12	0.61	62	
NGC6561	OCl	272.62858	-16.72567			6.00			
NGC6562	G	271.25379	56.26311	14.70	B	1.00	0.95	60	
NGC6563	PN	273.01042	-33.86833	11.00	V	0.79			
NGC6564	Other	272.25987	17.39464						
NGC6565	PN	272.96917	-28.17833	11.60	V	0.23			
NGC6566	G	271.75279	52.26011	15.47	B	0.67	0.60	21	
NGC6567	PN	273.43833	-19.07583	11.00	V	0.13			
NGC6568	OCl	273.18437	-21.62803	8.60	V	7.80			
NGC6569	GCl	273.41112	-31.82767	9.47	V	4.50			
NGC6570	G	272.78042	14.09308	12.70	V	1.59	0.86	24	
NGC6571	G	272.70567	21.23850	15.20	B	0.79	0.58	50	
NGC6572	PN	273.02587	6.85372	8.10	V	0.18			
NGC6573	*Ass	273.59575	-22.17436			3.18			
NGC6574	G	272.96346	14.98178	11.96	V	1.57	1.20	160	
NGC6575	G	272.73954	31.11619	14.35	B	1.50	1.08	64	
NGC6576	G	272.95008	21.42825	15.68	B	0.76	0.65	139	
NGC6577	G	273.00513	21.46339	12.68	V	1.23	1.06	179	
NGC6578	PN	274.06875	-20.45092	12.90	V	0.14			
NGC6579	G	273.13254	21.42069	14.28	B	1.15	0.78	33	
NGC6580	G	273.14042	21.42614	13.90	B	1.39	0.82	98	
NGC6581	G	273.07675	25.66236	15.35	B	0.60	0.44	5	
NGC6582	GPair	272.76458	49.91056			1.40			
NGC6582 NED01	G	272.75779	49.91189	14.41	V	0.76	0.76	113	
NGC6582 NED02	G	272.77150	49.90922	15.18	B	1.45	1.00	146	
NGC6583	OCl	273.95387	-22.13764	10.00	V	3.60			
NGC6584	GCl	274.65688	-52.21517	8.17	V	5.10			
NGC6585	G	273.09079	39.63300	13.49	B	2.01	0.45	50	
NGC6586	G	273.41042	21.09008	14.54	B	1.15	0.59	104	
NGC6587	G	273.46204	18.82519	13.74	B	1.82	1.82	20	
NGC6588	Other	275.24525	-63.80997			5.40			
NGC6589	Neb	274.23071	-19.77708	10.50	B	4.00	3.00		
NGC6590	RfN	274.27079	-19.86606	9.80	B	4.00	3.00		
NGC6591	G	273.51625	21.06389	16.39	B	0.54	0.21	54	
NGC6592	G	272.46117	61.42197	15.12	B	0.81	0.65	116	
NGC6593	G	273.51479	22.28392	15.10	B	0.81	0.67	0	
NGC6594	G	272.52300	61.13347	15.33	B	0.86	0.50	93	
NGC6596	OCl	274.39054	-16.65044			6.60			
NGC6597	G	272.80604	61.18067	15.44	B	0.89	0.50	87	
NGC6598	G	272.23333	69.06789	14.14	B	1.18	0.87	35	
NGC6599	G	273.92908	24.91239	12.82	V	1.23	1.14	35	
NGC6601	G	272.93479	61.45331	15.54	B	0.79	0.49	45	
NGC6602	G	274.14288	25.04403	14.57	B	0.77	0.57	178	
NGC6603	OCl	274.61237	-18.40606	11.10	V	4.20			
NGC6604	OCl	274.51233	-12.24311	6.50	V	9.60			
NGC6605	OCl	274.09033	-15.01519	6.00	V	6.30			
NGC6606	G	273.67329	43.26864	14.36	B	0.91	0.71	87	
NGC6607	G	273.06142	61.33292	15.59	B	0.55	0.48	54	
NGC6608	G	273.12033	61.29817	16.60	B	0.86	0.19	43	
NGC6609	G	273.13988	61.33192	15.24	B	0.83	0.72	81	
NGC6611	Neb	274.70071	-13.80722	6.00	V	120.00	25.00		Eagle Nebula
NGC6612	G	274.04521	36.07856	15.51	B	1.02	0.66	170	
NGC6613	OCl	274.99371	-17.10197	6.90	V	6.00			M18
NGC6614	G	276.28004	-63.24836	13.80	B	1.64	1.26	69	
NGC6615	G	274.63946	13.26503	14.47	B	1.37	0.87	170	
NGC6616	G	274.42117	22.23844	15.12	B	1.35	0.57	55	
NGC6617	G	273.51050	61.31956	15.56	B	0.90	0.52	73	
NGC6618	Neb	275.19629	-16.17153	7.00	V	12.60			Checkmark Nebula
NGC6619	G	274.73142	23.65561	14.26	B	1.38	0.89	104	
NGC6620	PN	275.72562	-26.82169	12.70	V	0.13			
NGC6621	G	273.23046	68.36344	13.41	B	2.15	0.87	143	
NGC6622	G	273.24917	68.35389	14.08	B	0.97	0.87	117	
NGC6623	GPair	274.92875	23.70556			1.30			
NGC6623 NED01	G	274.92842	23.70178	14.40	B	0.15	0.15		
NGC6623 NED02	G	274.92858	23.70956	14.36	B	1.35	1.20	140	
NGC6624	GCl	275.91904	-30.36128			3.30			
NGC6625	OCl	275.69708	-11.95500	9.00	V	6.00			
NGC6626	GCl	276.13704	-24.86983	6.90	V	5.10			M28
NGC6627	G	275.66217	15.69800	13.32	V	1.07	0.96	75	
NGC6628	G	275.59129	23.47856	14.72	B	1.52	0.91	89	
NGC6629	PN	276.42692	-23.20289	11.30	V	0.26			
NGC6630	G	278.14642	-63.29325	13.91	V	0.81	0.68	102	
NGC6631	OCl	276.79733	-12.03122	11.70	V	5.70			
NGC6632	G	276.26288	27.53531	12.15	V	2.40	1.16	156	
NGC6633	OCl	276.81346	6.50822	4.60	V	12.00			
NGC6635	G	276.90463	14.81906	13.40	V	1.14	1.03	5	
NGC6636	GPair	275.51458	66.62022			2.20			
NGC6636 NED01	G	275.51196	66.61656	14.03	B	1.91	0.46	6	
NGC6636 NED02	G	275.52129	66.62200	16.00	V	0.72	0.39	8	
NGC6637	GCl	277.84679	-32.34797	8.31	V	5.70			M69
NGC6638	GCl	277.73438	-25.49642	9.68	V	4.20			
NGC6639	OCl	277.74708	-13.15583			6.00			
NGC6640	G	277.03446	34.30267	14.16	B	0.83	0.18	146	
NGC6641	G	277.23904	22.90300	14.25	B	0.93	0.81	100	
NGC6642	GCl	277.97592	-23.47614	10.24	V	3.90			
NGC6643	G	274.94338	74.56836	11.11	V	3.32	1.63	37	
NGC6644	PN	278.14471	-25.12936	10.70	V	0.04			
NGC6645	OCl	278.15792	-16.88389	8.50	V	5.40			
NGC6646	G	277.41142	39.86514	12.64	V	1.49	1.25	67	
NGC6647	OCl	278.20558	-17.22867	8.00	V	3.60			
NGC6648	Other	276.40750	64.97617						
NGC6649	OCl	278.36650	-10.40281	8.90	V	5.58			
NGC6650	G	276.36662	68.00583	14.60	B	0.73	0.66	40	
NGC6651	G	276.08212	71.60192	13.63	B	1.34	0.71	32	
NGC6652	GCl	278.94062	-32.99031	9.75	V	5.10			
NGC6653	G	281.15987	-73.26342	13.39	B	1.64	1.41	56	
NGC6654	G	276.03154	73.18322	11.84	V	2.91	2.23	5	
NGC6654A	G	279.85392	73.57975	13.49	B	2.11	0.44	59	
NGC6656	GCl	279.10083	-23.90342	6.17	V	12.60			M22
NGC6657	G	278.25608	34.06047	14.17	B	0.77	0.44	135	
NGC6658	G	278.48188	22.88828	11.80	V	1.50	0.25	5	
NGC6659	OCl	278.49971	23.59489			5.40			
NGC6660	G	278.65279	22.90967	12.36	V	1.95	1.13	143	
NGC6662	G	278.54658	32.06458	14.81	B	1.65	0.51	18	
NGC6663	G	278.39033	40.04894	14.76	B	0.86	0.74	147	
NGC6664	OCl	279.13896	-8.22075	7.80	V	6.00			
NGC6665	G	278.62504	30.72056	14.52	B	0.95	0.47	25	
NGC6666	Other	278.68721	33.58764						
NGC6667	G	277.66579	67.98703	12.63	V	1.88	1.05	99	
NGC6669	Other	279.31288	22.19572						
NGC6670	GTrpl	278.39771	59.88881			1.20			
NGC6670A	G	278.40717	59.88967	15.26	B	0.68	0.32	116	
NGC6670B	G	278.39204	59.88822	16.01	B	0.78	0.25	69	
NGC6670 NED03	G	278.41263	59.88814			0.27	0.17	72	
NGC6671	G	279.35900	26.41719	13.72	B	1.39	1.39	5	
NGC6673	G	281.27633	-62.29722	11.72	V	2.60	1.44	27	
NGC6674	G	279.64112	25.37514	12.07	V	4.01	2.04	144	
NGC6675	G	279.36033	40.05772	13.33	B	1.31	0.94	131	
NGC6676	G	278.29150	66.95906	15.22	B	1.50	0.37	141	
NGC6677	G	278.40054	67.11075	13.86	B	0.84	0.35	103	
NGC6679	G	278.37708	67.13731	13.60	B	0.60	0.35	99	
NGC6680	G	279.93321	22.31642	15.38	B	0.63	0.41	60	
NGC6681	GCl	280.80267	-32.29189	9.06	V	6.60			M70
NGC6682	OCl	279.90567	-4.81369			4.50			
NGC6683	OCl	280.55821	-6.21225	9.40	V	3.00			
NGC6684	G	282.24117	-65.17344	10.50	V	4.19	2.96	29	
NGC6684A	G	283.09504	-64.83147	13.22	B	1.95	1.34	140	
NGC6685	G	279.99433	39.98178	14.59	B	0.95	0.70	38	
NGC6686	G	280.02925	40.13764	14.75	B	0.63	0.56	153	
NGC6687	G	279.34213	59.64297	14.83	B	1.25	0.94	46	
NGC6688	G	280.16721	36.28964	13.85	B	1.64	1.59	40	
NGC6689	G	278.70938	70.52392	12.28	V	3.29	0.91	171	
NGC6691	G	279.80104	55.64181	12.90	V	1.47	1.37	35	
NGC6692	GPair	280.42292	34.84361	14.30	B	1.05	0.55	119	
NGC6694	OCl	281.32775	-9.38361	8.87	V	6.00			M26
NGC6695	G	280.67808	40.36689	13.49	V	1.21	0.67	13	
NGC6696	G	280.02100	59.33397	16.01	B	0.91	0.23	1	
NGC6697	G	281.31233	25.51258	14.46	B	1.19	0.95	65	
NGC6698	OCl	282.02087	-25.47717			4.98			
NGC6699	G	283.00850	-57.32075	12.21	V	1.74	1.71	95	
NGC6700	G	281.51829	32.27961	14.12	B	1.52	1.01	114	
NGC6701	G	280.80192	60.65333	12.82	B	1.42	1.36	120	
NGC6702	G	281.73992	45.70567	12.24	V	1.64	1.42	58	
NGC6703	G	281.82846	45.55064	11.38	V	2.43	2.38	85	
NGC6704	OCl	282.69071	-5.20542	9.20	V	3.30			
NGC6705	OCl	282.77496	-6.27003	5.80	V	9.00			Amas de l'Ecu de Sobieski
NGC6706	G	284.21267	-63.16622	14.03	B	1.70	0.77	124	
NGC6707	G	283.84192	-53.81844	12.62	V	2.62	1.05	143	
NGC6708	G	283.89850	-53.72344	12.93	V	1.16	0.86	163	
NGC6709	OCl	282.82892	10.31875	6.70	V	8.70			
NGC6710	G	282.64229	26.83839	13.06	V	1.68	0.93	38	
NGC6711	G	282.25367	47.65811	12.94	V	1.03	0.94	70	
NGC6712	GCl	283.27038	-8.70547	8.69	V	5.70			
NGC6713	G	282.68567	33.95978	14.21	B	0.48	0.44	110	
NGC6714	*Ass	281.70833	66.74500						
NGC6715	GCl	283.76363	-30.47850	7.70	V	5.10			M54
NGC6716	OCl	283.64321	-19.90108	7.50	V	7.20			
NGC6717	GCl	283.77517	-22.70161	10.35	V	3.90			
NGC6718	G	285.36929	-66.11019	14.17	B	1.48	0.74	171	
NGC6719	G	285.78121	-68.58836	13.50	B	1.66	0.84	109	
NGC6720	PN	283.39587	33.02858	8.80	V	1.27			Ring Nebula
NGC6721	G	285.21171	-57.75944	12.04	V	1.90	1.58	155	
NGC6722	G	285.91821	-64.89447	13.57	B	2.93	0.51	164	
NGC6723	GCl	284.88813	-36.63147			9.30			
NGC6724	OCl	284.19533	10.42856			3.18			
NGC6725	G	285.48592	-53.86308	12.45	V	2.65	0.52	40	
NGC6726	RfN	285.41375	-36.89131			9.00	7.00		
NGC6727	RfN	285.42612	-36.87625			80.00	80.00		
NGC6728	OCl	284.68767	-8.96600			4.50			
NGC6729	Neb	285.48083	-36.95764			25.00	20.00		
NGC6730	G	286.89021	-68.91281	12.06	V	2.20	1.83	31	
NGC6732	G	284.10008	52.37761	14.37	B	0.94	0.68	103	
NGC6733	G	286.54429	-62.19692	13.44	B	1.96	1.39	109	
NGC6734	G	286.80971	-65.46186	13.76	B	1.38	0.90	14	
NGC6735	OCl	285.15567	-0.47539			5.10			
NGC6736	G	286.87187	-65.42861	14.32	B	1.11	0.88	67	
NGC6737	OCl	285.57279	-18.54697			6.60			
NGC6738	*Ass	285.33983	11.61561	8.30	V	5.40			
NGC6739	G	286.95317	-61.36811	12.14	V	2.65	0.89	173	
NGC6740	G	285.21046	28.77122	15.50	B	1.09	0.76	31	
NGC6741	PN	285.65417	-0.44939	11.50	V	0.13			Phantom Streak Nebula
NGC6742	PN	284.83292	48.46528	13.40	V	0.55			
NGC6743	OCl	285.33612	29.27747	8.20	B	6.90			
NGC6744	G	287.44208	-63.85753	9.25	V	15.67	9.75	15	
NGC6744A	G	287.18233	-63.73050	15.15	B	1.64	0.60	106	
NGC6745	GTrpl	285.42375	40.75306			2.30			
NGC6745 NED01	G	285.42267	40.74786	13.22	B	0.95	0.46	32	
NGC6745 NED02	G	285.42388	40.75997	16.93	B	0.69	0.22	174	
NGC6745 NED03	G	285.42492	40.75136			0.33	0.18	7	
NGC6746	G	287.59171	-61.97017	13.69	B	1.56	1.09	170	
NGC6747	G	283.84021	72.77153	14.97	B	0.65	0.50	126	
NGC6749	GCl	286.31500	1.90061	12.40	V	5.10			
NGC6750	G	285.15046	59.16675	13.64	B	1.08	0.69	2	
NGC6751	PN	286.48146	-5.99231	11.90	V	0.34			
NGC6752	GCl	287.71575	-59.98186	6.28	V	13.20			
NGC6753	G	287.84850	-57.04956	11.04	V	2.97	2.60	25	
NGC6754	G	287.85717	-50.64181	12.22	V	2.02	1.08	77	
NGC6755	OCl	286.95438	4.26642	7.50	V	6.00			
NGC6756	OCl	287.17738	4.70578	10.60	V	3.60			
NGC6757	G	286.26408	55.71517	13.91	B	1.71	1.15	92	
NGC6758	G	288.46808	-56.30994	11.39	V	2.75	2.14	111	
NGC6759	G	286.73683	50.34422	15.12	B	0.97	0.67	40	
NGC6760	GCl	287.80025	1.03047	9.78	V	5.40			
NGC6761	G	288.77000	-50.65683	13.36	V	1.63	1.42	22	
NGC6762	G	286.40450	63.93403	14.12	B	1.55	0.34	119	
NGC6764	G	287.06821	50.93322	13.63	V	2.49	1.22	64	
NGC6765	PN	287.77708	30.54556	12.90	V	0.67			
NGC6768	G	289.13583	-40.20917	13.70	B	1.26	1.00	36	
NGC6769	G	289.59450	-60.50108	11.77	V	2.86	2.19	120	
NGC6770	G	289.65550	-60.49647	11.86	V	2.39	1.72	33	
NGC6771	G	289.66463	-60.54600	12.52	V	2.38	0.54	121	
NGC6772	PN	288.65125	-2.70681	12.70	V	1.07			
NGC6773	OCl	288.78521	4.85656						
NGC6774	OCl	289.06792	-16.26069			30.00			
NGC6775	OCl	289.17858	-0.93336			4.80			
NGC6776	G	291.32979	-63.86017	12.07	V	2.00	1.62	14	
NGC6776A	G	291.27242	-63.68344	14.86	B	1.44	0.36	83	
NGC6778	PN	289.60354	-1.59636	12.30	V	0.26			
NGC6779	GCl	289.14796	30.18450	8.40	V	5.80			M56
NGC6780	G	290.71200	-55.77583	12.73	V	2.01	1.55	4	
NGC6781	PN	289.61775	6.53972	11.40	V	1.80			
NGC6782	G	290.99125	-59.92247	11.98	V	2.45	1.49	18	
NGC6783	G	289.19842	46.01722	15.20	B	0.66	0.62	135	
NGC6784	G	291.64996	-65.61769	14.85	B	1.04	0.56	46	
NGC6784A	G	291.62992	-65.62611	15.03	B	0.95	0.54	167	
NGC6786	G	287.72463	73.41017	13.80	V	0.81	0.48	20	
NGC6787	G	289.04408	60.41753	14.87	B	0.80	0.74	70	
NGC6788	G	291.70729	-54.95131	12.05	V	3.20	1.05	69	
NGC6789	G	289.17567	63.97147	13.54	V	0.97	0.84	145	
NGC6790	PN	290.73708	1.51333	10.50	V	0.12			
NGC6791	OCl	290.22175	37.77189	9.50	V	6.30			
NGC6792	G	290.23921	43.13250	13.29	B	2.08	1.11	24	
NGC6793	OCl	290.80996	22.14103			8.10			
NGC6794	G	292.01617	-38.91875	12.88	V	1.51	1.26	85	
NGC6795	OCl	291.59175	3.51436						
NGC6796	G	290.37863	61.14489	12.65	V	1.73	0.40	1	
NGC6797	Other	292.25313	-25.66656						
NGC6798	G	291.01321	53.62478	14.45	B	1.78	0.80	147	
NGC6799	G	293.06888	-55.90792	13.51	B	1.83	1.36	107	
NGC6800	OCl	291.78200	25.14047			6.00			
NGC6801	G	291.89921	54.37289	14.72	B	1.36	0.71	38	
NGC6802	OCl	292.64600	20.26097	8.80	V	4.50			
NGC6803	PN	292.81854	10.05603	11.40	V	0.09			
NGC6804	PN	292.89746	9.22517	12.00	V	0.58			
NGC6805	G	294.19046	-37.55436	14.31	B	1.16	1.03	159	
NGC6806	G	294.27104	-42.29628	13.19	V	1.22	0.96	52	
NGC6807	PN	293.63958	5.68417	12.00	V	0.03			
NGC6808	G	295.97500	-70.63339	12.90	V	0.80	0.25	42	
NGC6809	GCl	294.99750	-30.96208	6.49	V	12.00			M55
NGC6810	G	295.89271	-58.65558	11.42	V	3.79	1.05	175	
NGC6811	OCl	294.32463	46.38883	6.80	V	7.20			
NGC6812	G	296.35092	-55.34681	13.57	B	1.75	1.12	87	
NGC6813	PN	295.09350	27.30956			3.00			
NGC6814	G	295.66933	-10.32350	11.32	V	3.08	0.74	110	
NGC6815	*Ass	295.18463	26.75900						
NGC6816	G	296.00929	-28.40083	12.87	V	1.72	1.40	80	
NGC6817	GPair	294.34333	62.38306			0.90			
NGC6817 NED01	G	294.33850	62.38269	16.34	B	0.26	0.18	47	
NGC6817 NED02	G	294.34742	62.38364	15.57	B	0.66	0.55	115	
NGC6818	PN	295.99054	-14.15317	9.30	V	0.77			Little Gem Nebula
NGC6819	OCl	295.32538	40.18675	7.30	V	6.90			Foxhead Cluster
NGC6820	Neb	295.61675	23.08808	15.00	B	0.50	0.50		
NGC6821	G	296.10025	-6.83344	13.07	V	1.03	0.93	130	
NGC6822	G	296.24058	-14.80344	10.05	V	17.38	16.75	27	Barnard's Galaxy
NGC6823	Cl+N	295.79121	23.29994	7.10	V	6.00			
NGC6824	G	295.91958	56.10947	11.76	V	1.91	1.39	53	
NGC6825	GPair	295.47833	64.07306	15.30	B	0.72	0.32	170	
NGC6826	PN	296.20046	50.52503	9.44	V	0.42			Blinking Planetary
NGC6827	OCl	297.22267	21.21506			2.10			
NGC6828	OCl	297.57337	7.90256			6.00			
NGC6829	G	296.78150	59.90708	14.92	B	1.49	0.35	31	
NGC6830	OCl	297.74825	23.10014	7.90	V	4.20			
NGC6831	G	296.98875	59.89253	14.55	B	1.29	1.17	115	
NGC6832	OCl	297.06358	59.42117			3.30			
NGC6833	PN	297.44417	48.96111	12.10	V	0.03			
NGC6834	OCl	298.05233	29.40817	7.80	V	4.50			
NGC6835	G	298.63729	-12.56758	12.46	V	2.74	0.61	70	
NGC6836	G	298.66692	-12.68794	13.01	V	1.42	1.11	119	
NGC6837	OCl	298.28596	11.69900			3.00			
NGC6838	GCl	298.44212	18.77839	6.10	V	6.90			M71
NGC6839	Other	298.50000	18.00333						
NGC6840	OCl	298.81771	12.11461			4.50			
NGC6841	G	299.45442	-31.81069	12.59	V	1.63	1.46	162	
NGC6842	PN	298.75942	29.28917	13.10	V	0.95			
NGC6843	OCl	299.02592	12.16383			3.60			
NGC6844	G	300.70888	-65.22986	13.58	B	1.26	0.97	5	
NGC6845	GGroup	300.24283	-47.06997			4.10			
NGC6845A	G	300.24342	-47.07025	13.22	V	1.08	0.61	47	
NGC6845B	G	300.27208	-47.05908	13.89	V	0.78	0.60	24	
NGC6845C	G	300.23671	-47.08422	15.43	V	0.94	0.31	138	
NGC6845D	G	300.22329	-47.09522	14.68	V	0.79	0.22	157	
NGC6846	OCl	299.11717	32.34969	14.20	V	2.40			
NGC6847	Cl+N	299.15758	30.21292			10.00	10.00		
NGC6848	G	300.69687	-56.09031	13.35	B	2.34	1.38	158	
NGC6849	G	301.56508	-40.19831	12.12	V	2.15	1.42	19	
NGC6850	G	300.87542	-54.84478	13.07	V	2.03	1.09	146	
NGC6851	G	300.89321	-48.28450	11.84	V	2.18	1.70	161	
NGC6851A	G	301.45212	-47.97825	14.89	B	1.35	0.70	50	
NGC6851B	G	301.41642	-47.97906	14.81	V	1.12	0.18	67	
NGC6852	PN	300.16317	1.72811	12.60	V	0.47			
NGC6853	PN	299.90158	22.72103	7.40	V	6.70			Dumbbell Nebula
NGC6854	G	301.41167	-54.37561	12.35	V	2.28	1.62	166	
NGC6855	G	301.70796	-56.38992	13.85	B	1.27	0.95	95	
NGC6856	OCl	299.82138	56.13089			3.00			
NGC6857	HII	300.45054	33.52592	11.40	B	0.63	0.63		
NGC6858	OCl	300.74746	11.25942			4.20			
NGC6859	Other	300.95629	0.44464						
NGC6860	G	302.19537	-61.10019	13.53	V	1.31	0.75	32	
NGC6861	G	301.83117	-48.37022	11.04	V	3.18	2.36	133	
NGC6861B	G	301.52263	-48.47444	15.12	B	1.21	0.40	100	
NGC6861C	G	301.67117	-48.64978	15.09	B	1.11	0.42	34	
NGC6861D	G	302.08117	-48.21142	11.94	V	2.36	0.85	157	
NGC6861E	G	302.75633	-48.69058	15.11	B	1.48	0.31	37	
NGC6861F	G	302.79917	-48.27583	15.26	B	1.82	0.35	85	
NGC6862	G	302.22742	-56.39175	12.74	V	1.43	1.32	125	
NGC6863	Other	301.28050	-3.55514						
NGC6864	GCl	301.52017	-21.92222	8.26	V	3.60			M75
NGC6865	G	301.48533	-9.04092	14.74	B	0.63	0.48	135	
NGC6866	OCl	300.97992	44.15911	7.60	V	5.10			
NGC6867	G	302.62358	-54.78325	13.93	B	1.61	0.55	156	
NGC6868	G	302.47529	-48.37956	10.59	V	3.58	3.13	81	
NGC6869	G	300.17671	66.22753	12.23	V	1.44	1.44	100	
NGC6870	G	302.54525	-48.28708	11.94	V	2.56	1.08	86	
NGC6871	OCl	301.49767	35.77725	5.20	V	9.30			
NGC6872	G	304.23567	-70.76794	11.64	V	4.70	1.80	45	
NGC6873	OCl	301.80788	21.10225			3.00			
NGC6874	*Ass	301.88783	38.24611						
NGC6875	G	303.30196	-46.16164	12.03	V	2.15	1.30	22	
NGC6875A	G	302.98275	-46.14408	13.95	B	2.97	0.61	74	
NGC6876	G	304.57979	-70.85881	10.83	V	3.46	3.00	110	
NGC6876A	G	302.82021	-71.01294	14.86	B	1.38	0.46	178	
NGC6877	G	304.65083	-70.85306	12.23	V	2.38	1.14	163	
NGC6878	G	303.47183	-44.52675	12.42	V	1.61	1.26	98	
NGC6878A	G	303.40000	-44.81617	13.25	V	1.87	0.86	69	
NGC6879	PN	302.61083	16.92281	12.50	V	0.08			
NGC6880	G	304.87346	-70.85986	13.35	V	2.46	1.06	25	
NGC6881	PN	302.71875	37.41139	13.90	V	0.07			
NGC6882	OCl	302.98275	26.48881	14.10	V	7.50			
NGC6883	OCl	302.83229	35.83219	8.00	V	4.50			
NGC6884	PN	302.59875	46.46083	10.90	V	0.10			
NGC6886	PN	303.17875	19.98972	11.40	V	0.09			
NGC6887	G	304.32204	-52.79675	12.08	V	3.44	1.18	103	
NGC6888	HII	303.02729	38.35494	7.44	B	20.00	10.00		Crescent Nebula
NGC6889	G	304.72179	-53.95708	13.71	B	1.71	1.08	60	
NGC6890	G	304.57542	-44.80672	12.65	V	1.59	1.27	155	
NGC6891	PN	303.78683	12.70436	10.50	V	0.25			
NGC6892	Other	304.23850	18.01967						
NGC6893	G	305.20683	-48.23908	11.71	V	2.87	1.78	9	
NGC6894	PN	304.10021	30.56508	12.30	V	0.67			
NGC6895	OCl	304.13483	50.24047			5.10			
NGC6897	G	305.25529	-12.25469	14.57	B	0.94	0.60	39	
NGC6898	G	305.28346	-12.35889	14.04	B	1.03	0.94	145	
NGC6899	G	306.09267	-50.43394	12.85	V	1.79	0.89	112	
NGC6900	G	305.39629	-2.56922	14.67	B	0.94	0.74	100	
NGC6901	G	305.58963	6.42986	14.83	B	1.25	0.49	62	
NGC6902	G	306.11725	-43.65353	11.48	V	2.69	2.11	158	
NGC6902A	G	305.74900	-44.27153	14.59	B	0.98	0.74	57	
NGC6902B	G	305.77938	-43.86861	13.80	V	1.32	1.20	160	
NGC6903	G	305.93692	-19.32542	12.90	B	2.24	2.04	145	
NGC6904	OCl	305.45063	25.74150			4.20			
NGC6905	PN	305.59579	20.10453	11.10	V	0.67			Blue Flash Nebula
NGC6906	G	305.89129	6.44367	12.56	V	1.12	0.48	45	
NGC6907	G	306.27763	-24.80917	11.16	V	3.33	2.68	67	
NGC6908	G	306.28738	-24.80114	12.31	B	1.87	1.01	65	
NGC6909	G	306.91204	-47.02703	11.99	V	2.36	1.29	69	
NGC6910	OCl	305.80021	40.77861	7.40	V	6.30			
NGC6911	G	304.90971	66.72833	15.60	B	1.84	1.01	122	
NGC6912	G	306.71700	-18.61728	13.22	V	1.30	1.03	77	
NGC6913	OCl	305.99071	38.50767	6.60	V	3.60			M29
NGC6914	RfN	306.18042	42.48264			3.00	3.00		
NGC6915	G	306.94192	-3.07706	13.77	B	1.65	1.15	85	
NGC6916	G	305.88783	58.34406	15.21	B	1.64	1.11	89	
NGC6917	G	306.86817	8.09808	14.24	B	1.11	0.45	48	
NGC6918	G	307.69633	-47.47372	14.47	B	0.99	0.76	5	
NGC6919	G	307.90883	-44.21642	13.11	V	1.39	1.11	132	
NGC6920	G	310.98917	-80.00083	11.97	V	2.30	1.86	132	
NGC6921	G	307.12025	25.72342	13.44	V	1.08	0.35	141	
NGC6922	G	307.47042	-2.19119	13.60	V	1.17	0.92	139	
NGC6923	G	307.91279	-30.83189	12.01	V	2.54	1.24	76	
NGC6924	G	308.33013	-25.47444	12.79	V	1.70	1.45	140	
NGC6925	G	308.58571	-31.98089	11.35	V	4.68	1.16	4	
NGC6926	G	308.27546	-2.02750	13.43	V	1.33	0.37	178	
NGC6927	G	308.15921	9.91639	14.46	V	0.60	0.20	5	
NGC6927A	G	308.15288	9.88392	17.00	B	0.38	0.13	20	
NGC6928	G	308.20925	9.92642	12.61	V	2.08	0.51	106	
NGC6929	G	308.34033	-2.03719	13.71	V	0.43	0.33	81	
NGC6930	G	308.24500	9.87444	12.90	V	1.43	0.46	9	
NGC6931	G	308.42229	-11.36886	14.00	B	1.27	0.46	125	
NGC6932	G	310.53575	-73.61936	13.30	B	2.45	1.44	105	
NGC6934	GCl	308.54787	7.40411	9.75	V	5.40			
NGC6935	G	309.58425	-52.11044	12.00	V	2.18	1.91	14	
NGC6936	G	308.98458	-25.27997	13.96	B	1.82	0.91	5	
NGC6937	G	309.69096	-52.14325	12.87	V	2.55	1.69	155	
NGC6938	OCl	308.67704	22.21458			5.40			
NGC6939	OCl	307.87554	60.66208	7.80	V	12.00			
NGC6940	OCl	308.61121	28.28272	6.30	V	10.80			
NGC6941	G	309.09779	-4.61875	14.17	B	1.73	1.20	126	
NGC6942	G	310.15771	-54.30306	11.97	V	2.24	1.71	134	
NGC6943	G	311.14058	-68.74772	11.39	V	3.75	2.22	125	
NGC6944	G	309.59942	6.99644	13.68	V	1.12	0.79	48	
NGC6944A	G	309.54712	6.90267	14.92	B	0.97	0.69	67	
NGC6945	G	309.75258	-4.97258	15.20	B	1.58	1.01	121	
NGC6946	G	308.71800	60.15392	9.05	V	11.40	10.84	52	Fireworks Galaxy
NGC6947	G	310.31300	-32.48642	13.43	B	1.74	0.69	41	
NGC6948	G	310.87142	-53.35672	13.80	B	2.00	0.95	113	
NGC6949	G	308.77883	64.80281	14.50	V	1.31	1.05	95	
NGC6950	OCl	310.27325	16.62222			4.50			
NGC6951	G	309.30871	66.10564	12.41	V	3.19	2.09	149	
NGC6953	Other	309.44258	65.76486						
NGC6954	G	311.01325	3.20944	13.17	V	1.27	0.80	84	
NGC6955	G	311.07492	2.59483	15.27	B	1.27	0.98	115	
NGC6956	G	310.97379	12.51192	13.40	B	1.75	1.37	112	
NGC6957	G	311.19817	2.58122	15.28	B	0.62	0.57	150	
NGC6958	G	312.17746	-37.99742	11.40	V	2.44	1.88	97	
NGC6959	G	311.78017	0.43019	14.74	B	0.50	0.34	63	
NGC6960	SNR	311.49242	30.59514	7.00	B	210.00	160.00		Veil Nebula
NGC6961	G	311.79379	0.36328	15.12	B	0.76	0.73	150	
NGC6962	G	311.82942	0.32081	11.89	V	2.70	2.00	68	
NGC6964	G	311.85125	0.30083	12.95	V	1.68	1.26	165	
NGC6965	G	311.83488	0.48406	13.68	V	0.73	0.63	68	
NGC6967	G	311.89208	0.41161	13.01	V	1.19	0.71	95	
NGC6968	G	312.13533	-8.36031	13.97	B	1.97	1.18	135	
NGC6969	G	312.11512	7.73997	13.52	V	1.21	0.37	15	
NGC6970	G	313.03942	-48.77778	12.62	V	1.54	0.87	115	
NGC6971	G	312.34900	5.99558	14.74	B	1.05	0.87	60	
NGC6972	G	312.49558	9.89914	14.02	B	1.23	0.49	142	
NGC6974	SNR	312.76800	31.82811						
NGC6975	G	313.10846	-5.77231	14.80	B	1.02	0.92	165	
NGC6977	G	313.12379	-5.74611	14.12	B	1.25	0.93	168	
NGC6978	G	313.14763	-5.71114	14.08	B	1.51	0.57	126	
NGC6979	SNR	312.61671	32.02589			7.00	3.00		
NGC6981	GCl	313.36629	-12.53706	8.96	V	4.50			M72
NGC6982	G	314.32658	-51.86228	13.66	V	1.00	0.49	66	
NGC6983	G	314.18096	-43.98603	14.25	B	0.85	0.66	151	
NGC6984	G	314.47492	-51.87083	12.73	V	1.80	1.16	101	
NGC6985	G	311.26242	-11.10419	14.78	B	1.25	0.51	106	
NGC6985A	G	311.25529	-11.10767	15.46	B	1.02	0.44	160	
NGC6986	G	314.12775	-18.56656	14.72	B	0.98	0.64	6	
NGC6987	G	314.54317	-48.63031	12.45	V	2.03	1.63	125	
NGC6988	G	313.95400	10.50786	14.81	B	0.68	0.59	21	
NGC6989	OCl	313.52883	45.23928			5.40			
NGC6990	G	314.98717	-55.56197	14.00	B	1.24	0.56	179	
NGC6991	OCl	313.71667	47.46167			23.00			
NGC6992	SNR	314.07946	31.74275	7.00	B	60.00	8.00		Eastern Veil
NGC6993	G	313.47521	-25.47253	14.03	B	1.47	1.17	98	
NGC6994	Other	314.73321	-12.63550	8.90	V				M73
NGC6995	SNR	314.29483	31.23517	7.00	B	12.00	12.00		Eastern Veil
NGC6996	*Ass	314.12504	45.47303						
NGC6997	Cl+N	314.16438	44.63150	10.00	V	6.90			
NGC6998	G	315.40700	-28.03192	14.06	V	0.94	0.89	135	
NGC6999	G	315.49808	-28.05892	14.91	B	1.21	0.99	1	
NGC7000	HII	314.82142	44.52878	4.00	B	120.00	30.00		North America Nebula
NGC7001	G	315.28229	-0.19517	12.93	V	1.38	1.03	169	
NGC7002	G	315.93667	-49.02975	12.38	V	2.10	1.66	12	
NGC7003	G	315.17675	17.80489	13.75	B	0.99	0.66	116	
NGC7004	G	316.00908	-49.11425	13.75	V	1.26	0.48	70	
NGC7005	Other	315.49021	-12.88261						
NGC7006	GCl	315.37187	16.18753	10.46	V	4.20			
NGC7007	G	316.36633	-52.55197	11.95	V	3.39	1.23	1	
NGC7008	PN	315.13667	54.54319	10.70	V	1.43			
NGC7009	PN	316.04496	-11.36325	8.00	V	0.70	0.52	70	Saturn Nebula
NGC7010	G	316.16458	-12.33839	14.77	B	2.18	1.12	47	
NGC7011	OCl	315.45575	47.35431						
NGC7012	G	316.68967	-44.81472	13.68	B	1.65	0.81	98	
NGC7013	G	315.88992	29.89747	11.30	V	4.16	1.33	158	
NGC7014	G	316.96738	-47.17900	12.31	V	2.03	1.77	130	
NGC7015	G	316.40575	11.41417	12.53	V	1.70	1.51	170	
NGC7016	G	316.81783	-25.46894	14.85	B	1.02	0.86	90	
NGC7017	GPair	316.83554	-25.48686	14.93	B	0.85	0.60	85	
NGC7018	GTrpl	316.85562	-25.42775	16.80	V	0.93	0.59	93	
NGC7019	G	316.60721	-24.41267	15.09	B	0.74	0.39	127	
NGC7020	G	317.83371	-64.02533	11.74	V	4.10	1.67	165	
NGC7022	G	317.39683	-49.30367	14.06	B	1.52	1.08	7	
NGC7023	Neb	315.39842	68.16956	7.20	B	10.00	8.00		Iris Nebula
NGC7024	OCl	316.53379	41.48458			4.92			
NGC7025	G	316.94725	16.33586	13.99	B	2.02	1.32	45	
NGC7026	PN	316.57700	47.85219	10.90	V	0.33			
NGC7027	PN	316.75637	42.23653	8.50	V	0.23			
NGC7028	G	316.45850	18.46819	14.78	B	0.64	0.27	5	
NGC7029	G	317.96688	-49.28372	11.67	V	2.75	1.57	68	
NGC7030	G	317.80554	-20.48586	14.58	B	0.86	0.65	36	
NGC7031	OCl	316.80229	50.87556	9.10	V	3.90			
NGC7032	G	318.84533	-68.28789	13.63	B	1.17	0.99	20	
NGC7033	G	317.40108	15.12489	15.20	B	0.88	0.60	4	
NGC7034	G	317.40908	15.15067	15.19	B	0.96	0.70	122	
NGC7035	GPair	317.69333	-23.13583	15.41	B	1.20			
NGC7035A	G	317.68942	-23.13514	15.60	B	0.89	0.65	110	
NGC7035B	G	317.69708	-23.13708	15.39	B	1.23	0.91	88	
NGC7036	OCl	317.55163	15.37611			4.50			
NGC7037	OCl	317.69050	33.72833			6.00			
NGC7038	G	318.78129	-47.22050	12.14	V	3.22	1.69	127	
NGC7039	OCl	317.69917	45.62181	7.60	V	7.80			
NGC7040	G	318.31875	8.86497	14.85	B	1.04	0.74	155	
NGC7041	G	319.13492	-48.36356	11.30	V	3.46	1.47	84	
NGC7042	G	318.44108	13.57492	12.90	B	1.78	1.56	138	
NGC7043	G	318.51738	13.62603	14.86	B	0.82	0.64	129	
NGC7044	OCl	318.28921	42.49619	12.00	V	6.00			
NGC7046	G	318.73350	2.83483	12.68	V	1.10	0.77	113	
NGC7047	G	319.11521	-0.82650	14.82	B	1.34	0.65	104	
NGC7048	PN	318.56333	46.28861	12.10	V	1.02			
NGC7049	G	319.75125	-48.56217	10.55	V	3.94	2.69	64	
NGC7050	OCl	318.78562	36.17525			3.60			
NGC7051	G	319.96388	-8.78294	13.68	B	1.25	0.92	75	
NGC7052	G	319.63771	26.44703	13.09	V	1.82	0.90	66	
NGC7053	G	320.28171	23.08481	14.17	B	1.57	1.47	25	
NGC7055	OCl	319.87546	57.54561			3.00			
NGC7056	G	320.53150	18.66567	13.09	V	1.10	1.03	60	
NGC7057	G	321.24458	-42.46044	13.83	B	1.36	0.81	107	
NGC7058	OCl	320.47325	50.81903			5.10			
NGC7059	G	321.83946	-60.01458	12.08	V	3.69	1.31	101	
NGC7060	G	321.47325	-42.41128	12.82	V	2.02	1.09	153	
NGC7061	G	321.86187	-49.06350	14.16	B	1.63	0.94	138	
NGC7062	OCl	320.86450	46.37853	8.30	V	3.60			
NGC7063	OCl	321.09042	36.48750	7.00	V	6.30			
NGC7064	G	322.26242	-52.76761	12.11	V	3.74	0.70	92	
NGC7065	G	321.67713	-6.99492	14.27	B	1.00	0.79	29	
NGC7065A	G	321.74104	-7.02153	14.32	V	1.10	1.04	130	
NGC7066	GPair	321.55833	14.18194	15.20	B	0.83	0.81	160	
NGC7067	OCl	321.09633	48.00925	9.70	V	2.40			
NGC7068	G	321.63488	12.18431	14.76	B	0.76	0.33	175	
NGC7069	G	322.02446	-1.64686	14.62	B	1.15	0.70	17	
NGC7070	G	322.60562	-43.08711	12.31	V	2.50	2.16	178	
NGC7070A	G	322.94704	-42.84767	12.34	V	2.21	1.70	6	
NGC7071	*Ass	321.66388	47.91958						
NGC7072	G	322.65383	-43.15353	12.81	V	0.82	0.63	81	
NGC7072A	G	322.60700	-43.20261	13.87	V	0.80	0.61	108	
NGC7073	G	322.35842	-11.48814	14.49	B	0.92	0.81	170	
NGC7074	G	322.41183	6.68256	14.94	B	0.83	0.48	120	
NGC7075	G	322.88742	-38.61792	12.73	V	1.45	1.09	114	
NGC7076	PN	321.59792	62.89250	13.50	V	0.93			
NGC7077	G	322.49838	2.41417	13.67	V	0.90	0.56	12	
NGC7078	GCl	322.49325	12.16683	6.30	V	11.10			M15
NGC7079	G	323.14688	-44.06756	11.65	V	2.30	1.44	77	
NGC7080	G	322.50813	26.71781	12.38	V	1.63	1.54	100	
NGC7081	G	322.85050	2.49128	13.67	B	0.77	0.65	155	
NGC7082	OCl	322.32392	47.12628	7.20	V	9.00			
NGC7083	G	323.93621	-63.90283	11.24	V	3.56	1.98	6	
NGC7084	OCl	323.13804	17.50853			6.00			
NGC7085	G	323.10513	6.58125	15.26	B	0.99	0.42	148	
NGC7086	OCl	322.61479	51.60053	8.40	V	4.80			
NGC7087	G	323.63946	-40.81864	13.01	V	0.86	0.62	47	
NGC7088	Other	323.34217	-0.38261						
NGC7089	GCl	323.36254	-0.82331	6.25	V	8.40			M2
NGC7090	G	324.12025	-54.55733	10.87	V	8.15	1.63	128	
NGC7091	G	323.53308	-36.65372	13.51	B	1.86	1.31	86	
NGC7092	OCl	322.95133	48.43817	4.60	V	19.50			M39
NGC7093	OCl	323.59042	45.96500			3.60			
NGC7094	PN	324.22071	12.78864	13.40	V	1.65			
NGC7095	G	328.11017	-81.53083	11.92	V	2.71	2.21	135	
NGC7096	G	325.33033	-63.90869	11.97	V	2.10	1.98	125	
NGC7096A	G	324.70112	-64.35019	14.16	B	2.00	0.69	104	
NGC7097	G	325.05379	-42.53939	11.70	V	1.89	1.36	17	
NGC7097A	G	325.15775	-42.48028	14.28	V	0.70	0.44	131	
NGC7098	G	326.06717	-75.11133	11.53	V	1.78	0.91	62	
NGC7099	GCl	325.09175	-23.17908	7.10	V	9.00			M30
NGC7101	G	324.89421	8.87694	14.86	B	0.82	0.75	165	
NGC7102	G	324.93538	6.28631	14.07	B	1.48	0.89	141	
NGC7103	G	324.96458	-22.47389	15.33	B	1.42	0.92	63	
NGC7104	G	325.01325	-22.42481	15.36	B	0.79	0.73	55	
NGC7105	G	325.42229	-10.63550	14.25	B	1.51	0.74	136	
NGC7106	G	325.65246	-52.69953	13.34	V	1.66	1.12	85	
NGC7107	G	325.61033	-44.79028	13.34	B	1.91	0.94	127	
NGC7108	G	325.47396	-6.70883	14.88	B	1.17	0.79	53	
NGC7109	G	325.49388	-34.44589	14.47	B	0.87	0.81	105	
NGC7110	G	325.55062	-34.16222	14.26	B	1.40	0.73	74	
NGC7112	G	325.61100	12.56925	15.12	B	0.99	0.99	40	
NGC7115	G	325.91054	-25.35161	14.15	B	1.91	0.59	69	
NGC7116	G	325.66758	28.94658	14.13	B	1.22	0.50	105	
NGC7117	G	326.44600	-48.42042	12.80	V	1.71	1.00	30	
NGC7118	G	326.54058	-48.35381	12.57	V	1.70	1.36	45	
NGC7119	GPair	326.56458	-46.51806			1.00			
NGC7119A	G	326.56687	-46.51614	13.44	B	0.70	0.46	141	
NGC7119B	G	326.56325	-46.51842	13.75	B	0.64	0.21	24	
NGC7120	G	326.13842	-6.52317	14.88	B	0.84	0.46	136	
NGC7121	G	326.21908	-3.61972	14.39	B	1.17	0.62	2	
NGC7123	G	327.69429	-70.33414	13.30	B	2.63	1.12	145	
NGC7124	G	327.02246	-50.56522	12.22	V	2.56	1.06	146	
NGC7125	G	327.31658	-60.71317	12.46	V	2.94	1.84	95	
NGC7126	G	327.32554	-60.60922	12.28	V	2.55	1.09	79	
NGC7127	OCl	325.92496	54.62997			2.70			
NGC7128	OCl	325.99087	53.71514	9.70	V	3.00			
NGC7129	Cl+N	325.74596	66.11297	11.50	V	2.10			
NGC7130	G	327.08133	-34.95125	12.72	V	1.56	1.33	160	
NGC7131	G	326.90046	-13.18261	14.91	B	1.13	0.87	114	
NGC7132	G	326.81908	10.24117	14.53	B	0.90	0.72	101	
NGC7133	Other	326.11125	66.16842						
NGC7134	Other	327.23442	-12.97314						
NGC7135	G	327.44171	-34.87628	12.19	V	2.60	2.03	45	
NGC7137	G	327.05433	22.15958	12.38	V	1.84	1.65	50	
NGC7138	G	327.25454	12.51422	15.34	B	1.20	0.62	176	
NGC7139	PN	326.53583	63.79194	13.30	V	1.28			
NGC7140	G	328.06379	-55.56967	11.68	V	3.04	2.07	18	
NGC7142	OCl	326.28963	65.77444	9.30	V	9.60			
NGC7143	Other	327.22363	29.95497						
NGC7144	G	328.17679	-48.25375	11.00	V	3.41	3.20	10	
NGC7145	G	328.33433	-47.88244	11.12	V	2.95	0.76	150	
NGC7146	G	327.94738	3.01703	15.46	B	0.73	0.42	89	
NGC7147	G	327.99346	3.07169	14.97	B	0.99	0.76	90	
NGC7149	G	328.04867	3.30114	14.53	B	1.30	0.86	15	
NGC7150	Other	327.59996	49.75608						
NGC7151	G	328.76725	-50.65789	13.49	B	2.66	0.89	73	
NGC7152	G	328.49600	-29.28908	14.46	B	1.27	0.31	18	
NGC7153	G	328.64754	-29.06361	14.43	B	1.91	0.28	66	
NGC7154	G	328.83767	-34.81414	12.48	V	2.26	1.91	116	
NGC7155	G	329.04054	-49.52194	12.13	V	2.15	1.91	97	
NGC7156	G	328.64013	2.94303	12.71	V	1.40	1.22	120	
NGC7157	G	329.23625	-25.35053	14.86	B	1.17	0.55	12	
NGC7158	Other	329.36717	-11.59253						
NGC7159	G	329.10671	13.56264	15.00	B	0.71	0.56	115	
NGC7160	OCl	328.41779	62.60331	6.10	V	4.20			
NGC7161	Other	329.24121	2.91622						
NGC7162	G	329.91304	-43.30597	12.68	V	3.04	1.10	10	
NGC7162A	G	330.14896	-43.14172	13.10	B	2.39	1.73	42	
NGC7163	G	329.83517	-31.88317	13.23	V	2.17	1.04	101	
NGC7164	G	329.09850	1.36394	15.57	B	0.72	0.40	113	
NGC7165	G	329.85875	-16.51233	13.54	V	1.12	0.92	38	
NGC7166	G	330.13717	-43.38972	12.04	V	0.81	0.52	10	
NGC7167	G	330.12767	-24.63261	12.66	B	1.83	1.30	137	
NGC7168	G	330.53083	-51.74308	11.90	V	2.23	1.64	69	
NGC7169	G	330.70267	-47.69783	14.56	B	1.08	0.56	75	
NGC7170	G	330.35942	-5.43278	14.77	B	1.12	0.74	166	
NGC7171	G	330.25838	-13.26975	12.35	V	2.37	1.22	119	
NGC7172	G	330.50788	-31.86967	12.24	V	2.75	1.82	105	
NGC7173	G	330.51329	-31.97369	11.98	V	1.88	1.53	141	
NGC7174	G	330.52688	-31.99297	12.15	V	2.51	2.20	85	
NGC7175	OCl	329.66596	54.80636			4.50			
NGC7176	G	330.53517	-31.98975	12.43	B	1.15	0.92	75	
NGC7177	G	330.17183	17.73806	11.13	V	2.85	1.93	87	
NGC7178	G	330.60500	-35.79036	14.76	B	1.17	0.45	174	
NGC7179	G	331.20550	-64.04683	12.82	V	2.03	1.00	48	
NGC7180	G	330.57692	-20.54775	12.61	V	1.66	0.77	65	
NGC7181	G	330.43121	-1.96056	15.37	B	0.73	0.60	69	
NGC7182	G	330.46525	-2.19658	15.35	B	0.79	0.43	90	
NGC7183	G	330.59008	-18.91650	12.94	B	3.89	1.14	82	
NGC7184	G	330.66592	-20.81283	11.00	V	5.98	1.26	61	
NGC7185	G	330.73646	-20.47128	12.58	V	2.31	1.61	26	
NGC7186	Other	330.27175	35.07883						
NGC7187	G	330.68567	-32.80217	12.55	V	1.15	1.05	65	
NGC7188	G	330.87083	-20.31797	14.00	B	1.76	0.74	49	
NGC7189	G	330.81667	0.57111	14.38	B	0.99	0.64	121	
NGC7190	G	330.77783	11.19931	15.13	B	0.96	0.48	64	
NGC7191	G	331.71579	-64.63456	13.81	B	1.83	0.73	138	
NGC7192	G	331.70900	-64.31625	11.28	V	2.42	2.31	0	
NGC7193	OCl	330.75650	10.80383						
NGC7194	G	330.87892	12.63678	14.32	B	1.31	0.89	18	
NGC7195	G	330.87617	12.66083	15.71	B	0.69	0.53	46	
NGC7196	G	331.47837	-50.11933	12.01	V	2.76	2.06	59	
NGC7197	G	330.74187	41.05900	14.41	B	1.67	0.85	111	
NGC7198	G	331.30933	-0.64828	14.44	B	0.98	0.75	180	
NGC7199	G	332.12433	-64.70614	13.08	V	1.21	0.90	30	
NGC7200	G	331.78967	-49.99547	12.86	V	1.28	1.00	45	
NGC7201	G	331.63304	-31.26300	13.95	B	1.66	0.55	128	
NGC7203	G	331.68283	-31.16242	13.70	B	1.08	0.58	68	
NGC7204	GPair	331.72583	-31.05139			1.60			
NGC7204A	G	331.72500	-31.05061	15.07	B	0.93	0.44	78	
NGC7204B	G	331.73025	-31.05308	14.50	B	1.07	0.28	88	
NGC7205	G	332.14288	-57.44258	10.97	V	3.70	1.71	63	
NGC7205A	G	331.88338	-57.46403	14.02	V	1.15	0.84	72	
NGC7206	G	331.42037	16.78525	14.73	B	1.19	0.92	142	
NGC7207	G	331.44033	16.76775	15.60	B	0.66	0.26	102	
NGC7208	G	332.10175	-29.05117	13.36	V	0.91	0.60	136	
NGC7209	OCl	331.28267	46.48353	7.70	V	6.00			
NGC7211	G	331.59113	-8.08997	15.11	B	0.77	0.63	74	
NGC7212	GTrpl	331.75542	10.23111	15.10	B	1.35	0.46	32	
NGC7213	G	332.31796	-47.16661	11.15	V	4.84	3.89	121	
NGC7214	G	332.28200	-27.80947	13.86	V	1.94	1.35	45	
NGC7215	G	332.14367	0.51169	15.01	B	0.91	0.37	90	
NGC7216	G	333.14933	-68.66186	12.59	V	1.61	1.10	127	
NGC7217	G	331.96829	31.35933	10.47	V	4.52	3.84	90	
NGC7218	G	332.54879	-16.66100	11.91	V	2.55	1.07	35	
NGC7219	G	333.28758	-64.84897	12.59	V	1.83	1.10	38	
NGC7220	G	332.87917	-22.95286	13.37	V	0.90	0.72	7	
NGC7221	G	332.81354	-30.56317	12.16	V	2.29	1.46	13	
NGC7222	G	332.71567	2.10581	15.43	B	1.07	1.06	65	
NGC7223	G	332.53817	41.01728	13.42	B	1.41	1.13	126	
NGC7224	G	332.89742	25.86450	14.94	B	1.51	0.91	108	
NGC7225	G	333.28362	-26.14833	13.37	B	1.96	1.02	140	
NGC7226	OCl	332.61204	55.39858	9.60	V	3.00			
NGC7227	G	332.88054	38.72136	14.93	B	1.24	0.59	9	
NGC7228	G	332.95250	38.69917	14.92	B	1.38	0.84	145	
NGC7229	G	333.51342	-29.38275	12.73	V	1.46	1.25	116	
NGC7230	G	333.55496	-17.07406	14.44	B	1.00	0.91	10	
NGC7231	G	333.12550	45.32847	13.91	B	1.69	0.60	87	
NGC7232	G	333.90833	-45.85008	11.89	V	2.86	1.04	100	
NGC7232A	G	333.42267	-45.89372	13.91	B	2.17	0.31	110	
NGC7232B	G	333.96854	-45.78064	13.59	V	1.68	1.48	1	
NGC7233	G	333.95408	-45.84644	12.53	V	1.74	1.55	75	
NGC7234	OCl	333.10425	57.27133	7.70	V	2.40			
NGC7236	G	333.68746	13.84653	13.55	V	1.38	0.81	156	
NGC7237	G	333.69533	13.84086	14.56	B	1.98	0.86	143	
NGC7238	Other	333.83546	22.51922						
NGC7239	G	333.75583	-5.05333	15.52	B	0.97	0.66	82	
NGC7240	G	333.84400	37.28067	14.17	V	0.60	0.60	125	
NGC7241	G	333.95779	19.23236	13.47	B	2.75	0.72	26	
NGC7242	GPair	333.91875	37.30056			1.40			
NGC7242 NED01	G	333.91454	37.29872	13.98	B	1.23	0.31	26	
NGC7242 NED02	G	333.92321	37.30278	17.87	B	0.29	0.22	72	
NGC7243	OCl	333.78575	49.89750	6.40	V	15.00			
NGC7244	G	334.11179	16.47144	13.92	V	0.91	0.46	0	
NGC7245	OCl	333.79796	54.34256	9.20	V	3.90			
NGC7246	G	334.42783	-15.57128	13.76	B	2.26	0.86	174	
NGC7247	G	334.42188	-23.73103	13.41	B	1.28	0.67	6	
NGC7248	G	334.22475	40.50233	12.48	V	1.72	0.78	133	
NGC7249	G	335.12917	-55.12486	13.39	V	0.97	0.69	132	
NGC7250	G	334.57417	40.56239	12.56	V	2.12	0.94	160	
NGC7251	G	335.11308	-15.77356	13.50	B	1.67	1.48	10	
NGC7252	G	335.18646	-24.67828	12.13	V	1.85	1.71	95	
NGC7253	GPair	334.87042	29.39167			2.60			
NGC7253A	G	334.86546	29.39581	13.99	B	1.56	0.41	124	
NGC7253B	G	334.87542	29.38778	13.95	B	1.28	0.44	68	
NGC7254	G	335.65096	-21.73722	13.91	B	1.30	0.64	114	
NGC7255	G	335.78333	-15.54142	15.15	B	1.47	0.31	116	
NGC7257	G	335.65183	-4.12075	13.69	B	1.81	1.23	5	
NGC7258	G	335.74196	-28.34514	13.99	B	1.54	0.65	142	
NGC7259	G	335.77300	-28.95483	13.77	B	1.25	0.97	57	
NGC7261	OCl	335.02662	58.05183	8.40	V	6.90			
NGC7262	G	335.86892	-32.36425	15.00	V	0.86	0.78	140	
NGC7263	G	335.43854	36.35000	15.62	B	0.94	0.76	55	
NGC7264	G	335.55742	36.38700	14.60	B	1.99	0.30	56	
NGC7265	G	335.61433	36.20961	12.22	V	2.48	1.79	166	
NGC7266	G	335.99567	-4.07342	14.38	B	0.72	0.58	90	
NGC7267	G	336.09087	-33.69408	12.23	V	1.73	1.50	121	
NGC7268	GPair	336.42250	-31.20056			1.40			
NGC7268 NED01	G	336.41967	-31.20075	14.45	B	1.29	0.72	78	
NGC7268 NED02	G	336.42567	-31.20000	15.40	B	1.00	0.44	73	
NGC7269	G	336.44429	-13.16639	14.61	B	1.02	0.74	142	
NGC7270	G	335.94804	32.40303	14.95	B	0.93	0.55	88	
NGC7271	G	335.98996	32.36686	16.03	B	0.61	0.29	118	
NGC7272	G	336.13212	16.58817	15.30	B	1.09	0.97	52	
NGC7273	G	336.03846	36.19983	14.68	B	0.85	0.54	10	
NGC7274	G	336.04629	36.12586	14.18	B	1.83	1.52	60	
NGC7275	G	336.07179	32.44625	14.94	B	1.16	0.26	36	
NGC7276	G	336.05987	36.08756	14.89	B	1.00	0.85	156	
NGC7277	G	336.54558	-31.14525	14.18	B	1.28	0.54	125	
NGC7278	G	337.09337	-60.16983	15.20	B	0.76	0.38	1	
NGC7279	G	336.80275	-35.14044	13.80	V	1.24	0.88	67	
NGC7280	G	336.61492	16.14822	12.17	V	2.01	1.29	76	
NGC7281	OCl	336.33742	57.82114			4.80			
NGC7282	G	336.47442	40.31486	15.27	B	0.79	0.20	40	
NGC7283	G	337.13642	17.47033	15.81	B	0.87	0.38	15	
NGC7284	G	337.14971	-24.84414	13.33	B	1.82	1.44	64	
NGC7285	G	337.15833	-24.84078	12.83	B	2.68	1.54	65	
NGC7286	G	336.96050	29.09597	13.30	B	1.81	0.56	97	
NGC7287	GPair	337.20292	-22.20250	14.75	V	0.70			
NGC7287A	G	337.20204	-22.20336	15.53	B	0.62	0.34	170	
NGC7287B	G	337.20288	-22.20178	16.79	B	0.62	0.32	68	
NGC7288	G	337.06237	-2.88456	13.98	B	1.92	1.01	83	
NGC7289	G	337.33437	-35.47197	14.26	B	1.63	1.21	141	
NGC7290	G	337.11012	17.14744	13.27	V	1.49	0.72	158	
NGC7291	G	337.12292	16.78314	14.83	B	1.62	1.05	59	
NGC7292	G	337.10796	30.29231	12.56	V	1.82	1.22	113	
NGC7293	PN	337.41071	-20.83733	7.30	V	16.33			Helix Nebula
NGC7294	G	338.03358	-25.39778	13.57	B	2.10	1.15	42	
NGC7295	OCl	337.01183	52.28908	9.70	V	2.70			
NGC7297	G	337.79283	-37.82644	14.63	B	0.84	0.49	121	
NGC7298	G	337.71104	-14.18825	13.77	V	1.28	1.00	4	
NGC7299	G	337.88796	-37.80956	14.79	B	0.67	0.65	175	
NGC7300	G	337.74962	-14.00353	12.83	V	2.06	0.80	162	
NGC7301	G	337.64467	-17.57378	14.21	B	0.85	0.27	180	
NGC7302	G	338.09917	-14.12053	12.18	V	1.73	1.09	95	
NGC7303	G	337.88679	30.95597	13.62	B	1.54	1.19	117	
NGC7304	Other	337.93542	30.97967						
NGC7305	G	338.05808	11.71214	15.13	B	0.86	0.83	90	
NGC7306	G	338.31862	-27.24661	13.50	B	1.81	0.79	60	
NGC7307	G	338.46892	-40.93272	12.63	V	3.83	0.87	9	
NGC7308	G	338.63392	-12.93386	14.40	B	1.27	0.92	152	
NGC7309	G	338.58579	-10.35700	12.50	V	2.08	1.86	120	
NGC7310	G	338.65379	-22.48508	14.20	V	0.95	0.73	37	
NGC7311	G	338.52796	5.56989	13.32	B	1.47	0.68	11	
NGC7312	G	338.64496	5.81736	14.45	B	0.93	0.63	79	
NGC7313	G	338.88567	-26.10178	15.15	B	0.70	0.42	165	
NGC7314	G	338.94246	-26.05047	11.22	V	4.21	1.71	3	
NGC7315	G	338.88212	34.80339	13.87	B	1.58	1.58	20	
NGC7316	G	338.98475	20.32225	13.04	V	1.19	1.01	66	
NGC7317	G	338.96617	33.94489	13.66	V	0.80	0.77	150	
NGC7318	GPair	338.99000	33.96556			2.50			
NGC7318A	G	338.98646	33.96547	13.39	V	1.47	1.33	90	
NGC7318B	G	338.99337	33.96592	13.97	B	2.37	1.32	24	
NGC7319	G	339.01479	33.97572	13.48	V	1.67	1.04	112	
NGC7320	G	339.01408	33.94811	12.96	V	2.55	1.40	132	
NGC7320C	G	339.08488	33.98497	15.54	V	0.59	0.48	29	
NGC7321	G	339.11675	21.62181	13.92	B	1.41	0.97	18	
NGC7322	G	339.46442	-37.23119	14.54	B	1.04	0.62	115	
NGC7323	G	339.22371	19.14386	14.03	B	1.17	0.87	175	
NGC7324	G	339.25383	19.14625	14.61	B	1.14	0.63	163	
NGC7327	G	339.14183	34.50361	16.10	V	0.51	0.29	0	
NGC7328	G	339.37200	10.53158	12.98	V	1.95	0.67	87	
NGC7329	G	340.10092	-66.47897	11.70	V	3.12	2.37	105	
NGC7330	G	339.23408	38.54806	13.55	B	1.71	1.59	70	
NGC7331	G	339.26671	34.41553	9.41	V	9.27	3.76	170	
NGC7332	G	339.35225	23.79833	11.05	V	2.95	0.71	154	
NGC7335	G	339.33079	34.44775	13.39	V	1.26	0.54	150	
NGC7336	G	339.34142	34.48175	15.64	B	0.61	0.47	131	
NGC7337	G	339.36092	34.37431	15.65	B	1.02	0.80	5	
NGC7339	G	339.44683	23.78669	12.24	V	3.21	0.95	92	
NGC7340	G	339.43425	34.41000	14.64	B	0.86	0.55	170	
NGC7341	G	339.77308	-22.66667	13.42	B	2.39	0.95	93	
NGC7342	G	339.55479	35.49886	15.23	B	1.31	1.25	125	
NGC7343	G	339.65775	34.07144	13.50	V	0.91	0.73	169	
NGC7344	G	339.90104	-4.15897	14.61	B	1.23	0.55	10	
NGC7345	G	339.68692	35.54058	15.04	B	1.09	0.19	40	
NGC7346	G	339.89771	11.08333	15.66	B	0.38	0.28	52	
NGC7347	G	339.98404	11.02756	14.54	B	1.55	0.34	131	
NGC7348	G	340.15117	11.90622	14.75	B	1.01	0.58	12	
NGC7349	G	340.31208	-21.79850	14.51	V	1.20	0.41	165	
NGC7351	G	340.36225	-4.44472	13.55	B	1.60	0.84	2	
NGC7352	Other	339.93208	57.39436						
NGC7353	G	340.55212	11.87731	16.67	B	0.65	0.47	130	
NGC7354	PN	340.08171	61.28483	12.20	V	0.38			
NGC7355	G	340.87733	-36.86517	15.09	B	1.04	0.44	44	
NGC7356	G	340.50979	30.70881	15.31	B	1.26	0.58	75	
NGC7357	G	340.59975	30.17136	15.11	B	0.58	0.37	123	
NGC7358	G	341.40183	-65.12183	12.75	V	2.13	0.69	174	
NGC7359	G	341.20000	-23.68808	12.45	V	2.18	0.50	57	
NGC7360	G	340.89146	4.15117	14.48	B	0.81	0.42	153	
NGC7361	G	340.57463	-30.05767	12.35	V	3.14	0.85	8	
NGC7362	G	340.95533	8.70544	12.74	V	1.30	0.89	175	
NGC7363	G	340.83296	34.00150	14.53	B	0.86	0.86	35	
NGC7364	G	341.10154	-0.16208	13.36	B	1.65	1.12	66	
NGC7365	G	341.29183	-19.95203	12.81	V	1.79	1.08	23	
NGC7366	G	341.11096	10.78136	16.22	B	0.34	0.34	150	
NGC7367	G	341.14354	3.64639	14.82	B	1.43	0.37	123	
NGC7368	G	341.38200	-39.34183	13.17	B	2.85	0.56	130	
NGC7369	G	341.05125	34.35122	14.73	B	0.86	0.73	27	
NGC7370	G	341.40512	11.05781	16.38	B	0.65	0.49	120	
NGC7371	G	341.51558	-11.00114	12.02	V	2.09	1.92	160	
NGC7372	G	341.44167	11.13083	14.51	B	1.01	0.73	67	
NGC7373	G	341.58087	3.21006	14.71	B	1.04	0.55	8	
NGC7374	G	341.50396	10.85361	14.83	B	0.87	0.71	60	
NGC7374B	G	341.49662	10.86750	15.55	B	0.78	0.46	166	
NGC7375	G	341.63350	21.08364	14.67	B	0.92	0.67	57	
NGC7376	G	341.82242	3.64558	15.56	B	0.69	0.44	140	
NGC7377	G	341.94792	-22.31211	11.19	V	3.92	3.13	99	
NGC7378	G	341.94875	-11.81664	13.00	V	1.52	0.85	180	
NGC7379	G	341.88729	40.23881	14.33	B	1.25	0.92	93	
NGC7380	Cl+N	341.83754	58.13242	7.20	V	25.00	20.00		
NGC7381	G	342.53396	-19.72511	14.93	B	0.68	0.47	108	
NGC7382	G	342.59967	-36.85731	14.67	B	0.74	0.30	109	
NGC7383	G	342.39842	11.55639	14.01	V	0.86	0.73	166	
NGC7385	G	342.47746	11.60856	12.13	V	1.93	1.19	83	
NGC7386	G	342.50896	11.69836	12.52	V	2.04	1.30	144	
NGC7387	G	342.57350	11.63672	13.98	V	1.00	0.63	45	
NGC7389	G	342.56687	11.56619	14.86	B	1.45	0.71	168	
NGC7390	G	342.58175	11.53103	15.45	B	0.82	0.65	173	
NGC7391	G	342.65054	-1.54483	12.05	V	1.49	1.29	96	
NGC7392	G	342.95308	-20.60808	11.84	V	2.24	1.19	120	
NGC7393	G	342.90871	-5.55731	13.34	B	2.04	0.60	92	
NGC7394	OCl	342.53200	52.18011						
NGC7395	G	342.76221	37.08781	15.16	B	1.15	1.04	110	
NGC7396	G	343.09433	1.09239	13.49	B	1.77	1.03	98	
NGC7397	G	343.19458	1.13278	15.04	B	0.71	0.47	162	
NGC7398	G	343.20529	1.20111	14.64	B	1.05	0.70	74	
NGC7399	G	343.16358	-9.26778	14.50	V	1.13	0.73	149	
NGC7400	G	343.58675	-45.34703	13.64	B	2.42	0.57	2	
NGC7401	G	343.24400	1.14267	15.26	B	0.75	0.47	90	
NGC7402	G	343.26867	1.14444	16.05	B	0.42	0.29	46	
NGC7404	G	343.57754	-39.31494	12.74	V	1.63	0.93	2	
NGC7405	G	343.23821	12.59361	16.98	B	0.33	0.23	95	
NGC7406	G	343.48433	-6.57925	14.17	B	0.92	0.65	75	
NGC7407	G	343.33700	32.13067	14.11	B	1.67	0.79	154	
NGC7408	G	343.98692	-63.69472	15.41	V	1.91	0.70	168	
NGC7409	G	343.45050	20.21039	15.49	B	0.58	0.45	159	
NGC7410	G	343.75396	-39.66133	11.19	V	6.01	1.77	43	
NGC7411	G	343.64550	20.23617	14.64	B	1.00	0.90	127	
NGC7412	G	343.94063	-42.64203	11.33	V	3.79	2.79	75	
NGC7412A	G	344.28750	-42.80447	13.96	V	0.59	0.42	92	
NGC7413	G	343.76292	13.22047	15.16	B	1.14	0.80	64	
NGC7414	G	343.85175	13.24828	16.77	B	0.62	0.28	172	
NGC7415	G	343.72342	20.26156	14.96	B	0.82	0.21	128	
NGC7416	G	343.92375	-5.49533	12.33	V	3.08	0.60	110	
NGC7417	G	344.45629	-65.03856	12.31	V	2.21	1.45	11	
NGC7418	G	344.15067	-37.03008	11.04	V	3.66	2.83	139	
NGC7418A	G	344.17188	-36.77272	13.60	B	1.75	0.88	81	
NGC7419	OCl	343.58358	60.81553	13.00	V	4.08			
NGC7420	G	343.88354	29.80500	14.94	B	0.85	0.77	50	
NGC7421	G	344.22638	-37.34725	11.99	V	2.38	1.95	85	
NGC7422	G	344.05158	3.92678	14.26	B	0.83	0.63	146	
NGC7423	OCl	343.78558	57.09692			3.60			
NGC7424	G	344.32654	-41.07058	10.18	V	5.01	2.69	125	
NGC7425	G	344.31475	-10.95000	15.22	B	0.97	0.59	63	
NGC7426	G	344.01192	36.36136	13.51	B	1.57	1.22	72	
NGC7427	G	344.29133	8.50558	15.29	B	0.58	0.50	102	
NGC7428	G	344.33137	-1.04900	13.76	B	0.91	0.83	65	
NGC7429	OCl	344.00250	59.97386			4.50			
NGC7430	G	344.37383	8.79431	15.08	B	0.60	0.27	60	
NGC7431	G	344.41121	26.16431	15.45	B	0.26	0.20	125	
NGC7432	G	344.50808	13.13450	14.81	V	1.57	0.92	40	
NGC7433	G	344.46546	26.16217	15.55	B	0.78	0.30	47	
NGC7434	G	344.58937	-1.18394	15.19	B	0.61	0.30	80	
NGC7435	G	344.47696	26.13886	15.43	B	1.31	0.42	112	
NGC7436	GPair	344.48708	26.15000			1.20			
NGC7436A	G	344.48404	26.14997	15.00	V	0.72	0.25	98	
NGC7436B	G	344.48975	26.14994	13.90	B	1.95	1.48	49	
NGC7437	G	344.54192	14.30850	13.95	B	1.71	1.64	145	
NGC7438	OCl	344.33488	54.30931			5.70			
NGC7439	G	344.54150	29.22842	15.08	B	1.03	0.56	165	
NGC7440	G	344.63558	35.80242	13.51	V	1.16	0.93	50	
NGC7441	G	344.17242	-7.37906	14.31	B	1.29	0.77	160	
NGC7442	G	344.86063	15.54839	14.15	B	1.01	0.95	95	
NGC7443	G	345.03688	-12.80789	12.91	V	1.73	0.69	41	
NGC7444	G	345.03733	-12.83428	12.82	V	1.45	0.58	1	
NGC7445	G	344.84350	39.10753	15.58	B	0.67	0.17	85	
NGC7446	G	344.87083	39.08289	15.44	B	1.26	1.14	110	
NGC7447	Other	345.10867	-10.52800						
NGC7448	G	345.01496	15.98033	11.69	V	2.07	0.81	171	
NGC7449	G	344.90683	39.14586	15.35	B	1.02	0.80	130	
NGC7450	G	345.19925	-12.91853	14.33	V	1.54	1.46	25	
NGC7451	G	345.17025	8.46792	14.94	B	1.11	0.54	65	
NGC7452	G	345.19792	6.74553	16.52	B	0.51	0.37	25	
NGC7453	Other	345.35587	-6.35650						
NGC7454	G	345.27712	16.38836	11.86	V	1.54	0.75	140	
NGC7455	G	345.17071	7.30306	15.26	B	0.70	0.40	163	
NGC7456	G	345.54342	-39.56939	11.88	V	5.15	1.76	22	
NGC7457	G	345.24971	30.14494	10.98	V	3.95	2.25	128	
NGC7458	G	345.36933	1.75339	12.54	V	1.03	0.82	14	
NGC7459	GPair	345.24958	6.75000			1.00			
NGC7459 NED01	G	345.24850	6.74942	15.37	B	1.32	0.78	61	
NGC7459 NED02	G	345.25087	6.75108			0.27	0.23	141	
NGC7460	G	345.42879	2.26361	12.99	V	1.14	0.81	25	
NGC7461	G	345.45137	15.58247	14.48	B	0.94	0.83	166	
NGC7462	G	345.69371	-40.83525	12.20	B	4.99	0.84	76	
NGC7463	G	345.46658	15.98186	13.19	V	1.58	0.44	92	
NGC7464	G	345.47375	15.97375	14.43	B	0.52	0.49	35	
NGC7465	G	345.50404	15.96478	13.27	V	1.06	0.64	162	
NGC7466	G	345.51429	27.05264	14.42	V	1.54	0.59	25	
NGC7467	G	345.61450	15.55408	15.38	B	0.81	0.58	26	
NGC7468	G	345.74692	16.60525	13.61	V	0.82	0.67	28	
NGC7469	G	345.81508	8.87400	12.59	V	1.38	1.21	126	
NGC7470	G	346.30858	-50.11158	13.73	B	1.55	1.02	93	
NGC7471	Other	345.97425	-22.90692						
NGC7472	G	346.41087	3.05925	14.55	B	0.75	0.49	55	
NGC7473	G	345.98788	30.16014	14.74	B	1.09	0.49	42	
NGC7474	G	346.01846	20.06719	15.01	B	0.79	0.62	8	
NGC7475	GPair	346.04542	20.08114			1.30			
NGC7475 NED01	G	346.04271	20.07950	14.97	B	1.41	0.91	62	
NGC7475 NED02	G	346.04846	20.08503	15.10	B	0.45	0.45		
NGC7476	G	346.29946	-43.09936	13.58	B	1.33	1.06	178	
NGC7477	G	346.16942	3.11800	16.92	B	0.38	0.17	23	
NGC7478	G	346.23587	2.57778	16.40	B	0.43	0.38	9	
NGC7479	G	346.23604	12.32289	11.09	V	3.65	2.72	26	
NGC7480	G	346.30675	2.54942	14.81	B	1.32	0.27	101	
NGC7481	Other	346.46508	-19.93967						
NGC7483	G	346.45121	3.54511	14.22	B	1.43	0.83	116	
NGC7484	G	346.77046	-36.27536	12.98	B	1.09	1.00	0	
NGC7485	G	346.52025	34.10769	14.15	B	1.51	0.76	145	
NGC7486	Other	346.55408	34.10150						
NGC7487	G	346.71058	28.17903	14.72	B	1.80	1.14	166	
NGC7488	G	346.95396	0.94053	14.64	B	0.62	0.41	22	
NGC7489	G	346.88629	22.99800	14.23	B	1.22	0.65	165	
NGC7490	G	346.85488	32.37506	12.69	V	1.81	1.76	70	
NGC7491	G	347.02492	-5.96667	14.51	B	0.84	0.58	174	
NGC7492	GCl	347.11117	-15.61147	10.48	V	3.00			
NGC7494	G	347.24408	-24.36958	15.21	B	0.87	0.65	85	
NGC7495	G	347.23825	12.04803	13.12	V	1.61	1.44	12	
NGC7496	G	347.44704	-43.42794	12.73	V	3.40	2.17	169	
NGC7496A	G	348.09700	-43.77819	14.61	B	1.44	1.23	84	
NGC7497	G	347.26421	18.17719	12.28	V	2.75	0.97	45	
NGC7498	G	347.48417	-24.42506	14.98	B	0.95	0.44	3	
NGC7499	G	347.59329	7.58067	12.98	V	1.55	0.86	11	
NGC7500	G	347.62421	11.01231	14.94	B	1.51	1.03	121	
NGC7501	G	347.62675	7.58903	13.47	V	1.02	0.90	157	
NGC7502	Other	347.58246	-21.73758						
NGC7503	G	347.67617	7.56769	13.49	V	0.95	0.84	76	
NGC7505	G	347.75271	13.63156	15.36	B	1.00	0.39	110	
NGC7506	G	347.92075	-2.16003	14.23	B	1.25	0.61	94	
NGC7507	G	348.03162	-28.53961	10.04	V	3.33	3.20	90	
NGC7508	G	347.95496	12.94042	15.66	B	0.81	0.26	160	
NGC7509	G	348.08921	14.60936	16.47	V	1.32	1.22	155	
NGC7510	OCl	347.76575	60.57089	7.90	V	3.90			
NGC7511	G	348.10954	13.72658	15.04	B	1.01	0.51	130	
NGC7512	G	348.08721	31.12561	14.04	B	1.90	1.12	36	
NGC7513	G	348.30846	-28.35750	11.80	V	3.19	1.92	100	
NGC7514	G	348.10775	34.88150	13.15	V	1.30	0.89	134	
NGC7515	G	348.20279	12.67928	12.48	V	1.65	1.43	10	
NGC7516	G	348.21608	20.24842	14.53	B	1.26	0.91	99	
NGC7517	G	348.30762	-2.10042	15.42	B	0.57	0.35	163	
NGC7518	G	348.30304	6.32167	13.49	V	1.26	0.75	117	
NGC7519	G	348.29683	10.77217	15.14	B	1.11	0.83	168	
NGC7520	Other	348.43700	-23.79419						
NGC7521	G	348.39729	-1.73150	14.90	B	0.52	0.40	172	
NGC7523	G	348.39467	13.98681	15.62	B	1.32	0.29	2	
NGC7524	G	348.44396	-1.73008	15.64	B	0.81	0.25	176	
NGC7525	GPair	348.41817	14.02297			0.90			
NGC7525 NED01	G	348.41779	14.02439	17.88	B	0.12	0.10	23	
NGC7525 NED02	G	348.41875	14.02100	15.20	V	0.79	0.69	16	
NGC7526	Other	348.50971	-9.22164						
NGC7527	G	348.42404	24.90228	14.79	B	1.20	0.79	163	
NGC7528	G	348.58442	10.23144	15.98	B	0.65	0.48	0	
NGC7529	G	348.51329	8.99250	14.14	V	0.80	0.73	65	
NGC7530	G	348.54929	-2.77933	14.99	B	0.95	0.38	115	
NGC7531	G	348.70208	-43.59994	11.25	V	4.11	1.72	17	
NGC7532	G	348.59262	-2.72819	14.80	B	1.32	0.42	161	
NGC7533	G	348.59200	-2.03372	15.67	B	0.66	0.22	126	
NGC7534	G	348.61117	-2.69825	14.22	B	0.99	0.52	6	
NGC7535	G	348.55321	13.58189	13.70	V	1.46	1.44	40	
NGC7536	G	348.55492	13.42639	13.45	V	1.59	0.70	56	
NGC7537	G	348.64375	4.49836	13.20	V	1.84	0.48	74	
NGC7538	Cl+N	348.41096	61.51239			8.00	7.00		
NGC7539	G	348.62267	23.68483	12.95	V	1.16	0.95	151	
NGC7540	G	348.65029	15.95031	15.67	B	0.66	0.48	141	
NGC7541	G	348.68288	4.53436	11.76	V	3.03	1.00	102	
NGC7542	G	348.67346	10.64325	15.62	B	0.95	0.65	112	
NGC7543	G	348.64408	28.32722	14.25	B	1.39	0.95	145	
NGC7544	G	348.73742	-2.19933	15.93	B	0.75	0.27	76	
NGC7545	G	348.88375	-38.53558	13.83	B	1.28	0.78	84	
NGC7546	G	348.77350	-2.32475	14.93	B	0.66	0.53	12	
NGC7547	G	348.76417	18.97344	14.72	B	1.06	0.44	104	
NGC7548	G	348.79629	25.28194	14.44	B	1.06	0.88	22	
NGC7549	G	348.82179	19.04169	14.08	B	1.85	0.75	33	
NGC7550	G	348.81671	18.96181	13.17	B	1.45	1.41	150	
NGC7551	G	348.84179	15.94100	15.70	B	0.62	0.47	155	
NGC7552	G	349.04483	-42.58475	11.45	V	3.88	3.58	95	
NGC7553	G	348.88788	19.04817	15.67	B	0.69	0.52	150	
NGC7554	G	348.92225	-2.37861	15.89	B	0.98	0.73	159	
NGC7555	Other	348.87854	12.57286						
NGC7556	G	348.93529	-2.38150	15.98	B	2.15	1.34	104	
NGC7556A	G	348.93221	-2.38556			0.28	0.20	32	
NGC7557	G	348.91571	6.70833	14.17	V	0.68	0.62	163	
NGC7558	G	348.90929	18.91969	15.88	B	0.89	0.71	65	
NGC7559	GPair	348.94292	13.29389			1.50			
NGC7559A	G	348.94163	13.29694	16.41	B	0.60	0.43	38	
NGC7559B	G	348.94400	13.29028	14.43	B	1.29	1.17	66	
NGC7562	G	348.98958	6.68753	11.55	V	2.18	1.59	84	
NGC7562A	G	349.00608	6.65228	14.79	V	1.32	0.32	179	
NGC7563	G	348.98304	13.19611	12.83	V	1.53	0.92	143	
NGC7565	Other	349.08254	-0.05861						
NGC7566	G	349.15596	-2.33056	14.37	B	1.58	0.65	99	
NGC7567	G	349.04283	15.85003	15.36	B	0.91	0.26	73	
NGC7568	G	349.10362	24.49703	14.46	B	0.90	0.60	123	
NGC7569	G	349.18562	8.90544	14.47	B	0.96	0.62	92	
NGC7570	G	349.18613	13.48300	13.21	V	1.58	0.80	29	
NGC7571	G	349.62608	18.68875	14.91	B	1.20	0.91	133	
NGC7572	G	349.20987	18.48317	14.02	V	1.01	0.50	162	
NGC7573	G	349.10979	-22.15439	14.90	B	1.24	0.90	33	
NGC7575	G	349.33696	5.66078	14.95	B	0.77	0.40	107	
NGC7576	G	349.34475	-4.72786	12.95	V	1.00	0.69	160	
NGC7577	G	349.32125	7.36542			0.38	0.27	65	
NGC7578	GPair	349.30292	18.70444			2.00			
NGC7578A	G	349.29975	18.70131	13.17	V	0.69	0.59	166	
NGC7578B	G	349.30650	18.70825	13.20	V	1.74	1.20	7	
NGC7579	G	349.41188	9.43331	17.06	B	0.45	0.33	49	
NGC7580	G	349.40167	14.00119	13.67	V	0.79	0.65	41	
NGC7582	G	349.59792	-42.37056	11.03	V	6.95	3.18	156	
NGC7583	G	349.46988	7.37944	14.45	V	0.91	0.91	75	
NGC7584	G	349.47083	9.43333	15.23	B	0.85	0.77	18	
NGC7585	G	349.50558	-4.65031	11.52	V	2.55	1.92	95	
NGC7586	G	349.48167	8.58408	17.23	B	0.63	0.54	146	
NGC7587	G	349.49638	9.68019	12.06	V	1.12	0.27	124	
NGC7588	G	349.49088	18.75217	15.00	V	0.46	0.21	101	
NGC7589	G	349.56529	0.26117	17.01	V	0.96	0.57	91	
NGC7590	G	349.72838	-42.23906	12.34	V	3.03	1.23	34	
NGC7591	G	349.56783	6.58581	13.18	V	1.61	0.72	147	
NGC7592	GTrpl	349.59250	-4.41694			1.20			
NGC7592A	G	349.59083	-4.41575	13.56	V	0.56	0.24	25	
NGC7592B	G	349.59412	-4.41614	13.56	V	0.87	0.35	90	
NGC7592C	G	349.59221	-4.41889			0.22	0.15	56	
NGC7593	G	349.48746	11.34917	13.48	V	1.04	0.60	103	
NGC7594	G	349.55800	10.29831	13.76	V	1.29	0.72	23	
NGC7595	G	349.62596	9.93242			0.70	0.60	125	
NGC7596	G	349.30000	-6.91200	15.12	B	0.93	0.45	7	
NGC7598	G	349.63863	18.74936	15.74	B	0.30	0.30	90	
NGC7599	G	349.83808	-42.25683	11.35	V	4.81	1.58	55	
NGC7600	G	349.72442	-7.58044	11.95	V	2.09	0.99	62	
NGC7601	G	349.69604	9.23361	13.98	V	1.01	0.75	91	
NGC7602	G	349.68138	18.69836	15.47	B	0.62	0.49	142	
NGC7603	G	349.73592	0.24394	14.01	V	1.20	0.63	163	
NGC7604	G	349.46625	7.42989	15.23	B	0.42	0.26	102	
NGC7606	G	349.76992	-8.48508	11.00	V	5.26	4.47	145	
NGC7608	G	349.81387	8.35014	14.18	V	1.43	0.39	19	
NGC7609	GPair	349.87708	9.50528			1.10			
NGC7609 NED01	G	349.87521	9.50822	14.29	V	1.17	0.87	88	
NGC7609 NED02	G	349.87954	9.50297	16.14	V	0.74	0.34	26	
NGC7610	G	349.92237	10.18500	13.06	V	2.17	0.90	79	
NGC7611	G	349.90250	8.06325	12.56	V	1.70	0.79	139	
NGC7612	G	349.93417	8.57639	12.79	V	1.63	0.72	3	
NGC7613	Other	349.96567	0.19886						
NGC7614	Other	349.96567	0.19886						
NGC7615	G	349.97683	8.39942	14.32	V	0.83	0.29	143	
NGC7617	G	350.03737	8.16578	13.88	V	0.94	0.63	20	
NGC7618	G	349.94675	42.85264	14.26	B	1.23	0.99	5	
NGC7619	G	350.06054	8.20625	11.06	V	2.53	1.97	30	
NGC7620	G	350.02367	24.22114	13.38	V	0.94	0.91	105	
NGC7621	G	350.10258	8.36631	15.56	B	0.68	0.18	175	
NGC7622	G	350.41054	-62.11775	14.47	B	1.35	0.43	61	
NGC7623	G	350.12508	8.39581	12.82	V	1.34	0.95	180	
NGC7624	G	350.09421	27.31569	13.11	V	1.30	0.88	31	
NGC7625	G	350.12554	17.22556	12.20	V	1.48	1.43	35	
NGC7626	G	350.17729	8.21697	11.12	V	2.50	2.10	21	
NGC7627	G	350.62887	11.89256	15.12	B	1.47	0.46	138	
NGC7628	G	350.22867	25.89856	13.76	B	1.36	1.09	123	
NGC7629	G	350.33071	1.40314	14.89	B	0.94	0.61	179	
NGC7630	G	350.31796	11.39733	15.46	B	0.89	0.33	163	
NGC7631	G	350.36113	8.21764	13.08	V	1.86	0.83	78	
NGC7632	G	350.50375	-42.48050	12.15	V	2.56	1.29	96	
NGC7633	G	350.76375	-67.65372	12.67	V	2.20	1.34	85	
NGC7634	G	350.42400	8.88692	12.61	V	1.21	0.88	97	
NGC7635	HII	350.19000	61.21236	11.00	B	15.00	8.00		Bubble Nebula
NGC7636	G	350.63733	-29.28069	14.87	B	1.03	0.42	31	
NGC7637	G	351.61525	-81.91158	13.25	B	2.08	1.83	5	
NGC7638	GPair	350.63800	11.32881	15.50	B	0.65	0.46	175	
NGC7639	G	350.70096	11.37286	15.93	B	0.74	0.55	141	
NGC7640	G	350.52742	40.84542	11.01	V	8.09	1.67	167	
NGC7642	G	350.72250	1.44278	14.68	B	0.49	0.45	65	
NGC7643	G	350.71000	11.98883	13.21	V	1.47	0.81	44	
NGC7645	G	350.94704	-29.38803	13.82	B	1.58	1.08	1	
NGC7646	G	351.02900	-11.86069	14.01	B	0.97	0.54	135	
NGC7647	G	350.98929	16.77728	12.90	V	1.81	0.91	176	
NGC7648	G	350.97508	9.66747	12.95	V	1.56	0.98	84	
NGC7649	G	351.08371	14.64714	13.57	V	1.63	1.03	76	
NGC7650	G	351.33938	-57.79136	12.75	V	1.44	0.58	149	
NGC7651	GPair	351.10750	13.97000			1.10			
NGC7651 NED01	G	351.10821	13.97228	14.52	B	1.26	1.12	120	
NGC7651 NED02	G	351.10696	13.96711	16.17	B	0.48	0.41	50	
NGC7652	G	351.40596	-57.88739	14.52	B	1.20	0.77	92	
NGC7653	G	351.20567	15.27558	12.74	V	1.62	1.40	172	
NGC7654	OCl	351.20167	61.59317	6.90	V	9.90			M52
NGC7655	G	351.69142	-68.02753	14.21	B	0.76	0.66	78	
NGC7656	G	351.13087	-19.05906	14.47	B	0.97	0.33	34	
NGC7657	G	351.69796	-57.80575	15.03	B	1.46	0.37	110	
NGC7658	GPair	351.60292	-39.22181			1.50			
NGC7658A	G	351.60279	-39.21597	15.35	B	0.67	0.36	136	
NGC7658B	G	351.60354	-39.22661	14.52	V	1.00	0.38	128	
NGC7659	G	351.48200	14.20983	14.76	B	0.99	0.37	109	
NGC7660	G	351.45275	27.02989	12.65	V	1.94	0.66	26	
NGC7661	G	351.80954	-65.27042	14.12	B	1.84	1.18	26	
NGC7662	PN	351.47458	42.53494	8.30	V	0.28			Copeland's Blue Snowball
NGC7663	G	351.68842	-4.96667	17.40	B	0.39	0.27	2	
NGC7664	G	351.66567	25.08014	12.70	V	1.52	0.95	88	
NGC7665	G	351.81167	-9.38700	14.23	B	0.76	0.72	15	
NGC7666	Other	351.85212	-4.18631						
NGC7667	G	351.09625	-0.10806	14.58	V	1.05	0.35	80	
NGC7668	Other	351.84092	-0.19131						
NGC7669	Other	351.84092	-0.19131						
NGC7670	Other	351.84092	-0.19131						
NGC7671	G	351.83058	12.46742	12.79	V	1.39	0.74	137	
NGC7672	G	351.88100	12.38519	14.02	V	0.85	0.64	60	
NGC7673	G	351.92092	23.58903	12.79	V	1.04	0.43	123	
NGC7674	G	351.98633	8.77903	14.19	V	1.12	1.01	165	
NGC7675	G	352.02467	8.76858	14.68	V	0.75	0.48	43	
NGC7676	G	352.25717	-59.71667	13.48	V	2.07	0.65	86	
NGC7677	G	352.02550	23.53139	13.19	V	1.13	0.61	29	
NGC7678	G	352.11625	22.42119	12.14	V	2.00	1.47	17	
NGC7679	G	352.19458	3.51147	13.16	V	1.23	0.78	86	
NGC7680	G	352.14625	32.41572	12.54	V	1.67	1.67	45	
NGC7681	G	352.22871	17.30964	14.68	V	1.44	0.67	63	
NGC7682	G	352.26638	3.53333	13.94	V	1.15	1.07	160	
NGC7683	G	352.26592	11.44517	12.55	V	1.97	0.94	140	
NGC7684	G	352.63350	0.08106	14.35	B	1.58	0.46	18	
NGC7685	G	352.63958	3.90158	13.16	V	1.67	1.21	174	
NGC7686	OCl	352.53075	49.13411	5.60	V	3.60			
NGC7687	G	352.72688	3.54661	14.94	B	1.09	0.94	88	
NGC7688	G	352.77292	21.41153	15.40	B	0.94	0.67	95	
NGC7689	G	353.31971	-54.09447	10.84	V	3.10	1.97	141	
NGC7690	G	353.26067	-51.69836	12.31	V	2.16	0.85	130	
NGC7691	G	353.10175	15.84783	12.85	V	1.67	1.35	161	
NGC7692	G	353.19483	-5.59689	14.85	B	0.50	0.42	77	
NGC7693	G	353.29379	-1.29186	14.58	B	0.82	0.51	171	
NGC7694	G	353.31571	-2.70289	13.92	B	1.37	0.75	92	
NGC7695	G	353.31250	-2.72019	15.93	B	0.56	0.33	68	
NGC7696	G	353.45879	4.87081	14.75	B	0.76	0.42	100	
NGC7697	G	353.72075	-65.39603	14.34	B	1.68	0.37	86	
NGC7698	G	353.50658	24.94461	14.61	B	1.05	0.84	171	
NGC7699	G	353.61262	-2.89944	15.73	B	0.69	0.39	97	
NGC7700	G	353.62621	-2.95367	14.98	B	2.04	0.38	155	
NGC7701	G	353.63125	-2.85428	14.36	B	1.24	0.83	8	
NGC7702	G	353.87033	-56.01228	12.15	V	2.15	1.05	118	
NGC7703	G	353.69529	16.07578	14.69	B	2.24	0.42	145	
NGC7704	G	353.75429	4.89753	14.96	B	1.10	0.84	71	
NGC7705	G	353.76050	4.80381	15.51	B	0.58	0.42	105	
NGC7706	G	353.79354	4.96419	14.54	B	1.13	0.89	123	
NGC7707	G	353.71417	44.30406	14.68	B	1.35	1.01	20	
NGC7708	OCl	353.75608	72.83317			5.10			
NGC7709	G	353.86446	-16.70508	13.60	B	2.22	0.37	69	
NGC7710	G	353.94225	-2.88092	14.78	B	1.18	0.52	134	
NGC7711	G	353.91404	15.30197	12.18	V	2.43	0.94	93	
NGC7712	G	353.96517	23.61875	13.82	B	0.90	0.71	109	
NGC7713	G	354.06246	-37.93808	11.18	V	4.91	2.13	170	
NGC7713A	G	354.28454	-37.71414	12.73	V	1.59	1.26	81	
NGC7714	G	354.05875	2.15517	13.61	V	2.18	1.58	8	
NGC7715	G	354.09225	2.15653	14.21	V	2.06	0.39	79	
NGC7716	G	354.13104	0.29728	12.25	V	1.83	1.27	34	
NGC7717	G	354.43196	-15.11850	13.83	B	1.71	1.33	5	
NGC7718	G	354.52087	25.71972	15.15	B	1.03	0.75	153	
NGC7719	G	354.51071	-22.97442	15.09	B	0.90	0.51	51	
NGC7720	GPair	354.62246	27.03144			1.20			
NGC7720 NED01	G	354.62250	27.03147	12.91	V	1.51	1.26	25	
NGC7720A	G	354.62308	27.03475	13.90	B	0.68	0.66		
NGC7721	G	354.70271	-6.51786	11.68	V	3.08	0.77	16	
NGC7722	G	354.67167	15.95464	13.46	B	2.11	1.60	148	
NGC7723	G	354.73783	-12.96108	11.21	V	3.29	2.32	55	
NGC7724	G	354.77983	-12.22406	13.79	B	1.47	1.00	45	
NGC7725	G	354.81158	-4.53939	14.76	B	0.86	0.74	96	
NGC7726	G	354.79962	27.11533	15.04	B	1.36	0.56	64	
NGC7727	G	354.97383	-12.29278	10.64	V	3.61	2.75	27	
NGC7728	G	355.00350	27.13372	14.07	B	1.42	1.14	78	
NGC7729	G	355.14021	29.18817	14.45	B	1.69	0.57	7	
NGC7730	G	355.19146	-20.50881	14.42	V	0.76	0.29	135	
NGC7731	G	355.37113	3.74003	13.51	V	1.05	0.77	79	
NGC7732	G	355.39112	3.72494	13.89	V	1.49	0.47	92	
NGC7733	G	355.63729	-65.95650	14.27	V	1.26	0.60	104	
NGC7734	G	355.67888	-65.94464	13.08	V	1.40	1.00	144	
NGC7735	G	355.57212	26.23175	14.92	B	1.39	1.09	86	
NGC7736	G	355.60742	-19.45231	12.88	V	1.66	1.50	77	
NGC7737	G	355.69338	27.05294	14.74	B	1.09	0.46	146	
NGC7738	G	356.00858	0.51664	14.16	B	1.19	0.59	55	
NGC7739	G	356.12533	0.32047	14.94	B	0.76	0.66	92	
NGC7740	G	355.88450	27.31189	14.90	B	1.08	0.68	140	
NGC7741	G	355.97654	26.07561	11.27	V	3.63	2.38	158	
NGC7742	G	356.06554	10.76708	11.58	V	1.71	1.64	15	
NGC7743	G	356.08808	9.93408	12.43	V	2.61	2.18	86	
NGC7744	G	356.24683	-42.91092	11.85	V	2.48	2.11	109	
NGC7745	G	356.19079	25.90897	16.64	B	0.68	0.68	170	
NGC7746	G	356.33333	-1.68489	14.42	B	1.16	0.84	164	
NGC7747	G	356.38437	27.36094	14.42	B	1.41	0.54	38	
NGC7749	G	356.44813	-29.51781	15.20	V	1.75	1.17	33	
NGC7750	G	356.65767	3.79981	12.89	V	1.50	0.73	175	
NGC7751	G	356.74308	6.86181	13.87	B	1.48	1.45	115	
NGC7752	G	356.74400	29.45892	14.22	V	0.92	0.46	106	
NGC7753	G	356.77013	29.48344	13.30	B	2.01	0.54	61	
NGC7754	G	357.29671	-16.60058	15.00	B	0.65	0.32	132	
NGC7755	G	356.96567	-30.52203	11.68	V	3.70	2.27	27	
NGC7757	G	357.18967	4.17114	12.79	V	1.83	1.34	108	
NGC7758	G	357.22992	-22.02419	15.47	B	0.77	0.52	108	
NGC7759	G	357.22792	-16.54117	13.95	B	1.53	1.11	103	
NGC7760	G	357.29975	30.98314	14.74	B	1.14	1.05	0	
NGC7761	G	357.87038	-13.38158	14.11	B	1.23	1.08	68	
NGC7762	OCl	357.50729	68.03797			6.50			
NGC7763	G	357.56542	-16.59000	15.25	B	0.73	0.39	161	
NGC7764	G	357.72492	-40.72822	12.21	V	1.95	1.45	146	
NGC7764A	G	358.34375	-40.81028	13.19	V	0.74	0.46	77	
NGC7765	G	357.71733	27.16628	15.66	B	0.69	0.54	113	
NGC7766	G	357.73296	27.12631	16.21	B	0.87	0.24	31	
NGC7767	G	357.73479	27.08714	14.14	B	1.10	0.25	141	
NGC7768	G	357.74408	27.14739	12.34	V	1.48	0.95	57	
NGC7769	G	357.76654	20.15042	11.79	V	1.75	0.67	85	
NGC7770	G	357.84392	20.09653	13.82	V	0.97	0.85	105	
NGC7771	G	357.85338	20.11175	12.11	V	2.51	1.24	68	
NGC7772	Other	357.94150	16.24814			13.20			
NGC7773	G	358.04121	31.27661	14.44	B	1.10	0.99	50	
NGC7774	GPair	358.04667	11.47000			1.20			
NGC7774 NED01	G	358.04454	11.47031	14.48	B	1.32	1.20	105	
NGC7774 NED02	G	358.04871	11.46972	14.60	B	0.91	0.74		
NGC7775	G	358.10188	28.77267	13.85	B	0.99	0.83	28	
NGC7776	G	358.56900	-13.58644	14.75	B	1.00	0.43	154	
NGC7777	G	358.30208	28.28344	14.46	B	1.26	0.66	48	
NGC7778	G	358.33196	7.87092	12.76	V	1.02	0.98	55	
NGC7779	G	358.36162	7.87567	12.67	V	1.49	1.07	5	
NGC7780	G	358.38404	8.11814	13.91	V	0.99	0.54	0	
NGC7781	G	358.44158	7.86047	13.93	V	1.07	0.25	10	
NGC7782	G	358.47454	7.97056	12.24	V	2.43	1.41	175	
NGC7783	GPair	358.54608	0.37994			1.90			
NGC7783 NED01	G	358.54200	0.38286	14.03	B	1.55	0.72	109	
NGC7783 NED02	G	358.55033	0.37703	15.03	B	0.83	0.51	153	
NGC7784	G	358.80696	21.76217	15.55	B	0.73	0.58	114	
NGC7785	G	358.82929	5.91583	11.60	V	1.95	1.09	142	
NGC7786	G	358.83975	21.58806	13.90	B	0.56	0.35	7	
NGC7787	G	359.03258	0.54947	15.31	B	1.09	0.43	95	
NGC7788	OCl	359.18992	61.39992	9.40	V	2.40			
NGC7789	OCl	359.35025	56.70828	6.70	V	14.40			
NGC7790	OCl	359.60108	61.20831	8.50	V	3.60			
NGC7792	G	359.51487	16.50142	14.85	B	0.77	0.77	95	
NGC7793	G	359.45763	-32.59103	9.29	V	10.42	6.05	89	
NGC7794	G	359.64217	10.72814	13.74	B	1.17	0.72	10	
NGC7795	OCl	359.65600	60.03497			2.22			
NGC7796	G	359.74904	-55.45831	11.47	V	2.73	2.38	178	
NGC7797	G	359.74529	3.63464	14.76	B	0.90	0.84	35	
NGC7798	G	359.85625	20.74986	12.35	V	1.45	1.33	100	
NGC7800	G	359.90133	14.80558	13.31	B	1.74	0.72	45	
NGC7801	OCl	0.08933	50.74500			4.20			
NGC7802	G	0.25175	6.24206	14.64	B	1.18	0.80	53	
NGC7803	G	0.33321	13.11125	14.07	B	0.86	0.51	80	
NGC7805	G	0.36154	31.43375	13.29	V	1.42	0.69	47	
NGC7806	G	0.37521	31.44186	14.29	B	1.21	0.65	20	
NGC7807	G	0.11075	-18.84189	15.57	B	0.73	0.60	35	
NGC7808	G	0.88388	-10.74467	15.31	V	1.08	1.00	60	
NGC7809	G	0.53938	2.94106	15.11	B	0.45	0.38	65	
NGC7810	G	0.57983	12.97164	14.27	B	0.96	0.64	78	
NGC7811	G	0.61029	3.35192	14.68	V	0.39	0.37	130	
NGC7812	G	0.72696	-34.23564	13.99	B	1.10	0.73	112	
NGC7813	G	1.03800	-11.98389	15.00	B	0.81	0.26	158	
NGC7814	G	0.81204	16.14542	10.60	V	4.37	1.88	135	
NGC7816	G	0.95358	7.47864	13.91	B	1.64	1.53	105	
NGC7817	G	0.99546	20.75233	12.11	V	3.29	0.73	46	
NGC7818	G	1.03687	7.37939	15.05	B	0.93	0.80	162	
NGC7819	G	1.10225	31.47206	13.60	V	1.44	0.79	97	
NGC7820	G	1.12829	5.20028	13.81	B	1.54	0.60	167	
NGC7821	G	1.31967	-16.47692	13.77	B	1.14	0.38	116	
NGC7822	HII	0.89729	67.16164			20.00	4.00		
NGC7823	G	1.18996	-62.06156	13.46	B	1.13	0.70	30	
NGC7824	G	1.27596	6.92011	14.37	B	1.59	1.04	151	
NGC7825	G	1.27750	5.20367	15.42	B	0.95	0.37	134	
NGC7826	Other	1.33050	-20.68828						
NGC7827	G	1.36525	5.22233	14.53	B	1.29	1.18	40	
NGC7828	G	1.61279	-13.41611	13.86	V	2.07	0.82	137	
NGC7829	G	1.62075	-13.42061	13.92	V	2.07	0.82	110	
NGC7831	G	1.83137	32.60925	13.30	B	1.80	0.39	40	
NGC7832	G	1.61858	-3.71614	13.64	B	1.68	0.38	23	
NGC7833	Other	1.63108	27.63967						
NGC7834	G	1.65758	8.36789	15.35	B	0.93	0.83	16	
NGC7835	G	1.69488	8.42594	15.50	B	0.56	0.24	150	
NGC7836	G	2.00683	33.07078	13.65	V	0.90	0.39	133	
NGC7837	G	1.71413	8.35139	16.68	B	0.67	0.38	169	
NGC7838	G	1.72479	8.35086	15.18	B	1.30	0.57	93	
NGC7840	G	1.78667	8.38350	16.47	B	0.68	0.46	127	
B033	DrkN	85.24583	-2.45833			6.00	4.00	90	Horsehead Nebula
C009	HII	344.47500	62.51833			50.00	30.00		Cave Nebula
C014	*Ass	35.17500	57.13750			50.00	50.00		Double Cluster
C041	OCl	66.72500	15.86667			329.00			Hyades
C099	DrkN	187.82917	-63.74333						Coalsack Nebula
Cl399	*Ass	291.35000	20.18333	3.60	V	70.00			Brocchi's Cluster
ESO056-115	G	80.89375	-69.75611	0.29	V	646.00	550.00	170	Large Magellanic Cloud
ESO097-013	G	213.29146	-65.33922	10.56	V	8.71	4.27	37	Circinus Galaxy
ESO107-004	G	315.87342	-67.18133	11.97	V	2.14	1.74	135	
ESO121-006	G	91.87442	-61.80758	12.60	V	4.17	0.79	42	
ESO121-026	G	95.41146	-59.73992	11.94	V	2.40	1.78	113	
ESO138-010	G	254.76229	-60.21603	11.42	V	5.50	3.98	56	
ESO142-019	G	293.32900	-58.11425	11.93	V	2.45	1.05	161	
ESO183-030	G	284.23308	-54.54544	11.67	V	2.34	1.95	25	
ESO185-054	G	300.86263	-55.94717	11.24	V	2.09	0.87	131	
ESO208-021	G	113.48438	-50.44303	11.22	V	3.80	2.75	109	
ESO213-011	G	154.23133	-48.88108	11.87	V	3.55	2.09	10	
ESO221-026	G	212.09921	-47.97047	11.06	V	3.16	2.19	0	
ESO265-007	G	166.95654	-46.52431	11.38	V	4.68	1.26	143	
ESO269-057	G	197.51846	-46.43733	11.86	V	3.71	2.14	47	
ESO270-017	G	203.69708	-45.54750	11.72	V	11.48	1.45	111	Fourcade-Figueroa
ESO273-014	G	224.62654	-47.69894	11.96	V	4.79	3.55	89	
ESO274-001	G	228.55767	-46.80794	11.19	V	9.77	1.55	39	
ESO311-012	G	116.89187	-41.45214	11.83	V	4.37	0.72	15	
ESO351-030	G	15.03896	-33.70903	8.60	V	15.26	15.26	99	Sculptor Dwarf Elliptical
ESO356-004	G	39.99721	-34.44919	7.40	V	12.88	10.47	48	Fornax Dwarf Spheroidal
ESO358-063	G	56.57921	-34.94356	11.89	V	4.27	1.26	132	
ESO373-008	G	143.33963	-33.03350	11.93	V	3.72	0.98	90	
ESO380-001	G	183.68800	-35.50981	11.89	V	2.14	1.62	18	
ESO380-006	G	183.89279	-35.62975	11.54	V	3.63	1.62	79	
ESO383-087	G	207.32292	-36.06344	10.91	V	4.27	3.31	86	
ESO390-006	GCl	247.16708	-35.35361	12.00	V	5.40			
ESO428-011	G	108.88033	-29.35903	11.89	V	1.82	1.38	23	
ESO443-024	G	195.25329	-32.44131	11.84	V	2.34	2.00	166	
ESO462-015	G	305.80767	-27.71456	11.92	V	2.14	1.74	166	
ESO494-026	G	121.54621	-27.52842	11.51	V	4.07	2.69	146	
ESO495-021	G	129.06304	-26.40939	11.83	V	1.95	1.41	136	
ESO507-025	G	192.88267	-26.45208	11.60	V	2.63	2.14	98	
ESO556-015	G	95.27317	-20.04842	11.83	V	2.57	2.19	130	
H05	OCl	186.81667	-60.77833	7.10	V	6.00			
H13	OCl	255.96250	-48.08333			4.50			
H20	OCl	298.27500	18.33333	7.70	V	5.10			
H21	OCl	358.55500	61.74000	9.00	V	1.80			
HCG079	GGroup	239.79958	20.75861			2.80			Seyfert's Sextet
HCG092	GGroup	338.99583	33.95833			4.40			Stephan's Quintet
Mel022	OCl	56.86917	24.10528	1.20	V	150.00	150.00	90	Pleiades
Mel071	OCl	114.39000	-12.05500	7.10	V	14.40			
Mel072	OCl	112.16167	-10.70000	10.10	V	7.50			
Mel101	OCl	160.55000	-65.10000	8.00	V	8.40			
Mel105	OCl	169.92500	-63.48333	8.50	V	5.40			
Mel111	OCl	186.27500	26.10000			253.50			Coma Star Cluster
MWSC3156	GCl	295.43504	-33.99947	11.54	V	3.90			
MWSC3171	GCl	296.31000	-8.00722	7.54	V	5.40			
MWSC3561	GCl	326.66183	-21.25261	11.89	V	2.70			
PGC000143	G	0.49233	-15.46092	10.76	V	10.47	3.55	5	Wolf-Lundmark-Melotte
PGC003853	G	16.27033	-6.21239	11.69	V	4.27	3.16	57	
PGC025886	G	137.70608	-8.89069	11.52	V	5.75	0.83	30	
PGC029653	G	152.75333	-4.69278	11.77	V	5.25	4.47	180	Sextans A
PGC088608	G	153.26208	-1.61472	10.40	V	30.20	12.02	56	Sextans Dwarf Spheroidal
UGC04305	G	124.77075	70.72003	10.75	V	7.94	5.62	15	
UGC05373	G	150.00042	5.33222	11.51	V	4.90	3.09	101	Sextans B
UGC05470	G	152.11708	12.30639	10.36	V	11.75	8.51	81	Leo I
